[2026-04-08 21:03:53] INFO     ========== 继电器压力测试启动 ==========
[2026-04-08 21:03:53] INFO     串口检测 -> 继电器(CH340): COM5 | 设备(CP210x): COM3
[2026-04-08 21:03:53] INFO     >>> 执行环境初始清洗 (物理断电重置)...
[2026-04-08 21:03:53] INFO     继电器执行 -> OFF
[2026-04-08 21:03:54] INFO     
-------------------- 第 1 轮 | 最大监听: 27.4s --------------------
[2026-04-08 21:03:54] INFO     继电器 ON (开始充电)
[2026-04-08 21:03:54] INFO     继电器执行 -> ON
[2026-04-08 21:03:56] INFO     捕获目标指令: voice_msgnum:9
[2026-04-08 21:03:56] INFO     状态维稳，保持闭合 25.0s
[2026-04-08 21:04:06] INFO     捕获目标指令: voice_msgnum:10
[2026-04-08 21:04:21] INFO     继电器 OFF (切断充电)
[2026-04-08 21:04:21] INFO     继电器执行 -> OFF
[2026-04-08 21:04:21] INFO     物理断电静置 25.0s
[2026-04-08 21:04:46] INFO     【结论】 [PASS] 成功关键字: voice_msgnum:9
[2026-04-08 21:04:46] INFO     统计 -> 成功: 1 | 失败: 0 | 异常: 0 | 成功率: 100.0%
[2026-04-08 21:04:46] INFO     
-------------------- 第 2 轮 | 最大监听: 28.4s --------------------
[2026-04-08 21:04:46] INFO     继电器 ON (开始充电)
[2026-04-08 21:04:46] INFO     继电器执行 -> ON
[2026-04-08 21:04:47] INFO     捕获目标指令: voice_msgnum:9
[2026-04-08 21:04:47] INFO     状态维稳，保持闭合 25.0s
[2026-04-08 21:04:57] INFO     捕获目标指令: voice_msgnum:10
[2026-04-08 21:05:12] INFO     继电器 OFF (切断充电)
[2026-04-08 21:05:12] INFO     继电器执行 -> OFF
[2026-04-08 21:05:12] INFO     物理断电静置 25.0s
[2026-04-08 21:05:37] INFO     【结论】 [PASS] 成功关键字: voice_msgnum:9
[2026-04-08 21:05:37] INFO     统计 -> 成功: 2 | 失败: 0 | 异常: 0 | 成功率: 100.0%
[2026-04-08 21:05:37] INFO     
-------------------- 第 3 轮 | 最大监听: 27.4s --------------------
[2026-04-08 21:05:37] INFO     继电器 ON (开始充电)
[2026-04-08 21:05:37] INFO     继电器执行 -> ON
[2026-04-08 21:05:39] INFO     捕获目标指令: voice_msgnum:9
[2026-04-08 21:05:39] INFO     状态维稳，保持闭合 25.0s
[2026-04-08 21:05:49] INFO     捕获目标指令: voice_msgnum:10
[2026-04-08 21:06:04] INFO     继电器 OFF (切断充电)
[2026-04-08 21:06:04] INFO     继电器执行 -> OFF
[2026-04-08 21:06:04] INFO     物理断电静置 25.0s
[2026-04-08 21:06:29] INFO     【结论】 [PASS] 成功关键字: voice_msgnum:9
[2026-04-08 21:06:29] INFO     统计 -> 成功: 3 | 失败: 0 | 异常: 0 | 成功率: 100.0%
[2026-04-08 21:06:29] INFO     
-------------------- 第 4 轮 | 最大监听: 29.7s --------------------
[2026-04-08 21:06:29] INFO     继电器 ON (开始充电)
[2026-04-08 21:06:29] INFO     继电器执行 -> ON
[2026-04-08 21:06:31] INFO     捕获目标指令: voice_msgnum:9
[2026-04-08 21:06:31] INFO     状态维稳，保持闭合 25.0s
[2026-04-08 21:06:41] INFO     捕获目标指令: voice_msgnum:10
[2026-04-08 21:06:56] INFO     继电器 OFF (切断充电)
[2026-04-08 21:06:56] INFO     继电器执行 -> OFF
[2026-04-08 21:06:56] INFO     物理断电静置 25.0s
[2026-04-08 21:07:21] INFO     【结论】 [PASS] 成功关键字: voice_msgnum:9
[2026-04-08 21:07:21] INFO     统计 -> 成功: 4 | 失败: 0 | 异常: 0 | 成功率: 100.0%
[2026-04-08 21:07:21] INFO     
-------------------- 第 5 轮 | 最大监听: 28.3s --------------------
[2026-04-08 21:07:21] INFO     继电器 ON (开始充电)
[2026-04-08 21:07:21] INFO     继电器执行 -> ON
[2026-04-08 21:07:22] INFO     捕获目标指令: voice_msgnum:9
[2026-04-08 21:07:22] INFO     状态维稳，保持闭合 25.0s
[2026-04-08 21:07:32] INFO     捕获目标指令: voice_msgnum:10
[2026-04-08 21:07:47] INFO     继电器 OFF (切断充电)
[2026-04-08 21:07:47] INFO     继电器执行 -> OFF
[2026-04-08 21:07:47] INFO     物理断电静置 25.0s
[2026-04-08 21:08:12] INFO     【结论】 [PASS] 成功关键字: voice_msgnum:9
[2026-04-08 21:08:12] INFO     统计 -> 成功: 5 | 失败: 0 | 异常: 0 | 成功率: 100.0%
[2026-04-08 21:08:12] INFO     
-------------------- 第 6 轮 | 最大监听: 29.1s --------------------
[2026-04-08 21:08:12] INFO     继电器 ON (开始充电)
[2026-04-08 21:08:12] INFO     继电器执行 -> ON
[2026-04-08 21:08:14] INFO     捕获目标指令: voice_msgnum:9
[2026-04-08 21:08:14] INFO     状态维稳，保持闭合 25.0s
[2026-04-08 21:08:24] INFO     捕获目标指令: voice_msgnum:10
[2026-04-08 21:08:39] INFO     继电器 OFF (切断充电)
[2026-04-08 21:08:39] INFO     继电器执行 -> OFF
[2026-04-08 21:08:39] INFO     物理断电静置 25.0s
[2026-04-08 21:09:04] INFO     【结论】 [PASS] 成功关键字: voice_msgnum:9
[2026-04-08 21:09:04] INFO     统计 -> 成功: 6 | 失败: 0 | 异常: 0 | 成功率: 100.0%
[2026-04-08 21:09:04] INFO     
-------------------- 第 7 轮 | 最大监听: 28.6s --------------------
[2026-04-08 21:09:04] INFO     继电器 ON (开始充电)
[2026-04-08 21:09:04] INFO     继电器执行 -> ON
[2026-04-08 21:09:05] INFO     捕获目标指令: voice_msgnum:9
[2026-04-08 21:09:05] INFO     状态维稳，保持闭合 25.0s
[2026-04-08 21:09:15] INFO     捕获目标指令: voice_msgnum:10
[2026-04-08 21:09:30] INFO     继电器 OFF (切断充电)
[2026-04-08 21:09:30] INFO     继电器执行 -> OFF
[2026-04-08 21:09:30] INFO     物理断电静置 25.0s
[2026-04-08 21:09:55] INFO     【结论】 [PASS] 成功关键字: voice_msgnum:9
[2026-04-08 21:09:55] INFO     统计 -> 成功: 7 | 失败: 0 | 异常: 0 | 成功率: 100.0%
[2026-04-08 21:09:55] INFO     
-------------------- 第 8 轮 | 最大监听: 27.8s --------------------
[2026-04-08 21:09:55] INFO     继电器 ON (开始充电)
[2026-04-08 21:09:55] INFO     继电器执行 -> ON
[2026-04-08 21:09:57] INFO     捕获目标指令: voice_msgnum:9
[2026-04-08 21:09:57] INFO     状态维稳，保持闭合 25.0s
[2026-04-08 21:10:07] INFO     捕获目标指令: voice_msgnum:10
[2026-04-08 21:10:22] INFO     继电器 OFF (切断充电)
[2026-04-08 21:10:22] INFO     继电器执行 -> OFF
[2026-04-08 21:10:22] INFO     物理断电静置 25.0s
[2026-04-08 21:10:47] INFO     【结论】 [PASS] 成功关键字: voice_msgnum:9
[2026-04-08 21:10:47] INFO     统计 -> 成功: 8 | 失败: 0 | 异常: 0 | 成功率: 100.0%
[2026-04-08 21:10:47] INFO     
-------------------- 第 9 轮 | 最大监听: 29.2s --------------------
[2026-04-08 21:10:47] INFO     继电器 ON (开始充电)
[2026-04-08 21:10:47] INFO     继电器执行 -> ON
[2026-04-08 21:10:49] INFO     捕获目标指令: voice_msgnum:9
[2026-04-08 21:10:49] INFO     状态维稳，保持闭合 25.0s
[2026-04-08 21:10:59] INFO     捕获目标指令: voice_msgnum:10
[2026-04-08 21:11:14] INFO     继电器 OFF (切断充电)
[2026-04-08 21:11:14] INFO     继电器执行 -> OFF
[2026-04-08 21:11:14] INFO     物理断电静置 25.0s
[2026-04-08 21:11:39] INFO     【结论】 [PASS] 成功关键字: voice_msgnum:9
[2026-04-08 21:11:39] INFO     统计 -> 成功: 9 | 失败: 0 | 异常: 0 | 成功率: 100.0%
[2026-04-08 21:11:39] INFO     
-------------------- 第 10 轮 | 最大监听: 28.9s --------------------
[2026-04-08 21:11:39] INFO     继电器 ON (开始充电)
[2026-04-08 21:11:39] INFO     继电器执行 -> ON
[2026-04-08 21:11:40] INFO     捕获目标指令: voice_msgnum:9
[2026-04-08 21:11:40] INFO     状态维稳，保持闭合 25.0s
[2026-04-08 21:11:50] INFO     捕获目标指令: voice_msgnum:10
[2026-04-08 21:12:05] INFO     继电器 OFF (切断充电)
[2026-04-08 21:12:05] INFO     继电器执行 -> OFF
[2026-04-08 21:12:05] INFO     物理断电静置 25.0s
[2026-04-08 21:12:30] INFO     【结论】 [PASS] 成功关键字: voice_msgnum:9
[2026-04-08 21:12:30] INFO     统计 -> 成功: 10 | 失败: 0 | 异常: 0 | 成功率: 100.0%
[2026-04-08 21:12:30] INFO     
-------------------- 第 11 轮 | 最大监听: 29.6s --------------------
[2026-04-08 21:12:30] INFO     继电器 ON (开始充电)
[2026-04-08 21:12:30] INFO     继电器执行 -> ON
[2026-04-08 21:12:32] INFO     捕获目标指令: voice_msgnum:9
[2026-04-08 21:12:32] INFO     状态维稳，保持闭合 25.0s
[2026-04-08 21:12:42] INFO     捕获目标指令: voice_msgnum:10
[2026-04-08 21:12:57] INFO     继电器 OFF (切断充电)
[2026-04-08 21:12:57] INFO     继电器执行 -> OFF
[2026-04-08 21:12:57] INFO     物理断电静置 25.0s
[2026-04-08 21:13:22] INFO     【结论】 [PASS] 成功关键字: voice_msgnum:9
[2026-04-08 21:13:22] INFO     统计 -> 成功: 11 | 失败: 0 | 异常: 0 | 成功率: 100.0%
[2026-04-08 21:13:22] INFO     
-------------------- 第 12 轮 | 最大监听: 27.3s --------------------
[2026-04-08 21:13:22] INFO     继电器 ON (开始充电)
[2026-04-08 21:13:22] INFO     继电器执行 -> ON
[2026-04-08 21:13:23] INFO     捕获目标指令: voice_msgnum:9
[2026-04-08 21:13:23] INFO     状态维稳，保持闭合 25.0s
[2026-04-08 21:13:33] INFO     捕获目标指令: voice_msgnum:10
[2026-04-08 21:13:48] INFO     继电器 OFF (切断充电)
[2026-04-08 21:13:48] INFO     继电器执行 -> OFF
[2026-04-08 21:13:48] INFO     物理断电静置 25.0s
[2026-04-08 21:14:13] INFO     【结论】 [PASS] 成功关键字: voice_msgnum:9
[2026-04-08 21:14:13] INFO     统计 -> 成功: 12 | 失败: 0 | 异常: 0 | 成功率: 100.0%
[2026-04-08 21:14:13] INFO     
-------------------- 第 13 轮 | 最大监听: 27.7s --------------------
[2026-04-08 21:14:13] INFO     继电器 ON (开始充电)
[2026-04-08 21:14:13] INFO     继电器执行 -> ON
[2026-04-08 21:14:15] INFO     捕获目标指令: voice_msgnum:9
[2026-04-08 21:14:15] INFO     状态维稳，保持闭合 25.0s
[2026-04-08 21:14:25] INFO     捕获目标指令: voice_msgnum:10
[2026-04-08 21:14:40] INFO     继电器 OFF (切断充电)
[2026-04-08 21:14:40] INFO     继电器执行 -> OFF
[2026-04-08 21:14:40] INFO     物理断电静置 25.0s
[2026-04-08 21:15:05] INFO     【结论】 [PASS] 成功关键字: voice_msgnum:9
[2026-04-08 21:15:05] INFO     统计 -> 成功: 13 | 失败: 0 | 异常: 0 | 成功率: 100.0%
[2026-04-08 21:15:05] INFO     
-------------------- 第 14 轮 | 最大监听: 26.4s --------------------
[2026-04-08 21:15:05] INFO     继电器 ON (开始充电)
[2026-04-08 21:15:05] INFO     继电器执行 -> ON
[2026-04-08 21:15:07] INFO     捕获目标指令: voice_msgnum:9
[2026-04-08 21:15:07] INFO     状态维稳，保持闭合 25.0s
[2026-04-08 21:15:17] INFO     捕获目标指令: voice_msgnum:10
[2026-04-08 21:15:32] INFO     继电器 OFF (切断充电)
[2026-04-08 21:15:32] INFO     继电器执行 -> OFF
[2026-04-08 21:15:32] INFO     物理断电静置 25.0s
[2026-04-08 21:15:57] INFO     【结论】 [PASS] 成功关键字: voice_msgnum:9
[2026-04-08 21:15:57] INFO     统计 -> 成功: 14 | 失败: 0 | 异常: 0 | 成功率: 100.0%
[2026-04-08 21:15:57] INFO     
-------------------- 第 15 轮 | 最大监听: 25.4s --------------------
[2026-04-08 21:15:57] INFO     继电器 ON (开始充电)
[2026-04-08 21:15:57] INFO     继电器执行 -> ON
[2026-04-08 21:15:58] INFO     捕获目标指令: voice_msgnum:9
[2026-04-08 21:15:58] INFO     状态维稳，保持闭合 25.0s
[2026-04-08 21:16:08] INFO     捕获目标指令: voice_msgnum:10
[2026-04-08 21:16:23] INFO     继电器 OFF (切断充电)
[2026-04-08 21:16:23] INFO     继电器执行 -> OFF
[2026-04-08 21:16:23] INFO     物理断电静置 25.0s
[2026-04-08 21:16:48] INFO     【结论】 [PASS] 成功关键字: voice_msgnum:9
[2026-04-08 21:16:48] INFO     统计 -> 成功: 15 | 失败: 0 | 异常: 0 | 成功率: 100.0%
[2026-04-08 21:16:48] INFO     
-------------------- 第 16 轮 | 最大监听: 25.9s --------------------
[2026-04-08 21:16:48] INFO     继电器 ON (开始充电)
[2026-04-08 21:16:48] INFO     继电器执行 -> ON
[2026-04-08 21:16:50] INFO     捕获目标指令: voice_msgnum:9
[2026-04-08 21:16:50] INFO     状态维稳，保持闭合 25.0s
[2026-04-08 21:17:00] INFO     捕获目标指令: voice_msgnum:10
[2026-04-08 21:17:15] INFO     继电器 OFF (切断充电)
[2026-04-08 21:17:15] INFO     继电器执行 -> OFF
[2026-04-08 21:17:15] INFO     物理断电静置 25.0s
[2026-04-08 21:17:40] INFO     【结论】 [PASS] 成功关键字: voice_msgnum:9
[2026-04-08 21:17:40] INFO     统计 -> 成功: 16 | 失败: 0 | 异常: 0 | 成功率: 100.0%
[2026-04-08 21:17:40] INFO     
-------------------- 第 17 轮 | 最大监听: 28.9s --------------------
[2026-04-08 21:17:40] INFO     继电器 ON (开始充电)
[2026-04-08 21:17:40] INFO     继电器执行 -> ON
[2026-04-08 21:17:41] INFO     捕获目标指令: voice_msgnum:9
[2026-04-08 21:17:41] INFO     状态维稳，保持闭合 25.0s
[2026-04-08 21:17:51] INFO     捕获目标指令: voice_msgnum:10
[2026-04-08 21:18:06] INFO     继电器 OFF (切断充电)
[2026-04-08 21:18:06] INFO     继电器执行 -> OFF
[2026-04-08 21:18:06] INFO     物理断电静置 25.0s
[2026-04-08 21:18:31] INFO     【结论】 [PASS] 成功关键字: voice_msgnum:9
[2026-04-08 21:18:31] INFO     统计 -> 成功: 17 | 失败: 0 | 异常: 0 | 成功率: 100.0%
[2026-04-08 21:18:31] INFO     
-------------------- 第 18 轮 | 最大监听: 26.8s --------------------
[2026-04-08 21:18:31] INFO     继电器 ON (开始充电)
[2026-04-08 21:18:31] INFO     继电器执行 -> ON
[2026-04-08 21:18:33] INFO     捕获目标指令: voice_msgnum:9
[2026-04-08 21:18:33] INFO     状态维稳，保持闭合 25.0s
[2026-04-08 21:18:43] INFO     捕获目标指令: voice_msgnum:10
[2026-04-08 21:18:58] INFO     继电器 OFF (切断充电)
[2026-04-08 21:18:58] INFO     继电器执行 -> OFF
[2026-04-08 21:18:58] INFO     物理断电静置 25.0s
[2026-04-08 21:19:23] INFO     【结论】 [PASS] 成功关键字: voice_msgnum:9
[2026-04-08 21:19:23] INFO     统计 -> 成功: 18 | 失败: 0 | 异常: 0 | 成功率: 100.0%
[2026-04-08 21:19:23] INFO     
-------------------- 第 19 轮 | 最大监听: 26.2s --------------------
[2026-04-08 21:19:23] INFO     继电器 ON (开始充电)
[2026-04-08 21:19:23] INFO     继电器执行 -> ON
[2026-04-08 21:19:25] INFO     捕获目标指令: voice_msgnum:9
[2026-04-08 21:19:25] INFO     状态维稳，保持闭合 25.0s
[2026-04-08 21:19:35] INFO     捕获目标指令: voice_msgnum:10
[2026-04-08 21:19:50] INFO     继电器 OFF (切断充电)
[2026-04-08 21:19:50] INFO     继电器执行 -> OFF
[2026-04-08 21:19:50] INFO     物理断电静置 25.0s
[2026-04-08 21:20:15] INFO     【结论】 [PASS] 成功关键字: voice_msgnum:9
[2026-04-08 21:20:15] INFO     统计 -> 成功: 19 | 失败: 0 | 异常: 0 | 成功率: 100.0%
[2026-04-08 21:20:15] INFO     
-------------------- 第 20 轮 | 最大监听: 26.1s --------------------
[2026-04-08 21:20:15] INFO     继电器 ON (开始充电)
[2026-04-08 21:20:15] INFO     继电器执行 -> ON
[2026-04-08 21:20:16] INFO     捕获目标指令: voice_msgnum:9
[2026-04-08 21:20:16] INFO     状态维稳，保持闭合 25.0s
[2026-04-08 21:20:26] INFO     捕获目标指令: voice_msgnum:10
[2026-04-08 21:20:41] INFO     继电器 OFF (切断充电)
[2026-04-08 21:20:41] INFO     继电器执行 -> OFF
[2026-04-08 21:20:41] INFO     物理断电静置 25.0s
[2026-04-08 21:21:06] INFO     【结论】 [PASS] 成功关键字: voice_msgnum:9
[2026-04-08 21:21:06] INFO     统计 -> 成功: 20 | 失败: 0 | 异常: 0 | 成功率: 100.0%
[2026-04-08 21:21:06] INFO     
-------------------- 第 21 轮 | 最大监听: 28.3s --------------------
[2026-04-08 21:21:06] INFO     继电器 ON (开始充电)
[2026-04-08 21:21:06] INFO     继电器执行 -> ON
[2026-04-08 21:21:08] INFO     捕获目标指令: voice_msgnum:9
[2026-04-08 21:21:08] INFO     状态维稳，保持闭合 25.0s
[2026-04-08 21:21:18] INFO     捕获目标指令: voice_msgnum:10
[2026-04-08 21:21:33] INFO     继电器 OFF (切断充电)
[2026-04-08 21:21:33] INFO     继电器执行 -> OFF
[2026-04-08 21:21:33] INFO     物理断电静置 25.0s
[2026-04-08 21:21:58] INFO     【结论】 [PASS] 成功关键字: voice_msgnum:9
[2026-04-08 21:21:58] INFO     统计 -> 成功: 21 | 失败: 0 | 异常: 0 | 成功率: 100.0%
[2026-04-08 21:21:58] INFO     
-------------------- 第 22 轮 | 最大监听: 25.8s --------------------
[2026-04-08 21:21:58] INFO     继电器 ON (开始充电)
[2026-04-08 21:21:58] INFO     继电器执行 -> ON
[2026-04-08 21:21:59] INFO     捕获目标指令: voice_msgnum:9
[2026-04-08 21:21:59] INFO     状态维稳，保持闭合 25.0s
[2026-04-08 21:22:09] INFO     捕获目标指令: voice_msgnum:10
[2026-04-08 21:22:24] INFO     继电器 OFF (切断充电)
[2026-04-08 21:22:24] INFO     继电器执行 -> OFF
[2026-04-08 21:22:24] INFO     物理断电静置 25.0s
[2026-04-08 21:22:49] INFO     【结论】 [PASS] 成功关键字: voice_msgnum:9
[2026-04-08 21:22:49] INFO     统计 -> 成功: 22 | 失败: 0 | 异常: 0 | 成功率: 100.0%
[2026-04-08 21:22:49] INFO     
-------------------- 第 23 轮 | 最大监听: 26.3s --------------------
[2026-04-08 21:22:49] INFO     继电器 ON (开始充电)
[2026-04-08 21:22:49] INFO     继电器执行 -> ON
[2026-04-08 21:22:51] INFO     捕获目标指令: voice_msgnum:9
[2026-04-08 21:22:51] INFO     状态维稳，保持闭合 25.0s
[2026-04-08 21:23:01] INFO     捕获目标指令: voice_msgnum:10
[2026-04-08 21:23:16] INFO     继电器 OFF (切断充电)
[2026-04-08 21:23:16] INFO     继电器执行 -> OFF
[2026-04-08 21:23:16] INFO     物理断电静置 25.0s
[2026-04-08 21:23:41] INFO     【结论】 [PASS] 成功关键字: voice_msgnum:9
[2026-04-08 21:23:41] INFO     统计 -> 成功: 23 | 失败: 0 | 异常: 0 | 成功率: 100.0%
[2026-04-08 21:23:41] INFO     
-------------------- 第 24 轮 | 最大监听: 29.5s --------------------
[2026-04-08 21:23:41] INFO     继电器 ON (开始充电)
[2026-04-08 21:23:41] INFO     继电器执行 -> ON
[2026-04-08 21:23:43] INFO     捕获目标指令: voice_msgnum:9
[2026-04-08 21:23:43] INFO     状态维稳，保持闭合 25.0s
[2026-04-08 21:23:53] INFO     捕获目标指令: voice_msgnum:10
[2026-04-08 21:24:08] INFO     继电器 OFF (切断充电)
[2026-04-08 21:24:08] INFO     继电器执行 -> OFF
[2026-04-08 21:24:08] INFO     物理断电静置 25.0s
[2026-04-08 21:24:33] INFO     【结论】 [PASS] 成功关键字: voice_msgnum:9
[2026-04-08 21:24:33] INFO     统计 -> 成功: 24 | 失败: 0 | 异常: 0 | 成功率: 100.0%
[2026-04-08 21:24:33] INFO     
-------------------- 第 25 轮 | 最大监听: 26.4s --------------------
[2026-04-08 21:24:33] INFO     继电器 ON (开始充电)
[2026-04-08 21:24:33] INFO     继电器执行 -> ON
[2026-04-08 21:24:34] INFO     捕获目标指令: voice_msgnum:9
[2026-04-08 21:24:34] INFO     状态维稳，保持闭合 25.0s
[2026-04-08 21:24:44] INFO     捕获目标指令: voice_msgnum:10
[2026-04-08 21:24:59] INFO     继电器 OFF (切断充电)
[2026-04-08 21:24:59] INFO     继电器执行 -> OFF
[2026-04-08 21:24:59] INFO     物理断电静置 25.0s
[2026-04-08 21:25:24] INFO     【结论】 [PASS] 成功关键字: voice_msgnum:9
[2026-04-08 21:25:24] INFO     统计 -> 成功: 25 | 失败: 0 | 异常: 0 | 成功率: 100.0%
[2026-04-08 21:25:24] INFO     
-------------------- 第 26 轮 | 最大监听: 25.6s --------------------
[2026-04-08 21:25:24] INFO     继电器 ON (开始充电)
[2026-04-08 21:25:24] INFO     继电器执行 -> ON
[2026-04-08 21:25:26] INFO     捕获目标指令: voice_msgnum:9
[2026-04-08 21:25:26] INFO     状态维稳，保持闭合 25.0s
[2026-04-08 21:25:36] INFO     捕获目标指令: voice_msgnum:10
[2026-04-08 21:25:51] INFO     继电器 OFF (切断充电)
[2026-04-08 21:25:51] INFO     继电器执行 -> OFF
[2026-04-08 21:25:51] INFO     物理断电静置 25.0s
[2026-04-08 21:26:16] INFO     【结论】 [PASS] 成功关键字: voice_msgnum:9
[2026-04-08 21:26:16] INFO     统计 -> 成功: 26 | 失败: 0 | 异常: 0 | 成功率: 100.0%
[2026-04-08 21:26:16] INFO     
-------------------- 第 27 轮 | 最大监听: 29.0s --------------------
[2026-04-08 21:26:16] INFO     继电器 ON (开始充电)
[2026-04-08 21:26:16] INFO     继电器执行 -> ON
[2026-04-08 21:26:17] INFO     捕获目标指令: voice_msgnum:9
[2026-04-08 21:26:17] INFO     状态维稳，保持闭合 25.0s
[2026-04-08 21:26:27] INFO     捕获目标指令: voice_msgnum:10
[2026-04-08 21:26:42] INFO     继电器 OFF (切断充电)
[2026-04-08 21:26:42] INFO     继电器执行 -> OFF
[2026-04-08 21:26:42] INFO     物理断电静置 25.0s
[2026-04-08 21:27:07] INFO     【结论】 [PASS] 成功关键字: voice_msgnum:9
[2026-04-08 21:27:07] INFO     统计 -> 成功: 27 | 失败: 0 | 异常: 0 | 成功率: 100.0%
[2026-04-08 21:27:07] INFO     
-------------------- 第 28 轮 | 最大监听: 30.0s --------------------
[2026-04-08 21:27:07] INFO     继电器 ON (开始充电)
[2026-04-08 21:27:07] INFO     继电器执行 -> ON
[2026-04-08 21:27:09] INFO     捕获目标指令: voice_msgnum:9
[2026-04-08 21:27:09] INFO     状态维稳，保持闭合 25.0s
[2026-04-08 21:27:19] INFO     捕获目标指令: voice_msgnum:10
[2026-04-08 21:27:34] INFO     继电器 OFF (切断充电)
[2026-04-08 21:27:34] INFO     继电器执行 -> OFF
[2026-04-08 21:27:34] INFO     物理断电静置 25.0s
[2026-04-08 21:27:59] INFO     【结论】 [PASS] 成功关键字: voice_msgnum:9
[2026-04-08 21:27:59] INFO     统计 -> 成功: 28 | 失败: 0 | 异常: 0 | 成功率: 100.0%
[2026-04-08 21:27:59] INFO     
-------------------- 第 29 轮 | 最大监听: 27.3s --------------------
[2026-04-08 21:27:59] INFO     继电器 ON (开始充电)
[2026-04-08 21:27:59] INFO     继电器执行 -> ON
[2026-04-08 21:28:00] INFO     捕获目标指令: voice_msgnum:9
[2026-04-08 21:28:00] INFO     状态维稳，保持闭合 25.0s
[2026-04-08 21:28:11] INFO     捕获目标指令: voice_msgnum:10
[2026-04-08 21:28:25] INFO     继电器 OFF (切断充电)
[2026-04-08 21:28:26] INFO     继电器执行 -> OFF
[2026-04-08 21:28:26] INFO     物理断电静置 25.0s
[2026-04-08 21:28:51] INFO     【结论】 [PASS] 成功关键字: voice_msgnum:9
[2026-04-08 21:28:51] INFO     统计 -> 成功: 29 | 失败: 0 | 异常: 0 | 成功率: 100.0%
[2026-04-08 21:28:51] INFO     
-------------------- 第 30 轮 | 最大监听: 25.2s --------------------
[2026-04-08 21:28:51] INFO     继电器 ON (开始充电)
[2026-04-08 21:28:51] INFO     继电器执行 -> ON
[2026-04-08 21:28:52] INFO     捕获目标指令: voice_msgnum:9
[2026-04-08 21:28:52] INFO     状态维稳，保持闭合 25.0s
[2026-04-08 21:29:02] INFO     捕获目标指令: voice_msgnum:10
[2026-04-08 21:29:17] INFO     继电器 OFF (切断充电)
[2026-04-08 21:29:17] INFO     继电器执行 -> OFF
[2026-04-08 21:29:17] INFO     物理断电静置 25.0s
[2026-04-08 21:29:42] INFO     【结论】 [PASS] 成功关键字: voice_msgnum:9
[2026-04-08 21:29:42] INFO     统计 -> 成功: 30 | 失败: 0 | 异常: 0 | 成功率: 100.0%
[2026-04-08 21:29:42] INFO     
-------------------- 第 31 轮 | 最大监听: 27.3s --------------------
[2026-04-08 21:29:42] INFO     继电器 ON (开始充电)
[2026-04-08 21:29:42] INFO     继电器执行 -> ON
[2026-04-08 21:29:44] INFO     捕获目标指令: voice_msgnum:9
[2026-04-08 21:29:44] INFO     状态维稳，保持闭合 25.0s
[2026-04-08 21:29:54] INFO     捕获目标指令: voice_msgnum:10
[2026-04-08 21:30:09] INFO     继电器 OFF (切断充电)
[2026-04-08 21:30:09] INFO     继电器执行 -> OFF
[2026-04-08 21:30:09] INFO     物理断电静置 25.0s
[2026-04-08 21:30:34] INFO     【结论】 [PASS] 成功关键字: voice_msgnum:9
[2026-04-08 21:30:34] INFO     统计 -> 成功: 31 | 失败: 0 | 异常: 0 | 成功率: 100.0%
[2026-04-08 21:30:34] INFO     
-------------------- 第 32 轮 | 最大监听: 29.0s --------------------
[2026-04-08 21:30:34] INFO     继电器 ON (开始充电)
[2026-04-08 21:30:34] INFO     继电器执行 -> ON
[2026-04-08 21:30:35] INFO     捕获目标指令: voice_msgnum:9
[2026-04-08 21:30:35] INFO     状态维稳，保持闭合 25.0s
[2026-04-08 21:30:45] INFO     捕获目标指令: voice_msgnum:10
[2026-04-08 21:31:00] INFO     继电器 OFF (切断充电)
[2026-04-08 21:31:00] INFO     继电器执行 -> OFF
[2026-04-08 21:31:00] INFO     物理断电静置 25.0s
[2026-04-08 21:31:25] INFO     【结论】 [PASS] 成功关键字: voice_msgnum:9
[2026-04-08 21:31:25] INFO     统计 -> 成功: 32 | 失败: 0 | 异常: 0 | 成功率: 100.0%
[2026-04-08 21:31:25] INFO     
-------------------- 第 33 轮 | 最大监听: 26.4s --------------------
[2026-04-08 21:31:25] INFO     继电器 ON (开始充电)
[2026-04-08 21:31:25] INFO     继电器执行 -> ON
[2026-04-08 21:31:27] INFO     捕获目标指令: voice_msgnum:9
[2026-04-08 21:31:27] INFO     状态维稳，保持闭合 25.0s
[2026-04-08 21:31:37] INFO     捕获目标指令: voice_msgnum:10
[2026-04-08 21:31:52] INFO     继电器 OFF (切断充电)
[2026-04-08 21:31:52] INFO     继电器执行 -> OFF
[2026-04-08 21:31:52] INFO     物理断电静置 25.0s
[2026-04-08 21:32:17] INFO     【结论】 [PASS] 成功关键字: voice_msgnum:9
[2026-04-08 21:32:17] INFO     统计 -> 成功: 33 | 失败: 0 | 异常: 0 | 成功率: 100.0%
[2026-04-08 21:32:17] INFO     
-------------------- 第 34 轮 | 最大监听: 26.7s --------------------
[2026-04-08 21:32:17] INFO     继电器 ON (开始充电)
[2026-04-08 21:32:17] INFO     继电器执行 -> ON
[2026-04-08 21:32:18] INFO     捕获目标指令: voice_msgnum:9
[2026-04-08 21:32:18] INFO     状态维稳，保持闭合 25.0s
[2026-04-08 21:32:29] INFO     捕获目标指令: voice_msgnum:10
[2026-04-08 21:32:43] INFO     继电器 OFF (切断充电)
[2026-04-08 21:32:44] INFO     继电器执行 -> OFF
[2026-04-08 21:32:44] INFO     物理断电静置 25.0s
[2026-04-08 21:33:09] INFO     【结论】 [PASS] 成功关键字: voice_msgnum:9
[2026-04-08 21:33:09] INFO     统计 -> 成功: 34 | 失败: 0 | 异常: 0 | 成功率: 100.0%
[2026-04-08 21:33:09] INFO     
-------------------- 第 35 轮 | 最大监听: 26.1s --------------------
[2026-04-08 21:33:09] INFO     继电器 ON (开始充电)
[2026-04-08 21:33:09] INFO     继电器执行 -> ON
[2026-04-08 21:33:10] INFO     捕获目标指令: voice_msgnum:9
[2026-04-08 21:33:10] INFO     状态维稳，保持闭合 25.0s
[2026-04-08 21:33:20] INFO     捕获目标指令: voice_msgnum:10
[2026-04-08 21:33:35] INFO     继电器 OFF (切断充电)
[2026-04-08 21:33:35] INFO     继电器执行 -> OFF
[2026-04-08 21:33:35] INFO     物理断电静置 25.0s
[2026-04-08 21:34:00] INFO     【结论】 [PASS] 成功关键字: voice_msgnum:9
[2026-04-08 21:34:00] INFO     统计 -> 成功: 35 | 失败: 0 | 异常: 0 | 成功率: 100.0%
[2026-04-08 21:34:00] INFO     
-------------------- 第 36 轮 | 最大监听: 27.9s --------------------
[2026-04-08 21:34:00] INFO     继电器 ON (开始充电)
[2026-04-08 21:34:00] INFO     继电器执行 -> ON
[2026-04-08 21:34:02] INFO     捕获目标指令: voice_msgnum:9
[2026-04-08 21:34:02] INFO     状态维稳，保持闭合 25.0s
[2026-04-08 21:34:12] INFO     捕获目标指令: voice_msgnum:10
[2026-04-08 21:34:27] INFO     继电器 OFF (切断充电)
[2026-04-08 21:34:27] INFO     继电器执行 -> OFF
[2026-04-08 21:34:27] INFO     物理断电静置 25.0s
[2026-04-08 21:34:52] INFO     【结论】 [PASS] 成功关键字: voice_msgnum:9
[2026-04-08 21:34:52] INFO     统计 -> 成功: 36 | 失败: 0 | 异常: 0 | 成功率: 100.0%
[2026-04-08 21:34:52] INFO     
-------------------- 第 37 轮 | 最大监听: 29.3s --------------------
[2026-04-08 21:34:52] INFO     继电器 ON (开始充电)
[2026-04-08 21:34:52] INFO     继电器执行 -> ON
[2026-04-08 21:34:53] INFO     捕获目标指令: voice_msgnum:9
[2026-04-08 21:34:53] INFO     状态维稳，保持闭合 25.0s
[2026-04-08 21:35:03] INFO     捕获目标指令: voice_msgnum:10
[2026-04-08 21:35:18] INFO     继电器 OFF (切断充电)
[2026-04-08 21:35:18] INFO     继电器执行 -> OFF
[2026-04-08 21:35:18] INFO     物理断电静置 25.0s
[2026-04-08 21:35:43] INFO     【结论】 [PASS] 成功关键字: voice_msgnum:9
[2026-04-08 21:35:43] INFO     统计 -> 成功: 37 | 失败: 0 | 异常: 0 | 成功率: 100.0%
[2026-04-08 21:35:43] INFO     
-------------------- 第 38 轮 | 最大监听: 29.6s --------------------
[2026-04-08 21:35:43] INFO     继电器 ON (开始充电)
[2026-04-08 21:35:43] INFO     继电器执行 -> ON
[2026-04-08 21:35:45] INFO     捕获目标指令: voice_msgnum:9
[2026-04-08 21:35:45] INFO     状态维稳，保持闭合 25.0s
[2026-04-08 21:35:55] INFO     捕获目标指令: voice_msgnum:10
[2026-04-08 21:36:10] INFO     继电器 OFF (切断充电)
[2026-04-08 21:36:10] INFO     继电器执行 -> OFF
[2026-04-08 21:36:10] INFO     物理断电静置 25.0s
[2026-04-08 21:36:35] INFO     【结论】 [PASS] 成功关键字: voice_msgnum:9
[2026-04-08 21:36:35] INFO     统计 -> 成功: 38 | 失败: 0 | 异常: 0 | 成功率: 100.0%
[2026-04-08 21:36:35] INFO     
-------------------- 第 39 轮 | 最大监听: 29.5s --------------------
[2026-04-08 21:36:35] INFO     继电器 ON (开始充电)
[2026-04-08 21:36:35] INFO     继电器执行 -> ON
[2026-04-08 21:36:36] INFO     捕获目标指令: voice_msgnum:9
[2026-04-08 21:36:36] INFO     状态维稳，保持闭合 25.0s
[2026-04-08 21:36:47] INFO     捕获目标指令: voice_msgnum:10
[2026-04-08 21:37:01] INFO     继电器 OFF (切断充电)
[2026-04-08 21:37:02] INFO     继电器执行 -> OFF
[2026-04-08 21:37:02] INFO     物理断电静置 25.0s
[2026-04-08 21:37:27] INFO     【结论】 [PASS] 成功关键字: voice_msgnum:9
[2026-04-08 21:37:27] INFO     统计 -> 成功: 39 | 失败: 0 | 异常: 0 | 成功率: 100.0%
[2026-04-08 21:37:27] INFO     
-------------------- 第 40 轮 | 最大监听: 28.1s --------------------
[2026-04-08 21:37:27] INFO     继电器 ON (开始充电)
[2026-04-08 21:37:27] INFO     继电器执行 -> ON
[2026-04-08 21:37:28] INFO     捕获目标指令: voice_msgnum:9
[2026-04-08 21:37:28] INFO     状态维稳，保持闭合 25.0s
[2026-04-08 21:37:38] INFO     捕获目标指令: voice_msgnum:10
[2026-04-08 21:37:53] INFO     继电器 OFF (切断充电)
[2026-04-08 21:37:53] INFO     继电器执行 -> OFF
[2026-04-08 21:37:53] INFO     物理断电静置 25.0s
[2026-04-08 21:38:18] INFO     【结论】 [PASS] 成功关键字: voice_msgnum:9
[2026-04-08 21:38:18] INFO     统计 -> 成功: 40 | 失败: 0 | 异常: 0 | 成功率: 100.0%
[2026-04-08 21:38:18] INFO     
-------------------- 第 41 轮 | 最大监听: 27.5s --------------------
[2026-04-08 21:38:18] INFO     继电器 ON (开始充电)
[2026-04-08 21:38:18] INFO     继电器执行 -> ON
[2026-04-08 21:38:20] INFO     捕获目标指令: voice_msgnum:9
[2026-04-08 21:38:20] INFO     状态维稳，保持闭合 25.0s
[2026-04-08 21:38:30] INFO     捕获目标指令: voice_msgnum:10
[2026-04-08 21:38:45] INFO     继电器 OFF (切断充电)
[2026-04-08 21:38:45] INFO     继电器执行 -> OFF
[2026-04-08 21:38:45] INFO     物理断电静置 25.0s
[2026-04-08 21:39:10] INFO     【结论】 [PASS] 成功关键字: voice_msgnum:9
[2026-04-08 21:39:10] INFO     统计 -> 成功: 41 | 失败: 0 | 异常: 0 | 成功率: 100.0%
[2026-04-08 21:39:10] INFO     
-------------------- 第 42 轮 | 最大监听: 26.1s --------------------
[2026-04-08 21:39:10] INFO     继电器 ON (开始充电)
[2026-04-08 21:39:10] INFO     继电器执行 -> ON
[2026-04-08 21:39:11] INFO     捕获目标指令: voice_msgnum:9
[2026-04-08 21:39:11] INFO     状态维稳，保持闭合 25.0s
[2026-04-08 21:39:21] INFO     捕获目标指令: voice_msgnum:10
[2026-04-08 21:39:36] INFO     继电器 OFF (切断充电)
[2026-04-08 21:39:36] INFO     继电器执行 -> OFF
[2026-04-08 21:39:36] INFO     物理断电静置 25.0s
[2026-04-08 21:40:01] INFO     【结论】 [PASS] 成功关键字: voice_msgnum:9
[2026-04-08 21:40:01] INFO     统计 -> 成功: 42 | 失败: 0 | 异常: 0 | 成功率: 100.0%
[2026-04-08 21:40:01] INFO     
-------------------- 第 43 轮 | 最大监听: 26.2s --------------------
[2026-04-08 21:40:01] INFO     继电器 ON (开始充电)
[2026-04-08 21:40:01] INFO     继电器执行 -> ON
[2026-04-08 21:40:03] INFO     捕获目标指令: voice_msgnum:9
[2026-04-08 21:40:03] INFO     状态维稳，保持闭合 25.0s
[2026-04-08 21:40:13] INFO     捕获目标指令: voice_msgnum:10
[2026-04-08 21:40:28] INFO     继电器 OFF (切断充电)
[2026-04-08 21:40:28] INFO     继电器执行 -> OFF
[2026-04-08 21:40:28] INFO     物理断电静置 25.0s
[2026-04-08 21:40:53] INFO     【结论】 [PASS] 成功关键字: voice_msgnum:9
[2026-04-08 21:40:53] INFO     统计 -> 成功: 43 | 失败: 0 | 异常: 0 | 成功率: 100.0%
[2026-04-08 21:40:53] INFO     
-------------------- 第 44 轮 | 最大监听: 26.8s --------------------
[2026-04-08 21:40:53] INFO     继电器 ON (开始充电)
[2026-04-08 21:40:53] INFO     继电器执行 -> ON
[2026-04-08 21:40:54] INFO     捕获目标指令: voice_msgnum:9
[2026-04-08 21:40:54] INFO     状态维稳，保持闭合 25.0s
[2026-04-08 21:41:05] INFO     捕获目标指令: voice_msgnum:10
[2026-04-08 21:41:19] INFO     继电器 OFF (切断充电)
[2026-04-08 21:41:20] INFO     继电器执行 -> OFF
[2026-04-08 21:41:20] INFO     物理断电静置 25.0s
[2026-04-08 21:41:45] INFO     【结论】 [PASS] 成功关键字: voice_msgnum:9
[2026-04-08 21:41:45] INFO     统计 -> 成功: 44 | 失败: 0 | 异常: 0 | 成功率: 100.0%
[2026-04-08 21:41:45] INFO     
-------------------- 第 45 轮 | 最大监听: 28.7s --------------------
[2026-04-08 21:41:45] INFO     继电器 ON (开始充电)
[2026-04-08 21:41:45] INFO     继电器执行 -> ON
[2026-04-08 21:41:46] INFO     捕获目标指令: voice_msgnum:9
[2026-04-08 21:41:46] INFO     状态维稳，保持闭合 25.0s
[2026-04-08 21:41:56] INFO     捕获目标指令: voice_msgnum:10
[2026-04-08 21:42:11] INFO     继电器 OFF (切断充电)
[2026-04-08 21:42:11] INFO     继电器执行 -> OFF
[2026-04-08 21:42:11] INFO     物理断电静置 25.0s
[2026-04-08 21:42:36] INFO     【结论】 [PASS] 成功关键字: voice_msgnum:9
[2026-04-08 21:42:36] INFO     统计 -> 成功: 45 | 失败: 0 | 异常: 0 | 成功率: 100.0%
[2026-04-08 21:42:36] INFO     
-------------------- 第 46 轮 | 最大监听: 25.5s --------------------
[2026-04-08 21:42:36] INFO     继电器 ON (开始充电)
[2026-04-08 21:42:36] INFO     继电器执行 -> ON
[2026-04-08 21:42:38] INFO     捕获目标指令: voice_msgnum:9
[2026-04-08 21:42:38] INFO     状态维稳，保持闭合 25.0s
[2026-04-08 21:42:48] INFO     捕获目标指令: voice_msgnum:10
[2026-04-08 21:43:03] INFO     继电器 OFF (切断充电)
[2026-04-08 21:43:03] INFO     继电器执行 -> OFF
[2026-04-08 21:43:03] INFO     物理断电静置 25.0s
[2026-04-08 21:43:28] INFO     【结论】 [PASS] 成功关键字: voice_msgnum:9
[2026-04-08 21:43:28] INFO     统计 -> 成功: 46 | 失败: 0 | 异常: 0 | 成功率: 100.0%
[2026-04-08 21:43:28] INFO     
-------------------- 第 47 轮 | 最大监听: 29.7s --------------------
[2026-04-08 21:43:28] INFO     继电器 ON (开始充电)
[2026-04-08 21:43:28] INFO     继电器执行 -> ON
[2026-04-08 21:43:29] INFO     捕获目标指令: voice_msgnum:9
[2026-04-08 21:43:29] INFO     状态维稳，保持闭合 25.0s
[2026-04-08 21:43:39] INFO     捕获目标指令: voice_msgnum:10
[2026-04-08 21:43:54] INFO     继电器 OFF (切断充电)
[2026-04-08 21:43:54] INFO     继电器执行 -> OFF
[2026-04-08 21:43:54] INFO     物理断电静置 25.0s
[2026-04-08 21:44:19] INFO     【结论】 [PASS] 成功关键字: voice_msgnum:9
[2026-04-08 21:44:19] INFO     统计 -> 成功: 47 | 失败: 0 | 异常: 0 | 成功率: 100.0%
[2026-04-08 21:44:19] INFO     
-------------------- 第 48 轮 | 最大监听: 25.6s --------------------
[2026-04-08 21:44:19] INFO     继电器 ON (开始充电)
[2026-04-08 21:44:19] INFO     继电器执行 -> ON
[2026-04-08 21:44:21] INFO     捕获目标指令: voice_msgnum:9
[2026-04-08 21:44:21] INFO     状态维稳，保持闭合 25.0s
[2026-04-08 21:44:31] INFO     捕获目标指令: voice_msgnum:10
[2026-04-08 21:44:46] INFO     继电器 OFF (切断充电)
[2026-04-08 21:44:46] INFO     继电器执行 -> OFF
[2026-04-08 21:44:46] INFO     物理断电静置 25.0s
[2026-04-08 21:45:11] INFO     【结论】 [PASS] 成功关键字: voice_msgnum:9
[2026-04-08 21:45:11] INFO     统计 -> 成功: 48 | 失败: 0 | 异常: 0 | 成功率: 100.0%
[2026-04-08 21:45:11] INFO     
-------------------- 第 49 轮 | 最大监听: 26.5s --------------------
[2026-04-08 21:45:11] INFO     继电器 ON (开始充电)
[2026-04-08 21:45:11] INFO     继电器执行 -> ON
[2026-04-08 21:45:12] INFO     捕获目标指令: voice_msgnum:9
[2026-04-08 21:45:12] INFO     状态维稳，保持闭合 25.0s
[2026-04-08 21:45:23] INFO     捕获目标指令: voice_msgnum:10
[2026-04-08 21:45:37] INFO     继电器 OFF (切断充电)
[2026-04-08 21:45:38] INFO     继电器执行 -> OFF
[2026-04-08 21:45:38] INFO     物理断电静置 25.0s
[2026-04-08 21:46:03] INFO     【结论】 [PASS] 成功关键字: voice_msgnum:9
[2026-04-08 21:46:03] INFO     统计 -> 成功: 49 | 失败: 0 | 异常: 0 | 成功率: 100.0%
[2026-04-08 21:46:03] INFO     
-------------------- 第 50 轮 | 最大监听: 28.7s --------------------
[2026-04-08 21:46:03] INFO     继电器 ON (开始充电)
[2026-04-08 21:46:03] INFO     继电器执行 -> ON
[2026-04-08 21:46:04] INFO     捕获目标指令: voice_msgnum:9
[2026-04-08 21:46:04] INFO     状态维稳，保持闭合 25.0s
[2026-04-08 21:46:14] INFO     捕获目标指令: voice_msgnum:10
[2026-04-08 21:46:29] INFO     继电器 OFF (切断充电)
[2026-04-08 21:46:29] INFO     继电器执行 -> OFF
[2026-04-08 21:46:29] INFO     物理断电静置 25.0s
[2026-04-08 21:46:54] INFO     【结论】 [PASS] 成功关键字: voice_msgnum:9
[2026-04-08 21:46:54] INFO     统计 -> 成功: 50 | 失败: 0 | 异常: 0 | 成功率: 100.0%
[2026-04-08 21:46:54] INFO     
-------------------- 第 51 轮 | 最大监听: 25.7s --------------------
[2026-04-08 21:46:54] INFO     继电器 ON (开始充电)
[2026-04-08 21:46:54] INFO     继电器执行 -> ON
[2026-04-08 21:46:56] INFO     捕获目标指令: voice_msgnum:9
[2026-04-08 21:46:56] INFO     状态维稳，保持闭合 25.0s
[2026-04-08 21:47:06] INFO     捕获目标指令: voice_msgnum:10
[2026-04-08 21:47:21] INFO     继电器 OFF (切断充电)
[2026-04-08 21:47:21] INFO     继电器执行 -> OFF
[2026-04-08 21:47:21] INFO     物理断电静置 25.0s
[2026-04-08 21:47:46] INFO     【结论】 [PASS] 成功关键字: voice_msgnum:9
[2026-04-08 21:47:46] INFO     统计 -> 成功: 51 | 失败: 0 | 异常: 0 | 成功率: 100.0%
[2026-04-08 21:47:46] INFO     
-------------------- 第 52 轮 | 最大监听: 27.1s --------------------
[2026-04-08 21:47:46] INFO     继电器 ON (开始充电)
[2026-04-08 21:47:46] INFO     继电器执行 -> ON
[2026-04-08 21:47:47] INFO     捕获目标指令: voice_msgnum:9
[2026-04-08 21:47:47] INFO     状态维稳，保持闭合 25.0s
[2026-04-08 21:47:57] INFO     捕获目标指令: voice_msgnum:10
[2026-04-08 21:48:12] INFO     继电器 OFF (切断充电)
[2026-04-08 21:48:12] INFO     继电器执行 -> OFF
[2026-04-08 21:48:12] INFO     物理断电静置 25.0s
[2026-04-08 21:48:37] INFO     【结论】 [PASS] 成功关键字: voice_msgnum:9
[2026-04-08 21:48:37] INFO     统计 -> 成功: 52 | 失败: 0 | 异常: 0 | 成功率: 100.0%
[2026-04-08 21:48:37] INFO     
-------------------- 第 53 轮 | 最大监听: 28.4s --------------------
[2026-04-08 21:48:37] INFO     继电器 ON (开始充电)
[2026-04-08 21:48:37] INFO     继电器执行 -> ON
[2026-04-08 21:48:39] INFO     捕获目标指令: voice_msgnum:9
[2026-04-08 21:48:39] INFO     状态维稳，保持闭合 25.0s
[2026-04-08 21:48:49] INFO     捕获目标指令: voice_msgnum:10
[2026-04-08 21:49:04] INFO     继电器 OFF (切断充电)
[2026-04-08 21:49:04] INFO     继电器执行 -> OFF
[2026-04-08 21:49:04] INFO     物理断电静置 25.0s
[2026-04-08 21:49:29] INFO     【结论】 [PASS] 成功关键字: voice_msgnum:9
[2026-04-08 21:49:29] INFO     统计 -> 成功: 53 | 失败: 0 | 异常: 0 | 成功率: 100.0%
[2026-04-08 21:49:29] INFO     
-------------------- 第 54 轮 | 最大监听: 25.3s --------------------
[2026-04-08 21:49:29] INFO     继电器 ON (开始充电)
[2026-04-08 21:49:29] INFO     继电器执行 -> ON
[2026-04-08 21:49:30] INFO     捕获目标指令: voice_msgnum:9
[2026-04-08 21:49:30] INFO     状态维稳，保持闭合 25.0s
[2026-04-08 21:49:41] INFO     捕获目标指令: voice_msgnum:10
[2026-04-08 21:49:55] INFO     继电器 OFF (切断充电)
[2026-04-08 21:49:55] INFO     继电器执行 -> OFF
[2026-04-08 21:49:55] INFO     物理断电静置 25.0s
[2026-04-08 21:50:20] INFO     【结论】 [PASS] 成功关键字: voice_msgnum:9
[2026-04-08 21:50:20] INFO     统计 -> 成功: 54 | 失败: 0 | 异常: 0 | 成功率: 100.0%
[2026-04-08 21:50:20] INFO     
-------------------- 第 55 轮 | 最大监听: 26.1s --------------------
[2026-04-08 21:50:20] INFO     继电器 ON (开始充电)
[2026-04-08 21:50:21] INFO     继电器执行 -> ON
[2026-04-08 21:50:22] INFO     捕获目标指令: voice_msgnum:9
[2026-04-08 21:50:22] INFO     状态维稳，保持闭合 25.0s
[2026-04-08 21:50:32] INFO     捕获目标指令: voice_msgnum:10
[2026-04-08 21:50:47] INFO     继电器 OFF (切断充电)
[2026-04-08 21:50:47] INFO     继电器执行 -> OFF
[2026-04-08 21:50:47] INFO     物理断电静置 25.0s
[2026-04-08 21:51:12] INFO     【结论】 [PASS] 成功关键字: voice_msgnum:9
[2026-04-08 21:51:12] INFO     统计 -> 成功: 55 | 失败: 0 | 异常: 0 | 成功率: 100.0%
[2026-04-08 21:51:12] INFO     
-------------------- 第 56 轮 | 最大监听: 27.7s --------------------
[2026-04-08 21:51:12] INFO     继电器 ON (开始充电)
[2026-04-08 21:51:12] INFO     继电器执行 -> ON
[2026-04-08 21:51:14] INFO     捕获目标指令: voice_msgnum:9
[2026-04-08 21:51:14] INFO     状态维稳，保持闭合 25.0s
[2026-04-08 21:51:24] INFO     捕获目标指令: voice_msgnum:10
[2026-04-08 21:51:39] INFO     继电器 OFF (切断充电)
[2026-04-08 21:51:39] INFO     继电器执行 -> OFF
[2026-04-08 21:51:39] INFO     物理断电静置 25.0s
[2026-04-08 21:52:04] INFO     【结论】 [PASS] 成功关键字: voice_msgnum:9
[2026-04-08 21:52:04] INFO     统计 -> 成功: 56 | 失败: 0 | 异常: 0 | 成功率: 100.0%
[2026-04-08 21:52:04] INFO     
-------------------- 第 57 轮 | 最大监听: 27.1s --------------------
[2026-04-08 21:52:04] INFO     继电器 ON (开始充电)
[2026-04-08 21:52:04] INFO     继电器执行 -> ON
[2026-04-08 21:52:05] INFO     捕获目标指令: voice_msgnum:9
[2026-04-08 21:52:05] INFO     状态维稳，保持闭合 25.0s
[2026-04-08 21:52:15] INFO     捕获目标指令: voice_msgnum:10
[2026-04-08 21:52:30] INFO     继电器 OFF (切断充电)
[2026-04-08 21:52:30] INFO     继电器执行 -> OFF
[2026-04-08 21:52:30] INFO     物理断电静置 25.0s
[2026-04-08 21:52:55] INFO     【结论】 [PASS] 成功关键字: voice_msgnum:9
[2026-04-08 21:52:55] INFO     统计 -> 成功: 57 | 失败: 0 | 异常: 0 | 成功率: 100.0%
[2026-04-08 21:52:55] INFO     
-------------------- 第 58 轮 | 最大监听: 28.9s --------------------
[2026-04-08 21:52:55] INFO     继电器 ON (开始充电)
[2026-04-08 21:52:55] INFO     继电器执行 -> ON
[2026-04-08 21:52:57] INFO     捕获目标指令: voice_msgnum:9
[2026-04-08 21:52:57] INFO     状态维稳，保持闭合 25.0s
[2026-04-08 21:53:07] INFO     捕获目标指令: voice_msgnum:10
[2026-04-08 21:53:22] INFO     继电器 OFF (切断充电)
[2026-04-08 21:53:22] INFO     继电器执行 -> OFF
[2026-04-08 21:53:22] INFO     物理断电静置 25.0s
[2026-04-08 21:53:47] INFO     【结论】 [PASS] 成功关键字: voice_msgnum:9
[2026-04-08 21:53:47] INFO     统计 -> 成功: 58 | 失败: 0 | 异常: 0 | 成功率: 100.0%
[2026-04-08 21:53:47] INFO     
-------------------- 第 59 轮 | 最大监听: 27.3s --------------------
[2026-04-08 21:53:47] INFO     继电器 ON (开始充电)
[2026-04-08 21:53:47] INFO     继电器执行 -> ON
[2026-04-08 21:53:48] INFO     捕获目标指令: voice_msgnum:9
[2026-04-08 21:53:48] INFO     状态维稳，保持闭合 25.0s
[2026-04-08 21:53:59] INFO     捕获目标指令: voice_msgnum:10
[2026-04-08 21:54:13] INFO     继电器 OFF (切断充电)
[2026-04-08 21:54:13] INFO     继电器执行 -> OFF
[2026-04-08 21:54:13] INFO     物理断电静置 25.0s
[2026-04-08 21:54:38] INFO     【结论】 [PASS] 成功关键字: voice_msgnum:9
[2026-04-08 21:54:38] INFO     统计 -> 成功: 59 | 失败: 0 | 异常: 0 | 成功率: 100.0%
[2026-04-08 21:54:38] INFO     
-------------------- 第 60 轮 | 最大监听: 26.9s --------------------
[2026-04-08 21:54:38] INFO     继电器 ON (开始充电)
[2026-04-08 21:54:39] INFO     继电器执行 -> ON
[2026-04-08 21:54:40] INFO     捕获目标指令: voice_msgnum:9
[2026-04-08 21:54:40] INFO     状态维稳，保持闭合 25.0s
[2026-04-08 21:54:50] INFO     捕获目标指令: voice_msgnum:10
[2026-04-08 21:55:05] INFO     继电器 OFF (切断充电)
[2026-04-08 21:55:05] INFO     继电器执行 -> OFF
[2026-04-08 21:55:05] INFO     物理断电静置 25.0s
[2026-04-08 21:55:30] INFO     【结论】 [PASS] 成功关键字: voice_msgnum:9
[2026-04-08 21:55:30] INFO     统计 -> 成功: 60 | 失败: 0 | 异常: 0 | 成功率: 100.0%
[2026-04-08 21:55:30] INFO     
-------------------- 第 61 轮 | 最大监听: 27.5s --------------------
[2026-04-08 21:55:30] INFO     继电器 ON (开始充电)
[2026-04-08 21:55:30] INFO     继电器执行 -> ON
[2026-04-08 21:55:32] INFO     捕获目标指令: voice_msgnum:9
[2026-04-08 21:55:32] INFO     状态维稳，保持闭合 25.0s
[2026-04-08 21:55:42] INFO     捕获目标指令: voice_msgnum:10
[2026-04-08 21:55:57] INFO     继电器 OFF (切断充电)
[2026-04-08 21:55:57] INFO     继电器执行 -> OFF
[2026-04-08 21:55:57] INFO     物理断电静置 25.0s
[2026-04-08 21:56:22] INFO     【结论】 [PASS] 成功关键字: voice_msgnum:9
[2026-04-08 21:56:22] INFO     统计 -> 成功: 61 | 失败: 0 | 异常: 0 | 成功率: 100.0%
[2026-04-08 21:56:22] INFO     
-------------------- 第 62 轮 | 最大监听: 29.8s --------------------
[2026-04-08 21:56:22] INFO     继电器 ON (开始充电)
[2026-04-08 21:56:22] INFO     继电器执行 -> ON
[2026-04-08 21:56:23] INFO     捕获目标指令: voice_msgnum:9
[2026-04-08 21:56:23] INFO     状态维稳，保持闭合 25.0s
[2026-04-08 21:56:33] INFO     捕获目标指令: voice_msgnum:10
[2026-04-08 21:56:48] INFO     继电器 OFF (切断充电)
[2026-04-08 21:56:48] INFO     继电器执行 -> OFF
[2026-04-08 21:56:48] INFO     物理断电静置 25.0s
[2026-04-08 21:57:13] INFO     【结论】 [PASS] 成功关键字: voice_msgnum:9
[2026-04-08 21:57:13] INFO     统计 -> 成功: 62 | 失败: 0 | 异常: 0 | 成功率: 100.0%
[2026-04-08 21:57:13] INFO     
-------------------- 第 63 轮 | 最大监听: 27.2s --------------------
[2026-04-08 21:57:13] INFO     继电器 ON (开始充电)
[2026-04-08 21:57:13] INFO     继电器执行 -> ON
[2026-04-08 21:57:15] INFO     捕获目标指令: voice_msgnum:9
[2026-04-08 21:57:15] INFO     状态维稳，保持闭合 25.0s
[2026-04-08 21:57:25] INFO     捕获目标指令: voice_msgnum:10
[2026-04-08 21:57:40] INFO     继电器 OFF (切断充电)
[2026-04-08 21:57:40] INFO     继电器执行 -> OFF
[2026-04-08 21:57:40] INFO     物理断电静置 25.0s
[2026-04-08 21:58:05] INFO     【结论】 [PASS] 成功关键字: voice_msgnum:9
[2026-04-08 21:58:05] INFO     统计 -> 成功: 63 | 失败: 0 | 异常: 0 | 成功率: 100.0%
[2026-04-08 21:58:05] INFO     
-------------------- 第 64 轮 | 最大监听: 27.1s --------------------
[2026-04-08 21:58:05] INFO     继电器 ON (开始充电)
[2026-04-08 21:58:05] INFO     继电器执行 -> ON
[2026-04-08 21:58:06] INFO     捕获目标指令: voice_msgnum:9
[2026-04-08 21:58:06] INFO     状态维稳，保持闭合 25.0s
[2026-04-08 21:58:16] INFO     捕获目标指令: voice_msgnum:10
[2026-04-08 21:58:31] INFO     继电器 OFF (切断充电)
[2026-04-08 21:58:31] INFO     继电器执行 -> OFF
[2026-04-08 21:58:31] INFO     物理断电静置 25.0s
[2026-04-08 21:58:56] INFO     【结论】 [PASS] 成功关键字: voice_msgnum:9
[2026-04-08 21:58:56] INFO     统计 -> 成功: 64 | 失败: 0 | 异常: 0 | 成功率: 100.0%
[2026-04-08 21:58:56] INFO     
-------------------- 第 65 轮 | 最大监听: 29.3s --------------------
[2026-04-08 21:58:56] INFO     继电器 ON (开始充电)
[2026-04-08 21:58:57] INFO     继电器执行 -> ON
[2026-04-08 21:58:58] INFO     捕获目标指令: voice_msgnum:9
[2026-04-08 21:58:58] INFO     状态维稳，保持闭合 25.0s
[2026-04-08 21:59:08] INFO     捕获目标指令: voice_msgnum:10
[2026-04-08 21:59:23] INFO     继电器 OFF (切断充电)
[2026-04-08 21:59:23] INFO     继电器执行 -> OFF
[2026-04-08 21:59:23] INFO     物理断电静置 25.0s
[2026-04-08 21:59:48] INFO     【结论】 [PASS] 成功关键字: voice_msgnum:9
[2026-04-08 21:59:48] INFO     统计 -> 成功: 65 | 失败: 0 | 异常: 0 | 成功率: 100.0%
[2026-04-08 21:59:48] INFO     
-------------------- 第 66 轮 | 最大监听: 29.3s --------------------
[2026-04-08 21:59:48] INFO     继电器 ON (开始充电)
[2026-04-08 21:59:48] INFO     继电器执行 -> ON
[2026-04-08 21:59:50] INFO     捕获目标指令: voice_msgnum:9
[2026-04-08 21:59:50] INFO     状态维稳，保持闭合 25.0s
[2026-04-08 22:00:00] INFO     捕获目标指令: voice_msgnum:10
[2026-04-08 22:00:15] INFO     继电器 OFF (切断充电)
[2026-04-08 22:00:15] INFO     继电器执行 -> OFF
[2026-04-08 22:00:15] INFO     物理断电静置 25.0s
[2026-04-08 22:00:40] INFO     【结论】 [PASS] 成功关键字: voice_msgnum:9
[2026-04-08 22:00:40] INFO     统计 -> 成功: 66 | 失败: 0 | 异常: 0 | 成功率: 100.0%
[2026-04-08 22:00:40] INFO     
-------------------- 第 67 轮 | 最大监听: 27.1s --------------------
[2026-04-08 22:00:40] INFO     继电器 ON (开始充电)
[2026-04-08 22:00:40] INFO     继电器执行 -> ON
[2026-04-08 22:00:41] INFO     捕获目标指令: voice_msgnum:9
[2026-04-08 22:00:41] INFO     状态维稳，保持闭合 25.0s
[2026-04-08 22:00:51] INFO     捕获目标指令: voice_msgnum:10
[2026-04-08 22:01:06] INFO     继电器 OFF (切断充电)
[2026-04-08 22:01:06] INFO     继电器执行 -> OFF
[2026-04-08 22:01:06] INFO     物理断电静置 25.0s
[2026-04-08 22:01:31] INFO     【结论】 [PASS] 成功关键字: voice_msgnum:9
[2026-04-08 22:01:31] INFO     统计 -> 成功: 67 | 失败: 0 | 异常: 0 | 成功率: 100.0%
[2026-04-08 22:01:31] INFO     
-------------------- 第 68 轮 | 最大监听: 29.0s --------------------
[2026-04-08 22:01:31] INFO     继电器 ON (开始充电)
[2026-04-08 22:01:31] INFO     继电器执行 -> ON
[2026-04-08 22:01:33] INFO     捕获目标指令: voice_msgnum:9
[2026-04-08 22:01:33] INFO     状态维稳，保持闭合 25.0s
[2026-04-08 22:01:43] INFO     捕获目标指令: voice_msgnum:10
[2026-04-08 22:01:58] INFO     继电器 OFF (切断充电)
[2026-04-08 22:01:58] INFO     继电器执行 -> OFF
[2026-04-08 22:01:58] INFO     物理断电静置 25.0s
[2026-04-08 22:02:23] INFO     【结论】 [PASS] 成功关键字: voice_msgnum:9
[2026-04-08 22:02:23] INFO     统计 -> 成功: 68 | 失败: 0 | 异常: 0 | 成功率: 100.0%
[2026-04-08 22:02:23] INFO     
-------------------- 第 69 轮 | 最大监听: 25.9s --------------------
[2026-04-08 22:02:23] INFO     继电器 ON (开始充电)
[2026-04-08 22:02:23] INFO     继电器执行 -> ON
[2026-04-08 22:02:24] INFO     捕获目标指令: voice_msgnum:9
[2026-04-08 22:02:24] INFO     状态维稳，保持闭合 25.0s
[2026-04-08 22:02:34] INFO     捕获目标指令: voice_msgnum:10
[2026-04-08 22:02:49] INFO     继电器 OFF (切断充电)
[2026-04-08 22:02:49] INFO     继电器执行 -> OFF
[2026-04-08 22:02:49] INFO     物理断电静置 25.0s
[2026-04-08 22:03:14] INFO     【结论】 [PASS] 成功关键字: voice_msgnum:9
[2026-04-08 22:03:14] INFO     统计 -> 成功: 69 | 失败: 0 | 异常: 0 | 成功率: 100.0%
[2026-04-08 22:03:14] INFO     
-------------------- 第 70 轮 | 最大监听: 29.5s --------------------
[2026-04-08 22:03:14] INFO     继电器 ON (开始充电)
[2026-04-08 22:03:14] INFO     继电器执行 -> ON
[2026-04-08 22:03:16] INFO     捕获目标指令: voice_msgnum:9
[2026-04-08 22:03:16] INFO     状态维稳，保持闭合 25.0s
[2026-04-08 22:03:26] INFO     捕获目标指令: voice_msgnum:10
[2026-04-08 22:03:41] INFO     继电器 OFF (切断充电)
[2026-04-08 22:03:41] INFO     继电器执行 -> OFF
[2026-04-08 22:03:41] INFO     物理断电静置 25.0s
[2026-04-08 22:04:06] INFO     【结论】 [PASS] 成功关键字: voice_msgnum:9
[2026-04-08 22:04:06] INFO     统计 -> 成功: 70 | 失败: 0 | 异常: 0 | 成功率: 100.0%
[2026-04-08 22:04:06] INFO     
-------------------- 第 71 轮 | 最大监听: 26.8s --------------------
[2026-04-08 22:04:06] INFO     继电器 ON (开始充电)
[2026-04-08 22:04:06] INFO     继电器执行 -> ON
[2026-04-08 22:04:08] INFO     捕获目标指令: voice_msgnum:9
[2026-04-08 22:04:08] INFO     状态维稳，保持闭合 25.0s
[2026-04-08 22:04:18] INFO     捕获目标指令: voice_msgnum:10
[2026-04-08 22:04:33] INFO     继电器 OFF (切断充电)
[2026-04-08 22:04:33] INFO     继电器执行 -> OFF
[2026-04-08 22:04:33] INFO     物理断电静置 25.0s
[2026-04-08 22:04:58] INFO     【结论】 [PASS] 成功关键字: voice_msgnum:9
[2026-04-08 22:04:58] INFO     统计 -> 成功: 71 | 失败: 0 | 异常: 0 | 成功率: 100.0%
[2026-04-08 22:04:58] INFO     
-------------------- 第 72 轮 | 最大监听: 29.0s --------------------
[2026-04-08 22:04:58] INFO     继电器 ON (开始充电)
[2026-04-08 22:04:58] INFO     继电器执行 -> ON
[2026-04-08 22:04:59] INFO     捕获目标指令: voice_msgnum:9
[2026-04-08 22:04:59] INFO     状态维稳，保持闭合 25.0s
[2026-04-08 22:05:09] INFO     捕获目标指令: voice_msgnum:10
[2026-04-08 22:05:24] INFO     继电器 OFF (切断充电)
[2026-04-08 22:05:24] INFO     继电器执行 -> OFF
[2026-04-08 22:05:24] INFO     物理断电静置 25.0s
[2026-04-08 22:05:49] INFO     【结论】 [PASS] 成功关键字: voice_msgnum:9
[2026-04-08 22:05:49] INFO     统计 -> 成功: 72 | 失败: 0 | 异常: 0 | 成功率: 100.0%
[2026-04-08 22:05:49] INFO     
-------------------- 第 73 轮 | 最大监听: 29.5s --------------------
[2026-04-08 22:05:49] INFO     继电器 ON (开始充电)
[2026-04-08 22:05:49] INFO     继电器执行 -> ON
[2026-04-08 22:05:51] INFO     捕获目标指令: voice_msgnum:9
[2026-04-08 22:05:51] INFO     状态维稳，保持闭合 25.0s
[2026-04-08 22:06:01] INFO     捕获目标指令: voice_msgnum:10
[2026-04-08 22:06:16] INFO     继电器 OFF (切断充电)
[2026-04-08 22:06:16] INFO     继电器执行 -> OFF
[2026-04-08 22:06:16] INFO     物理断电静置 25.0s
[2026-04-08 22:06:41] INFO     【结论】 [PASS] 成功关键字: voice_msgnum:9
[2026-04-08 22:06:41] INFO     统计 -> 成功: 73 | 失败: 0 | 异常: 0 | 成功率: 100.0%
[2026-04-08 22:06:41] INFO     
-------------------- 第 74 轮 | 最大监听: 25.8s --------------------
[2026-04-08 22:06:41] INFO     继电器 ON (开始充电)
[2026-04-08 22:06:41] INFO     继电器执行 -> ON
[2026-04-08 22:06:42] INFO     捕获目标指令: voice_msgnum:9
[2026-04-08 22:06:42] INFO     状态维稳，保持闭合 25.0s
[2026-04-08 22:06:52] INFO     捕获目标指令: voice_msgnum:10
[2026-04-08 22:07:07] INFO     继电器 OFF (切断充电)
[2026-04-08 22:07:07] INFO     继电器执行 -> OFF
[2026-04-08 22:07:07] INFO     物理断电静置 25.0s
[2026-04-08 22:07:32] INFO     【结论】 [PASS] 成功关键字: voice_msgnum:9
[2026-04-08 22:07:32] INFO     统计 -> 成功: 74 | 失败: 0 | 异常: 0 | 成功率: 100.0%
[2026-04-08 22:07:32] INFO     
-------------------- 第 75 轮 | 最大监听: 26.1s --------------------
[2026-04-08 22:07:32] INFO     继电器 ON (开始充电)
[2026-04-08 22:07:32] INFO     继电器执行 -> ON
[2026-04-08 22:07:34] INFO     捕获目标指令: voice_msgnum:9
[2026-04-08 22:07:34] INFO     状态维稳，保持闭合 25.0s
[2026-04-08 22:07:44] INFO     捕获目标指令: voice_msgnum:10
[2026-04-08 22:07:59] INFO     继电器 OFF (切断充电)
[2026-04-08 22:07:59] INFO     继电器执行 -> OFF
[2026-04-08 22:07:59] INFO     物理断电静置 25.0s
[2026-04-08 22:08:24] INFO     【结论】 [PASS] 成功关键字: voice_msgnum:9
[2026-04-08 22:08:24] INFO     统计 -> 成功: 75 | 失败: 0 | 异常: 0 | 成功率: 100.0%
[2026-04-08 22:08:24] INFO     
-------------------- 第 76 轮 | 最大监听: 28.6s --------------------
[2026-04-08 22:08:24] INFO     继电器 ON (开始充电)
[2026-04-08 22:08:24] INFO     继电器执行 -> ON
[2026-04-08 22:08:26] INFO     捕获目标指令: voice_msgnum:9
[2026-04-08 22:08:26] INFO     状态维稳，保持闭合 25.0s
[2026-04-08 22:08:36] INFO     捕获目标指令: voice_msgnum:10
[2026-04-08 22:08:51] INFO     继电器 OFF (切断充电)
[2026-04-08 22:08:51] INFO     继电器执行 -> OFF
[2026-04-08 22:08:51] INFO     物理断电静置 25.0s
[2026-04-08 22:09:16] INFO     【结论】 [PASS] 成功关键字: voice_msgnum:9
[2026-04-08 22:09:16] INFO     统计 -> 成功: 76 | 失败: 0 | 异常: 0 | 成功率: 100.0%
[2026-04-08 22:09:16] INFO     
-------------------- 第 77 轮 | 最大监听: 26.5s --------------------
[2026-04-08 22:09:16] INFO     继电器 ON (开始充电)
[2026-04-08 22:09:16] INFO     继电器执行 -> ON
[2026-04-08 22:09:17] INFO     捕获目标指令: voice_msgnum:9
[2026-04-08 22:09:17] INFO     状态维稳，保持闭合 25.0s
[2026-04-08 22:09:27] INFO     捕获目标指令: voice_msgnum:10
[2026-04-08 22:09:42] INFO     继电器 OFF (切断充电)
[2026-04-08 22:09:42] INFO     继电器执行 -> OFF
[2026-04-08 22:09:42] INFO     物理断电静置 25.0s
[2026-04-08 22:10:07] INFO     【结论】 [PASS] 成功关键字: voice_msgnum:9
[2026-04-08 22:10:07] INFO     统计 -> 成功: 77 | 失败: 0 | 异常: 0 | 成功率: 100.0%
[2026-04-08 22:10:07] INFO     
-------------------- 第 78 轮 | 最大监听: 26.6s --------------------
[2026-04-08 22:10:07] INFO     继电器 ON (开始充电)
[2026-04-08 22:10:07] INFO     继电器执行 -> ON
[2026-04-08 22:10:09] INFO     捕获目标指令: voice_msgnum:9
[2026-04-08 22:10:09] INFO     状态维稳，保持闭合 25.0s
[2026-04-08 22:10:19] INFO     捕获目标指令: voice_msgnum:10
[2026-04-08 22:10:34] INFO     继电器 OFF (切断充电)
[2026-04-08 22:10:34] INFO     继电器执行 -> OFF
[2026-04-08 22:10:34] INFO     物理断电静置 25.0s
[2026-04-08 22:10:59] INFO     【结论】 [PASS] 成功关键字: voice_msgnum:9
[2026-04-08 22:10:59] INFO     统计 -> 成功: 78 | 失败: 0 | 异常: 0 | 成功率: 100.0%
[2026-04-08 22:10:59] INFO     
-------------------- 第 79 轮 | 最大监听: 25.3s --------------------
[2026-04-08 22:10:59] INFO     继电器 ON (开始充电)
[2026-04-08 22:10:59] INFO     继电器执行 -> ON
[2026-04-08 22:11:00] INFO     捕获目标指令: voice_msgnum:9
[2026-04-08 22:11:00] INFO     状态维稳，保持闭合 25.0s
[2026-04-08 22:11:10] INFO     捕获目标指令: voice_msgnum:10
[2026-04-08 22:11:25] INFO     继电器 OFF (切断充电)
[2026-04-08 22:11:25] INFO     继电器执行 -> OFF
[2026-04-08 22:11:25] INFO     物理断电静置 25.0s
[2026-04-08 22:11:50] INFO     【结论】 [PASS] 成功关键字: voice_msgnum:9
[2026-04-08 22:11:50] INFO     统计 -> 成功: 79 | 失败: 0 | 异常: 0 | 成功率: 100.0%
[2026-04-08 22:11:50] INFO     
-------------------- 第 80 轮 | 最大监听: 25.1s --------------------
[2026-04-08 22:11:50] INFO     继电器 ON (开始充电)
[2026-04-08 22:11:50] INFO     继电器执行 -> ON
[2026-04-08 22:11:52] INFO     捕获目标指令: voice_msgnum:9
[2026-04-08 22:11:52] INFO     状态维稳，保持闭合 25.0s
[2026-04-08 22:12:02] INFO     捕获目标指令: voice_msgnum:10
[2026-04-08 22:12:17] INFO     继电器 OFF (切断充电)
[2026-04-08 22:12:17] INFO     继电器执行 -> OFF
[2026-04-08 22:12:17] INFO     物理断电静置 25.0s
[2026-04-08 22:12:42] INFO     【结论】 [PASS] 成功关键字: voice_msgnum:9
[2026-04-08 22:12:42] INFO     统计 -> 成功: 80 | 失败: 0 | 异常: 0 | 成功率: 100.0%
[2026-04-08 22:12:42] INFO     
-------------------- 第 81 轮 | 最大监听: 28.0s --------------------
[2026-04-08 22:12:42] INFO     继电器 ON (开始充电)
[2026-04-08 22:12:42] INFO     继电器执行 -> ON
[2026-04-08 22:12:44] INFO     捕获目标指令: voice_msgnum:9
[2026-04-08 22:12:44] INFO     状态维稳，保持闭合 25.0s
[2026-04-08 22:12:54] INFO     捕获目标指令: voice_msgnum:10
[2026-04-08 22:13:09] INFO     继电器 OFF (切断充电)
[2026-04-08 22:13:09] INFO     继电器执行 -> OFF
[2026-04-08 22:13:09] INFO     物理断电静置 25.0s
[2026-04-08 22:13:34] INFO     【结论】 [PASS] 成功关键字: voice_msgnum:9
[2026-04-08 22:13:34] INFO     统计 -> 成功: 81 | 失败: 0 | 异常: 0 | 成功率: 100.0%
[2026-04-08 22:13:34] INFO     
-------------------- 第 82 轮 | 最大监听: 28.5s --------------------
[2026-04-08 22:13:34] INFO     继电器 ON (开始充电)
[2026-04-08 22:13:34] INFO     继电器执行 -> ON
[2026-04-08 22:13:35] INFO     捕获目标指令: voice_msgnum:9
[2026-04-08 22:13:35] INFO     状态维稳，保持闭合 25.0s
[2026-04-08 22:13:45] INFO     捕获目标指令: voice_msgnum:10
[2026-04-08 22:14:00] INFO     继电器 OFF (切断充电)
[2026-04-08 22:14:00] INFO     继电器执行 -> OFF
[2026-04-08 22:14:00] INFO     物理断电静置 25.0s
[2026-04-08 22:14:25] INFO     【结论】 [PASS] 成功关键字: voice_msgnum:9
[2026-04-08 22:14:25] INFO     统计 -> 成功: 82 | 失败: 0 | 异常: 0 | 成功率: 100.0%
[2026-04-08 22:14:25] INFO     
-------------------- 第 83 轮 | 最大监听: 26.5s --------------------
[2026-04-08 22:14:25] INFO     继电器 ON (开始充电)
[2026-04-08 22:14:25] INFO     继电器执行 -> ON
[2026-04-08 22:14:27] INFO     捕获目标指令: voice_msgnum:9
[2026-04-08 22:14:27] INFO     状态维稳，保持闭合 25.0s
[2026-04-08 22:14:37] INFO     捕获目标指令: voice_msgnum:10
[2026-04-08 22:14:52] INFO     继电器 OFF (切断充电)
[2026-04-08 22:14:52] INFO     继电器执行 -> OFF
[2026-04-08 22:14:52] INFO     物理断电静置 25.0s
[2026-04-08 22:15:17] INFO     【结论】 [PASS] 成功关键字: voice_msgnum:9
[2026-04-08 22:15:17] INFO     统计 -> 成功: 83 | 失败: 0 | 异常: 0 | 成功率: 100.0%
[2026-04-08 22:15:17] INFO     
-------------------- 第 84 轮 | 最大监听: 27.3s --------------------
[2026-04-08 22:15:17] INFO     继电器 ON (开始充电)
[2026-04-08 22:15:17] INFO     继电器执行 -> ON
[2026-04-08 22:15:18] INFO     捕获目标指令: voice_msgnum:9
[2026-04-08 22:15:18] INFO     状态维稳，保持闭合 25.0s
[2026-04-08 22:15:28] INFO     捕获目标指令: voice_msgnum:10
[2026-04-08 22:15:43] INFO     继电器 OFF (切断充电)
[2026-04-08 22:15:43] INFO     继电器执行 -> OFF
[2026-04-08 22:15:43] INFO     物理断电静置 25.0s
[2026-04-08 22:16:08] INFO     【结论】 [PASS] 成功关键字: voice_msgnum:9
[2026-04-08 22:16:08] INFO     统计 -> 成功: 84 | 失败: 0 | 异常: 0 | 成功率: 100.0%
[2026-04-08 22:16:08] INFO     
-------------------- 第 85 轮 | 最大监听: 29.7s --------------------
[2026-04-08 22:16:08] INFO     继电器 ON (开始充电)
[2026-04-08 22:16:08] INFO     继电器执行 -> ON
[2026-04-08 22:16:10] INFO     捕获目标指令: voice_msgnum:9
[2026-04-08 22:16:10] INFO     状态维稳，保持闭合 25.0s
[2026-04-08 22:16:20] INFO     捕获目标指令: voice_msgnum:10
[2026-04-08 22:16:35] INFO     继电器 OFF (切断充电)
[2026-04-08 22:16:35] INFO     继电器执行 -> OFF
[2026-04-08 22:16:35] INFO     物理断电静置 25.0s
[2026-04-08 22:17:00] INFO     【结论】 [PASS] 成功关键字: voice_msgnum:9
[2026-04-08 22:17:00] INFO     统计 -> 成功: 85 | 失败: 0 | 异常: 0 | 成功率: 100.0%
[2026-04-08 22:17:00] INFO     
-------------------- 第 86 轮 | 最大监听: 28.3s --------------------
[2026-04-08 22:17:00] INFO     继电器 ON (开始充电)
[2026-04-08 22:17:00] INFO     继电器执行 -> ON
[2026-04-08 22:17:02] INFO     捕获目标指令: voice_msgnum:9
[2026-04-08 22:17:02] INFO     状态维稳，保持闭合 25.0s
[2026-04-08 22:17:12] INFO     捕获目标指令: voice_msgnum:10
[2026-04-08 22:17:27] INFO     继电器 OFF (切断充电)
[2026-04-08 22:17:27] INFO     继电器执行 -> OFF
[2026-04-08 22:17:27] INFO     物理断电静置 25.0s
[2026-04-08 22:17:52] INFO     【结论】 [PASS] 成功关键字: voice_msgnum:9
[2026-04-08 22:17:52] INFO     统计 -> 成功: 86 | 失败: 0 | 异常: 0 | 成功率: 100.0%
[2026-04-08 22:17:52] INFO     
-------------------- 第 87 轮 | 最大监听: 27.9s --------------------
[2026-04-08 22:17:52] INFO     继电器 ON (开始充电)
[2026-04-08 22:17:52] INFO     继电器执行 -> ON
[2026-04-08 22:17:53] INFO     捕获目标指令: voice_msgnum:9
[2026-04-08 22:17:53] INFO     状态维稳，保持闭合 25.0s
[2026-04-08 22:18:03] INFO     捕获目标指令: voice_msgnum:10
[2026-04-08 22:18:18] INFO     继电器 OFF (切断充电)
[2026-04-08 22:18:18] INFO     继电器执行 -> OFF
[2026-04-08 22:18:18] INFO     物理断电静置 25.0s
[2026-04-08 22:18:43] INFO     【结论】 [PASS] 成功关键字: voice_msgnum:9
[2026-04-08 22:18:43] INFO     统计 -> 成功: 87 | 失败: 0 | 异常: 0 | 成功率: 100.0%
[2026-04-08 22:18:43] INFO     
-------------------- 第 88 轮 | 最大监听: 29.0s --------------------
[2026-04-08 22:18:43] INFO     继电器 ON (开始充电)
[2026-04-08 22:18:43] INFO     继电器执行 -> ON
[2026-04-08 22:18:45] INFO     捕获目标指令: voice_msgnum:9
[2026-04-08 22:18:45] INFO     状态维稳，保持闭合 25.0s
[2026-04-08 22:18:55] INFO     捕获目标指令: voice_msgnum:10
[2026-04-08 22:19:10] INFO     继电器 OFF (切断充电)
[2026-04-08 22:19:10] INFO     继电器执行 -> OFF
[2026-04-08 22:19:10] INFO     物理断电静置 25.0s
[2026-04-08 22:19:35] INFO     【结论】 [PASS] 成功关键字: voice_msgnum:9
[2026-04-08 22:19:35] INFO     统计 -> 成功: 88 | 失败: 0 | 异常: 0 | 成功率: 100.0%
[2026-04-08 22:19:35] INFO     
-------------------- 第 89 轮 | 最大监听: 25.6s --------------------
[2026-04-08 22:19:35] INFO     继电器 ON (开始充电)
[2026-04-08 22:19:35] INFO     继电器执行 -> ON
[2026-04-08 22:19:36] INFO     捕获目标指令: voice_msgnum:9
[2026-04-08 22:19:36] INFO     状态维稳，保持闭合 25.0s
[2026-04-08 22:19:46] INFO     捕获目标指令: voice_msgnum:10
[2026-04-08 22:20:01] INFO     继电器 OFF (切断充电)
[2026-04-08 22:20:01] INFO     继电器执行 -> OFF
[2026-04-08 22:20:01] INFO     物理断电静置 25.0s
[2026-04-08 22:20:26] INFO     【结论】 [PASS] 成功关键字: voice_msgnum:9
[2026-04-08 22:20:26] INFO     统计 -> 成功: 89 | 失败: 0 | 异常: 0 | 成功率: 100.0%
[2026-04-08 22:20:26] INFO     
-------------------- 第 90 轮 | 最大监听: 28.4s --------------------
[2026-04-08 22:20:26] INFO     继电器 ON (开始充电)
[2026-04-08 22:20:26] INFO     继电器执行 -> ON
[2026-04-08 22:20:28] INFO     捕获目标指令: voice_msgnum:9
[2026-04-08 22:20:28] INFO     状态维稳，保持闭合 25.0s
[2026-04-08 22:20:38] INFO     捕获目标指令: voice_msgnum:10
[2026-04-08 22:20:53] INFO     继电器 OFF (切断充电)
[2026-04-08 22:20:53] INFO     继电器执行 -> OFF
[2026-04-08 22:20:53] INFO     物理断电静置 25.0s
[2026-04-08 22:21:18] INFO     【结论】 [PASS] 成功关键字: voice_msgnum:9
[2026-04-08 22:21:18] INFO     统计 -> 成功: 90 | 失败: 0 | 异常: 0 | 成功率: 100.0%
[2026-04-08 22:21:18] INFO     
-------------------- 第 91 轮 | 最大监听: 29.1s --------------------
[2026-04-08 22:21:18] INFO     继电器 ON (开始充电)
[2026-04-08 22:21:18] INFO     继电器执行 -> ON
[2026-04-08 22:21:20] INFO     捕获目标指令: voice_msgnum:9
[2026-04-08 22:21:20] INFO     状态维稳，保持闭合 25.0s
[2026-04-08 22:21:30] INFO     捕获目标指令: voice_msgnum:10
[2026-04-08 22:21:45] INFO     继电器 OFF (切断充电)
[2026-04-08 22:21:45] INFO     继电器执行 -> OFF
[2026-04-08 22:21:45] INFO     物理断电静置 25.0s
[2026-04-08 22:22:10] INFO     【结论】 [PASS] 成功关键字: voice_msgnum:9
[2026-04-08 22:22:10] INFO     统计 -> 成功: 91 | 失败: 0 | 异常: 0 | 成功率: 100.0%
[2026-04-08 22:22:10] INFO     
-------------------- 第 92 轮 | 最大监听: 28.8s --------------------
[2026-04-08 22:22:10] INFO     继电器 ON (开始充电)
[2026-04-08 22:22:10] INFO     继电器执行 -> ON
[2026-04-08 22:22:11] INFO     捕获目标指令: voice_msgnum:9
[2026-04-08 22:22:11] INFO     状态维稳，保持闭合 25.0s
[2026-04-08 22:22:21] INFO     捕获目标指令: voice_msgnum:10
[2026-04-08 22:22:36] INFO     继电器 OFF (切断充电)
[2026-04-08 22:22:36] INFO     继电器执行 -> OFF
[2026-04-08 22:22:36] INFO     物理断电静置 25.0s
[2026-04-08 22:23:01] INFO     【结论】 [PASS] 成功关键字: voice_msgnum:9
[2026-04-08 22:23:01] INFO     统计 -> 成功: 92 | 失败: 0 | 异常: 0 | 成功率: 100.0%
[2026-04-08 22:23:01] INFO     
-------------------- 第 93 轮 | 最大监听: 27.2s --------------------
[2026-04-08 22:23:01] INFO     继电器 ON (开始充电)
[2026-04-08 22:23:01] INFO     继电器执行 -> ON
[2026-04-08 22:23:03] INFO     捕获目标指令: voice_msgnum:9
[2026-04-08 22:23:03] INFO     状态维稳，保持闭合 25.0s
[2026-04-08 22:23:13] INFO     捕获目标指令: voice_msgnum:10
[2026-04-08 22:23:28] INFO     继电器 OFF (切断充电)
[2026-04-08 22:23:28] INFO     继电器执行 -> OFF
[2026-04-08 22:23:28] INFO     物理断电静置 25.0s
[2026-04-08 22:23:53] INFO     【结论】 [PASS] 成功关键字: voice_msgnum:9
[2026-04-08 22:23:53] INFO     统计 -> 成功: 93 | 失败: 0 | 异常: 0 | 成功率: 100.0%
[2026-04-08 22:23:53] INFO     
-------------------- 第 94 轮 | 最大监听: 27.6s --------------------
[2026-04-08 22:23:53] INFO     继电器 ON (开始充电)
[2026-04-08 22:23:53] INFO     继电器执行 -> ON
[2026-04-08 22:23:54] INFO     捕获目标指令: voice_msgnum:9
[2026-04-08 22:23:54] INFO     状态维稳，保持闭合 25.0s
[2026-04-08 22:24:04] INFO     捕获目标指令: voice_msgnum:10
[2026-04-08 22:24:19] INFO     继电器 OFF (切断充电)
[2026-04-08 22:24:19] INFO     继电器执行 -> OFF
[2026-04-08 22:24:19] INFO     物理断电静置 25.0s
[2026-04-08 22:24:44] INFO     【结论】 [PASS] 成功关键字: voice_msgnum:9
[2026-04-08 22:24:44] INFO     统计 -> 成功: 94 | 失败: 0 | 异常: 0 | 成功率: 100.0%
[2026-04-08 22:24:44] INFO     
-------------------- 第 95 轮 | 最大监听: 26.8s --------------------
[2026-04-08 22:24:44] INFO     继电器 ON (开始充电)
[2026-04-08 22:24:44] INFO     继电器执行 -> ON
[2026-04-08 22:24:46] INFO     捕获目标指令: voice_msgnum:9
[2026-04-08 22:24:46] INFO     状态维稳，保持闭合 25.0s
[2026-04-08 22:24:56] INFO     捕获目标指令: voice_msgnum:10
[2026-04-08 22:25:11] INFO     继电器 OFF (切断充电)
[2026-04-08 22:25:11] INFO     继电器执行 -> OFF
[2026-04-08 22:25:11] INFO     物理断电静置 25.0s
[2026-04-08 22:25:36] INFO     【结论】 [PASS] 成功关键字: voice_msgnum:9
[2026-04-08 22:25:36] INFO     统计 -> 成功: 95 | 失败: 0 | 异常: 0 | 成功率: 100.0%
[2026-04-08 22:25:36] INFO     
-------------------- 第 96 轮 | 最大监听: 27.3s --------------------
[2026-04-08 22:25:36] INFO     继电器 ON (开始充电)
[2026-04-08 22:25:36] INFO     继电器执行 -> ON
[2026-04-08 22:25:38] INFO     捕获目标指令: voice_msgnum:9
[2026-04-08 22:25:38] INFO     状态维稳，保持闭合 25.0s
[2026-04-08 22:25:48] INFO     捕获目标指令: voice_msgnum:10
[2026-04-08 22:26:03] INFO     继电器 OFF (切断充电)
[2026-04-08 22:26:03] INFO     继电器执行 -> OFF
[2026-04-08 22:26:03] INFO     物理断电静置 25.0s
[2026-04-08 22:26:28] INFO     【结论】 [PASS] 成功关键字: voice_msgnum:9
[2026-04-08 22:26:28] INFO     统计 -> 成功: 96 | 失败: 0 | 异常: 0 | 成功率: 100.0%
[2026-04-08 22:26:28] INFO     
-------------------- 第 97 轮 | 最大监听: 26.1s --------------------
[2026-04-08 22:26:28] INFO     继电器 ON (开始充电)
[2026-04-08 22:26:28] INFO     继电器执行 -> ON
[2026-04-08 22:26:29] INFO     捕获目标指令: voice_msgnum:9
[2026-04-08 22:26:29] INFO     状态维稳，保持闭合 25.0s
[2026-04-08 22:26:39] INFO     捕获目标指令: voice_msgnum:10
[2026-04-08 22:26:54] INFO     继电器 OFF (切断充电)
[2026-04-08 22:26:54] INFO     继电器执行 -> OFF
[2026-04-08 22:26:54] INFO     物理断电静置 25.0s
[2026-04-08 22:27:19] INFO     【结论】 [PASS] 成功关键字: voice_msgnum:9
[2026-04-08 22:27:19] INFO     统计 -> 成功: 97 | 失败: 0 | 异常: 0 | 成功率: 100.0%
[2026-04-08 22:27:19] INFO     
-------------------- 第 98 轮 | 最大监听: 25.8s --------------------
[2026-04-08 22:27:19] INFO     继电器 ON (开始充电)
[2026-04-08 22:27:19] INFO     继电器执行 -> ON
[2026-04-08 22:27:21] INFO     捕获目标指令: voice_msgnum:9
[2026-04-08 22:27:21] INFO     状态维稳，保持闭合 25.0s
[2026-04-08 22:27:31] INFO     捕获目标指令: voice_msgnum:10
[2026-04-08 22:27:46] INFO     继电器 OFF (切断充电)
[2026-04-08 22:27:46] INFO     继电器执行 -> OFF
[2026-04-08 22:27:46] INFO     物理断电静置 25.0s
[2026-04-08 22:28:11] INFO     【结论】 [PASS] 成功关键字: voice_msgnum:9
[2026-04-08 22:28:11] INFO     统计 -> 成功: 98 | 失败: 0 | 异常: 0 | 成功率: 100.0%
[2026-04-08 22:28:11] INFO     
-------------------- 第 99 轮 | 最大监听: 27.1s --------------------
[2026-04-08 22:28:11] INFO     继电器 ON (开始充电)
[2026-04-08 22:28:11] INFO     继电器执行 -> ON
[2026-04-08 22:28:12] INFO     捕获目标指令: voice_msgnum:9
[2026-04-08 22:28:12] INFO     状态维稳，保持闭合 25.0s
[2026-04-08 22:28:22] INFO     捕获目标指令: voice_msgnum:10
[2026-04-08 22:28:37] INFO     继电器 OFF (切断充电)
[2026-04-08 22:28:37] INFO     继电器执行 -> OFF
[2026-04-08 22:28:37] INFO     物理断电静置 25.0s
[2026-04-08 22:29:02] INFO     【结论】 [PASS] 成功关键字: voice_msgnum:9
[2026-04-08 22:29:02] INFO     统计 -> 成功: 99 | 失败: 0 | 异常: 0 | 成功率: 100.0%
[2026-04-08 22:29:02] INFO     
-------------------- 第 100 轮 | 最大监听: 28.7s --------------------
[2026-04-08 22:29:02] INFO     继电器 ON (开始充电)
[2026-04-08 22:29:02] INFO     继电器执行 -> ON
[2026-04-08 22:29:04] INFO     捕获目标指令: voice_msgnum:9
[2026-04-08 22:29:04] INFO     状态维稳，保持闭合 25.0s
[2026-04-08 22:29:14] INFO     捕获目标指令: voice_msgnum:10
[2026-04-08 22:29:29] INFO     继电器 OFF (切断充电)
[2026-04-08 22:29:29] INFO     继电器执行 -> OFF
[2026-04-08 22:29:29] INFO     物理断电静置 25.0s
[2026-04-08 22:29:54] INFO     【结论】 [PASS] 成功关键字: voice_msgnum:9
[2026-04-08 22:29:54] INFO     统计 -> 成功: 100 | 失败: 0 | 异常: 0 | 成功率: 100.0%
[2026-04-08 22:29:54] INFO     
-------------------- 第 101 轮 | 最大监听: 25.4s --------------------
[2026-04-08 22:29:54] INFO     继电器 ON (开始充电)
[2026-04-08 22:29:54] INFO     继电器执行 -> ON
[2026-04-08 22:29:55] INFO     捕获目标指令: voice_msgnum:9
[2026-04-08 22:29:55] INFO     状态维稳，保持闭合 25.0s
[2026-04-08 22:30:06] INFO     捕获目标指令: voice_msgnum:10
[2026-04-08 22:30:20] INFO     继电器 OFF (切断充电)
[2026-04-08 22:30:21] INFO     继电器执行 -> OFF
[2026-04-08 22:30:21] INFO     物理断电静置 25.0s
[2026-04-08 22:30:46] INFO     【结论】 [PASS] 成功关键字: voice_msgnum:9
[2026-04-08 22:30:46] INFO     统计 -> 成功: 101 | 失败: 0 | 异常: 0 | 成功率: 100.0%
[2026-04-08 22:30:46] INFO     
-------------------- 第 102 轮 | 最大监听: 25.4s --------------------
[2026-04-08 22:30:46] INFO     继电器 ON (开始充电)
[2026-04-08 22:30:46] INFO     继电器执行 -> ON
[2026-04-08 22:30:47] INFO     捕获目标指令: voice_msgnum:9
[2026-04-08 22:30:47] INFO     状态维稳，保持闭合 25.0s
[2026-04-08 22:30:57] INFO     捕获目标指令: voice_msgnum:10
[2026-04-08 22:31:12] INFO     继电器 OFF (切断充电)
[2026-04-08 22:31:12] INFO     继电器执行 -> OFF
[2026-04-08 22:31:12] INFO     物理断电静置 25.0s
[2026-04-08 22:31:37] INFO     【结论】 [PASS] 成功关键字: voice_msgnum:9
[2026-04-08 22:31:37] INFO     统计 -> 成功: 102 | 失败: 0 | 异常: 0 | 成功率: 100.0%
[2026-04-08 22:31:37] INFO     
-------------------- 第 103 轮 | 最大监听: 29.5s --------------------
[2026-04-08 22:31:37] INFO     继电器 ON (开始充电)
[2026-04-08 22:31:37] INFO     继电器执行 -> ON
[2026-04-08 22:31:39] INFO     捕获目标指令: voice_msgnum:9
[2026-04-08 22:31:39] INFO     状态维稳，保持闭合 25.0s
[2026-04-08 22:31:49] INFO     捕获目标指令: voice_msgnum:10
[2026-04-08 22:32:04] INFO     继电器 OFF (切断充电)
[2026-04-08 22:32:04] INFO     继电器执行 -> OFF
[2026-04-08 22:32:04] INFO     物理断电静置 25.0s
[2026-04-08 22:32:29] INFO     【结论】 [PASS] 成功关键字: voice_msgnum:9
[2026-04-08 22:32:29] INFO     统计 -> 成功: 103 | 失败: 0 | 异常: 0 | 成功率: 100.0%
[2026-04-08 22:32:29] INFO     
-------------------- 第 104 轮 | 最大监听: 26.5s --------------------
[2026-04-08 22:32:29] INFO     继电器 ON (开始充电)
[2026-04-08 22:32:29] INFO     继电器执行 -> ON
[2026-04-08 22:32:30] INFO     捕获目标指令: voice_msgnum:9
[2026-04-08 22:32:30] INFO     状态维稳，保持闭合 25.0s
[2026-04-08 22:32:40] INFO     捕获目标指令: voice_msgnum:10
[2026-04-08 22:32:55] INFO     继电器 OFF (切断充电)
[2026-04-08 22:32:55] INFO     继电器执行 -> OFF
[2026-04-08 22:32:55] INFO     物理断电静置 25.0s
[2026-04-08 22:33:20] INFO     【结论】 [PASS] 成功关键字: voice_msgnum:9
[2026-04-08 22:33:20] INFO     统计 -> 成功: 104 | 失败: 0 | 异常: 0 | 成功率: 100.0%
[2026-04-08 22:33:20] INFO     
-------------------- 第 105 轮 | 最大监听: 28.1s --------------------
[2026-04-08 22:33:20] INFO     继电器 ON (开始充电)
[2026-04-08 22:33:20] INFO     继电器执行 -> ON
[2026-04-08 22:33:22] INFO     捕获目标指令: voice_msgnum:9
[2026-04-08 22:33:22] INFO     状态维稳，保持闭合 25.0s
[2026-04-08 22:33:32] INFO     捕获目标指令: voice_msgnum:10
[2026-04-08 22:33:47] INFO     继电器 OFF (切断充电)
[2026-04-08 22:33:47] INFO     继电器执行 -> OFF
[2026-04-08 22:33:47] INFO     物理断电静置 25.0s
[2026-04-08 22:34:12] INFO     【结论】 [PASS] 成功关键字: voice_msgnum:9
[2026-04-08 22:34:12] INFO     统计 -> 成功: 105 | 失败: 0 | 异常: 0 | 成功率: 100.0%
[2026-04-08 22:34:12] INFO     
-------------------- 第 106 轮 | 最大监听: 25.8s --------------------
[2026-04-08 22:34:12] INFO     继电器 ON (开始充电)
[2026-04-08 22:34:12] INFO     继电器执行 -> ON
[2026-04-08 22:34:13] INFO     捕获目标指令: voice_msgnum:9
[2026-04-08 22:34:13] INFO     状态维稳，保持闭合 25.0s
[2026-04-08 22:34:24] INFO     捕获目标指令: voice_msgnum:10
[2026-04-08 22:34:38] INFO     继电器 OFF (切断充电)
[2026-04-08 22:34:39] INFO     继电器执行 -> OFF
[2026-04-08 22:34:39] INFO     物理断电静置 25.0s
[2026-04-08 22:35:04] INFO     【结论】 [PASS] 成功关键字: voice_msgnum:9
[2026-04-08 22:35:04] INFO     统计 -> 成功: 106 | 失败: 0 | 异常: 0 | 成功率: 100.0%
[2026-04-08 22:35:04] INFO     
-------------------- 第 107 轮 | 最大监听: 26.6s --------------------
[2026-04-08 22:35:04] INFO     继电器 ON (开始充电)
[2026-04-08 22:35:04] INFO     继电器执行 -> ON
[2026-04-08 22:35:05] INFO     捕获目标指令: voice_msgnum:9
[2026-04-08 22:35:05] INFO     状态维稳，保持闭合 25.0s
[2026-04-08 22:35:15] INFO     捕获目标指令: voice_msgnum:10
[2026-04-08 22:35:30] INFO     继电器 OFF (切断充电)
[2026-04-08 22:35:30] INFO     继电器执行 -> OFF
[2026-04-08 22:35:30] INFO     物理断电静置 25.0s
[2026-04-08 22:35:55] INFO     【结论】 [PASS] 成功关键字: voice_msgnum:9
[2026-04-08 22:35:55] INFO     统计 -> 成功: 107 | 失败: 0 | 异常: 0 | 成功率: 100.0%
[2026-04-08 22:35:55] INFO     
-------------------- 第 108 轮 | 最大监听: 29.8s --------------------
[2026-04-08 22:35:55] INFO     继电器 ON (开始充电)
[2026-04-08 22:35:55] INFO     继电器执行 -> ON
[2026-04-08 22:35:57] INFO     捕获目标指令: voice_msgnum:9
[2026-04-08 22:35:57] INFO     状态维稳，保持闭合 25.0s
[2026-04-08 22:36:07] INFO     捕获目标指令: voice_msgnum:10
[2026-04-08 22:36:22] INFO     继电器 OFF (切断充电)
[2026-04-08 22:36:22] INFO     继电器执行 -> OFF
[2026-04-08 22:36:22] INFO     物理断电静置 25.0s
[2026-04-08 22:36:47] INFO     【结论】 [PASS] 成功关键字: voice_msgnum:9
[2026-04-08 22:36:47] INFO     统计 -> 成功: 108 | 失败: 0 | 异常: 0 | 成功率: 100.0%
[2026-04-08 22:36:47] INFO     
-------------------- 第 109 轮 | 最大监听: 28.7s --------------------
[2026-04-08 22:36:47] INFO     继电器 ON (开始充电)
[2026-04-08 22:36:47] INFO     继电器执行 -> ON
[2026-04-08 22:36:48] INFO     捕获目标指令: voice_msgnum:9
[2026-04-08 22:36:48] INFO     状态维稳，保持闭合 25.0s
[2026-04-08 22:36:58] INFO     捕获目标指令: voice_msgnum:10
[2026-04-08 22:37:13] INFO     继电器 OFF (切断充电)
[2026-04-08 22:37:13] INFO     继电器执行 -> OFF
[2026-04-08 22:37:13] INFO     物理断电静置 25.0s
[2026-04-08 22:37:38] INFO     【结论】 [PASS] 成功关键字: voice_msgnum:9
[2026-04-08 22:37:38] INFO     统计 -> 成功: 109 | 失败: 0 | 异常: 0 | 成功率: 100.0%
[2026-04-08 22:37:38] INFO     
-------------------- 第 110 轮 | 最大监听: 26.3s --------------------
[2026-04-08 22:37:38] INFO     继电器 ON (开始充电)
[2026-04-08 22:37:38] INFO     继电器执行 -> ON
[2026-04-08 22:37:40] INFO     捕获目标指令: voice_msgnum:9
[2026-04-08 22:37:40] INFO     状态维稳，保持闭合 25.0s
[2026-04-08 22:37:50] INFO     捕获目标指令: voice_msgnum:10
[2026-04-08 22:38:05] INFO     继电器 OFF (切断充电)
[2026-04-08 22:38:05] INFO     继电器执行 -> OFF
[2026-04-08 22:38:05] INFO     物理断电静置 25.0s
[2026-04-08 22:38:30] INFO     【结论】 [PASS] 成功关键字: voice_msgnum:9
[2026-04-08 22:38:30] INFO     统计 -> 成功: 110 | 失败: 0 | 异常: 0 | 成功率: 100.0%
[2026-04-08 22:38:30] INFO     
-------------------- 第 111 轮 | 最大监听: 26.6s --------------------
[2026-04-08 22:38:30] INFO     继电器 ON (开始充电)
[2026-04-08 22:38:30] INFO     继电器执行 -> ON
[2026-04-08 22:38:31] INFO     捕获目标指令: voice_msgnum:9
[2026-04-08 22:38:31] INFO     状态维稳，保持闭合 25.0s
[2026-04-08 22:38:42] INFO     捕获目标指令: voice_msgnum:10
[2026-04-08 22:38:56] INFO     继电器 OFF (切断充电)
[2026-04-08 22:38:57] INFO     继电器执行 -> OFF
[2026-04-08 22:38:57] INFO     物理断电静置 25.0s
[2026-04-08 22:39:22] INFO     【结论】 [PASS] 成功关键字: voice_msgnum:9
[2026-04-08 22:39:22] INFO     统计 -> 成功: 111 | 失败: 0 | 异常: 0 | 成功率: 100.0%
[2026-04-08 22:39:22] INFO     
-------------------- 第 112 轮 | 最大监听: 29.3s --------------------
[2026-04-08 22:39:22] INFO     继电器 ON (开始充电)
[2026-04-08 22:39:22] INFO     继电器执行 -> ON
[2026-04-08 22:39:23] INFO     捕获目标指令: voice_msgnum:9
[2026-04-08 22:39:23] INFO     状态维稳，保持闭合 25.0s
[2026-04-08 22:39:33] INFO     捕获目标指令: voice_msgnum:10
[2026-04-08 22:39:48] INFO     继电器 OFF (切断充电)
[2026-04-08 22:39:48] INFO     继电器执行 -> OFF
[2026-04-08 22:39:48] INFO     物理断电静置 25.0s
[2026-04-08 22:40:13] INFO     【结论】 [PASS] 成功关键字: voice_msgnum:9
[2026-04-08 22:40:13] INFO     统计 -> 成功: 112 | 失败: 0 | 异常: 0 | 成功率: 100.0%
[2026-04-08 22:40:13] INFO     
-------------------- 第 113 轮 | 最大监听: 26.5s --------------------
[2026-04-08 22:40:13] INFO     继电器 ON (开始充电)
[2026-04-08 22:40:13] INFO     继电器执行 -> ON
[2026-04-08 22:40:15] INFO     捕获目标指令: voice_msgnum:9
[2026-04-08 22:40:15] INFO     状态维稳，保持闭合 25.0s
[2026-04-08 22:40:25] INFO     捕获目标指令: voice_msgnum:10
[2026-04-08 22:40:40] INFO     继电器 OFF (切断充电)
[2026-04-08 22:40:40] INFO     继电器执行 -> OFF
[2026-04-08 22:40:40] INFO     物理断电静置 25.0s
[2026-04-08 22:41:05] INFO     【结论】 [PASS] 成功关键字: voice_msgnum:9
[2026-04-08 22:41:05] INFO     统计 -> 成功: 113 | 失败: 0 | 异常: 0 | 成功率: 100.0%
[2026-04-08 22:41:05] INFO     
-------------------- 第 114 轮 | 最大监听: 26.4s --------------------
[2026-04-08 22:41:05] INFO     继电器 ON (开始充电)
[2026-04-08 22:41:05] INFO     继电器执行 -> ON
[2026-04-08 22:41:06] INFO     捕获目标指令: voice_msgnum:9
[2026-04-08 22:41:06] INFO     状态维稳，保持闭合 25.0s
[2026-04-08 22:41:16] INFO     捕获目标指令: voice_msgnum:10
[2026-04-08 22:41:31] INFO     继电器 OFF (切断充电)
[2026-04-08 22:41:31] INFO     继电器执行 -> OFF
[2026-04-08 22:41:31] INFO     物理断电静置 25.0s
[2026-04-08 22:41:56] INFO     【结论】 [PASS] 成功关键字: voice_msgnum:9
[2026-04-08 22:41:56] INFO     统计 -> 成功: 114 | 失败: 0 | 异常: 0 | 成功率: 100.0%
[2026-04-08 22:41:56] INFO     
-------------------- 第 115 轮 | 最大监听: 29.0s --------------------
[2026-04-08 22:41:56] INFO     继电器 ON (开始充电)
[2026-04-08 22:41:56] INFO     继电器执行 -> ON
[2026-04-08 22:41:58] INFO     捕获目标指令: voice_msgnum:9
[2026-04-08 22:41:58] INFO     状态维稳，保持闭合 25.0s
[2026-04-08 22:42:08] INFO     捕获目标指令: voice_msgnum:10
[2026-04-08 22:42:23] INFO     继电器 OFF (切断充电)
[2026-04-08 22:42:23] INFO     继电器执行 -> OFF
[2026-04-08 22:42:23] INFO     物理断电静置 25.0s
[2026-04-08 22:42:48] INFO     【结论】 [PASS] 成功关键字: voice_msgnum:9
[2026-04-08 22:42:48] INFO     统计 -> 成功: 115 | 失败: 0 | 异常: 0 | 成功率: 100.0%
[2026-04-08 22:42:48] INFO     
-------------------- 第 116 轮 | 最大监听: 26.2s --------------------
[2026-04-08 22:42:48] INFO     继电器 ON (开始充电)
[2026-04-08 22:42:48] INFO     继电器执行 -> ON
[2026-04-08 22:42:49] INFO     捕获目标指令: voice_msgnum:9
[2026-04-08 22:42:49] INFO     状态维稳，保持闭合 25.0s
[2026-04-08 22:43:00] INFO     捕获目标指令: voice_msgnum:10
[2026-04-08 22:43:14] INFO     继电器 OFF (切断充电)
[2026-04-08 22:43:15] INFO     继电器执行 -> OFF
[2026-04-08 22:43:15] INFO     物理断电静置 25.0s
[2026-04-08 22:43:40] INFO     【结论】 [PASS] 成功关键字: voice_msgnum:9
[2026-04-08 22:43:40] INFO     统计 -> 成功: 116 | 失败: 0 | 异常: 0 | 成功率: 100.0%
[2026-04-08 22:43:40] INFO     
-------------------- 第 117 轮 | 最大监听: 26.3s --------------------
[2026-04-08 22:43:40] INFO     继电器 ON (开始充电)
[2026-04-08 22:43:40] INFO     继电器执行 -> ON
[2026-04-08 22:43:41] INFO     捕获目标指令: voice_msgnum:9
[2026-04-08 22:43:41] INFO     状态维稳，保持闭合 25.0s
[2026-04-08 22:43:51] INFO     捕获目标指令: voice_msgnum:10
[2026-04-08 22:44:06] INFO     继电器 OFF (切断充电)
[2026-04-08 22:44:06] INFO     继电器执行 -> OFF
[2026-04-08 22:44:06] INFO     物理断电静置 25.0s
[2026-04-08 22:44:31] INFO     【结论】 [PASS] 成功关键字: voice_msgnum:9
[2026-04-08 22:44:31] INFO     统计 -> 成功: 117 | 失败: 0 | 异常: 0 | 成功率: 100.0%
[2026-04-08 22:44:31] INFO     
-------------------- 第 118 轮 | 最大监听: 27.3s --------------------
[2026-04-08 22:44:31] INFO     继电器 ON (开始充电)
[2026-04-08 22:44:31] INFO     继电器执行 -> ON
[2026-04-08 22:44:33] INFO     捕获目标指令: voice_msgnum:9
[2026-04-08 22:44:33] INFO     状态维稳，保持闭合 25.0s
[2026-04-08 22:44:43] INFO     捕获目标指令: voice_msgnum:10
[2026-04-08 22:44:58] INFO     继电器 OFF (切断充电)
[2026-04-08 22:44:58] INFO     继电器执行 -> OFF
[2026-04-08 22:44:58] INFO     物理断电静置 25.0s
[2026-04-08 22:45:23] INFO     【结论】 [PASS] 成功关键字: voice_msgnum:9
[2026-04-08 22:45:23] INFO     统计 -> 成功: 118 | 失败: 0 | 异常: 0 | 成功率: 100.0%
[2026-04-08 22:45:23] INFO     
-------------------- 第 119 轮 | 最大监听: 25.6s --------------------
[2026-04-08 22:45:23] INFO     继电器 ON (开始充电)
[2026-04-08 22:45:23] INFO     继电器执行 -> ON
[2026-04-08 22:45:24] INFO     捕获目标指令: voice_msgnum:9
[2026-04-08 22:45:24] INFO     状态维稳，保持闭合 25.0s
[2026-04-08 22:45:34] INFO     捕获目标指令: voice_msgnum:10
[2026-04-08 22:45:49] INFO     继电器 OFF (切断充电)
[2026-04-08 22:45:49] INFO     继电器执行 -> OFF
[2026-04-08 22:45:49] INFO     物理断电静置 25.0s
[2026-04-08 22:46:14] INFO     【结论】 [PASS] 成功关键字: voice_msgnum:9
[2026-04-08 22:46:14] INFO     统计 -> 成功: 119 | 失败: 0 | 异常: 0 | 成功率: 100.0%
[2026-04-08 22:46:14] INFO     
-------------------- 第 120 轮 | 最大监听: 26.1s --------------------
[2026-04-08 22:46:14] INFO     继电器 ON (开始充电)
[2026-04-08 22:46:14] INFO     继电器执行 -> ON
[2026-04-08 22:46:16] INFO     捕获目标指令: voice_msgnum:9
[2026-04-08 22:46:16] INFO     状态维稳，保持闭合 25.0s
[2026-04-08 22:46:26] INFO     捕获目标指令: voice_msgnum:10
[2026-04-08 22:46:41] INFO     继电器 OFF (切断充电)
[2026-04-08 22:46:41] INFO     继电器执行 -> OFF
[2026-04-08 22:46:41] INFO     物理断电静置 25.0s
[2026-04-08 22:47:06] INFO     【结论】 [PASS] 成功关键字: voice_msgnum:9
[2026-04-08 22:47:06] INFO     统计 -> 成功: 120 | 失败: 0 | 异常: 0 | 成功率: 100.0%
[2026-04-08 22:47:06] INFO     
-------------------- 第 121 轮 | 最大监听: 29.1s --------------------
[2026-04-08 22:47:06] INFO     继电器 ON (开始充电)
[2026-04-08 22:47:06] INFO     继电器执行 -> ON
[2026-04-08 22:47:07] INFO     捕获目标指令: voice_msgnum:9
[2026-04-08 22:47:07] INFO     状态维稳，保持闭合 25.0s
[2026-04-08 22:47:18] INFO     捕获目标指令: voice_msgnum:10
[2026-04-08 22:47:32] INFO     继电器 OFF (切断充电)
[2026-04-08 22:47:32] INFO     继电器执行 -> OFF
[2026-04-08 22:47:32] INFO     物理断电静置 25.0s
[2026-04-08 22:47:57] INFO     【结论】 [PASS] 成功关键字: voice_msgnum:9
[2026-04-08 22:47:57] INFO     统计 -> 成功: 121 | 失败: 0 | 异常: 0 | 成功率: 100.0%
[2026-04-08 22:47:57] INFO     
-------------------- 第 122 轮 | 最大监听: 25.0s --------------------
[2026-04-08 22:47:57] INFO     继电器 ON (开始充电)
[2026-04-08 22:47:58] INFO     继电器执行 -> ON
[2026-04-08 22:47:59] INFO     捕获目标指令: voice_msgnum:9
[2026-04-08 22:47:59] INFO     状态维稳，保持闭合 25.0s
[2026-04-08 22:48:09] INFO     捕获目标指令: voice_msgnum:10
[2026-04-08 22:48:24] INFO     继电器 OFF (切断充电)
[2026-04-08 22:48:24] INFO     继电器执行 -> OFF
[2026-04-08 22:48:24] INFO     物理断电静置 25.0s
[2026-04-08 22:48:49] INFO     【结论】 [PASS] 成功关键字: voice_msgnum:9
[2026-04-08 22:48:49] INFO     统计 -> 成功: 122 | 失败: 0 | 异常: 0 | 成功率: 100.0%
[2026-04-08 22:48:49] INFO     
-------------------- 第 123 轮 | 最大监听: 28.7s --------------------
[2026-04-08 22:48:49] INFO     继电器 ON (开始充电)
[2026-04-08 22:48:49] INFO     继电器执行 -> ON
[2026-04-08 22:48:51] INFO     捕获目标指令: voice_msgnum:9
[2026-04-08 22:48:51] INFO     状态维稳，保持闭合 25.0s
[2026-04-08 22:49:01] INFO     捕获目标指令: voice_msgnum:10
[2026-04-08 22:49:16] INFO     继电器 OFF (切断充电)
[2026-04-08 22:49:16] INFO     继电器执行 -> OFF
[2026-04-08 22:49:16] INFO     物理断电静置 25.0s
[2026-04-08 22:49:41] INFO     【结论】 [PASS] 成功关键字: voice_msgnum:9
[2026-04-08 22:49:41] INFO     统计 -> 成功: 123 | 失败: 0 | 异常: 0 | 成功率: 100.0%
[2026-04-08 22:49:41] INFO     
-------------------- 第 124 轮 | 最大监听: 29.5s --------------------
[2026-04-08 22:49:41] INFO     继电器 ON (开始充电)
[2026-04-08 22:49:41] INFO     继电器执行 -> ON
[2026-04-08 22:49:42] INFO     捕获目标指令: voice_msgnum:9
[2026-04-08 22:49:42] INFO     状态维稳，保持闭合 25.0s
[2026-04-08 22:49:52] INFO     捕获目标指令: voice_msgnum:10
[2026-04-08 22:50:07] INFO     继电器 OFF (切断充电)
[2026-04-08 22:50:07] INFO     继电器执行 -> OFF
[2026-04-08 22:50:07] INFO     物理断电静置 25.0s
[2026-04-08 22:50:32] INFO     【结论】 [PASS] 成功关键字: voice_msgnum:9
[2026-04-08 22:50:32] INFO     统计 -> 成功: 124 | 失败: 0 | 异常: 0 | 成功率: 100.0%
[2026-04-08 22:50:32] INFO     
-------------------- 第 125 轮 | 最大监听: 26.7s --------------------
[2026-04-08 22:50:32] INFO     继电器 ON (开始充电)
[2026-04-08 22:50:32] INFO     继电器执行 -> ON
[2026-04-08 22:50:34] INFO     捕获目标指令: voice_msgnum:9
[2026-04-08 22:50:34] INFO     状态维稳，保持闭合 25.0s
[2026-04-08 22:50:44] INFO     捕获目标指令: voice_msgnum:10
[2026-04-08 22:50:59] INFO     继电器 OFF (切断充电)
[2026-04-08 22:50:59] INFO     继电器执行 -> OFF
[2026-04-08 22:50:59] INFO     物理断电静置 25.0s
[2026-04-08 22:51:24] INFO     【结论】 [PASS] 成功关键字: voice_msgnum:9
[2026-04-08 22:51:24] INFO     统计 -> 成功: 125 | 失败: 0 | 异常: 0 | 成功率: 100.0%
[2026-04-08 22:51:24] INFO     
-------------------- 第 126 轮 | 最大监听: 25.2s --------------------
[2026-04-08 22:51:24] INFO     继电器 ON (开始充电)
[2026-04-08 22:51:24] INFO     继电器执行 -> ON
[2026-04-08 22:51:25] INFO     捕获目标指令: voice_msgnum:9
[2026-04-08 22:51:25] INFO     状态维稳，保持闭合 25.0s
[2026-04-08 22:51:36] INFO     捕获目标指令: voice_msgnum:10
[2026-04-08 22:51:50] INFO     继电器 OFF (切断充电)
[2026-04-08 22:51:50] INFO     继电器执行 -> OFF
[2026-04-08 22:51:50] INFO     物理断电静置 25.0s
[2026-04-08 22:52:15] INFO     【结论】 [PASS] 成功关键字: voice_msgnum:9
[2026-04-08 22:52:15] INFO     统计 -> 成功: 126 | 失败: 0 | 异常: 0 | 成功率: 100.0%
[2026-04-08 22:52:15] INFO     
-------------------- 第 127 轮 | 最大监听: 27.8s --------------------
[2026-04-08 22:52:15] INFO     继电器 ON (开始充电)
[2026-04-08 22:52:16] INFO     继电器执行 -> ON
[2026-04-08 22:52:17] INFO     捕获目标指令: voice_msgnum:9
[2026-04-08 22:52:17] INFO     状态维稳，保持闭合 25.0s
[2026-04-08 22:52:27] INFO     捕获目标指令: voice_msgnum:10
[2026-04-08 22:52:42] INFO     继电器 OFF (切断充电)
[2026-04-08 22:52:42] INFO     继电器执行 -> OFF
[2026-04-08 22:52:42] INFO     物理断电静置 25.0s
[2026-04-08 22:53:07] INFO     【结论】 [PASS] 成功关键字: voice_msgnum:9
[2026-04-08 22:53:07] INFO     统计 -> 成功: 127 | 失败: 0 | 异常: 0 | 成功率: 100.0%
[2026-04-08 22:53:07] INFO     
-------------------- 第 128 轮 | 最大监听: 26.9s --------------------
[2026-04-08 22:53:07] INFO     继电器 ON (开始充电)
[2026-04-08 22:53:07] INFO     继电器执行 -> ON
[2026-04-08 22:53:09] INFO     捕获目标指令: voice_msgnum:9
[2026-04-08 22:53:09] INFO     状态维稳，保持闭合 25.0s
[2026-04-08 22:53:19] INFO     捕获目标指令: voice_msgnum:10
[2026-04-08 22:53:34] INFO     继电器 OFF (切断充电)
[2026-04-08 22:53:34] INFO     继电器执行 -> OFF
[2026-04-08 22:53:34] INFO     物理断电静置 25.0s
[2026-04-08 22:53:59] INFO     【结论】 [PASS] 成功关键字: voice_msgnum:9
[2026-04-08 22:53:59] INFO     统计 -> 成功: 128 | 失败: 0 | 异常: 0 | 成功率: 100.0%
[2026-04-08 22:53:59] INFO     
-------------------- 第 129 轮 | 最大监听: 26.3s --------------------
[2026-04-08 22:53:59] INFO     继电器 ON (开始充电)
[2026-04-08 22:53:59] INFO     继电器执行 -> ON
[2026-04-08 22:54:00] INFO     捕获目标指令: voice_msgnum:9
[2026-04-08 22:54:00] INFO     状态维稳，保持闭合 25.0s
[2026-04-08 22:54:10] INFO     捕获目标指令: voice_msgnum:10
[2026-04-08 22:54:25] INFO     继电器 OFF (切断充电)
[2026-04-08 22:54:25] INFO     继电器执行 -> OFF
[2026-04-08 22:54:25] INFO     物理断电静置 25.0s
[2026-04-08 22:54:50] INFO     【结论】 [PASS] 成功关键字: voice_msgnum:9
[2026-04-08 22:54:50] INFO     统计 -> 成功: 129 | 失败: 0 | 异常: 0 | 成功率: 100.0%
[2026-04-08 22:54:50] INFO     
-------------------- 第 130 轮 | 最大监听: 27.6s --------------------
[2026-04-08 22:54:50] INFO     继电器 ON (开始充电)
[2026-04-08 22:54:50] INFO     继电器执行 -> ON
[2026-04-08 22:54:52] INFO     捕获目标指令: voice_msgnum:9
[2026-04-08 22:54:52] INFO     状态维稳，保持闭合 25.0s
[2026-04-08 22:55:02] INFO     捕获目标指令: voice_msgnum:10
[2026-04-08 22:55:17] INFO     继电器 OFF (切断充电)
[2026-04-08 22:55:17] INFO     继电器执行 -> OFF
[2026-04-08 22:55:17] INFO     物理断电静置 25.0s
[2026-04-08 22:55:42] INFO     【结论】 [PASS] 成功关键字: voice_msgnum:9
[2026-04-08 22:55:42] INFO     统计 -> 成功: 130 | 失败: 0 | 异常: 0 | 成功率: 100.0%
[2026-04-08 22:55:42] INFO     
-------------------- 第 131 轮 | 最大监听: 27.8s --------------------
[2026-04-08 22:55:42] INFO     继电器 ON (开始充电)
[2026-04-08 22:55:42] INFO     继电器执行 -> ON
[2026-04-08 22:55:43] INFO     捕获目标指令: voice_msgnum:9
[2026-04-08 22:55:43] INFO     状态维稳，保持闭合 25.0s
[2026-04-08 22:55:54] INFO     捕获目标指令: voice_msgnum:10
[2026-04-08 22:56:08] INFO     继电器 OFF (切断充电)
[2026-04-08 22:56:08] INFO     继电器执行 -> OFF
[2026-04-08 22:56:08] INFO     物理断电静置 25.0s
[2026-04-08 22:56:33] INFO     【结论】 [PASS] 成功关键字: voice_msgnum:9
[2026-04-08 22:56:33] INFO     统计 -> 成功: 131 | 失败: 0 | 异常: 0 | 成功率: 100.0%
[2026-04-08 22:56:33] INFO     
-------------------- 第 132 轮 | 最大监听: 28.9s --------------------
[2026-04-08 22:56:33] INFO     继电器 ON (开始充电)
[2026-04-08 22:56:34] INFO     继电器执行 -> ON
[2026-04-08 22:56:35] INFO     捕获目标指令: voice_msgnum:9
[2026-04-08 22:56:35] INFO     状态维稳，保持闭合 25.0s
[2026-04-08 22:56:45] INFO     捕获目标指令: voice_msgnum:10
[2026-04-08 22:57:00] INFO     继电器 OFF (切断充电)
[2026-04-08 22:57:00] INFO     继电器执行 -> OFF
[2026-04-08 22:57:00] INFO     物理断电静置 25.0s
[2026-04-08 22:57:25] INFO     【结论】 [PASS] 成功关键字: voice_msgnum:9
[2026-04-08 22:57:25] INFO     统计 -> 成功: 132 | 失败: 0 | 异常: 0 | 成功率: 100.0%
[2026-04-08 22:57:25] INFO     
-------------------- 第 133 轮 | 最大监听: 26.5s --------------------
[2026-04-08 22:57:25] INFO     继电器 ON (开始充电)
[2026-04-08 22:57:25] INFO     继电器执行 -> ON
[2026-04-08 22:57:27] INFO     捕获目标指令: voice_msgnum:9
[2026-04-08 22:57:27] INFO     状态维稳，保持闭合 25.0s
[2026-04-08 22:57:37] INFO     捕获目标指令: voice_msgnum:10
[2026-04-08 22:57:52] INFO     继电器 OFF (切断充电)
[2026-04-08 22:57:52] INFO     继电器执行 -> OFF
[2026-04-08 22:57:52] INFO     物理断电静置 25.0s
[2026-04-08 22:58:17] INFO     【结论】 [PASS] 成功关键字: voice_msgnum:9
[2026-04-08 22:58:17] INFO     统计 -> 成功: 133 | 失败: 0 | 异常: 0 | 成功率: 100.0%
[2026-04-08 22:58:17] INFO     
-------------------- 第 134 轮 | 最大监听: 26.5s --------------------
[2026-04-08 22:58:17] INFO     继电器 ON (开始充电)
[2026-04-08 22:58:17] INFO     继电器执行 -> ON
[2026-04-08 22:58:18] INFO     捕获目标指令: voice_msgnum:9
[2026-04-08 22:58:18] INFO     状态维稳，保持闭合 25.0s
[2026-04-08 22:58:28] INFO     捕获目标指令: voice_msgnum:10
[2026-04-08 22:58:43] INFO     继电器 OFF (切断充电)
[2026-04-08 22:58:43] INFO     继电器执行 -> OFF
[2026-04-08 22:58:43] INFO     物理断电静置 25.0s
[2026-04-08 22:59:08] INFO     【结论】 [PASS] 成功关键字: voice_msgnum:9
[2026-04-08 22:59:08] INFO     统计 -> 成功: 134 | 失败: 0 | 异常: 0 | 成功率: 100.0%
[2026-04-08 22:59:08] INFO     
-------------------- 第 135 轮 | 最大监听: 28.0s --------------------
[2026-04-08 22:59:08] INFO     继电器 ON (开始充电)
[2026-04-08 22:59:08] INFO     继电器执行 -> ON
[2026-04-08 22:59:10] INFO     捕获目标指令: voice_msgnum:9
[2026-04-08 22:59:10] INFO     状态维稳，保持闭合 25.0s
[2026-04-08 22:59:20] INFO     捕获目标指令: voice_msgnum:10
[2026-04-08 22:59:35] INFO     继电器 OFF (切断充电)
[2026-04-08 22:59:35] INFO     继电器执行 -> OFF
[2026-04-08 22:59:35] INFO     物理断电静置 25.0s
[2026-04-08 23:00:00] INFO     【结论】 [PASS] 成功关键字: voice_msgnum:9
[2026-04-08 23:00:00] INFO     统计 -> 成功: 135 | 失败: 0 | 异常: 0 | 成功率: 100.0%
[2026-04-08 23:00:00] INFO     
-------------------- 第 136 轮 | 最大监听: 27.2s --------------------
[2026-04-08 23:00:00] INFO     继电器 ON (开始充电)
[2026-04-08 23:00:00] INFO     继电器执行 -> ON
[2026-04-08 23:00:01] INFO     捕获目标指令: voice_msgnum:9
[2026-04-08 23:00:01] INFO     状态维稳，保持闭合 25.0s
[2026-04-08 23:00:11] INFO     捕获目标指令: voice_msgnum:10
[2026-04-08 23:00:26] INFO     继电器 OFF (切断充电)
[2026-04-08 23:00:26] INFO     继电器执行 -> OFF
[2026-04-08 23:00:26] INFO     物理断电静置 25.0s
[2026-04-08 23:00:51] INFO     【结论】 [PASS] 成功关键字: voice_msgnum:9
[2026-04-08 23:00:51] INFO     统计 -> 成功: 136 | 失败: 0 | 异常: 0 | 成功率: 100.0%
[2026-04-08 23:00:51] INFO     
-------------------- 第 137 轮 | 最大监听: 26.1s --------------------
[2026-04-08 23:00:51] INFO     继电器 ON (开始充电)
[2026-04-08 23:00:52] INFO     继电器执行 -> ON
[2026-04-08 23:00:53] INFO     捕获目标指令: voice_msgnum:9
[2026-04-08 23:00:53] INFO     状态维稳，保持闭合 25.0s
[2026-04-08 23:01:03] INFO     捕获目标指令: voice_msgnum:10
[2026-04-08 23:01:18] INFO     继电器 OFF (切断充电)
[2026-04-08 23:01:18] INFO     继电器执行 -> OFF
[2026-04-08 23:01:18] INFO     物理断电静置 25.0s
[2026-04-08 23:01:43] INFO     【结论】 [PASS] 成功关键字: voice_msgnum:9
[2026-04-08 23:01:43] INFO     统计 -> 成功: 137 | 失败: 0 | 异常: 0 | 成功率: 100.0%
[2026-04-08 23:01:43] INFO     
-------------------- 第 138 轮 | 最大监听: 26.3s --------------------
[2026-04-08 23:01:43] INFO     继电器 ON (开始充电)
[2026-04-08 23:01:43] INFO     继电器执行 -> ON
[2026-04-08 23:01:45] INFO     捕获目标指令: voice_msgnum:9
[2026-04-08 23:01:45] INFO     状态维稳，保持闭合 25.0s
[2026-04-08 23:01:55] INFO     捕获目标指令: voice_msgnum:10
[2026-04-08 23:02:10] INFO     继电器 OFF (切断充电)
[2026-04-08 23:02:10] INFO     继电器执行 -> OFF
[2026-04-08 23:02:10] INFO     物理断电静置 25.0s
[2026-04-08 23:02:35] INFO     【结论】 [PASS] 成功关键字: voice_msgnum:9
[2026-04-08 23:02:35] INFO     统计 -> 成功: 138 | 失败: 0 | 异常: 0 | 成功率: 100.0%
[2026-04-08 23:02:35] INFO     
-------------------- 第 139 轮 | 最大监听: 27.4s --------------------
[2026-04-08 23:02:35] INFO     继电器 ON (开始充电)
[2026-04-08 23:02:35] INFO     继电器执行 -> ON
[2026-04-08 23:02:36] INFO     捕获目标指令: voice_msgnum:9
[2026-04-08 23:02:36] INFO     状态维稳，保持闭合 25.0s
[2026-04-08 23:02:46] INFO     捕获目标指令: voice_msgnum:10
[2026-04-08 23:03:01] INFO     继电器 OFF (切断充电)
[2026-04-08 23:03:01] INFO     继电器执行 -> OFF
[2026-04-08 23:03:01] INFO     物理断电静置 25.0s
[2026-04-08 23:03:26] INFO     【结论】 [PASS] 成功关键字: voice_msgnum:9
[2026-04-08 23:03:26] INFO     统计 -> 成功: 139 | 失败: 0 | 异常: 0 | 成功率: 100.0%
[2026-04-08 23:03:26] INFO     
-------------------- 第 140 轮 | 最大监听: 26.8s --------------------
[2026-04-08 23:03:26] INFO     继电器 ON (开始充电)
[2026-04-08 23:03:26] INFO     继电器执行 -> ON
[2026-04-08 23:03:28] INFO     捕获目标指令: voice_msgnum:9
[2026-04-08 23:03:28] INFO     状态维稳，保持闭合 25.0s
[2026-04-08 23:03:38] INFO     捕获目标指令: voice_msgnum:10
[2026-04-08 23:03:53] INFO     继电器 OFF (切断充电)
[2026-04-08 23:03:53] INFO     继电器执行 -> OFF
[2026-04-08 23:03:53] INFO     物理断电静置 25.0s
[2026-04-08 23:04:18] INFO     【结论】 [PASS] 成功关键字: voice_msgnum:9
[2026-04-08 23:04:18] INFO     统计 -> 成功: 140 | 失败: 0 | 异常: 0 | 成功率: 100.0%
[2026-04-08 23:04:18] INFO     
-------------------- 第 141 轮 | 最大监听: 29.0s --------------------
[2026-04-08 23:04:18] INFO     继电器 ON (开始充电)
[2026-04-08 23:04:18] INFO     继电器执行 -> ON
[2026-04-08 23:04:19] INFO     捕获目标指令: voice_msgnum:9
[2026-04-08 23:04:19] INFO     状态维稳，保持闭合 25.0s
[2026-04-08 23:04:29] INFO     捕获目标指令: voice_msgnum:10
[2026-04-08 23:04:44] INFO     继电器 OFF (切断充电)
[2026-04-08 23:04:44] INFO     继电器执行 -> OFF
[2026-04-08 23:04:44] INFO     物理断电静置 25.0s
[2026-04-08 23:05:09] INFO     【结论】 [PASS] 成功关键字: voice_msgnum:9
[2026-04-08 23:05:09] INFO     统计 -> 成功: 141 | 失败: 0 | 异常: 0 | 成功率: 100.0%
[2026-04-08 23:05:09] INFO     
-------------------- 第 142 轮 | 最大监听: 25.7s --------------------
[2026-04-08 23:05:09] INFO     继电器 ON (开始充电)
[2026-04-08 23:05:09] INFO     继电器执行 -> ON
[2026-04-08 23:05:11] INFO     捕获目标指令: voice_msgnum:9
[2026-04-08 23:05:11] INFO     状态维稳，保持闭合 25.0s
[2026-04-08 23:05:21] INFO     捕获目标指令: voice_msgnum:10
[2026-04-08 23:05:36] INFO     继电器 OFF (切断充电)
[2026-04-08 23:05:36] INFO     继电器执行 -> OFF
[2026-04-08 23:05:36] INFO     物理断电静置 25.0s
[2026-04-08 23:06:01] INFO     【结论】 [PASS] 成功关键字: voice_msgnum:9
[2026-04-08 23:06:01] INFO     统计 -> 成功: 142 | 失败: 0 | 异常: 0 | 成功率: 100.0%
[2026-04-08 23:06:01] INFO     
-------------------- 第 143 轮 | 最大监听: 25.1s --------------------
[2026-04-08 23:06:01] INFO     继电器 ON (开始充电)
[2026-04-08 23:06:01] INFO     继电器执行 -> ON
[2026-04-08 23:06:03] INFO     捕获目标指令: voice_msgnum:9
[2026-04-08 23:06:03] INFO     状态维稳，保持闭合 25.0s
[2026-04-08 23:06:13] INFO     捕获目标指令: voice_msgnum:10
[2026-04-08 23:06:28] INFO     继电器 OFF (切断充电)
[2026-04-08 23:06:28] INFO     继电器执行 -> OFF
[2026-04-08 23:06:28] INFO     物理断电静置 25.0s
[2026-04-08 23:06:53] INFO     【结论】 [PASS] 成功关键字: voice_msgnum:9
[2026-04-08 23:06:53] INFO     统计 -> 成功: 143 | 失败: 0 | 异常: 0 | 成功率: 100.0%
[2026-04-08 23:06:53] INFO     
-------------------- 第 144 轮 | 最大监听: 26.4s --------------------
[2026-04-08 23:06:53] INFO     继电器 ON (开始充电)
[2026-04-08 23:06:53] INFO     继电器执行 -> ON
[2026-04-08 23:06:54] INFO     捕获目标指令: voice_msgnum:9
[2026-04-08 23:06:54] INFO     状态维稳，保持闭合 25.0s
[2026-04-08 23:07:04] INFO     捕获目标指令: voice_msgnum:10
[2026-04-08 23:07:19] INFO     继电器 OFF (切断充电)
[2026-04-08 23:07:19] INFO     继电器执行 -> OFF
[2026-04-08 23:07:19] INFO     物理断电静置 25.0s
[2026-04-08 23:07:44] INFO     【结论】 [PASS] 成功关键字: voice_msgnum:9
[2026-04-08 23:07:44] INFO     统计 -> 成功: 144 | 失败: 0 | 异常: 0 | 成功率: 100.0%
[2026-04-08 23:07:44] INFO     
-------------------- 第 145 轮 | 最大监听: 28.3s --------------------
[2026-04-08 23:07:44] INFO     继电器 ON (开始充电)
[2026-04-08 23:07:44] INFO     继电器执行 -> ON
[2026-04-08 23:07:46] INFO     捕获目标指令: voice_msgnum:9
[2026-04-08 23:07:46] INFO     状态维稳，保持闭合 25.0s
[2026-04-08 23:07:56] INFO     捕获目标指令: voice_msgnum:10
[2026-04-08 23:08:11] INFO     继电器 OFF (切断充电)
[2026-04-08 23:08:11] INFO     继电器执行 -> OFF
[2026-04-08 23:08:11] INFO     物理断电静置 25.0s
[2026-04-08 23:08:36] INFO     【结论】 [PASS] 成功关键字: voice_msgnum:9
[2026-04-08 23:08:36] INFO     统计 -> 成功: 145 | 失败: 0 | 异常: 0 | 成功率: 100.0%
[2026-04-08 23:08:36] INFO     
-------------------- 第 146 轮 | 最大监听: 29.0s --------------------
[2026-04-08 23:08:36] INFO     继电器 ON (开始充电)
[2026-04-08 23:08:36] INFO     继电器执行 -> ON
[2026-04-08 23:08:37] INFO     捕获目标指令: voice_msgnum:9
[2026-04-08 23:08:37] INFO     状态维稳，保持闭合 25.0s
[2026-04-08 23:08:48] INFO     捕获目标指令: voice_msgnum:10
[2026-04-08 23:09:02] INFO     继电器 OFF (切断充电)
[2026-04-08 23:09:03] INFO     继电器执行 -> OFF
[2026-04-08 23:09:03] INFO     物理断电静置 25.0s
[2026-04-08 23:09:28] INFO     【结论】 [PASS] 成功关键字: voice_msgnum:9
[2026-04-08 23:09:28] INFO     统计 -> 成功: 146 | 失败: 0 | 异常: 0 | 成功率: 100.0%
[2026-04-08 23:09:28] INFO     
-------------------- 第 147 轮 | 最大监听: 29.2s --------------------
[2026-04-08 23:09:28] INFO     继电器 ON (开始充电)
[2026-04-08 23:09:28] INFO     继电器执行 -> ON
[2026-04-08 23:09:29] INFO     捕获目标指令: voice_msgnum:9
[2026-04-08 23:09:29] INFO     状态维稳，保持闭合 25.0s
[2026-04-08 23:09:39] INFO     捕获目标指令: voice_msgnum:10
[2026-04-08 23:09:54] INFO     继电器 OFF (切断充电)
[2026-04-08 23:09:54] INFO     继电器执行 -> OFF
[2026-04-08 23:09:54] INFO     物理断电静置 25.0s
[2026-04-08 23:10:19] INFO     【结论】 [PASS] 成功关键字: voice_msgnum:9
[2026-04-08 23:10:19] INFO     统计 -> 成功: 147 | 失败: 0 | 异常: 0 | 成功率: 100.0%
[2026-04-08 23:10:19] INFO     
-------------------- 第 148 轮 | 最大监听: 29.6s --------------------
[2026-04-08 23:10:19] INFO     继电器 ON (开始充电)
[2026-04-08 23:10:19] INFO     继电器执行 -> ON
[2026-04-08 23:10:21] INFO     捕获目标指令: voice_msgnum:9
[2026-04-08 23:10:21] INFO     状态维稳，保持闭合 25.0s
[2026-04-08 23:10:31] INFO     捕获目标指令: voice_msgnum:10
[2026-04-08 23:10:46] INFO     继电器 OFF (切断充电)
[2026-04-08 23:10:46] INFO     继电器执行 -> OFF
[2026-04-08 23:10:46] INFO     物理断电静置 25.0s
[2026-04-08 23:11:11] INFO     【结论】 [PASS] 成功关键字: voice_msgnum:9
[2026-04-08 23:11:11] INFO     统计 -> 成功: 148 | 失败: 0 | 异常: 0 | 成功率: 100.0%
[2026-04-08 23:11:11] INFO     
-------------------- 第 149 轮 | 最大监听: 26.9s --------------------
[2026-04-08 23:11:11] INFO     继电器 ON (开始充电)
[2026-04-08 23:11:11] INFO     继电器执行 -> ON
[2026-04-08 23:11:12] INFO     捕获目标指令: voice_msgnum:9
[2026-04-08 23:11:12] INFO     状态维稳，保持闭合 25.0s
[2026-04-08 23:11:22] INFO     捕获目标指令: voice_msgnum:10
[2026-04-08 23:11:37] INFO     继电器 OFF (切断充电)
[2026-04-08 23:11:37] INFO     继电器执行 -> OFF
[2026-04-08 23:11:37] INFO     物理断电静置 25.0s
[2026-04-08 23:12:02] INFO     【结论】 [PASS] 成功关键字: voice_msgnum:9
[2026-04-08 23:12:02] INFO     统计 -> 成功: 149 | 失败: 0 | 异常: 0 | 成功率: 100.0%
[2026-04-08 23:12:02] INFO     
-------------------- 第 150 轮 | 最大监听: 29.6s --------------------
[2026-04-08 23:12:02] INFO     继电器 ON (开始充电)
[2026-04-08 23:12:02] INFO     继电器执行 -> ON
[2026-04-08 23:12:04] INFO     捕获目标指令: voice_msgnum:9
[2026-04-08 23:12:04] INFO     状态维稳，保持闭合 25.0s
[2026-04-08 23:12:14] INFO     捕获目标指令: voice_msgnum:10
[2026-04-08 23:12:29] INFO     继电器 OFF (切断充电)
[2026-04-08 23:12:29] INFO     继电器执行 -> OFF
[2026-04-08 23:12:29] INFO     物理断电静置 25.0s
[2026-04-08 23:12:54] INFO     【结论】 [PASS] 成功关键字: voice_msgnum:9
[2026-04-08 23:12:54] INFO     统计 -> 成功: 150 | 失败: 0 | 异常: 0 | 成功率: 100.0%
[2026-04-08 23:12:54] INFO     
-------------------- 第 151 轮 | 最大监听: 26.3s --------------------
[2026-04-08 23:12:54] INFO     继电器 ON (开始充电)
[2026-04-08 23:12:54] INFO     继电器执行 -> ON
[2026-04-08 23:12:55] INFO     捕获目标指令: voice_msgnum:9
[2026-04-08 23:12:55] INFO     状态维稳，保持闭合 25.0s
[2026-04-08 23:13:06] INFO     捕获目标指令: voice_msgnum:10
[2026-04-08 23:13:20] INFO     继电器 OFF (切断充电)
[2026-04-08 23:13:20] INFO     继电器执行 -> OFF
[2026-04-08 23:13:20] INFO     物理断电静置 25.0s
[2026-04-08 23:13:45] INFO     【结论】 [PASS] 成功关键字: voice_msgnum:9
[2026-04-08 23:13:45] INFO     统计 -> 成功: 151 | 失败: 0 | 异常: 0 | 成功率: 100.0%
[2026-04-08 23:13:45] INFO     
-------------------- 第 152 轮 | 最大监听: 27.9s --------------------
[2026-04-08 23:13:45] INFO     继电器 ON (开始充电)
[2026-04-08 23:13:46] INFO     继电器执行 -> ON
[2026-04-08 23:13:47] INFO     捕获目标指令: voice_msgnum:9
[2026-04-08 23:13:47] INFO     状态维稳，保持闭合 25.0s
[2026-04-08 23:13:57] INFO     捕获目标指令: voice_msgnum:10
[2026-04-08 23:14:12] INFO     继电器 OFF (切断充电)
[2026-04-08 23:14:12] INFO     继电器执行 -> OFF
[2026-04-08 23:14:12] INFO     物理断电静置 25.0s
[2026-04-08 23:14:37] INFO     【结论】 [PASS] 成功关键字: voice_msgnum:9
[2026-04-08 23:14:37] INFO     统计 -> 成功: 152 | 失败: 0 | 异常: 0 | 成功率: 100.0%
[2026-04-08 23:14:37] INFO     
-------------------- 第 153 轮 | 最大监听: 29.0s --------------------
[2026-04-08 23:14:37] INFO     继电器 ON (开始充电)
[2026-04-08 23:14:37] INFO     继电器执行 -> ON
[2026-04-08 23:14:39] INFO     捕获目标指令: voice_msgnum:9
[2026-04-08 23:14:39] INFO     状态维稳，保持闭合 25.0s
[2026-04-08 23:14:49] INFO     捕获目标指令: voice_msgnum:10
[2026-04-08 23:15:04] INFO     继电器 OFF (切断充电)
[2026-04-08 23:15:04] INFO     继电器执行 -> OFF
[2026-04-08 23:15:04] INFO     物理断电静置 25.0s
[2026-04-08 23:15:29] INFO     【结论】 [PASS] 成功关键字: voice_msgnum:9
[2026-04-08 23:15:29] INFO     统计 -> 成功: 153 | 失败: 0 | 异常: 0 | 成功率: 100.0%
[2026-04-08 23:15:29] INFO     
-------------------- 第 154 轮 | 最大监听: 28.8s --------------------
[2026-04-08 23:15:29] INFO     继电器 ON (开始充电)
[2026-04-08 23:15:29] INFO     继电器执行 -> ON
[2026-04-08 23:15:30] INFO     捕获目标指令: voice_msgnum:9
[2026-04-08 23:15:30] INFO     状态维稳，保持闭合 25.0s
[2026-04-08 23:15:40] INFO     捕获目标指令: voice_msgnum:10
[2026-04-08 23:15:55] INFO     继电器 OFF (切断充电)
[2026-04-08 23:15:55] INFO     继电器执行 -> OFF
[2026-04-08 23:15:55] INFO     物理断电静置 25.0s
[2026-04-08 23:16:20] INFO     【结论】 [PASS] 成功关键字: voice_msgnum:9
[2026-04-08 23:16:20] INFO     统计 -> 成功: 154 | 失败: 0 | 异常: 0 | 成功率: 100.0%
[2026-04-08 23:16:20] INFO     
-------------------- 第 155 轮 | 最大监听: 28.4s --------------------
[2026-04-08 23:16:20] INFO     继电器 ON (开始充电)
[2026-04-08 23:16:20] INFO     继电器执行 -> ON
[2026-04-08 23:16:22] INFO     捕获目标指令: voice_msgnum:9
[2026-04-08 23:16:22] INFO     状态维稳，保持闭合 25.0s
[2026-04-08 23:16:32] INFO     捕获目标指令: voice_msgnum:10
[2026-04-08 23:16:47] INFO     继电器 OFF (切断充电)
[2026-04-08 23:16:47] INFO     继电器执行 -> OFF
[2026-04-08 23:16:47] INFO     物理断电静置 25.0s
[2026-04-08 23:17:12] INFO     【结论】 [PASS] 成功关键字: voice_msgnum:9
[2026-04-08 23:17:12] INFO     统计 -> 成功: 155 | 失败: 0 | 异常: 0 | 成功率: 100.0%
[2026-04-08 23:17:12] INFO     
-------------------- 第 156 轮 | 最大监听: 26.9s --------------------
[2026-04-08 23:17:12] INFO     继电器 ON (开始充电)
[2026-04-08 23:17:12] INFO     继电器执行 -> ON
[2026-04-08 23:17:13] INFO     捕获目标指令: voice_msgnum:9
[2026-04-08 23:17:13] INFO     状态维稳，保持闭合 25.0s
[2026-04-08 23:17:24] INFO     捕获目标指令: voice_msgnum:10
[2026-04-08 23:17:38] INFO     继电器 OFF (切断充电)
[2026-04-08 23:17:38] INFO     继电器执行 -> OFF
[2026-04-08 23:17:38] INFO     物理断电静置 25.0s
[2026-04-08 23:18:03] INFO     【结论】 [PASS] 成功关键字: voice_msgnum:9
[2026-04-08 23:18:03] INFO     统计 -> 成功: 156 | 失败: 0 | 异常: 0 | 成功率: 100.0%
[2026-04-08 23:18:03] INFO     
-------------------- 第 157 轮 | 最大监听: 26.1s --------------------
[2026-04-08 23:18:03] INFO     继电器 ON (开始充电)
[2026-04-08 23:18:04] INFO     继电器执行 -> ON
[2026-04-08 23:18:08] INFO     捕获目标指令: voice_msgnum:9
[2026-04-08 23:18:08] INFO     状态维稳，保持闭合 25.0s
[2026-04-08 23:18:15] INFO     捕获目标指令: voice_msgnum:10
[2026-04-08 23:18:33] INFO     继电器 OFF (切断充电)
[2026-04-08 23:18:33] INFO     继电器执行 -> OFF
[2026-04-08 23:18:33] INFO     物理断电静置 25.0s
[2026-04-08 23:18:58] INFO     【结论】 [PASS] 成功关键字: voice_msgnum:9
[2026-04-08 23:18:58] INFO     统计 -> 成功: 157 | 失败: 0 | 异常: 0 | 成功率: 100.0%
[2026-04-08 23:18:58] INFO     
-------------------- 第 158 轮 | 最大监听: 27.3s --------------------
[2026-04-08 23:18:58] INFO     继电器 ON (开始充电)
[2026-04-08 23:18:58] INFO     继电器执行 -> ON
[2026-04-08 23:18:59] INFO     捕获目标指令: voice_msgnum:9
[2026-04-08 23:18:59] INFO     状态维稳，保持闭合 25.0s
[2026-04-08 23:19:09] INFO     捕获目标指令: voice_msgnum:10
[2026-04-08 23:19:24] INFO     继电器 OFF (切断充电)
[2026-04-08 23:19:24] INFO     继电器执行 -> OFF
[2026-04-08 23:19:24] INFO     物理断电静置 25.0s
[2026-04-08 23:19:49] INFO     【结论】 [PASS] 成功关键字: voice_msgnum:9
[2026-04-08 23:19:49] INFO     统计 -> 成功: 158 | 失败: 0 | 异常: 0 | 成功率: 100.0%
[2026-04-08 23:19:49] INFO     
-------------------- 第 159 轮 | 最大监听: 29.7s --------------------
[2026-04-08 23:19:49] INFO     继电器 ON (开始充电)
[2026-04-08 23:19:49] INFO     继电器执行 -> ON
[2026-04-08 23:19:51] INFO     捕获目标指令: voice_msgnum:9
[2026-04-08 23:19:51] INFO     状态维稳，保持闭合 25.0s
[2026-04-08 23:20:01] INFO     捕获目标指令: voice_msgnum:10
[2026-04-08 23:20:16] INFO     继电器 OFF (切断充电)
[2026-04-08 23:20:16] INFO     继电器执行 -> OFF
[2026-04-08 23:20:16] INFO     物理断电静置 25.0s
[2026-04-08 23:20:41] INFO     【结论】 [PASS] 成功关键字: voice_msgnum:9
[2026-04-08 23:20:41] INFO     统计 -> 成功: 159 | 失败: 0 | 异常: 0 | 成功率: 100.0%
[2026-04-08 23:20:41] INFO     
-------------------- 第 160 轮 | 最大监听: 29.2s --------------------
[2026-04-08 23:20:41] INFO     继电器 ON (开始充电)
[2026-04-08 23:20:41] INFO     继电器执行 -> ON
[2026-04-08 23:20:43] INFO     捕获目标指令: voice_msgnum:9
[2026-04-08 23:20:43] INFO     状态维稳，保持闭合 25.0s
[2026-04-08 23:20:53] INFO     捕获目标指令: voice_msgnum:10
[2026-04-08 23:21:08] INFO     继电器 OFF (切断充电)
[2026-04-08 23:21:08] INFO     继电器执行 -> OFF
[2026-04-08 23:21:08] INFO     物理断电静置 25.0s
[2026-04-08 23:21:33] INFO     【结论】 [PASS] 成功关键字: voice_msgnum:9
[2026-04-08 23:21:33] INFO     统计 -> 成功: 160 | 失败: 0 | 异常: 0 | 成功率: 100.0%
[2026-04-08 23:21:33] INFO     
-------------------- 第 161 轮 | 最大监听: 25.6s --------------------
[2026-04-08 23:21:33] INFO     继电器 ON (开始充电)
[2026-04-08 23:21:33] INFO     继电器执行 -> ON
[2026-04-08 23:21:44] INFO     捕获目标指令: voice_msgnum:10
[2026-04-08 23:21:44] INFO     状态维稳，保持闭合 25.0s
[2026-04-08 23:22:09] INFO     继电器 OFF (切断充电)
[2026-04-08 23:22:09] INFO     继电器执行 -> OFF
[2026-04-08 23:22:09] INFO     物理断电静置 25.0s
[2026-04-08 23:22:34] INFO     【结论】 [PASS] 成功关键字: voice_msgnum:10
[2026-04-08 23:22:34] INFO     统计 -> 成功: 161 | 失败: 0 | 异常: 0 | 成功率: 100.0%
[2026-04-08 23:22:34] INFO     
-------------------- 第 162 轮 | 最大监听: 26.8s --------------------
[2026-04-08 23:22:34] INFO     继电器 ON (开始充电)
[2026-04-08 23:22:34] INFO     继电器执行 -> ON
[2026-04-08 23:22:46] INFO     捕获目标指令: voice_msgnum:10
[2026-04-08 23:22:46] INFO     状态维稳，保持闭合 25.0s
[2026-04-08 23:23:11] INFO     继电器 OFF (切断充电)
[2026-04-08 23:23:11] INFO     继电器执行 -> OFF
[2026-04-08 23:23:11] INFO     物理断电静置 25.0s
[2026-04-08 23:23:36] INFO     【结论】 [PASS] 成功关键字: voice_msgnum:10
[2026-04-08 23:23:36] INFO     统计 -> 成功: 162 | 失败: 0 | 异常: 0 | 成功率: 100.0%
[2026-04-08 23:23:36] INFO     
-------------------- 第 163 轮 | 最大监听: 25.2s --------------------
[2026-04-08 23:23:36] INFO     继电器 ON (开始充电)
[2026-04-08 23:23:36] INFO     继电器执行 -> ON
[2026-04-08 23:23:47] INFO     捕获目标指令: voice_msgnum:10
[2026-04-08 23:23:47] INFO     状态维稳，保持闭合 25.0s
[2026-04-08 23:24:12] INFO     继电器 OFF (切断充电)
[2026-04-08 23:24:12] INFO     继电器执行 -> OFF
[2026-04-08 23:24:12] INFO     物理断电静置 25.0s
[2026-04-08 23:24:37] INFO     【结论】 [PASS] 成功关键字: voice_msgnum:10
[2026-04-08 23:24:37] INFO     统计 -> 成功: 163 | 失败: 0 | 异常: 0 | 成功率: 100.0%
[2026-04-08 23:24:37] INFO     
-------------------- 第 164 轮 | 最大监听: 28.0s --------------------
[2026-04-08 23:24:37] INFO     继电器 ON (开始充电)
[2026-04-08 23:24:37] INFO     继电器执行 -> ON
[2026-04-08 23:24:39] INFO     捕获目标指令: voice_msgnum:9
[2026-04-08 23:24:39] INFO     状态维稳，保持闭合 25.0s
[2026-04-08 23:24:49] INFO     捕获目标指令: voice_msgnum:10
[2026-04-08 23:25:04] INFO     继电器 OFF (切断充电)
[2026-04-08 23:25:04] INFO     继电器执行 -> OFF
[2026-04-08 23:25:04] INFO     物理断电静置 25.0s
[2026-04-08 23:25:29] INFO     【结论】 [PASS] 成功关键字: voice_msgnum:9
[2026-04-08 23:25:29] INFO     统计 -> 成功: 164 | 失败: 0 | 异常: 0 | 成功率: 100.0%
[2026-04-08 23:25:29] INFO     
-------------------- 第 165 轮 | 最大监听: 26.4s --------------------
[2026-04-08 23:25:29] INFO     继电器 ON (开始充电)
[2026-04-08 23:25:29] INFO     继电器执行 -> ON
[2026-04-08 23:25:40] INFO     捕获目标指令: voice_msgnum:10
[2026-04-08 23:25:40] INFO     状态维稳，保持闭合 25.0s
[2026-04-08 23:26:05] INFO     继电器 OFF (切断充电)
[2026-04-08 23:26:06] INFO     继电器执行 -> OFF
[2026-04-08 23:26:06] INFO     物理断电静置 25.0s
[2026-04-08 23:26:31] INFO     【结论】 [PASS] 成功关键字: voice_msgnum:10
[2026-04-08 23:26:31] INFO     统计 -> 成功: 165 | 失败: 0 | 异常: 0 | 成功率: 100.0%
[2026-04-08 23:26:31] INFO     
-------------------- 第 166 轮 | 最大监听: 28.9s --------------------
[2026-04-08 23:26:31] INFO     继电器 ON (开始充电)
[2026-04-08 23:26:31] INFO     继电器执行 -> ON
[2026-04-08 23:26:35] INFO     捕获目标指令: voice_msgnum:9
[2026-04-08 23:26:35] INFO     状态维稳，保持闭合 25.0s
[2026-04-08 23:26:42] INFO     捕获目标指令: voice_msgnum:10
[2026-04-08 23:27:00] INFO     继电器 OFF (切断充电)
[2026-04-08 23:27:00] INFO     继电器执行 -> OFF
[2026-04-08 23:27:00] INFO     物理断电静置 25.0s
[2026-04-08 23:27:25] INFO     【结论】 [PASS] 成功关键字: voice_msgnum:9
[2026-04-08 23:27:25] INFO     统计 -> 成功: 166 | 失败: 0 | 异常: 0 | 成功率: 100.0%
[2026-04-08 23:27:25] INFO     
-------------------- 第 167 轮 | 最大监听: 27.6s --------------------
[2026-04-08 23:27:25] INFO     继电器 ON (开始充电)
[2026-04-08 23:27:25] INFO     继电器执行 -> ON
[2026-04-08 23:27:36] INFO     捕获目标指令: voice_msgnum:10
[2026-04-08 23:27:36] INFO     状态维稳，保持闭合 25.0s
[2026-04-08 23:28:01] INFO     继电器 OFF (切断充电)
[2026-04-08 23:28:01] INFO     继电器执行 -> OFF
[2026-04-08 23:28:01] INFO     物理断电静置 25.0s
[2026-04-08 23:28:26] INFO     【结论】 [PASS] 成功关键字: voice_msgnum:10
[2026-04-08 23:28:26] INFO     统计 -> 成功: 167 | 失败: 0 | 异常: 0 | 成功率: 100.0%
[2026-04-08 23:28:26] INFO     
-------------------- 第 168 轮 | 最大监听: 25.8s --------------------
[2026-04-08 23:28:26] INFO     继电器 ON (开始充电)
[2026-04-08 23:28:26] INFO     继电器执行 -> ON
[2026-04-08 23:28:38] INFO     捕获目标指令: voice_msgnum:10
[2026-04-08 23:28:38] INFO     状态维稳，保持闭合 25.0s
[2026-04-08 23:29:03] INFO     继电器 OFF (切断充电)
[2026-04-08 23:29:03] INFO     继电器执行 -> OFF
[2026-04-08 23:29:03] INFO     物理断电静置 25.0s
[2026-04-08 23:29:28] INFO     【结论】 [PASS] 成功关键字: voice_msgnum:10
[2026-04-08 23:29:28] INFO     统计 -> 成功: 168 | 失败: 0 | 异常: 0 | 成功率: 100.0%
[2026-04-08 23:29:28] INFO     
-------------------- 第 169 轮 | 最大监听: 29.5s --------------------
[2026-04-08 23:29:28] INFO     继电器 ON (开始充电)
[2026-04-08 23:29:28] INFO     继电器执行 -> ON
[2026-04-08 23:29:30] INFO     捕获目标指令: voice_msgnum:9
[2026-04-08 23:29:30] INFO     状态维稳，保持闭合 25.0s
[2026-04-08 23:29:40] INFO     捕获目标指令: voice_msgnum:10
[2026-04-08 23:29:55] INFO     继电器 OFF (切断充电)
[2026-04-08 23:29:55] INFO     继电器执行 -> OFF
[2026-04-08 23:29:55] INFO     物理断电静置 25.0s
[2026-04-08 23:30:20] INFO     【结论】 [PASS] 成功关键字: voice_msgnum:9
[2026-04-08 23:30:20] INFO     统计 -> 成功: 169 | 失败: 0 | 异常: 0 | 成功率: 100.0%
[2026-04-08 23:30:20] INFO     
-------------------- 第 170 轮 | 最大监听: 29.8s --------------------
[2026-04-08 23:30:20] INFO     继电器 ON (开始充电)
[2026-04-08 23:30:20] INFO     继电器执行 -> ON
[2026-04-08 23:30:21] INFO     捕获目标指令: voice_msgnum:9
[2026-04-08 23:30:21] INFO     状态维稳，保持闭合 25.0s
[2026-04-08 23:30:31] INFO     捕获目标指令: voice_msgnum:10
[2026-04-08 23:30:46] INFO     继电器 OFF (切断充电)
[2026-04-08 23:30:46] INFO     继电器执行 -> OFF
[2026-04-08 23:30:46] INFO     物理断电静置 25.0s
[2026-04-08 23:31:11] INFO     【结论】 [PASS] 成功关键字: voice_msgnum:9
[2026-04-08 23:31:11] INFO     统计 -> 成功: 170 | 失败: 0 | 异常: 0 | 成功率: 100.0%
[2026-04-08 23:31:11] INFO     
-------------------- 第 171 轮 | 最大监听: 25.0s --------------------
[2026-04-08 23:31:11] INFO     继电器 ON (开始充电)
[2026-04-08 23:31:11] INFO     继电器执行 -> ON
[2026-04-08 23:31:13] INFO     捕获目标指令: voice_msgnum:9
[2026-04-08 23:31:13] INFO     状态维稳，保持闭合 25.0s
[2026-04-08 23:31:23] INFO     捕获目标指令: voice_msgnum:10
[2026-04-08 23:31:38] INFO     继电器 OFF (切断充电)
[2026-04-08 23:31:38] INFO     继电器执行 -> OFF
[2026-04-08 23:31:38] INFO     物理断电静置 25.0s
[2026-04-08 23:32:03] INFO     【结论】 [PASS] 成功关键字: voice_msgnum:9
[2026-04-08 23:32:03] INFO     统计 -> 成功: 171 | 失败: 0 | 异常: 0 | 成功率: 100.0%
[2026-04-08 23:32:03] INFO     
-------------------- 第 172 轮 | 最大监听: 29.1s --------------------
[2026-04-08 23:32:03] INFO     继电器 ON (开始充电)
[2026-04-08 23:32:03] INFO     继电器执行 -> ON
[2026-04-08 23:32:04] INFO     捕获目标指令: voice_msgnum:9
[2026-04-08 23:32:04] INFO     状态维稳，保持闭合 25.0s
[2026-04-08 23:32:14] INFO     捕获目标指令: voice_msgnum:10
[2026-04-08 23:32:29] INFO     继电器 OFF (切断充电)
[2026-04-08 23:32:29] INFO     继电器执行 -> OFF
[2026-04-08 23:32:29] INFO     物理断电静置 25.0s
[2026-04-08 23:32:54] INFO     【结论】 [PASS] 成功关键字: voice_msgnum:9
[2026-04-08 23:32:54] INFO     统计 -> 成功: 172 | 失败: 0 | 异常: 0 | 成功率: 100.0%
[2026-04-08 23:32:54] INFO     
-------------------- 第 173 轮 | 最大监听: 26.2s --------------------
[2026-04-08 23:32:54] INFO     继电器 ON (开始充电)
[2026-04-08 23:32:54] INFO     继电器执行 -> ON
[2026-04-08 23:32:56] INFO     捕获目标指令: voice_msgnum:9
[2026-04-08 23:32:56] INFO     状态维稳，保持闭合 25.0s
[2026-04-08 23:33:06] INFO     捕获目标指令: voice_msgnum:10
[2026-04-08 23:33:21] INFO     继电器 OFF (切断充电)
[2026-04-08 23:33:21] INFO     继电器执行 -> OFF
[2026-04-08 23:33:21] INFO     物理断电静置 25.0s
[2026-04-08 23:33:46] INFO     【结论】 [PASS] 成功关键字: voice_msgnum:9
[2026-04-08 23:33:46] INFO     统计 -> 成功: 173 | 失败: 0 | 异常: 0 | 成功率: 100.0%
[2026-04-08 23:33:46] INFO     
-------------------- 第 174 轮 | 最大监听: 26.1s --------------------
[2026-04-08 23:33:46] INFO     继电器 ON (开始充电)
[2026-04-08 23:33:46] INFO     继电器执行 -> ON
[2026-04-08 23:33:48] INFO     捕获目标指令: voice_msgnum:9
[2026-04-08 23:33:48] INFO     状态维稳，保持闭合 25.0s
[2026-04-08 23:33:58] INFO     捕获目标指令: voice_msgnum:10
[2026-04-08 23:34:13] INFO     继电器 OFF (切断充电)
[2026-04-08 23:34:13] INFO     继电器执行 -> OFF
[2026-04-08 23:34:13] INFO     物理断电静置 25.0s
[2026-04-08 23:34:38] INFO     【结论】 [PASS] 成功关键字: voice_msgnum:9
[2026-04-08 23:34:38] INFO     统计 -> 成功: 174 | 失败: 0 | 异常: 0 | 成功率: 100.0%
[2026-04-08 23:34:38] INFO     
-------------------- 第 175 轮 | 最大监听: 27.2s --------------------
[2026-04-08 23:34:38] INFO     继电器 ON (开始充电)
[2026-04-08 23:34:38] INFO     继电器执行 -> ON
[2026-04-08 23:34:42] INFO     捕获目标指令: voice_msgnum:9
[2026-04-08 23:34:42] INFO     状态维稳，保持闭合 25.0s
[2026-04-08 23:34:49] INFO     捕获目标指令: voice_msgnum:10
[2026-04-08 23:35:07] INFO     继电器 OFF (切断充电)
[2026-04-08 23:35:07] INFO     继电器执行 -> OFF
[2026-04-08 23:35:07] INFO     物理断电静置 25.0s
[2026-04-08 23:35:32] INFO     【结论】 [PASS] 成功关键字: voice_msgnum:9
[2026-04-08 23:35:32] INFO     统计 -> 成功: 175 | 失败: 0 | 异常: 0 | 成功率: 100.0%
[2026-04-08 23:35:32] INFO     
-------------------- 第 176 轮 | 最大监听: 27.1s --------------------
[2026-04-08 23:35:32] INFO     继电器 ON (开始充电)
[2026-04-08 23:35:32] INFO     继电器执行 -> ON
[2026-04-08 23:35:33] INFO     捕获目标指令: voice_msgnum:9
[2026-04-08 23:35:33] INFO     状态维稳，保持闭合 25.0s
[2026-04-08 23:35:44] INFO     捕获目标指令: voice_msgnum:10
[2026-04-08 23:35:58] INFO     继电器 OFF (切断充电)
[2026-04-08 23:35:59] INFO     继电器执行 -> OFF
[2026-04-08 23:35:59] INFO     物理断电静置 25.0s
[2026-04-08 23:36:24] INFO     【结论】 [PASS] 成功关键字: voice_msgnum:9
[2026-04-08 23:36:24] INFO     统计 -> 成功: 176 | 失败: 0 | 异常: 0 | 成功率: 100.0%
[2026-04-08 23:36:24] INFO     
-------------------- 第 177 轮 | 最大监听: 25.1s --------------------
[2026-04-08 23:36:24] INFO     继电器 ON (开始充电)
[2026-04-08 23:36:24] INFO     继电器执行 -> ON
[2026-04-08 23:36:25] INFO     捕获目标指令: voice_msgnum:9
[2026-04-08 23:36:25] INFO     状态维稳，保持闭合 25.0s
[2026-04-08 23:36:35] INFO     捕获目标指令: voice_msgnum:10
[2026-04-08 23:36:50] INFO     继电器 OFF (切断充电)
[2026-04-08 23:36:50] INFO     继电器执行 -> OFF
[2026-04-08 23:36:50] INFO     物理断电静置 25.0s
[2026-04-08 23:37:15] INFO     【结论】 [PASS] 成功关键字: voice_msgnum:9
[2026-04-08 23:37:15] INFO     统计 -> 成功: 177 | 失败: 0 | 异常: 0 | 成功率: 100.0%
[2026-04-08 23:37:15] INFO     
-------------------- 第 178 轮 | 最大监听: 27.6s --------------------
[2026-04-08 23:37:15] INFO     继电器 ON (开始充电)
[2026-04-08 23:37:15] INFO     继电器执行 -> ON
[2026-04-08 23:37:27] INFO     捕获目标指令: voice_msgnum:10
[2026-04-08 23:37:27] INFO     状态维稳，保持闭合 25.0s
[2026-04-08 23:37:52] INFO     继电器 OFF (切断充电)
[2026-04-08 23:37:52] INFO     继电器执行 -> OFF
[2026-04-08 23:37:52] INFO     物理断电静置 25.0s
[2026-04-08 23:38:17] INFO     【结论】 [PASS] 成功关键字: voice_msgnum:10
[2026-04-08 23:38:17] INFO     统计 -> 成功: 178 | 失败: 0 | 异常: 0 | 成功率: 100.0%
[2026-04-08 23:38:17] INFO     
-------------------- 第 179 轮 | 最大监听: 28.0s --------------------
[2026-04-08 23:38:17] INFO     继电器 ON (开始充电)
[2026-04-08 23:38:17] INFO     继电器执行 -> ON
[2026-04-08 23:38:18] INFO     捕获目标指令: voice_msgnum:9
[2026-04-08 23:38:18] INFO     状态维稳，保持闭合 25.0s
[2026-04-08 23:38:28] INFO     捕获目标指令: voice_msgnum:10
[2026-04-08 23:38:43] INFO     继电器 OFF (切断充电)
[2026-04-08 23:38:43] INFO     继电器执行 -> OFF
[2026-04-08 23:38:43] INFO     物理断电静置 25.0s
[2026-04-08 23:39:08] INFO     【结论】 [PASS] 成功关键字: voice_msgnum:9
[2026-04-08 23:39:08] INFO     统计 -> 成功: 179 | 失败: 0 | 异常: 0 | 成功率: 100.0%
[2026-04-08 23:39:08] INFO     
-------------------- 第 180 轮 | 最大监听: 26.3s --------------------
[2026-04-08 23:39:08] INFO     继电器 ON (开始充电)
[2026-04-08 23:39:08] INFO     继电器执行 -> ON
[2026-04-08 23:39:10] INFO     捕获目标指令: voice_msgnum:9
[2026-04-08 23:39:10] INFO     状态维稳，保持闭合 25.0s
[2026-04-08 23:39:20] INFO     捕获目标指令: voice_msgnum:10
[2026-04-08 23:39:35] INFO     继电器 OFF (切断充电)
[2026-04-08 23:39:35] INFO     继电器执行 -> OFF
[2026-04-08 23:39:35] INFO     物理断电静置 25.0s
[2026-04-08 23:40:00] INFO     【结论】 [PASS] 成功关键字: voice_msgnum:9
[2026-04-08 23:40:00] INFO     统计 -> 成功: 180 | 失败: 0 | 异常: 0 | 成功率: 100.0%
[2026-04-08 23:40:00] INFO     
-------------------- 第 181 轮 | 最大监听: 27.2s --------------------
[2026-04-08 23:40:00] INFO     继电器 ON (开始充电)
[2026-04-08 23:40:00] INFO     继电器执行 -> ON
[2026-04-08 23:40:01] INFO     捕获目标指令: voice_msgnum:9
[2026-04-08 23:40:01] INFO     状态维稳，保持闭合 25.0s
[2026-04-08 23:40:12] INFO     捕获目标指令: voice_msgnum:10
[2026-04-08 23:40:26] INFO     继电器 OFF (切断充电)
[2026-04-08 23:40:27] INFO     继电器执行 -> OFF
[2026-04-08 23:40:27] INFO     物理断电静置 25.0s
[2026-04-08 23:40:52] INFO     【结论】 [PASS] 成功关键字: voice_msgnum:9
[2026-04-08 23:40:52] INFO     统计 -> 成功: 181 | 失败: 0 | 异常: 0 | 成功率: 100.0%
[2026-04-08 23:40:52] INFO     
-------------------- 第 182 轮 | 最大监听: 29.0s --------------------
[2026-04-08 23:40:52] INFO     继电器 ON (开始充电)
[2026-04-08 23:40:52] INFO     继电器执行 -> ON
[2026-04-08 23:40:53] INFO     捕获目标指令: voice_msgnum:9
[2026-04-08 23:40:53] INFO     状态维稳，保持闭合 25.0s
[2026-04-08 23:41:03] INFO     捕获目标指令: voice_msgnum:10
[2026-04-08 23:41:18] INFO     继电器 OFF (切断充电)
[2026-04-08 23:41:18] INFO     继电器执行 -> OFF
[2026-04-08 23:41:18] INFO     物理断电静置 25.0s
[2026-04-08 23:41:43] INFO     【结论】 [PASS] 成功关键字: voice_msgnum:9
[2026-04-08 23:41:43] INFO     统计 -> 成功: 182 | 失败: 0 | 异常: 0 | 成功率: 100.0%
[2026-04-08 23:41:43] INFO     
-------------------- 第 183 轮 | 最大监听: 25.3s --------------------
[2026-04-08 23:41:43] INFO     继电器 ON (开始充电)
[2026-04-08 23:41:43] INFO     继电器执行 -> ON
[2026-04-08 23:41:55] INFO     捕获目标指令: voice_msgnum:10
[2026-04-08 23:41:55] INFO     状态维稳，保持闭合 25.0s
[2026-04-08 23:42:20] INFO     继电器 OFF (切断充电)
[2026-04-08 23:42:20] INFO     继电器执行 -> OFF
[2026-04-08 23:42:20] INFO     物理断电静置 25.0s
[2026-04-08 23:42:45] INFO     【结论】 [PASS] 成功关键字: voice_msgnum:10
[2026-04-08 23:42:45] INFO     统计 -> 成功: 183 | 失败: 0 | 异常: 0 | 成功率: 100.0%
[2026-04-08 23:42:45] INFO     
-------------------- 第 184 轮 | 最大监听: 29.5s --------------------
[2026-04-08 23:42:45] INFO     继电器 ON (开始充电)
[2026-04-08 23:42:45] INFO     继电器执行 -> ON
[2026-04-08 23:42:49] INFO     捕获目标指令: voice_msgnum:9
[2026-04-08 23:42:49] INFO     状态维稳，保持闭合 25.0s
[2026-04-08 23:42:56] INFO     捕获目标指令: voice_msgnum:10
[2026-04-08 23:43:14] INFO     继电器 OFF (切断充电)
[2026-04-08 23:43:14] INFO     继电器执行 -> OFF
[2026-04-08 23:43:14] INFO     物理断电静置 25.0s
[2026-04-08 23:43:39] INFO     【结论】 [PASS] 成功关键字: voice_msgnum:9
[2026-04-08 23:43:39] INFO     统计 -> 成功: 184 | 失败: 0 | 异常: 0 | 成功率: 100.0%
[2026-04-08 23:43:39] INFO     
-------------------- 第 185 轮 | 最大监听: 29.2s --------------------
[2026-04-08 23:43:39] INFO     继电器 ON (开始充电)
[2026-04-08 23:43:39] INFO     继电器执行 -> ON
[2026-04-08 23:43:51] INFO     捕获目标指令: voice_msgnum:10
[2026-04-08 23:43:51] INFO     状态维稳，保持闭合 25.0s
[2026-04-08 23:44:16] INFO     继电器 OFF (切断充电)
[2026-04-08 23:44:16] INFO     继电器执行 -> OFF
[2026-04-08 23:44:16] INFO     物理断电静置 25.0s
[2026-04-08 23:44:41] INFO     【结论】 [PASS] 成功关键字: voice_msgnum:10
[2026-04-08 23:44:41] INFO     统计 -> 成功: 185 | 失败: 0 | 异常: 0 | 成功率: 100.0%
[2026-04-08 23:44:41] INFO     
-------------------- 第 186 轮 | 最大监听: 28.9s --------------------
[2026-04-08 23:44:41] INFO     继电器 ON (开始充电)
[2026-04-08 23:44:41] INFO     继电器执行 -> ON
[2026-04-08 23:44:42] INFO     捕获目标指令: voice_msgnum:9
[2026-04-08 23:44:42] INFO     状态维稳，保持闭合 25.0s
[2026-04-08 23:44:52] INFO     捕获目标指令: voice_msgnum:10
[2026-04-08 23:45:07] INFO     继电器 OFF (切断充电)
[2026-04-08 23:45:07] INFO     继电器执行 -> OFF
[2026-04-08 23:45:07] INFO     物理断电静置 25.0s
[2026-04-08 23:45:32] INFO     【结论】 [PASS] 成功关键字: voice_msgnum:9
[2026-04-08 23:45:32] INFO     统计 -> 成功: 186 | 失败: 0 | 异常: 0 | 成功率: 100.0%
[2026-04-08 23:45:32] INFO     
-------------------- 第 187 轮 | 最大监听: 27.1s --------------------
[2026-04-08 23:45:32] INFO     继电器 ON (开始充电)
[2026-04-08 23:45:32] INFO     继电器执行 -> ON
[2026-04-08 23:45:44] INFO     捕获目标指令: voice_msgnum:10
[2026-04-08 23:45:44] INFO     状态维稳，保持闭合 25.0s
[2026-04-08 23:46:09] INFO     继电器 OFF (切断充电)
[2026-04-08 23:46:09] INFO     继电器执行 -> OFF
[2026-04-08 23:46:09] INFO     物理断电静置 25.0s
[2026-04-08 23:46:34] INFO     【结论】 [PASS] 成功关键字: voice_msgnum:10
[2026-04-08 23:46:34] INFO     统计 -> 成功: 187 | 失败: 0 | 异常: 0 | 成功率: 100.0%
[2026-04-08 23:46:34] INFO     
-------------------- 第 188 轮 | 最大监听: 28.4s --------------------
[2026-04-08 23:46:34] INFO     继电器 ON (开始充电)
[2026-04-08 23:46:34] INFO     继电器执行 -> ON
[2026-04-08 23:46:35] INFO     捕获目标指令: voice_msgnum:9
[2026-04-08 23:46:35] INFO     状态维稳，保持闭合 25.0s
[2026-04-08 23:46:45] INFO     捕获目标指令: voice_msgnum:10
[2026-04-08 23:47:00] INFO     继电器 OFF (切断充电)
[2026-04-08 23:47:00] INFO     继电器执行 -> OFF
[2026-04-08 23:47:00] INFO     物理断电静置 25.0s
[2026-04-08 23:47:25] INFO     【结论】 [PASS] 成功关键字: voice_msgnum:9
[2026-04-08 23:47:25] INFO     统计 -> 成功: 188 | 失败: 0 | 异常: 0 | 成功率: 100.0%
[2026-04-08 23:47:25] INFO     
-------------------- 第 189 轮 | 最大监听: 29.4s --------------------
[2026-04-08 23:47:25] INFO     继电器 ON (开始充电)
[2026-04-08 23:47:25] INFO     继电器执行 -> ON
[2026-04-08 23:47:30] INFO     捕获目标指令: voice_msgnum:9
[2026-04-08 23:47:30] INFO     状态维稳，保持闭合 25.0s
[2026-04-08 23:47:37] INFO     捕获目标指令: voice_msgnum:10
[2026-04-08 23:47:55] INFO     继电器 OFF (切断充电)
[2026-04-08 23:47:55] INFO     继电器执行 -> OFF
[2026-04-08 23:47:55] INFO     物理断电静置 25.0s
[2026-04-08 23:48:20] INFO     【结论】 [PASS] 成功关键字: voice_msgnum:9
[2026-04-08 23:48:20] INFO     统计 -> 成功: 189 | 失败: 0 | 异常: 0 | 成功率: 100.0%
[2026-04-08 23:48:20] INFO     
-------------------- 第 190 轮 | 最大监听: 28.3s --------------------
[2026-04-08 23:48:20] INFO     继电器 ON (开始充电)
[2026-04-08 23:48:20] INFO     继电器执行 -> ON
[2026-04-08 23:48:27] INFO     捕获目标指令: voice_msgnum:9
[2026-04-08 23:48:27] INFO     状态维稳，保持闭合 25.0s
[2026-04-08 23:48:32] INFO     捕获目标指令: voice_msgnum:10
[2026-04-08 23:48:52] INFO     继电器 OFF (切断充电)
[2026-04-08 23:48:52] INFO     继电器执行 -> OFF
[2026-04-08 23:48:52] INFO     物理断电静置 25.0s
[2026-04-08 23:49:17] INFO     【结论】 [PASS] 成功关键字: voice_msgnum:9
[2026-04-08 23:49:17] INFO     统计 -> 成功: 190 | 失败: 0 | 异常: 0 | 成功率: 100.0%
[2026-04-08 23:49:17] INFO     
-------------------- 第 191 轮 | 最大监听: 27.9s --------------------
[2026-04-08 23:49:17] INFO     继电器 ON (开始充电)
[2026-04-08 23:49:17] INFO     继电器执行 -> ON
[2026-04-08 23:49:21] INFO     捕获目标指令: voice_msgnum:9
[2026-04-08 23:49:21] INFO     状态维稳，保持闭合 25.0s
[2026-04-08 23:49:29] INFO     捕获目标指令: voice_msgnum:10
[2026-04-08 23:49:46] INFO     继电器 OFF (切断充电)
[2026-04-08 23:49:46] INFO     继电器执行 -> OFF
[2026-04-08 23:49:46] INFO     物理断电静置 25.0s
[2026-04-08 23:50:11] INFO     【结论】 [PASS] 成功关键字: voice_msgnum:9
[2026-04-08 23:50:11] INFO     统计 -> 成功: 191 | 失败: 0 | 异常: 0 | 成功率: 100.0%
[2026-04-08 23:50:11] INFO     
-------------------- 第 192 轮 | 最大监听: 26.2s --------------------
[2026-04-08 23:50:11] INFO     继电器 ON (开始充电)
[2026-04-08 23:50:12] INFO     继电器执行 -> ON
[2026-04-08 23:50:23] INFO     捕获目标指令: voice_msgnum:10
[2026-04-08 23:50:23] INFO     状态维稳，保持闭合 25.0s
[2026-04-08 23:50:48] INFO     继电器 OFF (切断充电)
[2026-04-08 23:50:48] INFO     继电器执行 -> OFF
[2026-04-08 23:50:48] INFO     物理断电静置 25.0s
[2026-04-08 23:51:13] INFO     【结论】 [PASS] 成功关键字: voice_msgnum:10
[2026-04-08 23:51:13] INFO     统计 -> 成功: 192 | 失败: 0 | 异常: 0 | 成功率: 100.0%
[2026-04-08 23:51:13] INFO     
-------------------- 第 193 轮 | 最大监听: 28.8s --------------------
[2026-04-08 23:51:13] INFO     继电器 ON (开始充电)
[2026-04-08 23:51:13] INFO     继电器执行 -> ON
[2026-04-08 23:51:18] INFO     捕获目标指令: voice_msgnum:9
[2026-04-08 23:51:18] INFO     状态维稳，保持闭合 25.0s
[2026-04-08 23:51:25] INFO     捕获目标指令: voice_msgnum:10
[2026-04-08 23:51:43] INFO     继电器 OFF (切断充电)
[2026-04-08 23:51:43] INFO     继电器执行 -> OFF
[2026-04-08 23:51:43] INFO     物理断电静置 25.0s
[2026-04-08 23:52:08] INFO     【结论】 [PASS] 成功关键字: voice_msgnum:9
[2026-04-08 23:52:08] INFO     统计 -> 成功: 193 | 失败: 0 | 异常: 0 | 成功率: 100.0%
[2026-04-08 23:52:08] INFO     
-------------------- 第 194 轮 | 最大监听: 28.5s --------------------
[2026-04-08 23:52:08] INFO     继电器 ON (开始充电)
[2026-04-08 23:52:08] INFO     继电器执行 -> ON
[2026-04-08 23:52:19] INFO     捕获目标指令: voice_msgnum:10
[2026-04-08 23:52:19] INFO     状态维稳，保持闭合 25.0s
[2026-04-08 23:52:44] INFO     继电器 OFF (切断充电)
[2026-04-08 23:52:44] INFO     继电器执行 -> OFF
[2026-04-08 23:52:44] INFO     物理断电静置 25.0s
[2026-04-08 23:53:09] INFO     【结论】 [PASS] 成功关键字: voice_msgnum:10
[2026-04-08 23:53:09] INFO     统计 -> 成功: 194 | 失败: 0 | 异常: 0 | 成功率: 100.0%
[2026-04-08 23:53:09] INFO     
-------------------- 第 195 轮 | 最大监听: 29.7s --------------------
[2026-04-08 23:53:09] INFO     继电器 ON (开始充电)
[2026-04-08 23:53:09] INFO     继电器执行 -> ON
[2026-04-08 23:53:11] INFO     捕获目标指令: voice_msgnum:9
[2026-04-08 23:53:11] INFO     状态维稳，保持闭合 25.0s
[2026-04-08 23:53:21] INFO     捕获目标指令: voice_msgnum:10
[2026-04-08 23:53:36] INFO     继电器 OFF (切断充电)
[2026-04-08 23:53:36] INFO     继电器执行 -> OFF
[2026-04-08 23:53:36] INFO     物理断电静置 25.0s
[2026-04-08 23:54:01] INFO     【结论】 [PASS] 成功关键字: voice_msgnum:9
[2026-04-08 23:54:01] INFO     统计 -> 成功: 195 | 失败: 0 | 异常: 0 | 成功率: 100.0%
[2026-04-08 23:54:01] INFO     
-------------------- 第 196 轮 | 最大监听: 28.0s --------------------
[2026-04-08 23:54:01] INFO     继电器 ON (开始充电)
[2026-04-08 23:54:01] INFO     继电器执行 -> ON
[2026-04-08 23:54:13] INFO     捕获目标指令: voice_msgnum:10
[2026-04-08 23:54:13] INFO     状态维稳，保持闭合 25.0s
[2026-04-08 23:54:38] INFO     继电器 OFF (切断充电)
[2026-04-08 23:54:38] INFO     继电器执行 -> OFF
[2026-04-08 23:54:38] INFO     物理断电静置 25.0s
[2026-04-08 23:55:03] INFO     【结论】 [PASS] 成功关键字: voice_msgnum:10
[2026-04-08 23:55:03] INFO     统计 -> 成功: 196 | 失败: 0 | 异常: 0 | 成功率: 100.0%
[2026-04-08 23:55:03] INFO     
-------------------- 第 197 轮 | 最大监听: 27.9s --------------------
[2026-04-08 23:55:03] INFO     继电器 ON (开始充电)
[2026-04-08 23:55:03] INFO     继电器执行 -> ON
[2026-04-08 23:55:07] INFO     捕获目标指令: voice_msgnum:9
[2026-04-08 23:55:07] INFO     状态维稳，保持闭合 25.0s
[2026-04-08 23:55:14] INFO     捕获目标指令: voice_msgnum:10
[2026-04-08 23:55:32] INFO     继电器 OFF (切断充电)
[2026-04-08 23:55:32] INFO     继电器执行 -> OFF
[2026-04-08 23:55:32] INFO     物理断电静置 25.0s
[2026-04-08 23:55:57] INFO     【结论】 [PASS] 成功关键字: voice_msgnum:9
[2026-04-08 23:55:57] INFO     统计 -> 成功: 197 | 失败: 0 | 异常: 0 | 成功率: 100.0%
[2026-04-08 23:55:57] INFO     
-------------------- 第 198 轮 | 最大监听: 27.2s --------------------
[2026-04-08 23:55:57] INFO     继电器 ON (开始充电)
[2026-04-08 23:55:57] INFO     继电器执行 -> ON
[2026-04-08 23:56:09] INFO     捕获目标指令: voice_msgnum:10
[2026-04-08 23:56:09] INFO     状态维稳，保持闭合 25.0s
[2026-04-08 23:56:34] INFO     继电器 OFF (切断充电)
[2026-04-08 23:56:34] INFO     继电器执行 -> OFF
[2026-04-08 23:56:34] INFO     物理断电静置 25.0s
[2026-04-08 23:56:59] INFO     【结论】 [PASS] 成功关键字: voice_msgnum:10
[2026-04-08 23:56:59] INFO     统计 -> 成功: 198 | 失败: 0 | 异常: 0 | 成功率: 100.0%
[2026-04-08 23:56:59] INFO     
-------------------- 第 199 轮 | 最大监听: 27.8s --------------------
[2026-04-08 23:56:59] INFO     继电器 ON (开始充电)
[2026-04-08 23:56:59] INFO     继电器执行 -> ON
[2026-04-08 23:57:10] INFO     捕获目标指令: voice_msgnum:10
[2026-04-08 23:57:10] INFO     状态维稳，保持闭合 25.0s
[2026-04-08 23:57:35] INFO     继电器 OFF (切断充电)
[2026-04-08 23:57:35] INFO     继电器执行 -> OFF
[2026-04-08 23:57:35] INFO     物理断电静置 25.0s
[2026-04-08 23:58:00] INFO     【结论】 [PASS] 成功关键字: voice_msgnum:10
[2026-04-08 23:58:00] INFO     统计 -> 成功: 199 | 失败: 0 | 异常: 0 | 成功率: 100.0%
[2026-04-08 23:58:00] INFO     
-------------------- 第 200 轮 | 最大监听: 28.3s --------------------
[2026-04-08 23:58:00] INFO     继电器 ON (开始充电)
[2026-04-08 23:58:00] INFO     继电器执行 -> ON
[2026-04-08 23:58:12] INFO     捕获目标指令: voice_msgnum:10
[2026-04-08 23:58:12] INFO     状态维稳，保持闭合 25.0s
[2026-04-08 23:58:37] INFO     继电器 OFF (切断充电)
[2026-04-08 23:58:37] INFO     继电器执行 -> OFF
[2026-04-08 23:58:37] INFO     物理断电静置 25.0s
[2026-04-08 23:59:02] INFO     【结论】 [PASS] 成功关键字: voice_msgnum:10
[2026-04-08 23:59:02] INFO     统计 -> 成功: 200 | 失败: 0 | 异常: 0 | 成功率: 100.0%
[2026-04-08 23:59:02] INFO     
-------------------- 第 201 轮 | 最大监听: 28.0s --------------------
[2026-04-08 23:59:02] INFO     继电器 ON (开始充电)
[2026-04-08 23:59:02] INFO     继电器执行 -> ON
[2026-04-08 23:59:13] INFO     捕获目标指令: voice_msgnum:10
[2026-04-08 23:59:13] INFO     状态维稳，保持闭合 25.0s
[2026-04-08 23:59:38] INFO     继电器 OFF (切断充电)
[2026-04-08 23:59:39] INFO     继电器执行 -> OFF
[2026-04-08 23:59:39] INFO     物理断电静置 25.0s
[2026-04-09 00:00:04] INFO     【结论】 [PASS] 成功关键字: voice_msgnum:10
[2026-04-09 00:00:04] INFO     统计 -> 成功: 201 | 失败: 0 | 异常: 0 | 成功率: 100.0%
[2026-04-09 00:00:04] INFO     
-------------------- 第 202 轮 | 最大监听: 29.2s --------------------
[2026-04-09 00:00:04] INFO     继电器 ON (开始充电)
[2026-04-09 00:00:04] INFO     继电器执行 -> ON
[2026-04-09 00:00:15] INFO     捕获目标指令: voice_msgnum:10
[2026-04-09 00:00:15] INFO     状态维稳，保持闭合 25.0s
[2026-04-09 00:00:40] INFO     继电器 OFF (切断充电)
[2026-04-09 00:00:40] INFO     继电器执行 -> OFF
[2026-04-09 00:00:40] INFO     物理断电静置 25.0s
[2026-04-09 00:01:05] INFO     【结论】 [PASS] 成功关键字: voice_msgnum:10
[2026-04-09 00:01:05] INFO     统计 -> 成功: 202 | 失败: 0 | 异常: 0 | 成功率: 100.0%
[2026-04-09 00:01:05] INFO     
-------------------- 第 203 轮 | 最大监听: 29.5s --------------------
[2026-04-09 00:01:05] INFO     继电器 ON (开始充电)
[2026-04-09 00:01:05] INFO     继电器执行 -> ON
[2026-04-09 00:01:17] INFO     捕获目标指令: voice_msgnum:10
[2026-04-09 00:01:17] INFO     状态维稳，保持闭合 25.0s
[2026-04-09 00:01:42] INFO     继电器 OFF (切断充电)
[2026-04-09 00:01:42] INFO     继电器执行 -> OFF
[2026-04-09 00:01:42] INFO     物理断电静置 25.0s
[2026-04-09 00:02:07] INFO     【结论】 [PASS] 成功关键字: voice_msgnum:10
[2026-04-09 00:02:07] INFO     统计 -> 成功: 203 | 失败: 0 | 异常: 0 | 成功率: 100.0%
[2026-04-09 00:02:07] INFO     
-------------------- 第 204 轮 | 最大监听: 27.6s --------------------
[2026-04-09 00:02:07] INFO     继电器 ON (开始充电)
[2026-04-09 00:02:07] INFO     继电器执行 -> ON
[2026-04-09 00:02:18] INFO     捕获目标指令: voice_msgnum:10
[2026-04-09 00:02:18] INFO     状态维稳，保持闭合 25.0s
[2026-04-09 00:02:43] INFO     继电器 OFF (切断充电)
[2026-04-09 00:02:43] INFO     继电器执行 -> OFF
[2026-04-09 00:02:43] INFO     物理断电静置 25.0s
[2026-04-09 00:03:08] INFO     【结论】 [PASS] 成功关键字: voice_msgnum:10
[2026-04-09 00:03:08] INFO     统计 -> 成功: 204 | 失败: 0 | 异常: 0 | 成功率: 100.0%
[2026-04-09 00:03:08] INFO     
-------------------- 第 205 轮 | 最大监听: 25.7s --------------------
[2026-04-09 00:03:08] INFO     继电器 ON (开始充电)
[2026-04-09 00:03:08] INFO     继电器执行 -> ON
[2026-04-09 00:03:10] INFO     捕获目标指令: voice_msgnum:9
[2026-04-09 00:03:10] INFO     状态维稳，保持闭合 25.0s
[2026-04-09 00:03:20] INFO     捕获目标指令: voice_msgnum:10
[2026-04-09 00:03:35] INFO     继电器 OFF (切断充电)
[2026-04-09 00:03:35] INFO     继电器执行 -> OFF
[2026-04-09 00:03:35] INFO     物理断电静置 25.0s
[2026-04-09 00:04:00] INFO     【结论】 [PASS] 成功关键字: voice_msgnum:9
[2026-04-09 00:04:00] INFO     统计 -> 成功: 205 | 失败: 0 | 异常: 0 | 成功率: 100.0%
[2026-04-09 00:04:00] INFO     
-------------------- 第 206 轮 | 最大监听: 28.3s --------------------
[2026-04-09 00:04:00] INFO     继电器 ON (开始充电)
[2026-04-09 00:04:00] INFO     继电器执行 -> ON
[2026-04-09 00:04:01] INFO     捕获目标指令: voice_msgnum:9
[2026-04-09 00:04:01] INFO     状态维稳，保持闭合 25.0s
[2026-04-09 00:04:12] INFO     捕获目标指令: voice_msgnum:10
[2026-04-09 00:04:26] INFO     继电器 OFF (切断充电)
[2026-04-09 00:04:27] INFO     继电器执行 -> OFF
[2026-04-09 00:04:27] INFO     物理断电静置 25.0s
[2026-04-09 00:04:52] INFO     【结论】 [PASS] 成功关键字: voice_msgnum:9
[2026-04-09 00:04:52] INFO     统计 -> 成功: 206 | 失败: 0 | 异常: 0 | 成功率: 100.0%
[2026-04-09 00:04:52] INFO     
-------------------- 第 207 轮 | 最大监听: 26.3s --------------------
[2026-04-09 00:04:52] INFO     继电器 ON (开始充电)
[2026-04-09 00:04:52] INFO     继电器执行 -> ON
[2026-04-09 00:05:03] INFO     捕获目标指令: voice_msgnum:10
[2026-04-09 00:05:03] INFO     状态维稳，保持闭合 25.0s
[2026-04-09 00:05:28] INFO     继电器 OFF (切断充电)
[2026-04-09 00:05:28] INFO     继电器执行 -> OFF
[2026-04-09 00:05:28] INFO     物理断电静置 25.0s
[2026-04-09 00:05:53] INFO     【结论】 [PASS] 成功关键字: voice_msgnum:10
[2026-04-09 00:05:53] INFO     统计 -> 成功: 207 | 失败: 0 | 异常: 0 | 成功率: 100.0%
[2026-04-09 00:05:53] INFO     
-------------------- 第 208 轮 | 最大监听: 28.2s --------------------
[2026-04-09 00:05:53] INFO     继电器 ON (开始充电)
[2026-04-09 00:05:53] INFO     继电器执行 -> ON
[2026-04-09 00:06:05] INFO     捕获目标指令: voice_msgnum:10
[2026-04-09 00:06:05] INFO     状态维稳，保持闭合 25.0s
[2026-04-09 00:06:30] INFO     继电器 OFF (切断充电)
[2026-04-09 00:06:30] INFO     继电器执行 -> OFF
[2026-04-09 00:06:30] INFO     物理断电静置 25.0s
[2026-04-09 00:06:55] INFO     【结论】 [PASS] 成功关键字: voice_msgnum:10
[2026-04-09 00:06:55] INFO     统计 -> 成功: 208 | 失败: 0 | 异常: 0 | 成功率: 100.0%
[2026-04-09 00:06:55] INFO     
-------------------- 第 209 轮 | 最大监听: 25.7s --------------------
[2026-04-09 00:06:55] INFO     继电器 ON (开始充电)
[2026-04-09 00:06:55] INFO     继电器执行 -> ON
[2026-04-09 00:07:06] INFO     捕获目标指令: voice_msgnum:10
[2026-04-09 00:07:06] INFO     状态维稳，保持闭合 25.0s
[2026-04-09 00:07:31] INFO     继电器 OFF (切断充电)
[2026-04-09 00:07:31] INFO     继电器执行 -> OFF
[2026-04-09 00:07:31] INFO     物理断电静置 25.0s
[2026-04-09 00:07:56] INFO     【结论】 [PASS] 成功关键字: voice_msgnum:10
[2026-04-09 00:07:56] INFO     统计 -> 成功: 209 | 失败: 0 | 异常: 0 | 成功率: 100.0%
[2026-04-09 00:07:56] INFO     
-------------------- 第 210 轮 | 最大监听: 28.9s --------------------
[2026-04-09 00:07:56] INFO     继电器 ON (开始充电)
[2026-04-09 00:07:56] INFO     继电器执行 -> ON
[2026-04-09 00:08:08] INFO     捕获目标指令: voice_msgnum:10
[2026-04-09 00:08:08] INFO     状态维稳，保持闭合 25.0s
[2026-04-09 00:08:33] INFO     继电器 OFF (切断充电)
[2026-04-09 00:08:33] INFO     继电器执行 -> OFF
[2026-04-09 00:08:33] INFO     物理断电静置 25.0s
[2026-04-09 00:08:58] INFO     【结论】 [PASS] 成功关键字: voice_msgnum:10
[2026-04-09 00:08:58] INFO     统计 -> 成功: 210 | 失败: 0 | 异常: 0 | 成功率: 100.0%
[2026-04-09 00:08:58] INFO     
-------------------- 第 211 轮 | 最大监听: 29.5s --------------------
[2026-04-09 00:08:58] INFO     继电器 ON (开始充电)
[2026-04-09 00:08:58] INFO     继电器执行 -> ON
[2026-04-09 00:09:09] INFO     捕获目标指令: voice_msgnum:10
[2026-04-09 00:09:09] INFO     状态维稳，保持闭合 25.0s
[2026-04-09 00:09:34] INFO     继电器 OFF (切断充电)
[2026-04-09 00:09:34] INFO     继电器执行 -> OFF
[2026-04-09 00:09:34] INFO     物理断电静置 25.0s
[2026-04-09 00:09:59] INFO     【结论】 [PASS] 成功关键字: voice_msgnum:10
[2026-04-09 00:09:59] INFO     统计 -> 成功: 211 | 失败: 0 | 异常: 0 | 成功率: 100.0%
[2026-04-09 00:09:59] INFO     
-------------------- 第 212 轮 | 最大监听: 25.9s --------------------
[2026-04-09 00:09:59] INFO     继电器 ON (开始充电)
[2026-04-09 00:10:00] INFO     继电器执行 -> ON
[2026-04-09 00:10:11] INFO     捕获目标指令: voice_msgnum:10
[2026-04-09 00:10:11] INFO     状态维稳，保持闭合 25.0s
[2026-04-09 00:10:36] INFO     继电器 OFF (切断充电)
[2026-04-09 00:10:36] INFO     继电器执行 -> OFF
[2026-04-09 00:10:36] INFO     物理断电静置 25.0s
[2026-04-09 00:11:01] INFO     【结论】 [PASS] 成功关键字: voice_msgnum:10
[2026-04-09 00:11:01] INFO     统计 -> 成功: 212 | 失败: 0 | 异常: 0 | 成功率: 100.0%
[2026-04-09 00:11:01] INFO     
-------------------- 第 213 轮 | 最大监听: 29.3s --------------------
[2026-04-09 00:11:01] INFO     继电器 ON (开始充电)
[2026-04-09 00:11:01] INFO     继电器执行 -> ON
[2026-04-09 00:11:05] INFO     捕获目标指令: voice_msgnum:9
[2026-04-09 00:11:05] INFO     状态维稳，保持闭合 25.0s
[2026-04-09 00:11:13] INFO     捕获目标指令: voice_msgnum:10
[2026-04-09 00:11:30] INFO     继电器 OFF (切断充电)
[2026-04-09 00:11:30] INFO     继电器执行 -> OFF
[2026-04-09 00:11:30] INFO     物理断电静置 25.0s
[2026-04-09 00:11:55] INFO     【结论】 [PASS] 成功关键字: voice_msgnum:9
[2026-04-09 00:11:55] INFO     统计 -> 成功: 213 | 失败: 0 | 异常: 0 | 成功率: 100.0%
[2026-04-09 00:11:55] INFO     
-------------------- 第 214 轮 | 最大监听: 29.1s --------------------
[2026-04-09 00:11:55] INFO     继电器 ON (开始充电)
[2026-04-09 00:11:55] INFO     继电器执行 -> ON
[2026-04-09 00:11:57] INFO     捕获目标指令: voice_msgnum:9
[2026-04-09 00:11:57] INFO     状态维稳，保持闭合 25.0s
[2026-04-09 00:12:07] INFO     捕获目标指令: voice_msgnum:10
[2026-04-09 00:12:22] INFO     继电器 OFF (切断充电)
[2026-04-09 00:12:22] INFO     继电器执行 -> OFF
[2026-04-09 00:12:22] INFO     物理断电静置 25.0s
[2026-04-09 00:12:47] INFO     【结论】 [PASS] 成功关键字: voice_msgnum:9
[2026-04-09 00:12:47] INFO     统计 -> 成功: 214 | 失败: 0 | 异常: 0 | 成功率: 100.0%
[2026-04-09 00:12:47] INFO     
-------------------- 第 215 轮 | 最大监听: 28.0s --------------------
[2026-04-09 00:12:47] INFO     继电器 ON (开始充电)
[2026-04-09 00:12:47] INFO     继电器执行 -> ON
[2026-04-09 00:12:49] INFO     捕获目标指令: voice_msgnum:9
[2026-04-09 00:12:49] INFO     状态维稳，保持闭合 25.0s
[2026-04-09 00:12:59] INFO     捕获目标指令: voice_msgnum:10
[2026-04-09 00:13:14] INFO     继电器 OFF (切断充电)
[2026-04-09 00:13:14] INFO     继电器执行 -> OFF
[2026-04-09 00:13:14] INFO     物理断电静置 25.0s
[2026-04-09 00:13:39] INFO     【结论】 [PASS] 成功关键字: voice_msgnum:9
[2026-04-09 00:13:39] INFO     统计 -> 成功: 215 | 失败: 0 | 异常: 0 | 成功率: 100.0%
[2026-04-09 00:13:39] INFO     
-------------------- 第 216 轮 | 最大监听: 26.2s --------------------
[2026-04-09 00:13:39] INFO     继电器 ON (开始充电)
[2026-04-09 00:13:39] INFO     继电器执行 -> ON
[2026-04-09 00:13:50] INFO     捕获目标指令: voice_msgnum:10
[2026-04-09 00:13:50] INFO     状态维稳，保持闭合 25.0s
[2026-04-09 00:14:15] INFO     继电器 OFF (切断充电)
[2026-04-09 00:14:15] INFO     继电器执行 -> OFF
[2026-04-09 00:14:15] INFO     物理断电静置 25.0s
[2026-04-09 00:14:40] INFO     【结论】 [PASS] 成功关键字: voice_msgnum:10
[2026-04-09 00:14:40] INFO     统计 -> 成功: 216 | 失败: 0 | 异常: 0 | 成功率: 100.0%
[2026-04-09 00:14:40] INFO     
-------------------- 第 217 轮 | 最大监听: 27.4s --------------------
[2026-04-09 00:14:40] INFO     继电器 ON (开始充电)
[2026-04-09 00:14:40] INFO     继电器执行 -> ON
[2026-04-09 00:14:42] INFO     捕获目标指令: voice_msgnum:9
[2026-04-09 00:14:42] INFO     状态维稳，保持闭合 25.0s
[2026-04-09 00:14:52] INFO     捕获目标指令: voice_msgnum:10
[2026-04-09 00:15:07] INFO     继电器 OFF (切断充电)
[2026-04-09 00:15:07] INFO     继电器执行 -> OFF
[2026-04-09 00:15:07] INFO     物理断电静置 25.0s
[2026-04-09 00:15:32] INFO     【结论】 [PASS] 成功关键字: voice_msgnum:9
[2026-04-09 00:15:32] INFO     统计 -> 成功: 217 | 失败: 0 | 异常: 0 | 成功率: 100.0%
[2026-04-09 00:15:32] INFO     
-------------------- 第 218 轮 | 最大监听: 28.6s --------------------
[2026-04-09 00:15:32] INFO     继电器 ON (开始充电)
[2026-04-09 00:15:32] INFO     继电器执行 -> ON
[2026-04-09 00:15:43] INFO     捕获目标指令: voice_msgnum:10
[2026-04-09 00:15:43] INFO     状态维稳，保持闭合 25.0s
[2026-04-09 00:16:08] INFO     继电器 OFF (切断充电)
[2026-04-09 00:16:08] INFO     继电器执行 -> OFF
[2026-04-09 00:16:08] INFO     物理断电静置 25.0s
[2026-04-09 00:16:33] INFO     【结论】 [PASS] 成功关键字: voice_msgnum:10
[2026-04-09 00:16:33] INFO     统计 -> 成功: 218 | 失败: 0 | 异常: 0 | 成功率: 100.0%
[2026-04-09 00:16:33] INFO     
-------------------- 第 219 轮 | 最大监听: 26.6s --------------------
[2026-04-09 00:16:33] INFO     继电器 ON (开始充电)
[2026-04-09 00:16:33] INFO     继电器执行 -> ON
[2026-04-09 00:16:35] INFO     捕获目标指令: voice_msgnum:9
[2026-04-09 00:16:35] INFO     状态维稳，保持闭合 25.0s
[2026-04-09 00:16:45] INFO     捕获目标指令: voice_msgnum:10
[2026-04-09 00:17:00] INFO     继电器 OFF (切断充电)
[2026-04-09 00:17:00] INFO     继电器执行 -> OFF
[2026-04-09 00:17:00] INFO     物理断电静置 25.0s
[2026-04-09 00:17:25] INFO     【结论】 [PASS] 成功关键字: voice_msgnum:9
[2026-04-09 00:17:25] INFO     统计 -> 成功: 219 | 失败: 0 | 异常: 0 | 成功率: 100.0%
[2026-04-09 00:17:25] INFO     
-------------------- 第 220 轮 | 最大监听: 27.8s --------------------
[2026-04-09 00:17:25] INFO     继电器 ON (开始充电)
[2026-04-09 00:17:25] INFO     继电器执行 -> ON
[2026-04-09 00:17:37] INFO     捕获目标指令: voice_msgnum:10
[2026-04-09 00:17:37] INFO     状态维稳，保持闭合 25.0s
[2026-04-09 00:18:02] INFO     继电器 OFF (切断充电)
[2026-04-09 00:18:02] INFO     继电器执行 -> OFF
[2026-04-09 00:18:02] INFO     物理断电静置 25.0s
[2026-04-09 00:18:27] INFO     【结论】 [PASS] 成功关键字: voice_msgnum:10
[2026-04-09 00:18:27] INFO     统计 -> 成功: 220 | 失败: 0 | 异常: 0 | 成功率: 100.0%
[2026-04-09 00:18:27] INFO     
-------------------- 第 221 轮 | 最大监听: 25.6s --------------------
[2026-04-09 00:18:27] INFO     继电器 ON (开始充电)
[2026-04-09 00:18:27] INFO     继电器执行 -> ON
[2026-04-09 00:18:38] INFO     捕获目标指令: voice_msgnum:10
[2026-04-09 00:18:38] INFO     状态维稳，保持闭合 25.0s
[2026-04-09 00:19:03] INFO     继电器 OFF (切断充电)
[2026-04-09 00:19:03] INFO     继电器执行 -> OFF
[2026-04-09 00:19:03] INFO     物理断电静置 25.0s
[2026-04-09 00:19:28] INFO     【结论】 [PASS] 成功关键字: voice_msgnum:10
[2026-04-09 00:19:28] INFO     统计 -> 成功: 221 | 失败: 0 | 异常: 0 | 成功率: 100.0%
[2026-04-09 00:19:28] INFO     
-------------------- 第 222 轮 | 最大监听: 27.7s --------------------
[2026-04-09 00:19:28] INFO     继电器 ON (开始充电)
[2026-04-09 00:19:28] INFO     继电器执行 -> ON
[2026-04-09 00:19:40] INFO     捕获目标指令: voice_msgnum:10
[2026-04-09 00:19:40] INFO     状态维稳，保持闭合 25.0s
[2026-04-09 00:20:05] INFO     继电器 OFF (切断充电)
[2026-04-09 00:20:05] INFO     继电器执行 -> OFF
[2026-04-09 00:20:05] INFO     物理断电静置 25.0s
[2026-04-09 00:20:30] INFO     【结论】 [PASS] 成功关键字: voice_msgnum:10
[2026-04-09 00:20:30] INFO     统计 -> 成功: 222 | 失败: 0 | 异常: 0 | 成功率: 100.0%
[2026-04-09 00:20:30] INFO     
-------------------- 第 223 轮 | 最大监听: 29.2s --------------------
[2026-04-09 00:20:30] INFO     继电器 ON (开始充电)
[2026-04-09 00:20:30] INFO     继电器执行 -> ON
[2026-04-09 00:20:41] INFO     捕获目标指令: voice_msgnum:10
[2026-04-09 00:20:41] INFO     状态维稳，保持闭合 25.0s
[2026-04-09 00:21:06] INFO     继电器 OFF (切断充电)
[2026-04-09 00:21:06] INFO     继电器执行 -> OFF
[2026-04-09 00:21:06] INFO     物理断电静置 25.0s
[2026-04-09 00:21:31] INFO     【结论】 [PASS] 成功关键字: voice_msgnum:10
[2026-04-09 00:21:31] INFO     统计 -> 成功: 223 | 失败: 0 | 异常: 0 | 成功率: 100.0%
[2026-04-09 00:21:31] INFO     
-------------------- 第 224 轮 | 最大监听: 25.5s --------------------
[2026-04-09 00:21:31] INFO     继电器 ON (开始充电)
[2026-04-09 00:21:31] INFO     继电器执行 -> ON
[2026-04-09 00:21:43] INFO     捕获目标指令: voice_msgnum:10
[2026-04-09 00:21:43] INFO     状态维稳，保持闭合 25.0s
[2026-04-09 00:22:08] INFO     继电器 OFF (切断充电)
[2026-04-09 00:22:08] INFO     继电器执行 -> OFF
[2026-04-09 00:22:08] INFO     物理断电静置 25.0s
[2026-04-09 00:22:33] INFO     【结论】 [PASS] 成功关键字: voice_msgnum:10
[2026-04-09 00:22:33] INFO     统计 -> 成功: 224 | 失败: 0 | 异常: 0 | 成功率: 100.0%
[2026-04-09 00:22:33] INFO     
-------------------- 第 225 轮 | 最大监听: 28.3s --------------------
[2026-04-09 00:22:33] INFO     继电器 ON (开始充电)
[2026-04-09 00:22:33] INFO     继电器执行 -> ON
[2026-04-09 00:22:44] INFO     捕获目标指令: voice_msgnum:10
[2026-04-09 00:22:44] INFO     状态维稳，保持闭合 25.0s
[2026-04-09 00:23:09] INFO     继电器 OFF (切断充电)
[2026-04-09 00:23:10] INFO     继电器执行 -> OFF
[2026-04-09 00:23:10] INFO     物理断电静置 25.0s
[2026-04-09 00:23:35] INFO     【结论】 [PASS] 成功关键字: voice_msgnum:10
[2026-04-09 00:23:35] INFO     统计 -> 成功: 225 | 失败: 0 | 异常: 0 | 成功率: 100.0%
[2026-04-09 00:23:35] INFO     
-------------------- 第 226 轮 | 最大监听: 25.0s --------------------
[2026-04-09 00:23:35] INFO     继电器 ON (开始充电)
[2026-04-09 00:23:35] INFO     继电器执行 -> ON
[2026-04-09 00:23:36] INFO     捕获目标指令: voice_msgnum:9
[2026-04-09 00:23:36] INFO     状态维稳，保持闭合 25.0s
[2026-04-09 00:23:46] INFO     捕获目标指令: voice_msgnum:10
[2026-04-09 00:24:01] INFO     继电器 OFF (切断充电)
[2026-04-09 00:24:01] INFO     继电器执行 -> OFF
[2026-04-09 00:24:01] INFO     物理断电静置 25.0s
[2026-04-09 00:24:26] INFO     【结论】 [PASS] 成功关键字: voice_msgnum:9
[2026-04-09 00:24:26] INFO     统计 -> 成功: 226 | 失败: 0 | 异常: 0 | 成功率: 100.0%
[2026-04-09 00:24:26] INFO     
-------------------- 第 227 轮 | 最大监听: 28.9s --------------------
[2026-04-09 00:24:26] INFO     继电器 ON (开始充电)
[2026-04-09 00:24:26] INFO     继电器执行 -> ON
[2026-04-09 00:24:30] INFO     捕获目标指令: voice_msgnum:9
[2026-04-09 00:24:30] INFO     状态维稳，保持闭合 25.0s
[2026-04-09 00:24:38] INFO     捕获目标指令: voice_msgnum:10
[2026-04-09 00:24:55] INFO     继电器 OFF (切断充电)
[2026-04-09 00:24:55] INFO     继电器执行 -> OFF
[2026-04-09 00:24:55] INFO     物理断电静置 25.0s
[2026-04-09 00:25:20] INFO     【结论】 [PASS] 成功关键字: voice_msgnum:9
[2026-04-09 00:25:20] INFO     统计 -> 成功: 227 | 失败: 0 | 异常: 0 | 成功率: 100.0%
[2026-04-09 00:25:20] INFO     
-------------------- 第 228 轮 | 最大监听: 26.3s --------------------
[2026-04-09 00:25:20] INFO     继电器 ON (开始充电)
[2026-04-09 00:25:20] INFO     继电器执行 -> ON
[2026-04-09 00:25:32] INFO     捕获目标指令: voice_msgnum:10
[2026-04-09 00:25:32] INFO     状态维稳，保持闭合 25.0s
[2026-04-09 00:25:57] INFO     继电器 OFF (切断充电)
[2026-04-09 00:25:57] INFO     继电器执行 -> OFF
[2026-04-09 00:25:57] INFO     物理断电静置 25.0s
[2026-04-09 00:26:22] INFO     【结论】 [PASS] 成功关键字: voice_msgnum:10
[2026-04-09 00:26:22] INFO     统计 -> 成功: 228 | 失败: 0 | 异常: 0 | 成功率: 100.0%
[2026-04-09 00:26:22] INFO     
-------------------- 第 229 轮 | 最大监听: 29.0s --------------------
[2026-04-09 00:26:22] INFO     继电器 ON (开始充电)
[2026-04-09 00:26:22] INFO     继电器执行 -> ON
[2026-04-09 00:26:34] INFO     捕获目标指令: voice_msgnum:10
[2026-04-09 00:26:34] INFO     状态维稳，保持闭合 25.0s
[2026-04-09 00:26:59] INFO     继电器 OFF (切断充电)
[2026-04-09 00:26:59] INFO     继电器执行 -> OFF
[2026-04-09 00:26:59] INFO     物理断电静置 25.0s
[2026-04-09 00:27:24] INFO     【结论】 [PASS] 成功关键字: voice_msgnum:10
[2026-04-09 00:27:24] INFO     统计 -> 成功: 229 | 失败: 0 | 异常: 0 | 成功率: 100.0%
[2026-04-09 00:27:24] INFO     
-------------------- 第 230 轮 | 最大监听: 25.2s --------------------
[2026-04-09 00:27:24] INFO     继电器 ON (开始充电)
[2026-04-09 00:27:24] INFO     继电器执行 -> ON
[2026-04-09 00:27:35] INFO     捕获目标指令: voice_msgnum:10
[2026-04-09 00:27:35] INFO     状态维稳，保持闭合 25.0s
[2026-04-09 00:28:00] INFO     继电器 OFF (切断充电)
[2026-04-09 00:28:00] INFO     继电器执行 -> OFF
[2026-04-09 00:28:00] INFO     物理断电静置 25.0s
[2026-04-09 00:28:25] INFO     【结论】 [PASS] 成功关键字: voice_msgnum:10
[2026-04-09 00:28:25] INFO     统计 -> 成功: 230 | 失败: 0 | 异常: 0 | 成功率: 100.0%
[2026-04-09 00:28:25] INFO     
-------------------- 第 231 轮 | 最大监听: 26.5s --------------------
[2026-04-09 00:28:25] INFO     继电器 ON (开始充电)
[2026-04-09 00:28:25] INFO     继电器执行 -> ON
[2026-04-09 00:28:37] INFO     捕获目标指令: voice_msgnum:10
[2026-04-09 00:28:37] INFO     状态维稳，保持闭合 25.0s
[2026-04-09 00:29:02] INFO     继电器 OFF (切断充电)
[2026-04-09 00:29:02] INFO     继电器执行 -> OFF
[2026-04-09 00:29:02] INFO     物理断电静置 25.0s
[2026-04-09 00:29:27] INFO     【结论】 [PASS] 成功关键字: voice_msgnum:10
[2026-04-09 00:29:27] INFO     统计 -> 成功: 231 | 失败: 0 | 异常: 0 | 成功率: 100.0%
[2026-04-09 00:29:27] INFO     
-------------------- 第 232 轮 | 最大监听: 26.5s --------------------
[2026-04-09 00:29:27] INFO     继电器 ON (开始充电)
[2026-04-09 00:29:27] INFO     继电器执行 -> ON
[2026-04-09 00:29:38] INFO     捕获目标指令: voice_msgnum:10
[2026-04-09 00:29:38] INFO     状态维稳，保持闭合 25.0s
[2026-04-09 00:30:03] INFO     继电器 OFF (切断充电)
[2026-04-09 00:30:03] INFO     继电器执行 -> OFF
[2026-04-09 00:30:03] INFO     物理断电静置 25.0s
[2026-04-09 00:30:28] INFO     【结论】 [PASS] 成功关键字: voice_msgnum:10
[2026-04-09 00:30:28] INFO     统计 -> 成功: 232 | 失败: 0 | 异常: 0 | 成功率: 100.0%
[2026-04-09 00:30:28] INFO     
-------------------- 第 233 轮 | 最大监听: 26.1s --------------------
[2026-04-09 00:30:28] INFO     继电器 ON (开始充电)
[2026-04-09 00:30:28] INFO     继电器执行 -> ON
[2026-04-09 00:30:40] INFO     捕获目标指令: voice_msgnum:10
[2026-04-09 00:30:40] INFO     状态维稳，保持闭合 25.0s
[2026-04-09 00:31:05] INFO     继电器 OFF (切断充电)
[2026-04-09 00:31:05] INFO     继电器执行 -> OFF
[2026-04-09 00:31:05] INFO     物理断电静置 25.0s
[2026-04-09 00:31:30] INFO     【结论】 [PASS] 成功关键字: voice_msgnum:10
[2026-04-09 00:31:30] INFO     统计 -> 成功: 233 | 失败: 0 | 异常: 0 | 成功率: 100.0%
[2026-04-09 00:31:30] INFO     
-------------------- 第 234 轮 | 最大监听: 25.4s --------------------
[2026-04-09 00:31:30] INFO     继电器 ON (开始充电)
[2026-04-09 00:31:30] INFO     继电器执行 -> ON
[2026-04-09 00:31:42] INFO     捕获目标指令: voice_msgnum:10
[2026-04-09 00:31:42] INFO     状态维稳，保持闭合 25.0s
[2026-04-09 00:32:07] INFO     继电器 OFF (切断充电)
[2026-04-09 00:32:07] INFO     继电器执行 -> OFF
[2026-04-09 00:32:07] INFO     物理断电静置 25.0s
[2026-04-09 00:32:32] INFO     【结论】 [PASS] 成功关键字: voice_msgnum:10
[2026-04-09 00:32:32] INFO     统计 -> 成功: 234 | 失败: 0 | 异常: 0 | 成功率: 100.0%
[2026-04-09 00:32:32] INFO     
-------------------- 第 235 轮 | 最大监听: 29.6s --------------------
[2026-04-09 00:32:32] INFO     继电器 ON (开始充电)
[2026-04-09 00:32:32] INFO     继电器执行 -> ON
[2026-04-09 00:32:43] INFO     捕获目标指令: voice_msgnum:10
[2026-04-09 00:32:43] INFO     状态维稳，保持闭合 25.0s
[2026-04-09 00:33:08] INFO     继电器 OFF (切断充电)
[2026-04-09 00:33:08] INFO     继电器执行 -> OFF
[2026-04-09 00:33:08] INFO     物理断电静置 25.0s
[2026-04-09 00:33:33] INFO     【结论】 [PASS] 成功关键字: voice_msgnum:10
[2026-04-09 00:33:33] INFO     统计 -> 成功: 235 | 失败: 0 | 异常: 0 | 成功率: 100.0%
[2026-04-09 00:33:33] INFO     
-------------------- 第 236 轮 | 最大监听: 26.9s --------------------
[2026-04-09 00:33:33] INFO     继电器 ON (开始充电)
[2026-04-09 00:33:33] INFO     继电器执行 -> ON
[2026-04-09 00:33:45] INFO     捕获目标指令: voice_msgnum:10
[2026-04-09 00:33:45] INFO     状态维稳，保持闭合 25.0s
[2026-04-09 00:34:10] INFO     继电器 OFF (切断充电)
[2026-04-09 00:34:10] INFO     继电器执行 -> OFF
[2026-04-09 00:34:10] INFO     物理断电静置 25.0s
[2026-04-09 00:34:35] INFO     【结论】 [PASS] 成功关键字: voice_msgnum:10
[2026-04-09 00:34:35] INFO     统计 -> 成功: 236 | 失败: 0 | 异常: 0 | 成功率: 100.0%
[2026-04-09 00:34:35] INFO     
-------------------- 第 237 轮 | 最大监听: 26.4s --------------------
[2026-04-09 00:34:35] INFO     继电器 ON (开始充电)
[2026-04-09 00:34:35] INFO     继电器执行 -> ON
[2026-04-09 00:34:46] INFO     捕获目标指令: voice_msgnum:10
[2026-04-09 00:34:46] INFO     状态维稳，保持闭合 25.0s
[2026-04-09 00:35:11] INFO     继电器 OFF (切断充电)
[2026-04-09 00:35:11] INFO     继电器执行 -> OFF
[2026-04-09 00:35:11] INFO     物理断电静置 25.0s
[2026-04-09 00:35:36] INFO     【结论】 [PASS] 成功关键字: voice_msgnum:10
[2026-04-09 00:35:36] INFO     统计 -> 成功: 237 | 失败: 0 | 异常: 0 | 成功率: 100.0%
[2026-04-09 00:35:36] INFO     
-------------------- 第 238 轮 | 最大监听: 27.3s --------------------
[2026-04-09 00:35:36] INFO     继电器 ON (开始充电)
[2026-04-09 00:35:36] INFO     继电器执行 -> ON
[2026-04-09 00:35:48] INFO     捕获目标指令: voice_msgnum:10
[2026-04-09 00:35:48] INFO     状态维稳，保持闭合 25.0s
[2026-04-09 00:36:13] INFO     继电器 OFF (切断充电)
[2026-04-09 00:36:13] INFO     继电器执行 -> OFF
[2026-04-09 00:36:13] INFO     物理断电静置 25.0s
[2026-04-09 00:36:38] INFO     【结论】 [PASS] 成功关键字: voice_msgnum:10
[2026-04-09 00:36:38] INFO     统计 -> 成功: 238 | 失败: 0 | 异常: 0 | 成功率: 100.0%
[2026-04-09 00:36:38] INFO     
-------------------- 第 239 轮 | 最大监听: 25.4s --------------------
[2026-04-09 00:36:38] INFO     继电器 ON (开始充电)
[2026-04-09 00:36:38] INFO     继电器执行 -> ON
[2026-04-09 00:36:50] INFO     捕获目标指令: voice_msgnum:10
[2026-04-09 00:36:50] INFO     状态维稳，保持闭合 25.0s
[2026-04-09 00:37:15] INFO     继电器 OFF (切断充电)
[2026-04-09 00:37:15] INFO     继电器执行 -> OFF
[2026-04-09 00:37:15] INFO     物理断电静置 25.0s
[2026-04-09 00:37:40] INFO     【结论】 [PASS] 成功关键字: voice_msgnum:10
[2026-04-09 00:37:40] INFO     统计 -> 成功: 239 | 失败: 0 | 异常: 0 | 成功率: 100.0%
[2026-04-09 00:37:40] INFO     
-------------------- 第 240 轮 | 最大监听: 27.6s --------------------
[2026-04-09 00:37:40] INFO     继电器 ON (开始充电)
[2026-04-09 00:37:40] INFO     继电器执行 -> ON
[2026-04-09 00:37:51] INFO     捕获目标指令: voice_msgnum:10
[2026-04-09 00:37:51] INFO     状态维稳，保持闭合 25.0s
[2026-04-09 00:38:16] INFO     继电器 OFF (切断充电)
[2026-04-09 00:38:16] INFO     继电器执行 -> OFF
[2026-04-09 00:38:16] INFO     物理断电静置 25.0s
[2026-04-09 00:38:41] INFO     【结论】 [PASS] 成功关键字: voice_msgnum:10
[2026-04-09 00:38:41] INFO     统计 -> 成功: 240 | 失败: 0 | 异常: 0 | 成功率: 100.0%
[2026-04-09 00:38:41] INFO     
-------------------- 第 241 轮 | 最大监听: 27.0s --------------------
[2026-04-09 00:38:41] INFO     继电器 ON (开始充电)
[2026-04-09 00:38:41] INFO     继电器执行 -> ON
[2026-04-09 00:38:43] INFO     捕获目标指令: voice_msgnum:9
[2026-04-09 00:38:43] INFO     状态维稳，保持闭合 25.0s
[2026-04-09 00:38:53] INFO     捕获目标指令: voice_msgnum:10
[2026-04-09 00:39:08] INFO     继电器 OFF (切断充电)
[2026-04-09 00:39:08] INFO     继电器执行 -> OFF
[2026-04-09 00:39:08] INFO     物理断电静置 25.0s
[2026-04-09 00:39:33] INFO     【结论】 [PASS] 成功关键字: voice_msgnum:9
[2026-04-09 00:39:33] INFO     统计 -> 成功: 241 | 失败: 0 | 异常: 0 | 成功率: 100.0%
[2026-04-09 00:39:33] INFO     
-------------------- 第 242 轮 | 最大监听: 29.0s --------------------
[2026-04-09 00:39:33] INFO     继电器 ON (开始充电)
[2026-04-09 00:39:33] INFO     继电器执行 -> ON
[2026-04-09 00:39:44] INFO     捕获目标指令: voice_msgnum:10
[2026-04-09 00:39:44] INFO     状态维稳，保持闭合 25.0s
[2026-04-09 00:40:09] INFO     继电器 OFF (切断充电)
[2026-04-09 00:40:09] INFO     继电器执行 -> OFF
[2026-04-09 00:40:09] INFO     物理断电静置 25.0s
[2026-04-09 00:40:34] INFO     【结论】 [PASS] 成功关键字: voice_msgnum:10
[2026-04-09 00:40:34] INFO     统计 -> 成功: 242 | 失败: 0 | 异常: 0 | 成功率: 100.0%
[2026-04-09 00:40:34] INFO     
-------------------- 第 243 轮 | 最大监听: 25.5s --------------------
[2026-04-09 00:40:34] INFO     继电器 ON (开始充电)
[2026-04-09 00:40:34] INFO     继电器执行 -> ON
[2026-04-09 00:40:46] INFO     捕获目标指令: voice_msgnum:10
[2026-04-09 00:40:46] INFO     状态维稳，保持闭合 25.0s
[2026-04-09 00:41:11] INFO     继电器 OFF (切断充电)
[2026-04-09 00:41:11] INFO     继电器执行 -> OFF
[2026-04-09 00:41:11] INFO     物理断电静置 25.0s
[2026-04-09 00:41:36] INFO     【结论】 [PASS] 成功关键字: voice_msgnum:10
[2026-04-09 00:41:36] INFO     统计 -> 成功: 243 | 失败: 0 | 异常: 0 | 成功率: 100.0%
[2026-04-09 00:41:36] INFO     
-------------------- 第 244 轮 | 最大监听: 30.0s --------------------
[2026-04-09 00:41:36] INFO     继电器 ON (开始充电)
[2026-04-09 00:41:36] INFO     继电器执行 -> ON
[2026-04-09 00:41:48] INFO     捕获目标指令: voice_msgnum:10
[2026-04-09 00:41:48] INFO     状态维稳，保持闭合 25.0s
[2026-04-09 00:42:13] INFO     继电器 OFF (切断充电)
[2026-04-09 00:42:13] INFO     继电器执行 -> OFF
[2026-04-09 00:42:13] INFO     物理断电静置 25.0s
[2026-04-09 00:42:38] INFO     【结论】 [PASS] 成功关键字: voice_msgnum:10
[2026-04-09 00:42:38] INFO     统计 -> 成功: 244 | 失败: 0 | 异常: 0 | 成功率: 100.0%
[2026-04-09 00:42:38] INFO     
-------------------- 第 245 轮 | 最大监听: 25.6s --------------------
[2026-04-09 00:42:38] INFO     继电器 ON (开始充电)
[2026-04-09 00:42:38] INFO     继电器执行 -> ON
[2026-04-09 00:42:49] INFO     捕获目标指令: voice_msgnum:10
[2026-04-09 00:42:49] INFO     状态维稳，保持闭合 25.0s
[2026-04-09 00:43:14] INFO     继电器 OFF (切断充电)
[2026-04-09 00:43:14] INFO     继电器执行 -> OFF
[2026-04-09 00:43:14] INFO     物理断电静置 25.0s
[2026-04-09 00:43:39] INFO     【结论】 [PASS] 成功关键字: voice_msgnum:10
[2026-04-09 00:43:39] INFO     统计 -> 成功: 245 | 失败: 0 | 异常: 0 | 成功率: 100.0%
[2026-04-09 00:43:39] INFO     
-------------------- 第 246 轮 | 最大监听: 27.1s --------------------
[2026-04-09 00:43:39] INFO     继电器 ON (开始充电)
[2026-04-09 00:43:39] INFO     继电器执行 -> ON
[2026-04-09 00:43:51] INFO     捕获目标指令: voice_msgnum:10
[2026-04-09 00:43:51] INFO     状态维稳，保持闭合 25.0s
[2026-04-09 00:44:16] INFO     继电器 OFF (切断充电)
[2026-04-09 00:44:16] INFO     继电器执行 -> OFF
[2026-04-09 00:44:16] INFO     物理断电静置 25.0s
[2026-04-09 00:44:41] INFO     【结论】 [PASS] 成功关键字: voice_msgnum:10
[2026-04-09 00:44:41] INFO     统计 -> 成功: 246 | 失败: 0 | 异常: 0 | 成功率: 100.0%
[2026-04-09 00:44:41] INFO     
-------------------- 第 247 轮 | 最大监听: 28.5s --------------------
[2026-04-09 00:44:41] INFO     继电器 ON (开始充电)
[2026-04-09 00:44:41] INFO     继电器执行 -> ON
[2026-04-09 00:44:52] INFO     捕获目标指令: voice_msgnum:10
[2026-04-09 00:44:52] INFO     状态维稳，保持闭合 25.0s
[2026-04-09 00:45:17] INFO     继电器 OFF (切断充电)
[2026-04-09 00:45:17] INFO     继电器执行 -> OFF
[2026-04-09 00:45:17] INFO     物理断电静置 25.0s
[2026-04-09 00:45:42] INFO     【结论】 [PASS] 成功关键字: voice_msgnum:10
[2026-04-09 00:45:42] INFO     统计 -> 成功: 247 | 失败: 0 | 异常: 0 | 成功率: 100.0%
[2026-04-09 00:45:42] INFO     
-------------------- 第 248 轮 | 最大监听: 28.2s --------------------
[2026-04-09 00:45:42] INFO     继电器 ON (开始充电)
[2026-04-09 00:45:42] INFO     继电器执行 -> ON
[2026-04-09 00:45:44] INFO     捕获目标指令: voice_msgnum:9
[2026-04-09 00:45:44] INFO     状态维稳，保持闭合 25.0s
[2026-04-09 00:45:54] INFO     捕获目标指令: voice_msgnum:10
[2026-04-09 00:46:09] INFO     继电器 OFF (切断充电)
[2026-04-09 00:46:09] INFO     继电器执行 -> OFF
[2026-04-09 00:46:09] INFO     物理断电静置 25.0s
[2026-04-09 00:46:34] INFO     【结论】 [PASS] 成功关键字: voice_msgnum:9
[2026-04-09 00:46:34] INFO     统计 -> 成功: 248 | 失败: 0 | 异常: 0 | 成功率: 100.0%
[2026-04-09 00:46:34] INFO     
-------------------- 第 249 轮 | 最大监听: 25.7s --------------------
[2026-04-09 00:46:34] INFO     继电器 ON (开始充电)
[2026-04-09 00:46:34] INFO     继电器执行 -> ON
[2026-04-09 00:46:41] INFO     捕获目标指令: voice_msgnum:9
[2026-04-09 00:46:41] INFO     状态维稳，保持闭合 25.0s
[2026-04-09 00:46:46] INFO     捕获目标指令: voice_msgnum:10
[2026-04-09 00:47:06] INFO     继电器 OFF (切断充电)
[2026-04-09 00:47:06] INFO     继电器执行 -> OFF
[2026-04-09 00:47:06] INFO     物理断电静置 25.0s
[2026-04-09 00:47:31] INFO     【结论】 [PASS] 成功关键字: voice_msgnum:9
[2026-04-09 00:47:31] INFO     统计 -> 成功: 249 | 失败: 0 | 异常: 0 | 成功率: 100.0%
[2026-04-09 00:47:31] INFO     
-------------------- 第 250 轮 | 最大监听: 28.0s --------------------
[2026-04-09 00:47:31] INFO     继电器 ON (开始充电)
[2026-04-09 00:47:31] INFO     继电器执行 -> ON
[2026-04-09 00:47:43] INFO     捕获目标指令: voice_msgnum:10
[2026-04-09 00:47:43] INFO     状态维稳，保持闭合 25.0s
[2026-04-09 00:48:08] INFO     继电器 OFF (切断充电)
[2026-04-09 00:48:08] INFO     继电器执行 -> OFF
[2026-04-09 00:48:08] INFO     物理断电静置 25.0s
[2026-04-09 00:48:33] INFO     【结论】 [PASS] 成功关键字: voice_msgnum:10
[2026-04-09 00:48:33] INFO     统计 -> 成功: 250 | 失败: 0 | 异常: 0 | 成功率: 100.0%
[2026-04-09 00:48:33] INFO     
-------------------- 第 251 轮 | 最大监听: 29.4s --------------------
[2026-04-09 00:48:33] INFO     继电器 ON (开始充电)
[2026-04-09 00:48:33] INFO     继电器执行 -> ON
[2026-04-09 00:48:35] INFO     捕获目标指令: voice_msgnum:9
[2026-04-09 00:48:35] INFO     状态维稳，保持闭合 25.0s
[2026-04-09 00:48:45] INFO     捕获目标指令: voice_msgnum:10
[2026-04-09 00:49:00] INFO     继电器 OFF (切断充电)
[2026-04-09 00:49:00] INFO     继电器执行 -> OFF
[2026-04-09 00:49:00] INFO     物理断电静置 25.0s
[2026-04-09 00:49:25] INFO     【结论】 [PASS] 成功关键字: voice_msgnum:9
[2026-04-09 00:49:25] INFO     统计 -> 成功: 251 | 失败: 0 | 异常: 0 | 成功率: 100.0%
[2026-04-09 00:49:25] INFO     
-------------------- 第 252 轮 | 最大监听: 25.8s --------------------
[2026-04-09 00:49:25] INFO     继电器 ON (开始充电)
[2026-04-09 00:49:25] INFO     继电器执行 -> ON
[2026-04-09 00:49:36] INFO     捕获目标指令: voice_msgnum:10
[2026-04-09 00:49:36] INFO     状态维稳，保持闭合 25.0s
[2026-04-09 00:50:01] INFO     继电器 OFF (切断充电)
[2026-04-09 00:50:01] INFO     继电器执行 -> OFF
[2026-04-09 00:50:01] INFO     物理断电静置 25.0s
[2026-04-09 00:50:26] INFO     【结论】 [PASS] 成功关键字: voice_msgnum:10
[2026-04-09 00:50:26] INFO     统计 -> 成功: 252 | 失败: 0 | 异常: 0 | 成功率: 100.0%
[2026-04-09 00:50:26] INFO     
-------------------- 第 253 轮 | 最大监听: 28.8s --------------------
[2026-04-09 00:50:26] INFO     继电器 ON (开始充电)
[2026-04-09 00:50:26] INFO     继电器执行 -> ON
[2026-04-09 00:50:28] INFO     捕获目标指令: voice_msgnum:9
[2026-04-09 00:50:28] INFO     状态维稳，保持闭合 25.0s
[2026-04-09 00:50:38] INFO     捕获目标指令: voice_msgnum:10
[2026-04-09 00:50:53] INFO     继电器 OFF (切断充电)
[2026-04-09 00:50:53] INFO     继电器执行 -> OFF
[2026-04-09 00:50:53] INFO     物理断电静置 25.0s
[2026-04-09 00:51:18] INFO     【结论】 [PASS] 成功关键字: voice_msgnum:9
[2026-04-09 00:51:18] INFO     统计 -> 成功: 253 | 失败: 0 | 异常: 0 | 成功率: 100.0%
[2026-04-09 00:51:18] INFO     
-------------------- 第 254 轮 | 最大监听: 28.6s --------------------
[2026-04-09 00:51:18] INFO     继电器 ON (开始充电)
[2026-04-09 00:51:18] INFO     继电器执行 -> ON
[2026-04-09 00:51:29] INFO     捕获目标指令: voice_msgnum:10
[2026-04-09 00:51:29] INFO     状态维稳，保持闭合 25.0s
[2026-04-09 00:51:54] INFO     继电器 OFF (切断充电)
[2026-04-09 00:51:54] INFO     继电器执行 -> OFF
[2026-04-09 00:51:54] INFO     物理断电静置 25.0s
[2026-04-09 00:52:19] INFO     【结论】 [PASS] 成功关键字: voice_msgnum:10
[2026-04-09 00:52:19] INFO     统计 -> 成功: 254 | 失败: 0 | 异常: 0 | 成功率: 100.0%
[2026-04-09 00:52:19] INFO     
-------------------- 第 255 轮 | 最大监听: 30.0s --------------------
[2026-04-09 00:52:19] INFO     继电器 ON (开始充电)
[2026-04-09 00:52:19] INFO     继电器执行 -> ON
[2026-04-09 00:52:31] INFO     捕获目标指令: voice_msgnum:10
[2026-04-09 00:52:31] INFO     状态维稳，保持闭合 25.0s
[2026-04-09 00:52:56] INFO     继电器 OFF (切断充电)
[2026-04-09 00:52:56] INFO     继电器执行 -> OFF
[2026-04-09 00:52:56] INFO     物理断电静置 25.0s
[2026-04-09 00:53:21] INFO     【结论】 [PASS] 成功关键字: voice_msgnum:10
[2026-04-09 00:53:21] INFO     统计 -> 成功: 255 | 失败: 0 | 异常: 0 | 成功率: 100.0%
[2026-04-09 00:53:21] INFO     
-------------------- 第 256 轮 | 最大监听: 29.4s --------------------
[2026-04-09 00:53:21] INFO     继电器 ON (开始充电)
[2026-04-09 00:53:21] INFO     继电器执行 -> ON
[2026-04-09 00:53:32] INFO     捕获目标指令: voice_msgnum:10
[2026-04-09 00:53:32] INFO     状态维稳，保持闭合 25.0s
[2026-04-09 00:53:57] INFO     继电器 OFF (切断充电)
[2026-04-09 00:53:58] INFO     继电器执行 -> OFF
[2026-04-09 00:53:58] INFO     物理断电静置 25.0s
[2026-04-09 00:54:23] INFO     【结论】 [PASS] 成功关键字: voice_msgnum:10
[2026-04-09 00:54:23] INFO     统计 -> 成功: 256 | 失败: 0 | 异常: 0 | 成功率: 100.0%
[2026-04-09 00:54:23] INFO     
-------------------- 第 257 轮 | 最大监听: 26.3s --------------------
[2026-04-09 00:54:23] INFO     继电器 ON (开始充电)
[2026-04-09 00:54:23] INFO     继电器执行 -> ON
[2026-04-09 00:54:34] INFO     捕获目标指令: voice_msgnum:10
[2026-04-09 00:54:34] INFO     状态维稳，保持闭合 25.0s
[2026-04-09 00:54:59] INFO     继电器 OFF (切断充电)
[2026-04-09 00:54:59] INFO     继电器执行 -> OFF
[2026-04-09 00:54:59] INFO     物理断电静置 25.0s
[2026-04-09 00:55:24] INFO     【结论】 [PASS] 成功关键字: voice_msgnum:10
[2026-04-09 00:55:24] INFO     统计 -> 成功: 257 | 失败: 0 | 异常: 0 | 成功率: 100.0%
[2026-04-09 00:55:24] INFO     
-------------------- 第 258 轮 | 最大监听: 29.4s --------------------
[2026-04-09 00:55:24] INFO     继电器 ON (开始充电)
[2026-04-09 00:55:24] INFO     继电器执行 -> ON
[2026-04-09 00:55:36] INFO     捕获目标指令: voice_msgnum:10
[2026-04-09 00:55:36] INFO     状态维稳，保持闭合 25.0s
[2026-04-09 00:56:01] INFO     继电器 OFF (切断充电)
[2026-04-09 00:56:01] INFO     继电器执行 -> OFF
[2026-04-09 00:56:01] INFO     物理断电静置 25.0s
[2026-04-09 00:56:26] INFO     【结论】 [PASS] 成功关键字: voice_msgnum:10
[2026-04-09 00:56:26] INFO     统计 -> 成功: 258 | 失败: 0 | 异常: 0 | 成功率: 100.0%
[2026-04-09 00:56:26] INFO     
-------------------- 第 259 轮 | 最大监听: 30.0s --------------------
[2026-04-09 00:56:26] INFO     继电器 ON (开始充电)
[2026-04-09 00:56:26] INFO     继电器执行 -> ON
[2026-04-09 00:56:37] INFO     捕获目标指令: voice_msgnum:10
[2026-04-09 00:56:37] INFO     状态维稳，保持闭合 25.0s
[2026-04-09 00:57:02] INFO     继电器 OFF (切断充电)
[2026-04-09 00:57:02] INFO     继电器执行 -> OFF
[2026-04-09 00:57:02] INFO     物理断电静置 25.0s
[2026-04-09 00:57:27] INFO     【结论】 [PASS] 成功关键字: voice_msgnum:10
[2026-04-09 00:57:27] INFO     统计 -> 成功: 259 | 失败: 0 | 异常: 0 | 成功率: 100.0%
[2026-04-09 00:57:27] INFO     
-------------------- 第 260 轮 | 最大监听: 25.6s --------------------
[2026-04-09 00:57:27] INFO     继电器 ON (开始充电)
[2026-04-09 00:57:27] INFO     继电器执行 -> ON
[2026-04-09 00:57:29] INFO     捕获目标指令: voice_msgnum:9
[2026-04-09 00:57:29] INFO     状态维稳，保持闭合 25.0s
[2026-04-09 00:57:39] INFO     捕获目标指令: voice_msgnum:10
[2026-04-09 00:57:54] INFO     继电器 OFF (切断充电)
[2026-04-09 00:57:54] INFO     继电器执行 -> OFF
[2026-04-09 00:57:54] INFO     物理断电静置 25.0s
[2026-04-09 00:58:19] INFO     【结论】 [PASS] 成功关键字: voice_msgnum:9
[2026-04-09 00:58:19] INFO     统计 -> 成功: 260 | 失败: 0 | 异常: 0 | 成功率: 100.0%
[2026-04-09 00:58:19] INFO     
-------------------- 第 261 轮 | 最大监听: 27.6s --------------------
[2026-04-09 00:58:19] INFO     继电器 ON (开始充电)
[2026-04-09 00:58:19] INFO     继电器执行 -> ON
[2026-04-09 00:58:30] INFO     捕获目标指令: voice_msgnum:10
[2026-04-09 00:58:30] INFO     状态维稳，保持闭合 25.0s
[2026-04-09 00:58:55] INFO     继电器 OFF (切断充电)
[2026-04-09 00:58:56] INFO     继电器执行 -> OFF
[2026-04-09 00:58:56] INFO     物理断电静置 25.0s
[2026-04-09 00:59:21] INFO     【结论】 [PASS] 成功关键字: voice_msgnum:10
[2026-04-09 00:59:21] INFO     统计 -> 成功: 261 | 失败: 0 | 异常: 0 | 成功率: 100.0%
[2026-04-09 00:59:21] INFO     
-------------------- 第 262 轮 | 最大监听: 26.8s --------------------
[2026-04-09 00:59:21] INFO     继电器 ON (开始充电)
[2026-04-09 00:59:21] INFO     继电器执行 -> ON
[2026-04-09 00:59:22] INFO     捕获目标指令: voice_msgnum:9
[2026-04-09 00:59:22] INFO     状态维稳，保持闭合 25.0s
[2026-04-09 00:59:32] INFO     捕获目标指令: voice_msgnum:10
[2026-04-09 00:59:47] INFO     继电器 OFF (切断充电)
[2026-04-09 00:59:47] INFO     继电器执行 -> OFF
[2026-04-09 00:59:47] INFO     物理断电静置 25.0s
[2026-04-09 01:00:12] INFO     【结论】 [PASS] 成功关键字: voice_msgnum:9
[2026-04-09 01:00:12] INFO     统计 -> 成功: 262 | 失败: 0 | 异常: 0 | 成功率: 100.0%
[2026-04-09 01:00:12] INFO     
-------------------- 第 263 轮 | 最大监听: 25.7s --------------------
[2026-04-09 01:00:12] INFO     继电器 ON (开始充电)
[2026-04-09 01:00:12] INFO     继电器执行 -> ON
[2026-04-09 01:00:24] INFO     捕获目标指令: voice_msgnum:10
[2026-04-09 01:00:24] INFO     状态维稳，保持闭合 25.0s
[2026-04-09 01:00:49] INFO     继电器 OFF (切断充电)
[2026-04-09 01:00:49] INFO     继电器执行 -> OFF
[2026-04-09 01:00:49] INFO     物理断电静置 25.0s
[2026-04-09 01:01:14] INFO     【结论】 [PASS] 成功关键字: voice_msgnum:10
[2026-04-09 01:01:14] INFO     统计 -> 成功: 263 | 失败: 0 | 异常: 0 | 成功率: 100.0%
[2026-04-09 01:01:14] INFO     
-------------------- 第 264 轮 | 最大监听: 25.7s --------------------
[2026-04-09 01:01:14] INFO     继电器 ON (开始充电)
[2026-04-09 01:01:14] INFO     继电器执行 -> ON
[2026-04-09 01:01:25] INFO     捕获目标指令: voice_msgnum:10
[2026-04-09 01:01:25] INFO     状态维稳，保持闭合 25.0s
[2026-04-09 01:01:50] INFO     继电器 OFF (切断充电)
[2026-04-09 01:01:50] INFO     继电器执行 -> OFF
[2026-04-09 01:01:50] INFO     物理断电静置 25.0s
[2026-04-09 01:02:15] INFO     【结论】 [PASS] 成功关键字: voice_msgnum:10
[2026-04-09 01:02:15] INFO     统计 -> 成功: 264 | 失败: 0 | 异常: 0 | 成功率: 100.0%
[2026-04-09 01:02:15] INFO     
-------------------- 第 265 轮 | 最大监听: 28.8s --------------------
[2026-04-09 01:02:15] INFO     继电器 ON (开始充电)
[2026-04-09 01:02:15] INFO     继电器执行 -> ON
[2026-04-09 01:02:17] INFO     捕获目标指令: voice_msgnum:9
[2026-04-09 01:02:17] INFO     状态维稳，保持闭合 25.0s
[2026-04-09 01:02:27] INFO     捕获目标指令: voice_msgnum:10
[2026-04-09 01:02:42] INFO     继电器 OFF (切断充电)
[2026-04-09 01:02:42] INFO     继电器执行 -> OFF
[2026-04-09 01:02:42] INFO     物理断电静置 25.0s
[2026-04-09 01:03:07] INFO     【结论】 [PASS] 成功关键字: voice_msgnum:9
[2026-04-09 01:03:07] INFO     统计 -> 成功: 265 | 失败: 0 | 异常: 0 | 成功率: 100.0%
[2026-04-09 01:03:07] INFO     
-------------------- 第 266 轮 | 最大监听: 27.9s --------------------
[2026-04-09 01:03:07] INFO     继电器 ON (开始充电)
[2026-04-09 01:03:07] INFO     继电器执行 -> ON
[2026-04-09 01:03:18] INFO     捕获目标指令: voice_msgnum:10
[2026-04-09 01:03:18] INFO     状态维稳，保持闭合 25.0s
[2026-04-09 01:03:43] INFO     继电器 OFF (切断充电)
[2026-04-09 01:03:44] INFO     继电器执行 -> OFF
[2026-04-09 01:03:44] INFO     物理断电静置 25.0s
[2026-04-09 01:04:09] INFO     【结论】 [PASS] 成功关键字: voice_msgnum:10
[2026-04-09 01:04:09] INFO     统计 -> 成功: 266 | 失败: 0 | 异常: 0 | 成功率: 100.0%
[2026-04-09 01:04:09] INFO     
-------------------- 第 267 轮 | 最大监听: 25.1s --------------------
[2026-04-09 01:04:09] INFO     继电器 ON (开始充电)
[2026-04-09 01:04:09] INFO     继电器执行 -> ON
[2026-04-09 01:04:10] INFO     捕获目标指令: voice_msgnum:9
[2026-04-09 01:04:10] INFO     状态维稳，保持闭合 25.0s
[2026-04-09 01:04:20] INFO     捕获目标指令: voice_msgnum:10
[2026-04-09 01:04:35] INFO     继电器 OFF (切断充电)
[2026-04-09 01:04:35] INFO     继电器执行 -> OFF
[2026-04-09 01:04:35] INFO     物理断电静置 25.0s
[2026-04-09 01:05:00] INFO     【结论】 [PASS] 成功关键字: voice_msgnum:9
[2026-04-09 01:05:00] INFO     统计 -> 成功: 267 | 失败: 0 | 异常: 0 | 成功率: 100.0%
[2026-04-09 01:05:00] INFO     
-------------------- 第 268 轮 | 最大监听: 25.4s --------------------
[2026-04-09 01:05:00] INFO     继电器 ON (开始充电)
[2026-04-09 01:05:00] INFO     继电器执行 -> ON
[2026-04-09 01:05:12] INFO     捕获目标指令: voice_msgnum:10
[2026-04-09 01:05:12] INFO     状态维稳，保持闭合 25.0s
[2026-04-09 01:05:37] INFO     继电器 OFF (切断充电)
[2026-04-09 01:05:37] INFO     继电器执行 -> OFF
[2026-04-09 01:05:37] INFO     物理断电静置 25.0s
[2026-04-09 01:06:02] INFO     【结论】 [PASS] 成功关键字: voice_msgnum:10
[2026-04-09 01:06:02] INFO     统计 -> 成功: 268 | 失败: 0 | 异常: 0 | 成功率: 100.0%
[2026-04-09 01:06:02] INFO     
-------------------- 第 269 轮 | 最大监听: 28.0s --------------------
[2026-04-09 01:06:02] INFO     继电器 ON (开始充电)
[2026-04-09 01:06:02] INFO     继电器执行 -> ON
[2026-04-09 01:06:06] INFO     捕获目标指令: voice_msgnum:9
[2026-04-09 01:06:06] INFO     状态维稳，保持闭合 25.0s
[2026-04-09 01:06:13] INFO     捕获目标指令: voice_msgnum:10
[2026-04-09 01:06:31] INFO     继电器 OFF (切断充电)
[2026-04-09 01:06:31] INFO     继电器执行 -> OFF
[2026-04-09 01:06:31] INFO     物理断电静置 25.0s
[2026-04-09 01:06:56] INFO     【结论】 [PASS] 成功关键字: voice_msgnum:9
[2026-04-09 01:06:56] INFO     统计 -> 成功: 269 | 失败: 0 | 异常: 0 | 成功率: 100.0%
[2026-04-09 01:06:56] INFO     
-------------------- 第 270 轮 | 最大监听: 28.0s --------------------
[2026-04-09 01:06:56] INFO     继电器 ON (开始充电)
[2026-04-09 01:06:56] INFO     继电器执行 -> ON
[2026-04-09 01:07:08] INFO     捕获目标指令: voice_msgnum:10
[2026-04-09 01:07:08] INFO     状态维稳，保持闭合 25.0s
[2026-04-09 01:07:33] INFO     继电器 OFF (切断充电)
[2026-04-09 01:07:33] INFO     继电器执行 -> OFF
[2026-04-09 01:07:33] INFO     物理断电静置 25.0s
[2026-04-09 01:07:58] INFO     【结论】 [PASS] 成功关键字: voice_msgnum:10
[2026-04-09 01:07:58] INFO     统计 -> 成功: 270 | 失败: 0 | 异常: 0 | 成功率: 100.0%
[2026-04-09 01:07:58] INFO     
-------------------- 第 271 轮 | 最大监听: 28.8s --------------------
[2026-04-09 01:07:58] INFO     继电器 ON (开始充电)
[2026-04-09 01:07:58] INFO     继电器执行 -> ON
[2026-04-09 01:07:59] INFO     捕获目标指令: voice_msgnum:9
[2026-04-09 01:07:59] INFO     状态维稳，保持闭合 25.0s
[2026-04-09 01:08:09] INFO     捕获目标指令: voice_msgnum:10
[2026-04-09 01:08:24] INFO     继电器 OFF (切断充电)
[2026-04-09 01:08:24] INFO     继电器执行 -> OFF
[2026-04-09 01:08:24] INFO     物理断电静置 25.0s
[2026-04-09 01:08:49] INFO     【结论】 [PASS] 成功关键字: voice_msgnum:9
[2026-04-09 01:08:49] INFO     统计 -> 成功: 271 | 失败: 0 | 异常: 0 | 成功率: 100.0%
[2026-04-09 01:08:49] INFO     
-------------------- 第 272 轮 | 最大监听: 27.1s --------------------
[2026-04-09 01:08:49] INFO     继电器 ON (开始充电)
[2026-04-09 01:08:49] INFO     继电器执行 -> ON
[2026-04-09 01:09:01] INFO     捕获目标指令: voice_msgnum:10
[2026-04-09 01:09:01] INFO     状态维稳，保持闭合 25.0s
[2026-04-09 01:09:26] INFO     继电器 OFF (切断充电)
[2026-04-09 01:09:26] INFO     继电器执行 -> OFF
[2026-04-09 01:09:26] INFO     物理断电静置 25.0s
[2026-04-09 01:09:51] INFO     【结论】 [PASS] 成功关键字: voice_msgnum:10
[2026-04-09 01:09:51] INFO     统计 -> 成功: 272 | 失败: 0 | 异常: 0 | 成功率: 100.0%
[2026-04-09 01:09:51] INFO     
-------------------- 第 273 轮 | 最大监听: 29.9s --------------------
[2026-04-09 01:09:51] INFO     继电器 ON (开始充电)
[2026-04-09 01:09:51] INFO     继电器执行 -> ON
[2026-04-09 01:10:01] INFO     捕获目标指令: voice_msgnum:9
[2026-04-09 01:10:01] INFO     状态维稳，保持闭合 25.0s
[2026-04-09 01:10:06] INFO     捕获目标指令: voice_msgnum:10
[2026-04-09 01:10:26] INFO     继电器 OFF (切断充电)
[2026-04-09 01:10:26] INFO     继电器执行 -> OFF
[2026-04-09 01:10:26] INFO     物理断电静置 25.0s
[2026-04-09 01:10:51] INFO     【结论】 [PASS] 成功关键字: voice_msgnum:9
[2026-04-09 01:10:51] INFO     统计 -> 成功: 273 | 失败: 0 | 异常: 0 | 成功率: 100.0%
[2026-04-09 01:10:51] INFO     
-------------------- 第 274 轮 | 最大监听: 26.6s --------------------
[2026-04-09 01:10:51] INFO     继电器 ON (开始充电)
[2026-04-09 01:10:51] INFO     继电器执行 -> ON
[2026-04-09 01:11:03] INFO     捕获目标指令: voice_msgnum:10
[2026-04-09 01:11:03] INFO     状态维稳，保持闭合 25.0s
[2026-04-09 01:11:28] INFO     继电器 OFF (切断充电)
[2026-04-09 01:11:28] INFO     继电器执行 -> OFF
[2026-04-09 01:11:28] INFO     物理断电静置 25.0s
[2026-04-09 01:11:53] INFO     【结论】 [PASS] 成功关键字: voice_msgnum:10
[2026-04-09 01:11:53] INFO     统计 -> 成功: 274 | 失败: 0 | 异常: 0 | 成功率: 100.0%
[2026-04-09 01:11:53] INFO     
-------------------- 第 275 轮 | 最大监听: 26.4s --------------------
[2026-04-09 01:11:53] INFO     继电器 ON (开始充电)
[2026-04-09 01:11:53] INFO     继电器执行 -> ON
[2026-04-09 01:12:04] INFO     捕获目标指令: voice_msgnum:10
[2026-04-09 01:12:04] INFO     状态维稳，保持闭合 25.0s
[2026-04-09 01:12:29] INFO     继电器 OFF (切断充电)
[2026-04-09 01:12:29] INFO     继电器执行 -> OFF
[2026-04-09 01:12:29] INFO     物理断电静置 25.0s
[2026-04-09 01:12:54] INFO     【结论】 [PASS] 成功关键字: voice_msgnum:10
[2026-04-09 01:12:54] INFO     统计 -> 成功: 275 | 失败: 0 | 异常: 0 | 成功率: 100.0%
[2026-04-09 01:12:54] INFO     
-------------------- 第 276 轮 | 最大监听: 29.2s --------------------
[2026-04-09 01:12:54] INFO     继电器 ON (开始充电)
[2026-04-09 01:12:55] INFO     继电器执行 -> ON
[2026-04-09 01:13:06] INFO     捕获目标指令: voice_msgnum:10
[2026-04-09 01:13:06] INFO     状态维稳，保持闭合 25.0s
[2026-04-09 01:13:31] INFO     继电器 OFF (切断充电)
[2026-04-09 01:13:31] INFO     继电器执行 -> OFF
[2026-04-09 01:13:31] INFO     物理断电静置 25.0s
[2026-04-09 01:13:56] INFO     【结论】 [PASS] 成功关键字: voice_msgnum:10
[2026-04-09 01:13:56] INFO     统计 -> 成功: 276 | 失败: 0 | 异常: 0 | 成功率: 100.0%
[2026-04-09 01:13:56] INFO     
-------------------- 第 277 轮 | 最大监听: 29.2s --------------------
[2026-04-09 01:13:56] INFO     继电器 ON (开始充电)
[2026-04-09 01:13:56] INFO     继电器执行 -> ON
[2026-04-09 01:14:08] INFO     捕获目标指令: voice_msgnum:10
[2026-04-09 01:14:08] INFO     状态维稳，保持闭合 25.0s
[2026-04-09 01:14:33] INFO     继电器 OFF (切断充电)
[2026-04-09 01:14:33] INFO     继电器执行 -> OFF
[2026-04-09 01:14:33] INFO     物理断电静置 25.0s
[2026-04-09 01:14:58] INFO     【结论】 [PASS] 成功关键字: voice_msgnum:10
[2026-04-09 01:14:58] INFO     统计 -> 成功: 277 | 失败: 0 | 异常: 0 | 成功率: 100.0%
[2026-04-09 01:14:58] INFO     
-------------------- 第 278 轮 | 最大监听: 29.7s --------------------
[2026-04-09 01:14:58] INFO     继电器 ON (开始充电)
[2026-04-09 01:14:58] INFO     继电器执行 -> ON
[2026-04-09 01:15:05] INFO     捕获目标指令: voice_msgnum:9
[2026-04-09 01:15:05] INFO     状态维稳，保持闭合 25.0s
[2026-04-09 01:15:10] INFO     捕获目标指令: voice_msgnum:10
[2026-04-09 01:15:30] INFO     继电器 OFF (切断充电)
[2026-04-09 01:15:30] INFO     继电器执行 -> OFF
[2026-04-09 01:15:30] INFO     物理断电静置 25.0s
[2026-04-09 01:15:55] INFO     【结论】 [PASS] 成功关键字: voice_msgnum:9
[2026-04-09 01:15:55] INFO     统计 -> 成功: 278 | 失败: 0 | 异常: 0 | 成功率: 100.0%
[2026-04-09 01:15:55] INFO     
-------------------- 第 279 轮 | 最大监听: 27.6s --------------------
[2026-04-09 01:15:55] INFO     继电器 ON (开始充电)
[2026-04-09 01:15:55] INFO     继电器执行 -> ON
[2026-04-09 01:16:07] INFO     捕获目标指令: voice_msgnum:10
[2026-04-09 01:16:07] INFO     状态维稳，保持闭合 25.0s
[2026-04-09 01:16:32] INFO     继电器 OFF (切断充电)
[2026-04-09 01:16:32] INFO     继电器执行 -> OFF
[2026-04-09 01:16:32] INFO     物理断电静置 25.0s
[2026-04-09 01:16:57] INFO     【结论】 [PASS] 成功关键字: voice_msgnum:10
[2026-04-09 01:16:57] INFO     统计 -> 成功: 279 | 失败: 0 | 异常: 0 | 成功率: 100.0%
[2026-04-09 01:16:57] INFO     
-------------------- 第 280 轮 | 最大监听: 29.4s --------------------
[2026-04-09 01:16:57] INFO     继电器 ON (开始充电)
[2026-04-09 01:16:57] INFO     继电器执行 -> ON
[2026-04-09 01:16:58] INFO     捕获目标指令: voice_msgnum:9
[2026-04-09 01:16:58] INFO     状态维稳，保持闭合 25.0s
[2026-04-09 01:17:09] INFO     捕获目标指令: voice_msgnum:10
[2026-04-09 01:17:24] INFO     继电器 OFF (切断充电)
[2026-04-09 01:17:24] INFO     继电器执行 -> OFF
[2026-04-09 01:17:24] INFO     物理断电静置 25.0s
[2026-04-09 01:17:49] INFO     【结论】 [PASS] 成功关键字: voice_msgnum:9
[2026-04-09 01:17:49] INFO     统计 -> 成功: 280 | 失败: 0 | 异常: 0 | 成功率: 100.0%
[2026-04-09 01:17:49] INFO     
-------------------- 第 281 轮 | 最大监听: 26.4s --------------------
[2026-04-09 01:17:49] INFO     继电器 ON (开始充电)
[2026-04-09 01:17:49] INFO     继电器执行 -> ON
[2026-04-09 01:18:00] INFO     捕获目标指令: voice_msgnum:10
[2026-04-09 01:18:00] INFO     状态维稳，保持闭合 25.0s
[2026-04-09 01:18:25] INFO     继电器 OFF (切断充电)
[2026-04-09 01:18:25] INFO     继电器执行 -> OFF
[2026-04-09 01:18:25] INFO     物理断电静置 25.0s
[2026-04-09 01:18:50] INFO     【结论】 [PASS] 成功关键字: voice_msgnum:10
[2026-04-09 01:18:50] INFO     统计 -> 成功: 281 | 失败: 0 | 异常: 0 | 成功率: 100.0%
[2026-04-09 01:18:50] INFO     
-------------------- 第 282 轮 | 最大监听: 26.8s --------------------
[2026-04-09 01:18:50] INFO     继电器 ON (开始充电)
[2026-04-09 01:18:50] INFO     继电器执行 -> ON
[2026-04-09 01:19:02] INFO     捕获目标指令: voice_msgnum:10
[2026-04-09 01:19:02] INFO     状态维稳，保持闭合 25.0s
[2026-04-09 01:19:27] INFO     继电器 OFF (切断充电)
[2026-04-09 01:19:27] INFO     继电器执行 -> OFF
[2026-04-09 01:19:27] INFO     物理断电静置 25.0s
[2026-04-09 01:19:52] INFO     【结论】 [PASS] 成功关键字: voice_msgnum:10
[2026-04-09 01:19:52] INFO     统计 -> 成功: 282 | 失败: 0 | 异常: 0 | 成功率: 100.0%
[2026-04-09 01:19:52] INFO     
-------------------- 第 283 轮 | 最大监听: 27.4s --------------------
[2026-04-09 01:19:52] INFO     继电器 ON (开始充电)
[2026-04-09 01:19:52] INFO     继电器执行 -> ON
[2026-04-09 01:20:03] INFO     捕获目标指令: voice_msgnum:10
[2026-04-09 01:20:03] INFO     状态维稳，保持闭合 25.0s
[2026-04-09 01:20:28] INFO     继电器 OFF (切断充电)
[2026-04-09 01:20:28] INFO     继电器执行 -> OFF
[2026-04-09 01:20:28] INFO     物理断电静置 25.0s
[2026-04-09 01:20:53] INFO     【结论】 [PASS] 成功关键字: voice_msgnum:10
[2026-04-09 01:20:53] INFO     统计 -> 成功: 283 | 失败: 0 | 异常: 0 | 成功率: 100.0%
[2026-04-09 01:20:53] INFO     
-------------------- 第 284 轮 | 最大监听: 26.2s --------------------
[2026-04-09 01:20:53] INFO     继电器 ON (开始充电)
[2026-04-09 01:20:53] INFO     继电器执行 -> ON
[2026-04-09 01:21:05] INFO     捕获目标指令: voice_msgnum:10
[2026-04-09 01:21:05] INFO     状态维稳，保持闭合 25.0s
[2026-04-09 01:21:30] INFO     继电器 OFF (切断充电)
[2026-04-09 01:21:30] INFO     继电器执行 -> OFF
[2026-04-09 01:21:30] INFO     物理断电静置 25.0s
[2026-04-09 01:21:55] INFO     【结论】 [PASS] 成功关键字: voice_msgnum:10
[2026-04-09 01:21:55] INFO     统计 -> 成功: 284 | 失败: 0 | 异常: 0 | 成功率: 100.0%
[2026-04-09 01:21:55] INFO     
-------------------- 第 285 轮 | 最大监听: 26.8s --------------------
[2026-04-09 01:21:55] INFO     继电器 ON (开始充电)
[2026-04-09 01:21:55] INFO     继电器执行 -> ON
[2026-04-09 01:22:06] INFO     捕获目标指令: voice_msgnum:10
[2026-04-09 01:22:06] INFO     状态维稳，保持闭合 25.0s
[2026-04-09 01:22:31] INFO     继电器 OFF (切断充电)
[2026-04-09 01:22:32] INFO     继电器执行 -> OFF
[2026-04-09 01:22:32] INFO     物理断电静置 25.0s
[2026-04-09 01:22:57] INFO     【结论】 [PASS] 成功关键字: voice_msgnum:10
[2026-04-09 01:22:57] INFO     统计 -> 成功: 285 | 失败: 0 | 异常: 0 | 成功率: 100.0%
[2026-04-09 01:22:57] INFO     
-------------------- 第 286 轮 | 最大监听: 28.7s --------------------
[2026-04-09 01:22:57] INFO     继电器 ON (开始充电)
[2026-04-09 01:22:57] INFO     继电器执行 -> ON
[2026-04-09 01:23:08] INFO     捕获目标指令: voice_msgnum:10
[2026-04-09 01:23:08] INFO     状态维稳，保持闭合 25.0s
[2026-04-09 01:23:33] INFO     继电器 OFF (切断充电)
[2026-04-09 01:23:33] INFO     继电器执行 -> OFF
[2026-04-09 01:23:33] INFO     物理断电静置 25.0s
[2026-04-09 01:23:58] INFO     【结论】 [PASS] 成功关键字: voice_msgnum:10
[2026-04-09 01:23:58] INFO     统计 -> 成功: 286 | 失败: 0 | 异常: 0 | 成功率: 100.0%
[2026-04-09 01:23:58] INFO     
-------------------- 第 287 轮 | 最大监听: 27.0s --------------------
[2026-04-09 01:23:58] INFO     继电器 ON (开始充电)
[2026-04-09 01:23:58] INFO     继电器执行 -> ON
[2026-04-09 01:24:00] INFO     捕获目标指令: voice_msgnum:9
[2026-04-09 01:24:00] INFO     状态维稳，保持闭合 25.0s
[2026-04-09 01:24:10] INFO     捕获目标指令: voice_msgnum:10
[2026-04-09 01:24:25] INFO     继电器 OFF (切断充电)
[2026-04-09 01:24:25] INFO     继电器执行 -> OFF
[2026-04-09 01:24:25] INFO     物理断电静置 25.0s
[2026-04-09 01:24:50] INFO     【结论】 [PASS] 成功关键字: voice_msgnum:9
[2026-04-09 01:24:50] INFO     统计 -> 成功: 287 | 失败: 0 | 异常: 0 | 成功率: 100.0%
[2026-04-09 01:24:50] INFO     
-------------------- 第 288 轮 | 最大监听: 28.7s --------------------
[2026-04-09 01:24:50] INFO     继电器 ON (开始充电)
[2026-04-09 01:24:50] INFO     继电器执行 -> ON
[2026-04-09 01:24:51] INFO     捕获目标指令: voice_msgnum:9
[2026-04-09 01:24:51] INFO     状态维稳，保持闭合 25.0s
[2026-04-09 01:25:01] INFO     捕获目标指令: voice_msgnum:10
[2026-04-09 01:25:16] INFO     继电器 OFF (切断充电)
[2026-04-09 01:25:16] INFO     继电器执行 -> OFF
[2026-04-09 01:25:16] INFO     物理断电静置 25.0s
[2026-04-09 01:25:41] INFO     【结论】 [PASS] 成功关键字: voice_msgnum:9
[2026-04-09 01:25:41] INFO     统计 -> 成功: 288 | 失败: 0 | 异常: 0 | 成功率: 100.0%
[2026-04-09 01:25:41] INFO     
-------------------- 第 289 轮 | 最大监听: 29.7s --------------------
[2026-04-09 01:25:41] INFO     继电器 ON (开始充电)
[2026-04-09 01:25:41] INFO     继电器执行 -> ON
[2026-04-09 01:25:43] INFO     捕获目标指令: voice_msgnum:9
[2026-04-09 01:25:43] INFO     状态维稳，保持闭合 25.0s
[2026-04-09 01:25:53] INFO     捕获目标指令: voice_msgnum:10
[2026-04-09 01:26:08] INFO     继电器 OFF (切断充电)
[2026-04-09 01:26:08] INFO     继电器执行 -> OFF
[2026-04-09 01:26:08] INFO     物理断电静置 25.0s
[2026-04-09 01:26:33] INFO     【结论】 [PASS] 成功关键字: voice_msgnum:9
[2026-04-09 01:26:33] INFO     统计 -> 成功: 289 | 失败: 0 | 异常: 0 | 成功率: 100.0%
[2026-04-09 01:26:33] INFO     
-------------------- 第 290 轮 | 最大监听: 27.5s --------------------
[2026-04-09 01:26:33] INFO     继电器 ON (开始充电)
[2026-04-09 01:26:33] INFO     继电器执行 -> ON
[2026-04-09 01:26:34] INFO     捕获目标指令: voice_msgnum:9
[2026-04-09 01:26:34] INFO     状态维稳，保持闭合 25.0s
[2026-04-09 01:26:45] INFO     捕获目标指令: voice_msgnum:10
[2026-04-09 01:26:59] INFO     继电器 OFF (切断充电)
[2026-04-09 01:27:00] INFO     继电器执行 -> OFF
[2026-04-09 01:27:00] INFO     物理断电静置 25.0s
[2026-04-09 01:27:25] INFO     【结论】 [PASS] 成功关键字: voice_msgnum:9
[2026-04-09 01:27:25] INFO     统计 -> 成功: 290 | 失败: 0 | 异常: 0 | 成功率: 100.0%
[2026-04-09 01:27:25] INFO     
-------------------- 第 291 轮 | 最大监听: 29.0s --------------------
[2026-04-09 01:27:25] INFO     继电器 ON (开始充电)
[2026-04-09 01:27:25] INFO     继电器执行 -> ON
[2026-04-09 01:27:36] INFO     捕获目标指令: voice_msgnum:10
[2026-04-09 01:27:36] INFO     状态维稳，保持闭合 25.0s
[2026-04-09 01:28:01] INFO     继电器 OFF (切断充电)
[2026-04-09 01:28:01] INFO     继电器执行 -> OFF
[2026-04-09 01:28:01] INFO     物理断电静置 25.0s
[2026-04-09 01:28:26] INFO     【结论】 [PASS] 成功关键字: voice_msgnum:10
[2026-04-09 01:28:26] INFO     统计 -> 成功: 291 | 失败: 0 | 异常: 0 | 成功率: 100.0%
[2026-04-09 01:28:26] INFO     
-------------------- 第 292 轮 | 最大监听: 26.1s --------------------
[2026-04-09 01:28:26] INFO     继电器 ON (开始充电)
[2026-04-09 01:28:26] INFO     继电器执行 -> ON
[2026-04-09 01:28:28] INFO     捕获目标指令: voice_msgnum:9
[2026-04-09 01:28:28] INFO     状态维稳，保持闭合 25.0s
[2026-04-09 01:28:38] INFO     捕获目标指令: voice_msgnum:10
[2026-04-09 01:28:53] INFO     继电器 OFF (切断充电)
[2026-04-09 01:28:53] INFO     继电器执行 -> OFF
[2026-04-09 01:28:53] INFO     物理断电静置 25.0s
[2026-04-09 01:29:18] INFO     【结论】 [PASS] 成功关键字: voice_msgnum:9
[2026-04-09 01:29:18] INFO     统计 -> 成功: 292 | 失败: 0 | 异常: 0 | 成功率: 100.0%
[2026-04-09 01:29:18] INFO     
-------------------- 第 293 轮 | 最大监听: 26.8s --------------------
[2026-04-09 01:29:18] INFO     继电器 ON (开始充电)
[2026-04-09 01:29:18] INFO     继电器执行 -> ON
[2026-04-09 01:29:22] INFO     捕获目标指令: voice_msgnum:9
[2026-04-09 01:29:22] INFO     状态维稳，保持闭合 25.0s
[2026-04-09 01:29:29] INFO     捕获目标指令: voice_msgnum:10
[2026-04-09 01:29:47] INFO     继电器 OFF (切断充电)
[2026-04-09 01:29:47] INFO     继电器执行 -> OFF
[2026-04-09 01:29:47] INFO     物理断电静置 25.0s
[2026-04-09 01:30:12] INFO     【结论】 [PASS] 成功关键字: voice_msgnum:9
[2026-04-09 01:30:12] INFO     统计 -> 成功: 293 | 失败: 0 | 异常: 0 | 成功率: 100.0%
[2026-04-09 01:30:12] INFO     
-------------------- 第 294 轮 | 最大监听: 29.1s --------------------
[2026-04-09 01:30:12] INFO     继电器 ON (开始充电)
[2026-04-09 01:30:12] INFO     继电器执行 -> ON
[2026-04-09 01:30:14] INFO     捕获目标指令: voice_msgnum:9
[2026-04-09 01:30:14] INFO     状态维稳，保持闭合 25.0s
[2026-04-09 01:30:24] INFO     捕获目标指令: voice_msgnum:10
[2026-04-09 01:30:39] INFO     继电器 OFF (切断充电)
[2026-04-09 01:30:39] INFO     继电器执行 -> OFF
[2026-04-09 01:30:39] INFO     物理断电静置 25.0s
[2026-04-09 01:31:04] INFO     【结论】 [PASS] 成功关键字: voice_msgnum:9
[2026-04-09 01:31:04] INFO     统计 -> 成功: 294 | 失败: 0 | 异常: 0 | 成功率: 100.0%
[2026-04-09 01:31:04] INFO     
-------------------- 第 295 轮 | 最大监听: 25.4s --------------------
[2026-04-09 01:31:04] INFO     继电器 ON (开始充电)
[2026-04-09 01:31:04] INFO     继电器执行 -> ON
[2026-04-09 01:31:05] INFO     捕获目标指令: voice_msgnum:9
[2026-04-09 01:31:05] INFO     状态维稳，保持闭合 25.0s
[2026-04-09 01:31:15] INFO     捕获目标指令: voice_msgnum:10
[2026-04-09 01:31:30] INFO     继电器 OFF (切断充电)
[2026-04-09 01:31:30] INFO     继电器执行 -> OFF
[2026-04-09 01:31:30] INFO     物理断电静置 25.0s
[2026-04-09 01:31:55] INFO     【结论】 [PASS] 成功关键字: voice_msgnum:9
[2026-04-09 01:31:55] INFO     统计 -> 成功: 295 | 失败: 0 | 异常: 0 | 成功率: 100.0%
[2026-04-09 01:31:55] INFO     
-------------------- 第 296 轮 | 最大监听: 25.9s --------------------
[2026-04-09 01:31:55] INFO     继电器 ON (开始充电)
[2026-04-09 01:31:55] INFO     继电器执行 -> ON
[2026-04-09 01:31:57] INFO     捕获目标指令: voice_msgnum:9
[2026-04-09 01:31:57] INFO     状态维稳，保持闭合 25.0s
[2026-04-09 01:32:07] INFO     捕获目标指令: voice_msgnum:10
[2026-04-09 01:32:22] INFO     继电器 OFF (切断充电)
[2026-04-09 01:32:22] INFO     继电器执行 -> OFF
[2026-04-09 01:32:22] INFO     物理断电静置 25.0s
[2026-04-09 01:32:47] INFO     【结论】 [PASS] 成功关键字: voice_msgnum:9
[2026-04-09 01:32:47] INFO     统计 -> 成功: 296 | 失败: 0 | 异常: 0 | 成功率: 100.0%
[2026-04-09 01:32:47] INFO     
-------------------- 第 297 轮 | 最大监听: 27.0s --------------------
[2026-04-09 01:32:47] INFO     继电器 ON (开始充电)
[2026-04-09 01:32:47] INFO     继电器执行 -> ON
[2026-04-09 01:32:48] INFO     捕获目标指令: voice_msgnum:9
[2026-04-09 01:32:48] INFO     状态维稳，保持闭合 25.0s
[2026-04-09 01:32:58] INFO     捕获目标指令: voice_msgnum:10
[2026-04-09 01:33:13] INFO     继电器 OFF (切断充电)
[2026-04-09 01:33:13] INFO     继电器执行 -> OFF
[2026-04-09 01:33:13] INFO     物理断电静置 25.0s
[2026-04-09 01:33:38] INFO     【结论】 [PASS] 成功关键字: voice_msgnum:9
[2026-04-09 01:33:38] INFO     统计 -> 成功: 297 | 失败: 0 | 异常: 0 | 成功率: 100.0%
[2026-04-09 01:33:38] INFO     
-------------------- 第 298 轮 | 最大监听: 29.4s --------------------
[2026-04-09 01:33:38] INFO     继电器 ON (开始充电)
[2026-04-09 01:33:38] INFO     继电器执行 -> ON
[2026-04-09 01:33:40] INFO     捕获目标指令: voice_msgnum:9
[2026-04-09 01:33:40] INFO     状态维稳，保持闭合 25.0s
[2026-04-09 01:33:50] INFO     捕获目标指令: voice_msgnum:10
[2026-04-09 01:34:05] INFO     继电器 OFF (切断充电)
[2026-04-09 01:34:05] INFO     继电器执行 -> OFF
[2026-04-09 01:34:05] INFO     物理断电静置 25.0s
[2026-04-09 01:34:30] INFO     【结论】 [PASS] 成功关键字: voice_msgnum:9
[2026-04-09 01:34:30] INFO     统计 -> 成功: 298 | 失败: 0 | 异常: 0 | 成功率: 100.0%
[2026-04-09 01:34:30] INFO     
-------------------- 第 299 轮 | 最大监听: 26.5s --------------------
[2026-04-09 01:34:30] INFO     继电器 ON (开始充电)
[2026-04-09 01:34:30] INFO     继电器执行 -> ON
[2026-04-09 01:34:32] INFO     捕获目标指令: voice_msgnum:9
[2026-04-09 01:34:32] INFO     状态维稳，保持闭合 25.0s
[2026-04-09 01:34:42] INFO     捕获目标指令: voice_msgnum:10
[2026-04-09 01:34:57] INFO     继电器 OFF (切断充电)
[2026-04-09 01:34:57] INFO     继电器执行 -> OFF
[2026-04-09 01:34:57] INFO     物理断电静置 25.0s
[2026-04-09 01:35:22] INFO     【结论】 [PASS] 成功关键字: voice_msgnum:9
[2026-04-09 01:35:22] INFO     统计 -> 成功: 299 | 失败: 0 | 异常: 0 | 成功率: 100.0%
[2026-04-09 01:35:22] INFO     
-------------------- 第 300 轮 | 最大监听: 26.3s --------------------
[2026-04-09 01:35:22] INFO     继电器 ON (开始充电)
[2026-04-09 01:35:22] INFO     继电器执行 -> ON
[2026-04-09 01:35:23] INFO     捕获目标指令: voice_msgnum:9
[2026-04-09 01:35:23] INFO     状态维稳，保持闭合 25.0s
[2026-04-09 01:35:33] INFO     捕获目标指令: voice_msgnum:10
[2026-04-09 01:35:48] INFO     继电器 OFF (切断充电)
[2026-04-09 01:35:48] INFO     继电器执行 -> OFF
[2026-04-09 01:35:48] INFO     物理断电静置 25.0s
[2026-04-09 01:36:13] INFO     【结论】 [PASS] 成功关键字: voice_msgnum:9
[2026-04-09 01:36:13] INFO     统计 -> 成功: 300 | 失败: 0 | 异常: 0 | 成功率: 100.0%
[2026-04-09 01:36:13] INFO     
-------------------- 第 301 轮 | 最大监听: 28.9s --------------------
[2026-04-09 01:36:13] INFO     继电器 ON (开始充电)
[2026-04-09 01:36:13] INFO     继电器执行 -> ON
[2026-04-09 01:36:15] INFO     捕获目标指令: voice_msgnum:9
[2026-04-09 01:36:15] INFO     状态维稳，保持闭合 25.0s
[2026-04-09 01:36:25] INFO     捕获目标指令: voice_msgnum:10
[2026-04-09 01:36:40] INFO     继电器 OFF (切断充电)
[2026-04-09 01:36:40] INFO     继电器执行 -> OFF
[2026-04-09 01:36:40] INFO     物理断电静置 25.0s
[2026-04-09 01:37:05] INFO     【结论】 [PASS] 成功关键字: voice_msgnum:9
[2026-04-09 01:37:05] INFO     统计 -> 成功: 301 | 失败: 0 | 异常: 0 | 成功率: 100.0%
[2026-04-09 01:37:05] INFO     
-------------------- 第 302 轮 | 最大监听: 26.9s --------------------
[2026-04-09 01:37:05] INFO     继电器 ON (开始充电)
[2026-04-09 01:37:05] INFO     继电器执行 -> ON
[2026-04-09 01:37:06] INFO     捕获目标指令: voice_msgnum:9
[2026-04-09 01:37:06] INFO     状态维稳，保持闭合 25.0s
[2026-04-09 01:37:16] INFO     捕获目标指令: voice_msgnum:10
[2026-04-09 01:37:31] INFO     继电器 OFF (切断充电)
[2026-04-09 01:37:31] INFO     继电器执行 -> OFF
[2026-04-09 01:37:31] INFO     物理断电静置 25.0s
[2026-04-09 01:37:56] INFO     【结论】 [PASS] 成功关键字: voice_msgnum:9
[2026-04-09 01:37:56] INFO     统计 -> 成功: 302 | 失败: 0 | 异常: 0 | 成功率: 100.0%
[2026-04-09 01:37:56] INFO     
-------------------- 第 303 轮 | 最大监听: 27.1s --------------------
[2026-04-09 01:37:56] INFO     继电器 ON (开始充电)
[2026-04-09 01:37:56] INFO     继电器执行 -> ON
[2026-04-09 01:37:58] INFO     捕获目标指令: voice_msgnum:9
[2026-04-09 01:37:58] INFO     状态维稳，保持闭合 25.0s
[2026-04-09 01:38:08] INFO     捕获目标指令: voice_msgnum:10
[2026-04-09 01:38:23] INFO     继电器 OFF (切断充电)
[2026-04-09 01:38:23] INFO     继电器执行 -> OFF
[2026-04-09 01:38:23] INFO     物理断电静置 25.0s
[2026-04-09 01:38:48] INFO     【结论】 [PASS] 成功关键字: voice_msgnum:9
[2026-04-09 01:38:48] INFO     统计 -> 成功: 303 | 失败: 0 | 异常: 0 | 成功率: 100.0%
[2026-04-09 01:38:48] INFO     
-------------------- 第 304 轮 | 最大监听: 28.4s --------------------
[2026-04-09 01:38:48] INFO     继电器 ON (开始充电)
[2026-04-09 01:38:48] INFO     继电器执行 -> ON
[2026-04-09 01:39:00] INFO     捕获目标指令: voice_msgnum:10
[2026-04-09 01:39:00] INFO     状态维稳，保持闭合 25.0s
[2026-04-09 01:39:25] INFO     继电器 OFF (切断充电)
[2026-04-09 01:39:25] INFO     继电器执行 -> OFF
[2026-04-09 01:39:25] INFO     物理断电静置 25.0s
[2026-04-09 01:39:50] INFO     【结论】 [PASS] 成功关键字: voice_msgnum:10
[2026-04-09 01:39:50] INFO     统计 -> 成功: 304 | 失败: 0 | 异常: 0 | 成功率: 100.0%
[2026-04-09 01:39:50] INFO     
-------------------- 第 305 轮 | 最大监听: 26.4s --------------------
[2026-04-09 01:39:50] INFO     继电器 ON (开始充电)
[2026-04-09 01:39:50] INFO     继电器执行 -> ON
[2026-04-09 01:39:51] INFO     捕获目标指令: voice_msgnum:9
[2026-04-09 01:39:51] INFO     状态维稳，保持闭合 25.0s
[2026-04-09 01:40:01] INFO     捕获目标指令: voice_msgnum:10
[2026-04-09 01:40:16] INFO     继电器 OFF (切断充电)
[2026-04-09 01:40:16] INFO     继电器执行 -> OFF
[2026-04-09 01:40:16] INFO     物理断电静置 25.0s
[2026-04-09 01:40:41] INFO     【结论】 [PASS] 成功关键字: voice_msgnum:9
[2026-04-09 01:40:41] INFO     统计 -> 成功: 305 | 失败: 0 | 异常: 0 | 成功率: 100.0%
[2026-04-09 01:40:41] INFO     
-------------------- 第 306 轮 | 最大监听: 27.3s --------------------
[2026-04-09 01:40:41] INFO     继电器 ON (开始充电)
[2026-04-09 01:40:41] INFO     继电器执行 -> ON
[2026-04-09 01:40:43] INFO     捕获目标指令: voice_msgnum:9
[2026-04-09 01:40:43] INFO     状态维稳，保持闭合 25.0s
[2026-04-09 01:40:53] INFO     捕获目标指令: voice_msgnum:10
[2026-04-09 01:41:08] INFO     继电器 OFF (切断充电)
[2026-04-09 01:41:08] INFO     继电器执行 -> OFF
[2026-04-09 01:41:08] INFO     物理断电静置 25.0s
[2026-04-09 01:41:33] INFO     【结论】 [PASS] 成功关键字: voice_msgnum:9
[2026-04-09 01:41:33] INFO     统计 -> 成功: 306 | 失败: 0 | 异常: 0 | 成功率: 100.0%
[2026-04-09 01:41:33] INFO     
-------------------- 第 307 轮 | 最大监听: 28.9s --------------------
[2026-04-09 01:41:33] INFO     继电器 ON (开始充电)
[2026-04-09 01:41:33] INFO     继电器执行 -> ON
[2026-04-09 01:41:34] INFO     捕获目标指令: voice_msgnum:9
[2026-04-09 01:41:34] INFO     状态维稳，保持闭合 25.0s
[2026-04-09 01:41:44] INFO     捕获目标指令: voice_msgnum:10
[2026-04-09 01:41:59] INFO     继电器 OFF (切断充电)
[2026-04-09 01:41:59] INFO     继电器执行 -> OFF
[2026-04-09 01:41:59] INFO     物理断电静置 25.0s
[2026-04-09 01:42:24] INFO     【结论】 [PASS] 成功关键字: voice_msgnum:9
[2026-04-09 01:42:24] INFO     统计 -> 成功: 307 | 失败: 0 | 异常: 0 | 成功率: 100.0%
[2026-04-09 01:42:24] INFO     
-------------------- 第 308 轮 | 最大监听: 27.6s --------------------
[2026-04-09 01:42:24] INFO     继电器 ON (开始充电)
[2026-04-09 01:42:24] INFO     继电器执行 -> ON
[2026-04-09 01:42:26] INFO     捕获目标指令: voice_msgnum:9
[2026-04-09 01:42:26] INFO     状态维稳，保持闭合 25.0s
[2026-04-09 01:42:36] INFO     捕获目标指令: voice_msgnum:10
[2026-04-09 01:42:51] INFO     继电器 OFF (切断充电)
[2026-04-09 01:42:51] INFO     继电器执行 -> OFF
[2026-04-09 01:42:51] INFO     物理断电静置 25.0s
[2026-04-09 01:43:16] INFO     【结论】 [PASS] 成功关键字: voice_msgnum:9
[2026-04-09 01:43:16] INFO     统计 -> 成功: 308 | 失败: 0 | 异常: 0 | 成功率: 100.0%
[2026-04-09 01:43:16] INFO     
-------------------- 第 309 轮 | 最大监听: 27.3s --------------------
[2026-04-09 01:43:16] INFO     继电器 ON (开始充电)
[2026-04-09 01:43:16] INFO     继电器执行 -> ON
[2026-04-09 01:43:18] INFO     捕获目标指令: voice_msgnum:9
[2026-04-09 01:43:18] INFO     状态维稳，保持闭合 25.0s
[2026-04-09 01:43:28] INFO     捕获目标指令: voice_msgnum:10
[2026-04-09 01:43:43] INFO     继电器 OFF (切断充电)
[2026-04-09 01:43:43] INFO     继电器执行 -> OFF
[2026-04-09 01:43:43] INFO     物理断电静置 25.0s
[2026-04-09 01:44:08] INFO     【结论】 [PASS] 成功关键字: voice_msgnum:9
[2026-04-09 01:44:08] INFO     统计 -> 成功: 309 | 失败: 0 | 异常: 0 | 成功率: 100.0%
[2026-04-09 01:44:08] INFO     
-------------------- 第 310 轮 | 最大监听: 26.7s --------------------
[2026-04-09 01:44:08] INFO     继电器 ON (开始充电)
[2026-04-09 01:44:08] INFO     继电器执行 -> ON
[2026-04-09 01:44:09] INFO     捕获目标指令: voice_msgnum:9
[2026-04-09 01:44:09] INFO     状态维稳，保持闭合 25.0s
[2026-04-09 01:44:19] INFO     捕获目标指令: voice_msgnum:10
[2026-04-09 01:44:34] INFO     继电器 OFF (切断充电)
[2026-04-09 01:44:34] INFO     继电器执行 -> OFF
[2026-04-09 01:44:34] INFO     物理断电静置 25.0s
[2026-04-09 01:44:59] INFO     【结论】 [PASS] 成功关键字: voice_msgnum:9
[2026-04-09 01:44:59] INFO     统计 -> 成功: 310 | 失败: 0 | 异常: 0 | 成功率: 100.0%
[2026-04-09 01:44:59] INFO     
-------------------- 第 311 轮 | 最大监听: 25.5s --------------------
[2026-04-09 01:44:59] INFO     继电器 ON (开始充电)
[2026-04-09 01:44:59] INFO     继电器执行 -> ON
[2026-04-09 01:45:01] INFO     捕获目标指令: voice_msgnum:9
[2026-04-09 01:45:01] INFO     状态维稳，保持闭合 25.0s
[2026-04-09 01:45:11] INFO     捕获目标指令: voice_msgnum:10
[2026-04-09 01:45:26] INFO     继电器 OFF (切断充电)
[2026-04-09 01:45:26] INFO     继电器执行 -> OFF
[2026-04-09 01:45:26] INFO     物理断电静置 25.0s
[2026-04-09 01:45:51] INFO     【结论】 [PASS] 成功关键字: voice_msgnum:9
[2026-04-09 01:45:51] INFO     统计 -> 成功: 311 | 失败: 0 | 异常: 0 | 成功率: 100.0%
[2026-04-09 01:45:51] INFO     
-------------------- 第 312 轮 | 最大监听: 28.4s --------------------
[2026-04-09 01:45:51] INFO     继电器 ON (开始充电)
[2026-04-09 01:45:51] INFO     继电器执行 -> ON
[2026-04-09 01:45:52] INFO     捕获目标指令: voice_msgnum:9
[2026-04-09 01:45:52] INFO     状态维稳，保持闭合 25.0s
[2026-04-09 01:46:02] INFO     捕获目标指令: voice_msgnum:10
[2026-04-09 01:46:17] INFO     继电器 OFF (切断充电)
[2026-04-09 01:46:17] INFO     继电器执行 -> OFF
[2026-04-09 01:46:17] INFO     物理断电静置 25.0s
[2026-04-09 01:46:42] INFO     【结论】 [PASS] 成功关键字: voice_msgnum:9
[2026-04-09 01:46:42] INFO     统计 -> 成功: 312 | 失败: 0 | 异常: 0 | 成功率: 100.0%
[2026-04-09 01:46:42] INFO     
-------------------- 第 313 轮 | 最大监听: 25.6s --------------------
[2026-04-09 01:46:42] INFO     继电器 ON (开始充电)
[2026-04-09 01:46:42] INFO     继电器执行 -> ON
[2026-04-09 01:46:54] INFO     捕获目标指令: voice_msgnum:10
[2026-04-09 01:46:54] INFO     状态维稳，保持闭合 25.0s
[2026-04-09 01:47:19] INFO     继电器 OFF (切断充电)
[2026-04-09 01:47:19] INFO     继电器执行 -> OFF
[2026-04-09 01:47:19] INFO     物理断电静置 25.0s
[2026-04-09 01:47:44] INFO     【结论】 [PASS] 成功关键字: voice_msgnum:10
[2026-04-09 01:47:44] INFO     统计 -> 成功: 313 | 失败: 0 | 异常: 0 | 成功率: 100.0%
[2026-04-09 01:47:44] INFO     
-------------------- 第 314 轮 | 最大监听: 28.3s --------------------
[2026-04-09 01:47:44] INFO     继电器 ON (开始充电)
[2026-04-09 01:47:44] INFO     继电器执行 -> ON
[2026-04-09 01:47:55] INFO     捕获目标指令: voice_msgnum:10
[2026-04-09 01:47:55] INFO     状态维稳，保持闭合 25.0s
[2026-04-09 01:48:20] INFO     继电器 OFF (切断充电)
[2026-04-09 01:48:21] INFO     继电器执行 -> OFF
[2026-04-09 01:48:21] INFO     物理断电静置 25.0s
[2026-04-09 01:48:46] INFO     【结论】 [PASS] 成功关键字: voice_msgnum:10
[2026-04-09 01:48:46] INFO     统计 -> 成功: 314 | 失败: 0 | 异常: 0 | 成功率: 100.0%
[2026-04-09 01:48:46] INFO     
-------------------- 第 315 轮 | 最大监听: 26.4s --------------------
[2026-04-09 01:48:46] INFO     继电器 ON (开始充电)
[2026-04-09 01:48:46] INFO     继电器执行 -> ON
[2026-04-09 01:48:57] INFO     捕获目标指令: voice_msgnum:10
[2026-04-09 01:48:57] INFO     状态维稳，保持闭合 25.0s
[2026-04-09 01:49:22] INFO     继电器 OFF (切断充电)
[2026-04-09 01:49:22] INFO     继电器执行 -> OFF
[2026-04-09 01:49:22] INFO     物理断电静置 25.0s
[2026-04-09 01:49:47] INFO     【结论】 [PASS] 成功关键字: voice_msgnum:10
[2026-04-09 01:49:47] INFO     统计 -> 成功: 315 | 失败: 0 | 异常: 0 | 成功率: 100.0%
[2026-04-09 01:49:47] INFO     
-------------------- 第 316 轮 | 最大监听: 28.9s --------------------
[2026-04-09 01:49:47] INFO     继电器 ON (开始充电)
[2026-04-09 01:49:47] INFO     继电器执行 -> ON
[2026-04-09 01:49:59] INFO     捕获目标指令: voice_msgnum:10
[2026-04-09 01:49:59] INFO     状态维稳，保持闭合 25.0s
[2026-04-09 01:50:24] INFO     继电器 OFF (切断充电)
[2026-04-09 01:50:24] INFO     继电器执行 -> OFF
[2026-04-09 01:50:24] INFO     物理断电静置 25.0s
[2026-04-09 01:50:49] INFO     【结论】 [PASS] 成功关键字: voice_msgnum:10
[2026-04-09 01:50:49] INFO     统计 -> 成功: 316 | 失败: 0 | 异常: 0 | 成功率: 100.0%
[2026-04-09 01:50:49] INFO     
-------------------- 第 317 轮 | 最大监听: 25.6s --------------------
[2026-04-09 01:50:49] INFO     继电器 ON (开始充电)
[2026-04-09 01:50:49] INFO     继电器执行 -> ON
[2026-04-09 01:51:00] INFO     捕获目标指令: voice_msgnum:10
[2026-04-09 01:51:00] INFO     状态维稳，保持闭合 25.0s
[2026-04-09 01:51:25] INFO     继电器 OFF (切断充电)
[2026-04-09 01:51:25] INFO     继电器执行 -> OFF
[2026-04-09 01:51:25] INFO     物理断电静置 25.0s
[2026-04-09 01:51:50] INFO     【结论】 [PASS] 成功关键字: voice_msgnum:10
[2026-04-09 01:51:50] INFO     统计 -> 成功: 317 | 失败: 0 | 异常: 0 | 成功率: 100.0%
[2026-04-09 01:51:50] INFO     
-------------------- 第 318 轮 | 最大监听: 27.9s --------------------
[2026-04-09 01:51:50] INFO     继电器 ON (开始充电)
[2026-04-09 01:51:50] INFO     继电器执行 -> ON
[2026-04-09 01:52:02] INFO     捕获目标指令: voice_msgnum:10
[2026-04-09 01:52:02] INFO     状态维稳，保持闭合 25.0s
[2026-04-09 01:52:27] INFO     继电器 OFF (切断充电)
[2026-04-09 01:52:27] INFO     继电器执行 -> OFF
[2026-04-09 01:52:27] INFO     物理断电静置 25.0s
[2026-04-09 01:52:52] INFO     【结论】 [PASS] 成功关键字: voice_msgnum:10
[2026-04-09 01:52:52] INFO     统计 -> 成功: 318 | 失败: 0 | 异常: 0 | 成功率: 100.0%
[2026-04-09 01:52:52] INFO     
-------------------- 第 319 轮 | 最大监听: 28.2s --------------------
[2026-04-09 01:52:52] INFO     继电器 ON (开始充电)
[2026-04-09 01:52:52] INFO     继电器执行 -> ON
[2026-04-09 01:53:03] INFO     捕获目标指令: voice_msgnum:10
[2026-04-09 01:53:03] INFO     状态维稳，保持闭合 25.0s
[2026-04-09 01:53:28] INFO     继电器 OFF (切断充电)
[2026-04-09 01:53:29] INFO     继电器执行 -> OFF
[2026-04-09 01:53:29] INFO     物理断电静置 25.0s
[2026-04-09 01:53:54] INFO     【结论】 [PASS] 成功关键字: voice_msgnum:10
[2026-04-09 01:53:54] INFO     统计 -> 成功: 319 | 失败: 0 | 异常: 0 | 成功率: 100.0%
[2026-04-09 01:53:54] INFO     
-------------------- 第 320 轮 | 最大监听: 25.1s --------------------
[2026-04-09 01:53:54] INFO     继电器 ON (开始充电)
[2026-04-09 01:53:54] INFO     继电器执行 -> ON
[2026-04-09 01:53:58] INFO     捕获目标指令: voice_msgnum:9
[2026-04-09 01:53:58] INFO     状态维稳，保持闭合 25.0s
[2026-04-09 01:54:05] INFO     捕获目标指令: voice_msgnum:10
[2026-04-09 01:54:23] INFO     继电器 OFF (切断充电)
[2026-04-09 01:54:23] INFO     继电器执行 -> OFF
[2026-04-09 01:54:23] INFO     物理断电静置 25.0s
[2026-04-09 01:54:48] INFO     【结论】 [PASS] 成功关键字: voice_msgnum:9
[2026-04-09 01:54:48] INFO     统计 -> 成功: 320 | 失败: 0 | 异常: 0 | 成功率: 100.0%
[2026-04-09 01:54:48] INFO     
-------------------- 第 321 轮 | 最大监听: 28.3s --------------------
[2026-04-09 01:54:48] INFO     继电器 ON (开始充电)
[2026-04-09 01:54:48] INFO     继电器执行 -> ON
[2026-04-09 01:54:49] INFO     捕获目标指令: voice_msgnum:9
[2026-04-09 01:54:49] INFO     状态维稳，保持闭合 25.0s
[2026-04-09 01:54:59] INFO     捕获目标指令: voice_msgnum:10
[2026-04-09 01:55:14] INFO     继电器 OFF (切断充电)
[2026-04-09 01:55:14] INFO     继电器执行 -> OFF
[2026-04-09 01:55:14] INFO     物理断电静置 25.0s
[2026-04-09 01:55:39] INFO     【结论】 [PASS] 成功关键字: voice_msgnum:9
[2026-04-09 01:55:39] INFO     统计 -> 成功: 321 | 失败: 0 | 异常: 0 | 成功率: 100.0%
[2026-04-09 01:55:39] INFO     
-------------------- 第 322 轮 | 最大监听: 30.0s --------------------
[2026-04-09 01:55:39] INFO     继电器 ON (开始充电)
[2026-04-09 01:55:39] INFO     继电器执行 -> ON
[2026-04-09 01:55:51] INFO     捕获目标指令: voice_msgnum:10
[2026-04-09 01:55:51] INFO     状态维稳，保持闭合 25.0s
[2026-04-09 01:56:16] INFO     继电器 OFF (切断充电)
[2026-04-09 01:56:16] INFO     继电器执行 -> OFF
[2026-04-09 01:56:16] INFO     物理断电静置 25.0s
[2026-04-09 01:56:41] INFO     【结论】 [PASS] 成功关键字: voice_msgnum:10
[2026-04-09 01:56:41] INFO     统计 -> 成功: 322 | 失败: 0 | 异常: 0 | 成功率: 100.0%
[2026-04-09 01:56:41] INFO     
-------------------- 第 323 轮 | 最大监听: 27.5s --------------------
[2026-04-09 01:56:41] INFO     继电器 ON (开始充电)
[2026-04-09 01:56:41] INFO     继电器执行 -> ON
[2026-04-09 01:56:43] INFO     捕获目标指令: voice_msgnum:9
[2026-04-09 01:56:43] INFO     状态维稳，保持闭合 25.0s
[2026-04-09 01:56:53] INFO     捕获目标指令: voice_msgnum:10
[2026-04-09 01:57:08] INFO     继电器 OFF (切断充电)
[2026-04-09 01:57:08] INFO     继电器执行 -> OFF
[2026-04-09 01:57:08] INFO     物理断电静置 25.0s
[2026-04-09 01:57:33] INFO     【结论】 [PASS] 成功关键字: voice_msgnum:9
[2026-04-09 01:57:33] INFO     统计 -> 成功: 323 | 失败: 0 | 异常: 0 | 成功率: 100.0%
[2026-04-09 01:57:33] INFO     
-------------------- 第 324 轮 | 最大监听: 28.7s --------------------
[2026-04-09 01:57:33] INFO     继电器 ON (开始充电)
[2026-04-09 01:57:33] INFO     继电器执行 -> ON
[2026-04-09 01:57:34] INFO     捕获目标指令: voice_msgnum:9
[2026-04-09 01:57:34] INFO     状态维稳，保持闭合 25.0s
[2026-04-09 01:57:44] INFO     捕获目标指令: voice_msgnum:10
[2026-04-09 01:57:59] INFO     继电器 OFF (切断充电)
[2026-04-09 01:57:59] INFO     继电器执行 -> OFF
[2026-04-09 01:57:59] INFO     物理断电静置 25.0s
[2026-04-09 01:58:24] INFO     【结论】 [PASS] 成功关键字: voice_msgnum:9
[2026-04-09 01:58:24] INFO     统计 -> 成功: 324 | 失败: 0 | 异常: 0 | 成功率: 100.0%
[2026-04-09 01:58:24] INFO     
-------------------- 第 325 轮 | 最大监听: 25.6s --------------------
[2026-04-09 01:58:24] INFO     继电器 ON (开始充电)
[2026-04-09 01:58:24] INFO     继电器执行 -> ON
[2026-04-09 01:58:26] INFO     捕获目标指令: voice_msgnum:9
[2026-04-09 01:58:26] INFO     状态维稳，保持闭合 25.0s
[2026-04-09 01:58:36] INFO     捕获目标指令: voice_msgnum:10
[2026-04-09 01:58:51] INFO     继电器 OFF (切断充电)
[2026-04-09 01:58:51] INFO     继电器执行 -> OFF
[2026-04-09 01:58:51] INFO     物理断电静置 25.0s
[2026-04-09 01:59:16] INFO     【结论】 [PASS] 成功关键字: voice_msgnum:9
[2026-04-09 01:59:16] INFO     统计 -> 成功: 325 | 失败: 0 | 异常: 0 | 成功率: 100.0%
[2026-04-09 01:59:16] INFO     
-------------------- 第 326 轮 | 最大监听: 26.0s --------------------
[2026-04-09 01:59:16] INFO     继电器 ON (开始充电)
[2026-04-09 01:59:16] INFO     继电器执行 -> ON
[2026-04-09 01:59:20] INFO     捕获目标指令: voice_msgnum:9
[2026-04-09 01:59:20] INFO     状态维稳，保持闭合 25.0s
[2026-04-09 01:59:27] INFO     捕获目标指令: voice_msgnum:10
[2026-04-09 01:59:45] INFO     继电器 OFF (切断充电)
[2026-04-09 01:59:45] INFO     继电器执行 -> OFF
[2026-04-09 01:59:45] INFO     物理断电静置 25.0s
[2026-04-09 02:00:10] INFO     【结论】 [PASS] 成功关键字: voice_msgnum:9
[2026-04-09 02:00:10] INFO     统计 -> 成功: 326 | 失败: 0 | 异常: 0 | 成功率: 100.0%
[2026-04-09 02:00:10] INFO     
-------------------- 第 327 轮 | 最大监听: 26.6s --------------------
[2026-04-09 02:00:10] INFO     继电器 ON (开始充电)
[2026-04-09 02:00:10] INFO     继电器执行 -> ON
[2026-04-09 02:00:14] INFO     捕获目标指令: voice_msgnum:9
[2026-04-09 02:00:14] INFO     状态维稳，保持闭合 25.0s
[2026-04-09 02:00:22] INFO     捕获目标指令: voice_msgnum:10
[2026-04-09 02:00:39] INFO     继电器 OFF (切断充电)
[2026-04-09 02:00:39] INFO     继电器执行 -> OFF
[2026-04-09 02:00:39] INFO     物理断电静置 25.0s
[2026-04-09 02:01:04] INFO     【结论】 [PASS] 成功关键字: voice_msgnum:9
[2026-04-09 02:01:04] INFO     统计 -> 成功: 327 | 失败: 0 | 异常: 0 | 成功率: 100.0%
[2026-04-09 02:01:04] INFO     
-------------------- 第 328 轮 | 最大监听: 27.2s --------------------
[2026-04-09 02:01:04] INFO     继电器 ON (开始充电)
[2026-04-09 02:01:04] INFO     继电器执行 -> ON
[2026-04-09 02:01:16] INFO     捕获目标指令: voice_msgnum:10
[2026-04-09 02:01:16] INFO     状态维稳，保持闭合 25.0s
[2026-04-09 02:01:41] INFO     继电器 OFF (切断充电)
[2026-04-09 02:01:41] INFO     继电器执行 -> OFF
[2026-04-09 02:01:41] INFO     物理断电静置 25.0s
[2026-04-09 02:02:06] INFO     【结论】 [PASS] 成功关键字: voice_msgnum:10
[2026-04-09 02:02:06] INFO     统计 -> 成功: 328 | 失败: 0 | 异常: 0 | 成功率: 100.0%
[2026-04-09 02:02:06] INFO     
-------------------- 第 329 轮 | 最大监听: 26.9s --------------------
[2026-04-09 02:02:06] INFO     继电器 ON (开始充电)
[2026-04-09 02:02:06] INFO     继电器执行 -> ON
[2026-04-09 02:02:18] INFO     捕获目标指令: voice_msgnum:10
[2026-04-09 02:02:18] INFO     状态维稳，保持闭合 25.0s
[2026-04-09 02:02:43] INFO     继电器 OFF (切断充电)
[2026-04-09 02:02:43] INFO     继电器执行 -> OFF
[2026-04-09 02:02:43] INFO     物理断电静置 25.0s
[2026-04-09 02:03:08] INFO     【结论】 [PASS] 成功关键字: voice_msgnum:10
[2026-04-09 02:03:08] INFO     统计 -> 成功: 329 | 失败: 0 | 异常: 0 | 成功率: 100.0%
[2026-04-09 02:03:08] INFO     
-------------------- 第 330 轮 | 最大监听: 27.3s --------------------
[2026-04-09 02:03:08] INFO     继电器 ON (开始充电)
[2026-04-09 02:03:08] INFO     继电器执行 -> ON
[2026-04-09 02:03:19] INFO     捕获目标指令: voice_msgnum:10
[2026-04-09 02:03:19] INFO     状态维稳，保持闭合 25.0s
[2026-04-09 02:03:44] INFO     继电器 OFF (切断充电)
[2026-04-09 02:03:44] INFO     继电器执行 -> OFF
[2026-04-09 02:03:44] INFO     物理断电静置 25.0s
[2026-04-09 02:04:09] INFO     【结论】 [PASS] 成功关键字: voice_msgnum:10
[2026-04-09 02:04:09] INFO     统计 -> 成功: 330 | 失败: 0 | 异常: 0 | 成功率: 100.0%
[2026-04-09 02:04:09] INFO     
-------------------- 第 331 轮 | 最大监听: 27.1s --------------------
[2026-04-09 02:04:09] INFO     继电器 ON (开始充电)
[2026-04-09 02:04:09] INFO     继电器执行 -> ON
[2026-04-09 02:04:13] INFO     捕获目标指令: voice_msgnum:9
[2026-04-09 02:04:13] INFO     状态维稳，保持闭合 25.0s
[2026-04-09 02:04:21] INFO     捕获目标指令: voice_msgnum:10
[2026-04-09 02:04:38] INFO     继电器 OFF (切断充电)
[2026-04-09 02:04:38] INFO     继电器执行 -> OFF
[2026-04-09 02:04:38] INFO     物理断电静置 25.0s
[2026-04-09 02:05:03] INFO     【结论】 [PASS] 成功关键字: voice_msgnum:9
[2026-04-09 02:05:03] INFO     统计 -> 成功: 331 | 失败: 0 | 异常: 0 | 成功率: 100.0%
[2026-04-09 02:05:03] INFO     
-------------------- 第 332 轮 | 最大监听: 27.2s --------------------
[2026-04-09 02:05:03] INFO     继电器 ON (开始充电)
[2026-04-09 02:05:04] INFO     继电器执行 -> ON
[2026-04-09 02:05:05] INFO     捕获目标指令: voice_msgnum:9
[2026-04-09 02:05:05] INFO     状态维稳，保持闭合 25.0s
[2026-04-09 02:05:15] INFO     捕获目标指令: voice_msgnum:10
[2026-04-09 02:05:30] INFO     继电器 OFF (切断充电)
[2026-04-09 02:05:30] INFO     继电器执行 -> OFF
[2026-04-09 02:05:30] INFO     物理断电静置 25.0s
[2026-04-09 02:05:55] INFO     【结论】 [PASS] 成功关键字: voice_msgnum:9
[2026-04-09 02:05:55] INFO     统计 -> 成功: 332 | 失败: 0 | 异常: 0 | 成功率: 100.0%
[2026-04-09 02:05:55] INFO     
-------------------- 第 333 轮 | 最大监听: 29.3s --------------------
[2026-04-09 02:05:55] INFO     继电器 ON (开始充电)
[2026-04-09 02:05:55] INFO     继电器执行 -> ON
[2026-04-09 02:06:07] INFO     捕获目标指令: voice_msgnum:10
[2026-04-09 02:06:07] INFO     状态维稳，保持闭合 25.0s
[2026-04-09 02:06:32] INFO     继电器 OFF (切断充电)
[2026-04-09 02:06:32] INFO     继电器执行 -> OFF
[2026-04-09 02:06:32] INFO     物理断电静置 25.0s
[2026-04-09 02:06:57] INFO     【结论】 [PASS] 成功关键字: voice_msgnum:10
[2026-04-09 02:06:57] INFO     统计 -> 成功: 333 | 失败: 0 | 异常: 0 | 成功率: 100.0%
[2026-04-09 02:06:57] INFO     
-------------------- 第 334 轮 | 最大监听: 27.4s --------------------
[2026-04-09 02:06:57] INFO     继电器 ON (开始充电)
[2026-04-09 02:06:57] INFO     继电器执行 -> ON
[2026-04-09 02:06:58] INFO     捕获目标指令: voice_msgnum:9
[2026-04-09 02:06:58] INFO     状态维稳，保持闭合 25.0s
[2026-04-09 02:07:08] INFO     捕获目标指令: voice_msgnum:10
[2026-04-09 02:07:23] INFO     继电器 OFF (切断充电)
[2026-04-09 02:07:23] INFO     继电器执行 -> OFF
[2026-04-09 02:07:23] INFO     物理断电静置 25.0s
[2026-04-09 02:07:48] INFO     【结论】 [PASS] 成功关键字: voice_msgnum:9
[2026-04-09 02:07:48] INFO     统计 -> 成功: 334 | 失败: 0 | 异常: 0 | 成功率: 100.0%
[2026-04-09 02:07:48] INFO     
-------------------- 第 335 轮 | 最大监听: 25.4s --------------------
[2026-04-09 02:07:48] INFO     继电器 ON (开始充电)
[2026-04-09 02:07:48] INFO     继电器执行 -> ON
[2026-04-09 02:07:50] INFO     捕获目标指令: voice_msgnum:9
[2026-04-09 02:07:50] INFO     状态维稳，保持闭合 25.0s
[2026-04-09 02:08:00] INFO     捕获目标指令: voice_msgnum:10
[2026-04-09 02:08:15] INFO     继电器 OFF (切断充电)
[2026-04-09 02:08:15] INFO     继电器执行 -> OFF
[2026-04-09 02:08:15] INFO     物理断电静置 25.0s
[2026-04-09 02:08:40] INFO     【结论】 [PASS] 成功关键字: voice_msgnum:9
[2026-04-09 02:08:40] INFO     统计 -> 成功: 335 | 失败: 0 | 异常: 0 | 成功率: 100.0%
[2026-04-09 02:08:40] INFO     
-------------------- 第 336 轮 | 最大监听: 28.4s --------------------
[2026-04-09 02:08:40] INFO     继电器 ON (开始充电)
[2026-04-09 02:08:40] INFO     继电器执行 -> ON
[2026-04-09 02:08:51] INFO     捕获目标指令: voice_msgnum:10
[2026-04-09 02:08:51] INFO     状态维稳，保持闭合 25.0s
[2026-04-09 02:09:16] INFO     继电器 OFF (切断充电)
[2026-04-09 02:09:16] INFO     继电器执行 -> OFF
[2026-04-09 02:09:16] INFO     物理断电静置 25.0s
[2026-04-09 02:09:41] INFO     【结论】 [PASS] 成功关键字: voice_msgnum:10
[2026-04-09 02:09:41] INFO     统计 -> 成功: 336 | 失败: 0 | 异常: 0 | 成功率: 100.0%
[2026-04-09 02:09:41] INFO     
-------------------- 第 337 轮 | 最大监听: 26.6s --------------------
[2026-04-09 02:09:41] INFO     继电器 ON (开始充电)
[2026-04-09 02:09:42] INFO     继电器执行 -> ON
[2026-04-09 02:09:43] INFO     捕获目标指令: voice_msgnum:9
[2026-04-09 02:09:43] INFO     状态维稳，保持闭合 25.0s
[2026-04-09 02:09:53] INFO     捕获目标指令: voice_msgnum:10
[2026-04-09 02:10:08] INFO     继电器 OFF (切断充电)
[2026-04-09 02:10:08] INFO     继电器执行 -> OFF
[2026-04-09 02:10:08] INFO     物理断电静置 25.0s
[2026-04-09 02:10:33] INFO     【结论】 [PASS] 成功关键字: voice_msgnum:9
[2026-04-09 02:10:33] INFO     统计 -> 成功: 337 | 失败: 0 | 异常: 0 | 成功率: 100.0%
[2026-04-09 02:10:33] INFO     
-------------------- 第 338 轮 | 最大监听: 28.1s --------------------
[2026-04-09 02:10:33] INFO     继电器 ON (开始充电)
[2026-04-09 02:10:33] INFO     继电器执行 -> ON
[2026-04-09 02:10:45] INFO     捕获目标指令: voice_msgnum:10
[2026-04-09 02:10:45] INFO     状态维稳，保持闭合 25.0s
[2026-04-09 02:11:10] INFO     继电器 OFF (切断充电)
[2026-04-09 02:11:10] INFO     继电器执行 -> OFF
[2026-04-09 02:11:10] INFO     物理断电静置 25.0s
[2026-04-09 02:11:35] INFO     【结论】 [PASS] 成功关键字: voice_msgnum:10
[2026-04-09 02:11:35] INFO     统计 -> 成功: 338 | 失败: 0 | 异常: 0 | 成功率: 100.0%
[2026-04-09 02:11:35] INFO     
-------------------- 第 339 轮 | 最大监听: 27.0s --------------------
[2026-04-09 02:11:35] INFO     继电器 ON (开始充电)
[2026-04-09 02:11:35] INFO     继电器执行 -> ON
[2026-04-09 02:11:42] INFO     捕获目标指令: voice_msgnum:9
[2026-04-09 02:11:42] INFO     状态维稳，保持闭合 25.0s
[2026-04-09 02:11:47] INFO     捕获目标指令: voice_msgnum:10
[2026-04-09 02:12:07] INFO     继电器 OFF (切断充电)
[2026-04-09 02:12:07] INFO     继电器执行 -> OFF
[2026-04-09 02:12:07] INFO     物理断电静置 25.0s
[2026-04-09 02:12:32] INFO     【结论】 [PASS] 成功关键字: voice_msgnum:9
[2026-04-09 02:12:32] INFO     统计 -> 成功: 339 | 失败: 0 | 异常: 0 | 成功率: 100.0%
[2026-04-09 02:12:32] INFO     
-------------------- 第 340 轮 | 最大监听: 25.7s --------------------
[2026-04-09 02:12:32] INFO     继电器 ON (开始充电)
[2026-04-09 02:12:32] INFO     继电器执行 -> ON
[2026-04-09 02:12:44] INFO     捕获目标指令: voice_msgnum:10
[2026-04-09 02:12:44] INFO     状态维稳，保持闭合 25.0s
[2026-04-09 02:13:09] INFO     继电器 OFF (切断充电)
[2026-04-09 02:13:09] INFO     继电器执行 -> OFF
[2026-04-09 02:13:09] INFO     物理断电静置 25.0s
[2026-04-09 02:13:34] INFO     【结论】 [PASS] 成功关键字: voice_msgnum:10
[2026-04-09 02:13:34] INFO     统计 -> 成功: 340 | 失败: 0 | 异常: 0 | 成功率: 100.0%
[2026-04-09 02:13:34] INFO     
-------------------- 第 341 轮 | 最大监听: 29.4s --------------------
[2026-04-09 02:13:34] INFO     继电器 ON (开始充电)
[2026-04-09 02:13:34] INFO     继电器执行 -> ON
[2026-04-09 02:13:45] INFO     捕获目标指令: voice_msgnum:10
[2026-04-09 02:13:45] INFO     状态维稳，保持闭合 25.0s
[2026-04-09 02:14:10] INFO     继电器 OFF (切断充电)
[2026-04-09 02:14:10] INFO     继电器执行 -> OFF
[2026-04-09 02:14:10] INFO     物理断电静置 25.0s
[2026-04-09 02:14:35] INFO     【结论】 [PASS] 成功关键字: voice_msgnum:10
[2026-04-09 02:14:35] INFO     统计 -> 成功: 341 | 失败: 0 | 异常: 0 | 成功率: 100.0%
[2026-04-09 02:14:35] INFO     
-------------------- 第 342 轮 | 最大监听: 25.2s --------------------
[2026-04-09 02:14:35] INFO     继电器 ON (开始充电)
[2026-04-09 02:14:35] INFO     继电器执行 -> ON
[2026-04-09 02:14:47] INFO     捕获目标指令: voice_msgnum:10
[2026-04-09 02:14:47] INFO     状态维稳，保持闭合 25.0s
[2026-04-09 02:15:12] INFO     继电器 OFF (切断充电)
[2026-04-09 02:15:12] INFO     继电器执行 -> OFF
[2026-04-09 02:15:12] INFO     物理断电静置 25.0s
[2026-04-09 02:15:37] INFO     【结论】 [PASS] 成功关键字: voice_msgnum:10
[2026-04-09 02:15:37] INFO     统计 -> 成功: 342 | 失败: 0 | 异常: 0 | 成功率: 100.0%
[2026-04-09 02:15:37] INFO     
-------------------- 第 343 轮 | 最大监听: 27.2s --------------------
[2026-04-09 02:15:37] INFO     继电器 ON (开始充电)
[2026-04-09 02:15:37] INFO     继电器执行 -> ON
[2026-04-09 02:15:48] INFO     捕获目标指令: voice_msgnum:10
[2026-04-09 02:15:48] INFO     状态维稳，保持闭合 25.0s
[2026-04-09 02:16:13] INFO     继电器 OFF (切断充电)
[2026-04-09 02:16:13] INFO     继电器执行 -> OFF
[2026-04-09 02:16:13] INFO     物理断电静置 25.0s
[2026-04-09 02:16:38] INFO     【结论】 [PASS] 成功关键字: voice_msgnum:10
[2026-04-09 02:16:38] INFO     统计 -> 成功: 343 | 失败: 0 | 异常: 0 | 成功率: 100.0%
[2026-04-09 02:16:38] INFO     
-------------------- 第 344 轮 | 最大监听: 28.7s --------------------
[2026-04-09 02:16:38] INFO     继电器 ON (开始充电)
[2026-04-09 02:16:38] INFO     继电器执行 -> ON
[2026-04-09 02:16:50] INFO     捕获目标指令: voice_msgnum:10
[2026-04-09 02:16:50] INFO     状态维稳，保持闭合 25.0s
[2026-04-09 02:17:15] INFO     继电器 OFF (切断充电)
[2026-04-09 02:17:15] INFO     继电器执行 -> OFF
[2026-04-09 02:17:15] INFO     物理断电静置 25.0s
[2026-04-09 02:17:40] INFO     【结论】 [PASS] 成功关键字: voice_msgnum:10
[2026-04-09 02:17:40] INFO     统计 -> 成功: 344 | 失败: 0 | 异常: 0 | 成功率: 100.0%
[2026-04-09 02:17:40] INFO     
-------------------- 第 345 轮 | 最大监听: 28.2s --------------------
[2026-04-09 02:17:40] INFO     继电器 ON (开始充电)
[2026-04-09 02:17:40] INFO     继电器执行 -> ON
[2026-04-09 02:17:52] INFO     捕获目标指令: voice_msgnum:10
[2026-04-09 02:17:52] INFO     状态维稳，保持闭合 25.0s
[2026-04-09 02:18:17] INFO     继电器 OFF (切断充电)
[2026-04-09 02:18:17] INFO     继电器执行 -> OFF
[2026-04-09 02:18:17] INFO     物理断电静置 25.0s
[2026-04-09 02:18:42] INFO     【结论】 [PASS] 成功关键字: voice_msgnum:10
[2026-04-09 02:18:42] INFO     统计 -> 成功: 345 | 失败: 0 | 异常: 0 | 成功率: 100.0%
[2026-04-09 02:18:42] INFO     
-------------------- 第 346 轮 | 最大监听: 27.9s --------------------
[2026-04-09 02:18:42] INFO     继电器 ON (开始充电)
[2026-04-09 02:18:42] INFO     继电器执行 -> ON
[2026-04-09 02:18:53] INFO     捕获目标指令: voice_msgnum:10
[2026-04-09 02:18:53] INFO     状态维稳，保持闭合 25.0s
[2026-04-09 02:19:18] INFO     继电器 OFF (切断充电)
[2026-04-09 02:19:18] INFO     继电器执行 -> OFF
[2026-04-09 02:19:18] INFO     物理断电静置 25.0s
[2026-04-09 02:19:43] INFO     【结论】 [PASS] 成功关键字: voice_msgnum:10
[2026-04-09 02:19:43] INFO     统计 -> 成功: 346 | 失败: 0 | 异常: 0 | 成功率: 100.0%
[2026-04-09 02:19:43] INFO     
-------------------- 第 347 轮 | 最大监听: 25.4s --------------------
[2026-04-09 02:19:43] INFO     继电器 ON (开始充电)
[2026-04-09 02:19:43] INFO     继电器执行 -> ON
[2026-04-09 02:19:55] INFO     捕获目标指令: voice_msgnum:10
[2026-04-09 02:19:55] INFO     状态维稳，保持闭合 25.0s
[2026-04-09 02:20:20] INFO     继电器 OFF (切断充电)
[2026-04-09 02:20:20] INFO     继电器执行 -> OFF
[2026-04-09 02:20:20] INFO     物理断电静置 25.0s
[2026-04-09 02:20:45] INFO     【结论】 [PASS] 成功关键字: voice_msgnum:10
[2026-04-09 02:20:45] INFO     统计 -> 成功: 347 | 失败: 0 | 异常: 0 | 成功率: 100.0%
[2026-04-09 02:20:45] INFO     
-------------------- 第 348 轮 | 最大监听: 29.3s --------------------
[2026-04-09 02:20:45] INFO     继电器 ON (开始充电)
[2026-04-09 02:20:45] INFO     继电器执行 -> ON
[2026-04-09 02:20:56] INFO     捕获目标指令: voice_msgnum:10
[2026-04-09 02:20:56] INFO     状态维稳，保持闭合 25.0s
[2026-04-09 02:21:21] INFO     继电器 OFF (切断充电)
[2026-04-09 02:21:21] INFO     继电器执行 -> OFF
[2026-04-09 02:21:21] INFO     物理断电静置 25.0s
[2026-04-09 02:21:46] INFO     【结论】 [PASS] 成功关键字: voice_msgnum:10
[2026-04-09 02:21:46] INFO     统计 -> 成功: 348 | 失败: 0 | 异常: 0 | 成功率: 100.0%
[2026-04-09 02:21:46] INFO     
-------------------- 第 349 轮 | 最大监听: 25.1s --------------------
[2026-04-09 02:21:46] INFO     继电器 ON (开始充电)
[2026-04-09 02:21:46] INFO     继电器执行 -> ON
[2026-04-09 02:21:58] INFO     捕获目标指令: voice_msgnum:10
[2026-04-09 02:21:58] INFO     状态维稳，保持闭合 25.0s
[2026-04-09 02:22:23] INFO     继电器 OFF (切断充电)
[2026-04-09 02:22:23] INFO     继电器执行 -> OFF
[2026-04-09 02:22:23] INFO     物理断电静置 25.0s
[2026-04-09 02:22:48] INFO     【结论】 [PASS] 成功关键字: voice_msgnum:10
[2026-04-09 02:22:48] INFO     统计 -> 成功: 349 | 失败: 0 | 异常: 0 | 成功率: 100.0%
[2026-04-09 02:22:48] INFO     
-------------------- 第 350 轮 | 最大监听: 28.8s --------------------
[2026-04-09 02:22:48] INFO     继电器 ON (开始充电)
[2026-04-09 02:22:48] INFO     继电器执行 -> ON
[2026-04-09 02:23:00] INFO     捕获目标指令: voice_msgnum:10
[2026-04-09 02:23:00] INFO     状态维稳，保持闭合 25.0s
[2026-04-09 02:23:25] INFO     继电器 OFF (切断充电)
[2026-04-09 02:23:25] INFO     继电器执行 -> OFF
[2026-04-09 02:23:25] INFO     物理断电静置 25.0s
[2026-04-09 02:23:50] INFO     【结论】 [PASS] 成功关键字: voice_msgnum:10
[2026-04-09 02:23:50] INFO     统计 -> 成功: 350 | 失败: 0 | 异常: 0 | 成功率: 100.0%
[2026-04-09 02:23:50] INFO     
-------------------- 第 351 轮 | 最大监听: 26.8s --------------------
[2026-04-09 02:23:50] INFO     继电器 ON (开始充电)
[2026-04-09 02:23:50] INFO     继电器执行 -> ON
[2026-04-09 02:24:01] INFO     捕获目标指令: voice_msgnum:10
[2026-04-09 02:24:01] INFO     状态维稳，保持闭合 25.0s
[2026-04-09 02:24:26] INFO     继电器 OFF (切断充电)
[2026-04-09 02:24:26] INFO     继电器执行 -> OFF
[2026-04-09 02:24:26] INFO     物理断电静置 25.0s
[2026-04-09 02:24:51] INFO     【结论】 [PASS] 成功关键字: voice_msgnum:10
[2026-04-09 02:24:51] INFO     统计 -> 成功: 351 | 失败: 0 | 异常: 0 | 成功率: 100.0%
[2026-04-09 02:24:51] INFO     
-------------------- 第 352 轮 | 最大监听: 25.5s --------------------
[2026-04-09 02:24:51] INFO     继电器 ON (开始充电)
[2026-04-09 02:24:51] INFO     继电器执行 -> ON
[2026-04-09 02:25:03] INFO     捕获目标指令: voice_msgnum:10
[2026-04-09 02:25:03] INFO     状态维稳，保持闭合 25.0s
[2026-04-09 02:25:28] INFO     继电器 OFF (切断充电)
[2026-04-09 02:25:28] INFO     继电器执行 -> OFF
[2026-04-09 02:25:28] INFO     物理断电静置 25.0s
[2026-04-09 02:25:53] INFO     【结论】 [PASS] 成功关键字: voice_msgnum:10
[2026-04-09 02:25:53] INFO     统计 -> 成功: 352 | 失败: 0 | 异常: 0 | 成功率: 100.0%
[2026-04-09 02:25:53] INFO     
-------------------- 第 353 轮 | 最大监听: 27.8s --------------------
[2026-04-09 02:25:53] INFO     继电器 ON (开始充电)
[2026-04-09 02:25:53] INFO     继电器执行 -> ON
[2026-04-09 02:26:04] INFO     捕获目标指令: voice_msgnum:10
[2026-04-09 02:26:04] INFO     状态维稳，保持闭合 25.0s
[2026-04-09 02:26:29] INFO     继电器 OFF (切断充电)
[2026-04-09 02:26:29] INFO     继电器执行 -> OFF
[2026-04-09 02:26:29] INFO     物理断电静置 25.0s
[2026-04-09 02:26:54] INFO     【结论】 [PASS] 成功关键字: voice_msgnum:10
[2026-04-09 02:26:54] INFO     统计 -> 成功: 353 | 失败: 0 | 异常: 0 | 成功率: 100.0%
[2026-04-09 02:26:54] INFO     
-------------------- 第 354 轮 | 最大监听: 29.7s --------------------
[2026-04-09 02:26:54] INFO     继电器 ON (开始充电)
[2026-04-09 02:26:54] INFO     继电器执行 -> ON
[2026-04-09 02:27:06] INFO     捕获目标指令: voice_msgnum:10
[2026-04-09 02:27:06] INFO     状态维稳，保持闭合 25.0s
[2026-04-09 02:27:31] INFO     继电器 OFF (切断充电)
[2026-04-09 02:27:31] INFO     继电器执行 -> OFF
[2026-04-09 02:27:31] INFO     物理断电静置 25.0s
[2026-04-09 02:27:56] INFO     【结论】 [PASS] 成功关键字: voice_msgnum:10
[2026-04-09 02:27:56] INFO     统计 -> 成功: 354 | 失败: 0 | 异常: 0 | 成功率: 100.0%
[2026-04-09 02:27:56] INFO     
-------------------- 第 355 轮 | 最大监听: 25.5s --------------------
[2026-04-09 02:27:56] INFO     继电器 ON (开始充电)
[2026-04-09 02:27:56] INFO     继电器执行 -> ON
[2026-04-09 02:28:08] INFO     捕获目标指令: voice_msgnum:10
[2026-04-09 02:28:08] INFO     状态维稳，保持闭合 25.0s
[2026-04-09 02:28:33] INFO     继电器 OFF (切断充电)
[2026-04-09 02:28:33] INFO     继电器执行 -> OFF
[2026-04-09 02:28:33] INFO     物理断电静置 25.0s
[2026-04-09 02:28:58] INFO     【结论】 [PASS] 成功关键字: voice_msgnum:10
[2026-04-09 02:28:58] INFO     统计 -> 成功: 355 | 失败: 0 | 异常: 0 | 成功率: 100.0%
[2026-04-09 02:28:58] INFO     
-------------------- 第 356 轮 | 最大监听: 25.1s --------------------
[2026-04-09 02:28:58] INFO     继电器 ON (开始充电)
[2026-04-09 02:28:58] INFO     继电器执行 -> ON
[2026-04-09 02:29:09] INFO     捕获目标指令: voice_msgnum:10
[2026-04-09 02:29:09] INFO     状态维稳，保持闭合 25.0s
[2026-04-09 02:29:34] INFO     继电器 OFF (切断充电)
[2026-04-09 02:29:34] INFO     继电器执行 -> OFF
[2026-04-09 02:29:34] INFO     物理断电静置 25.0s
[2026-04-09 02:29:59] INFO     【结论】 [PASS] 成功关键字: voice_msgnum:10
[2026-04-09 02:29:59] INFO     统计 -> 成功: 356 | 失败: 0 | 异常: 0 | 成功率: 100.0%
[2026-04-09 02:29:59] INFO     
-------------------- 第 357 轮 | 最大监听: 28.0s --------------------
[2026-04-09 02:29:59] INFO     继电器 ON (开始充电)
[2026-04-09 02:29:59] INFO     继电器执行 -> ON
[2026-04-09 02:30:11] INFO     捕获目标指令: voice_msgnum:10
[2026-04-09 02:30:11] INFO     状态维稳，保持闭合 25.0s
[2026-04-09 02:30:36] INFO     继电器 OFF (切断充电)
[2026-04-09 02:30:36] INFO     继电器执行 -> OFF
[2026-04-09 02:30:36] INFO     物理断电静置 25.0s
[2026-04-09 02:31:01] INFO     【结论】 [PASS] 成功关键字: voice_msgnum:10
[2026-04-09 02:31:01] INFO     统计 -> 成功: 357 | 失败: 0 | 异常: 0 | 成功率: 100.0%
[2026-04-09 02:31:01] INFO     
-------------------- 第 358 轮 | 最大监听: 25.8s --------------------
[2026-04-09 02:31:01] INFO     继电器 ON (开始充电)
[2026-04-09 02:31:01] INFO     继电器执行 -> ON
[2026-04-09 02:31:12] INFO     捕获目标指令: voice_msgnum:10
[2026-04-09 02:31:12] INFO     状态维稳，保持闭合 25.0s
[2026-04-09 02:31:37] INFO     继电器 OFF (切断充电)
[2026-04-09 02:31:37] INFO     继电器执行 -> OFF
[2026-04-09 02:31:37] INFO     物理断电静置 25.0s
[2026-04-09 02:32:02] INFO     【结论】 [PASS] 成功关键字: voice_msgnum:10
[2026-04-09 02:32:02] INFO     统计 -> 成功: 358 | 失败: 0 | 异常: 0 | 成功率: 100.0%
[2026-04-09 02:32:02] INFO     
-------------------- 第 359 轮 | 最大监听: 27.3s --------------------
[2026-04-09 02:32:02] INFO     继电器 ON (开始充电)
[2026-04-09 02:32:02] INFO     继电器执行 -> ON
[2026-04-09 02:32:14] INFO     捕获目标指令: voice_msgnum:10
[2026-04-09 02:32:14] INFO     状态维稳，保持闭合 25.0s
[2026-04-09 02:32:39] INFO     继电器 OFF (切断充电)
[2026-04-09 02:32:39] INFO     继电器执行 -> OFF
[2026-04-09 02:32:39] INFO     物理断电静置 25.0s
[2026-04-09 02:33:04] INFO     【结论】 [PASS] 成功关键字: voice_msgnum:10
[2026-04-09 02:33:04] INFO     统计 -> 成功: 359 | 失败: 0 | 异常: 0 | 成功率: 100.0%
[2026-04-09 02:33:04] INFO     
-------------------- 第 360 轮 | 最大监听: 26.2s --------------------
[2026-04-09 02:33:04] INFO     继电器 ON (开始充电)
[2026-04-09 02:33:04] INFO     继电器执行 -> ON
[2026-04-09 02:33:11] INFO     捕获目标指令: voice_msgnum:9
[2026-04-09 02:33:11] INFO     状态维稳，保持闭合 25.0s
[2026-04-09 02:33:16] INFO     捕获目标指令: voice_msgnum:10
[2026-04-09 02:33:36] INFO     继电器 OFF (切断充电)
[2026-04-09 02:33:36] INFO     继电器执行 -> OFF
[2026-04-09 02:33:36] INFO     物理断电静置 25.0s
[2026-04-09 02:34:01] INFO     【结论】 [PASS] 成功关键字: voice_msgnum:9
[2026-04-09 02:34:01] INFO     统计 -> 成功: 360 | 失败: 0 | 异常: 0 | 成功率: 100.0%
[2026-04-09 02:34:01] INFO     
-------------------- 第 361 轮 | 最大监听: 28.4s --------------------
[2026-04-09 02:34:01] INFO     继电器 ON (开始充电)
[2026-04-09 02:34:01] INFO     继电器执行 -> ON
[2026-04-09 02:34:13] INFO     捕获目标指令: voice_msgnum:10
[2026-04-09 02:34:13] INFO     状态维稳，保持闭合 25.0s
[2026-04-09 02:34:38] INFO     继电器 OFF (切断充电)
[2026-04-09 02:34:38] INFO     继电器执行 -> OFF
[2026-04-09 02:34:38] INFO     物理断电静置 25.0s
[2026-04-09 02:35:03] INFO     【结论】 [PASS] 成功关键字: voice_msgnum:10
[2026-04-09 02:35:03] INFO     统计 -> 成功: 361 | 失败: 0 | 异常: 0 | 成功率: 100.0%
[2026-04-09 02:35:03] INFO     
-------------------- 第 362 轮 | 最大监听: 27.3s --------------------
[2026-04-09 02:35:03] INFO     继电器 ON (开始充电)
[2026-04-09 02:35:03] INFO     继电器执行 -> ON
[2026-04-09 02:35:05] INFO     捕获目标指令: voice_msgnum:9
[2026-04-09 02:35:05] INFO     状态维稳，保持闭合 25.0s
[2026-04-09 02:35:15] INFO     捕获目标指令: voice_msgnum:10
[2026-04-09 02:35:30] INFO     继电器 OFF (切断充电)
[2026-04-09 02:35:30] INFO     继电器执行 -> OFF
[2026-04-09 02:35:30] INFO     物理断电静置 25.0s
[2026-04-09 02:35:55] INFO     【结论】 [PASS] 成功关键字: voice_msgnum:9
[2026-04-09 02:35:55] INFO     统计 -> 成功: 362 | 失败: 0 | 异常: 0 | 成功率: 100.0%
[2026-04-09 02:35:55] INFO     
-------------------- 第 363 轮 | 最大监听: 26.8s --------------------
[2026-04-09 02:35:55] INFO     继电器 ON (开始充电)
[2026-04-09 02:35:55] INFO     继电器执行 -> ON
[2026-04-09 02:35:56] INFO     捕获目标指令: voice_msgnum:9
[2026-04-09 02:35:56] INFO     状态维稳，保持闭合 25.0s
[2026-04-09 02:36:06] INFO     捕获目标指令: voice_msgnum:10
[2026-04-09 02:36:21] INFO     继电器 OFF (切断充电)
[2026-04-09 02:36:21] INFO     继电器执行 -> OFF
[2026-04-09 02:36:21] INFO     物理断电静置 25.0s
[2026-04-09 02:36:46] INFO     【结论】 [PASS] 成功关键字: voice_msgnum:9
[2026-04-09 02:36:46] INFO     统计 -> 成功: 363 | 失败: 0 | 异常: 0 | 成功率: 100.0%
[2026-04-09 02:36:46] INFO     
-------------------- 第 364 轮 | 最大监听: 28.4s --------------------
[2026-04-09 02:36:46] INFO     继电器 ON (开始充电)
[2026-04-09 02:36:46] INFO     继电器执行 -> ON
[2026-04-09 02:36:51] INFO     捕获目标指令: voice_msgnum:9
[2026-04-09 02:36:51] INFO     状态维稳，保持闭合 25.0s
[2026-04-09 02:36:58] INFO     捕获目标指令: voice_msgnum:10
[2026-04-09 02:37:16] INFO     继电器 OFF (切断充电)
[2026-04-09 02:37:16] INFO     继电器执行 -> OFF
[2026-04-09 02:37:16] INFO     物理断电静置 25.0s
[2026-04-09 02:37:41] INFO     【结论】 [PASS] 成功关键字: voice_msgnum:9
[2026-04-09 02:37:41] INFO     统计 -> 成功: 364 | 失败: 0 | 异常: 0 | 成功率: 100.0%
[2026-04-09 02:37:41] INFO     
-------------------- 第 365 轮 | 最大监听: 28.8s --------------------
[2026-04-09 02:37:41] INFO     继电器 ON (开始充电)
[2026-04-09 02:37:41] INFO     继电器执行 -> ON
[2026-04-09 02:37:52] INFO     捕获目标指令: voice_msgnum:10
[2026-04-09 02:37:52] INFO     状态维稳，保持闭合 25.0s
[2026-04-09 02:38:17] INFO     继电器 OFF (切断充电)
[2026-04-09 02:38:17] INFO     继电器执行 -> OFF
[2026-04-09 02:38:17] INFO     物理断电静置 25.0s
[2026-04-09 02:38:42] INFO     【结论】 [PASS] 成功关键字: voice_msgnum:10
[2026-04-09 02:38:42] INFO     统计 -> 成功: 365 | 失败: 0 | 异常: 0 | 成功率: 100.0%
[2026-04-09 02:38:42] INFO     
-------------------- 第 366 轮 | 最大监听: 28.8s --------------------
[2026-04-09 02:38:42] INFO     继电器 ON (开始充电)
[2026-04-09 02:38:42] INFO     继电器执行 -> ON
[2026-04-09 02:38:54] INFO     捕获目标指令: voice_msgnum:10
[2026-04-09 02:38:54] INFO     状态维稳，保持闭合 25.0s
[2026-04-09 02:39:19] INFO     继电器 OFF (切断充电)
[2026-04-09 02:39:19] INFO     继电器执行 -> OFF
[2026-04-09 02:39:19] INFO     物理断电静置 25.0s
[2026-04-09 02:39:44] INFO     【结论】 [PASS] 成功关键字: voice_msgnum:10
[2026-04-09 02:39:44] INFO     统计 -> 成功: 366 | 失败: 0 | 异常: 0 | 成功率: 100.0%
[2026-04-09 02:39:44] INFO     
-------------------- 第 367 轮 | 最大监听: 25.6s --------------------
[2026-04-09 02:39:44] INFO     继电器 ON (开始充电)
[2026-04-09 02:39:44] INFO     继电器执行 -> ON
[2026-04-09 02:39:46] INFO     捕获目标指令: voice_msgnum:9
[2026-04-09 02:39:46] INFO     状态维稳，保持闭合 25.0s
[2026-04-09 02:39:56] INFO     捕获目标指令: voice_msgnum:10
[2026-04-09 02:40:11] INFO     继电器 OFF (切断充电)
[2026-04-09 02:40:11] INFO     继电器执行 -> OFF
[2026-04-09 02:40:11] INFO     物理断电静置 25.0s
[2026-04-09 02:40:36] INFO     【结论】 [PASS] 成功关键字: voice_msgnum:9
[2026-04-09 02:40:36] INFO     统计 -> 成功: 367 | 失败: 0 | 异常: 0 | 成功率: 100.0%
[2026-04-09 02:40:36] INFO     
-------------------- 第 368 轮 | 最大监听: 25.3s --------------------
[2026-04-09 02:40:36] INFO     继电器 ON (开始充电)
[2026-04-09 02:40:36] INFO     继电器执行 -> ON
[2026-04-09 02:40:37] INFO     捕获目标指令: voice_msgnum:9
[2026-04-09 02:40:37] INFO     状态维稳，保持闭合 25.0s
[2026-04-09 02:40:47] INFO     捕获目标指令: voice_msgnum:10
[2026-04-09 02:41:02] INFO     继电器 OFF (切断充电)
[2026-04-09 02:41:02] INFO     继电器执行 -> OFF
[2026-04-09 02:41:02] INFO     物理断电静置 25.0s
[2026-04-09 02:41:27] INFO     【结论】 [PASS] 成功关键字: voice_msgnum:9
[2026-04-09 02:41:27] INFO     统计 -> 成功: 368 | 失败: 0 | 异常: 0 | 成功率: 100.0%
[2026-04-09 02:41:27] INFO     
-------------------- 第 369 轮 | 最大监听: 25.2s --------------------
[2026-04-09 02:41:27] INFO     继电器 ON (开始充电)
[2026-04-09 02:41:27] INFO     继电器执行 -> ON
[2026-04-09 02:41:31] INFO     捕获目标指令: voice_msgnum:9
[2026-04-09 02:41:31] INFO     状态维稳，保持闭合 25.0s
[2026-04-09 02:41:39] INFO     捕获目标指令: voice_msgnum:10
[2026-04-09 02:41:56] INFO     继电器 OFF (切断充电)
[2026-04-09 02:41:56] INFO     继电器执行 -> OFF
[2026-04-09 02:41:56] INFO     物理断电静置 25.0s
[2026-04-09 02:42:21] INFO     【结论】 [PASS] 成功关键字: voice_msgnum:9
[2026-04-09 02:42:21] INFO     统计 -> 成功: 369 | 失败: 0 | 异常: 0 | 成功率: 100.0%
[2026-04-09 02:42:21] INFO     
-------------------- 第 370 轮 | 最大监听: 27.8s --------------------
[2026-04-09 02:42:21] INFO     继电器 ON (开始充电)
[2026-04-09 02:42:22] INFO     继电器执行 -> ON
[2026-04-09 02:42:33] INFO     捕获目标指令: voice_msgnum:10
[2026-04-09 02:42:33] INFO     状态维稳，保持闭合 25.0s
[2026-04-09 02:42:58] INFO     继电器 OFF (切断充电)
[2026-04-09 02:42:58] INFO     继电器执行 -> OFF
[2026-04-09 02:42:58] INFO     物理断电静置 25.0s
[2026-04-09 02:43:23] INFO     【结论】 [PASS] 成功关键字: voice_msgnum:10
[2026-04-09 02:43:23] INFO     统计 -> 成功: 370 | 失败: 0 | 异常: 0 | 成功率: 100.0%
[2026-04-09 02:43:23] INFO     
-------------------- 第 371 轮 | 最大监听: 29.3s --------------------
[2026-04-09 02:43:23] INFO     继电器 ON (开始充电)
[2026-04-09 02:43:23] INFO     继电器执行 -> ON
[2026-04-09 02:43:30] INFO     捕获目标指令: voice_msgnum:9
[2026-04-09 02:43:30] INFO     状态维稳，保持闭合 25.0s
[2026-04-09 02:43:35] INFO     捕获目标指令: voice_msgnum:10
[2026-04-09 02:43:55] INFO     继电器 OFF (切断充电)
[2026-04-09 02:43:55] INFO     继电器执行 -> OFF
[2026-04-09 02:43:55] INFO     物理断电静置 25.0s
[2026-04-09 02:44:20] INFO     【结论】 [PASS] 成功关键字: voice_msgnum:9
[2026-04-09 02:44:20] INFO     统计 -> 成功: 371 | 失败: 0 | 异常: 0 | 成功率: 100.0%
[2026-04-09 02:44:20] INFO     
-------------------- 第 372 轮 | 最大监听: 28.6s --------------------
[2026-04-09 02:44:20] INFO     继电器 ON (开始充电)
[2026-04-09 02:44:20] INFO     继电器执行 -> ON
[2026-04-09 02:44:25] INFO     捕获目标指令: voice_msgnum:9
[2026-04-09 02:44:25] INFO     状态维稳，保持闭合 25.0s
[2026-04-09 02:44:32] INFO     捕获目标指令: voice_msgnum:10
[2026-04-09 02:44:50] INFO     继电器 OFF (切断充电)
[2026-04-09 02:44:50] INFO     继电器执行 -> OFF
[2026-04-09 02:44:50] INFO     物理断电静置 25.0s
[2026-04-09 02:45:15] INFO     【结论】 [PASS] 成功关键字: voice_msgnum:9
[2026-04-09 02:45:15] INFO     统计 -> 成功: 372 | 失败: 0 | 异常: 0 | 成功率: 100.0%
[2026-04-09 02:45:15] INFO     
-------------------- 第 373 轮 | 最大监听: 27.5s --------------------
[2026-04-09 02:45:15] INFO     继电器 ON (开始充电)
[2026-04-09 02:45:15] INFO     继电器执行 -> ON
[2026-04-09 02:45:26] INFO     捕获目标指令: voice_msgnum:10
[2026-04-09 02:45:26] INFO     状态维稳，保持闭合 25.0s
[2026-04-09 02:45:51] INFO     继电器 OFF (切断充电)
[2026-04-09 02:45:51] INFO     继电器执行 -> OFF
[2026-04-09 02:45:51] INFO     物理断电静置 25.0s
[2026-04-09 02:46:16] INFO     【结论】 [PASS] 成功关键字: voice_msgnum:10
[2026-04-09 02:46:16] INFO     统计 -> 成功: 373 | 失败: 0 | 异常: 0 | 成功率: 100.0%
[2026-04-09 02:46:16] INFO     
-------------------- 第 374 轮 | 最大监听: 26.6s --------------------
[2026-04-09 02:46:16] INFO     继电器 ON (开始充电)
[2026-04-09 02:46:16] INFO     继电器执行 -> ON
[2026-04-09 02:46:28] INFO     捕获目标指令: voice_msgnum:10
[2026-04-09 02:46:28] INFO     状态维稳，保持闭合 25.0s
[2026-04-09 02:46:53] INFO     继电器 OFF (切断充电)
[2026-04-09 02:46:53] INFO     继电器执行 -> OFF
[2026-04-09 02:46:53] INFO     物理断电静置 25.0s
[2026-04-09 02:47:18] INFO     【结论】 [PASS] 成功关键字: voice_msgnum:10
[2026-04-09 02:47:18] INFO     统计 -> 成功: 374 | 失败: 0 | 异常: 0 | 成功率: 100.0%
[2026-04-09 02:47:18] INFO     
-------------------- 第 375 轮 | 最大监听: 27.5s --------------------
[2026-04-09 02:47:18] INFO     继电器 ON (开始充电)
[2026-04-09 02:47:18] INFO     继电器执行 -> ON
[2026-04-09 02:47:29] INFO     捕获目标指令: voice_msgnum:10
[2026-04-09 02:47:29] INFO     状态维稳，保持闭合 25.0s
[2026-04-09 02:47:54] INFO     继电器 OFF (切断充电)
[2026-04-09 02:47:55] INFO     继电器执行 -> OFF
[2026-04-09 02:47:55] INFO     物理断电静置 25.0s
[2026-04-09 02:48:20] INFO     【结论】 [PASS] 成功关键字: voice_msgnum:10
[2026-04-09 02:48:20] INFO     统计 -> 成功: 375 | 失败: 0 | 异常: 0 | 成功率: 100.0%
[2026-04-09 02:48:20] INFO     
-------------------- 第 376 轮 | 最大监听: 28.7s --------------------
[2026-04-09 02:48:20] INFO     继电器 ON (开始充电)
[2026-04-09 02:48:20] INFO     继电器执行 -> ON
[2026-04-09 02:48:31] INFO     捕获目标指令: voice_msgnum:10
[2026-04-09 02:48:31] INFO     状态维稳，保持闭合 25.0s
[2026-04-09 02:48:56] INFO     继电器 OFF (切断充电)
[2026-04-09 02:48:56] INFO     继电器执行 -> OFF
[2026-04-09 02:48:56] INFO     物理断电静置 25.0s
[2026-04-09 02:49:21] INFO     【结论】 [PASS] 成功关键字: voice_msgnum:10
[2026-04-09 02:49:21] INFO     统计 -> 成功: 376 | 失败: 0 | 异常: 0 | 成功率: 100.0%
[2026-04-09 02:49:21] INFO     
-------------------- 第 377 轮 | 最大监听: 29.7s --------------------
[2026-04-09 02:49:21] INFO     继电器 ON (开始充电)
[2026-04-09 02:49:21] INFO     继电器执行 -> ON
[2026-04-09 02:49:33] INFO     捕获目标指令: voice_msgnum:10
[2026-04-09 02:49:33] INFO     状态维稳，保持闭合 25.0s
[2026-04-09 02:49:58] INFO     继电器 OFF (切断充电)
[2026-04-09 02:49:58] INFO     继电器执行 -> OFF
[2026-04-09 02:49:58] INFO     物理断电静置 25.0s
[2026-04-09 02:50:23] INFO     【结论】 [PASS] 成功关键字: voice_msgnum:10
[2026-04-09 02:50:23] INFO     统计 -> 成功: 377 | 失败: 0 | 异常: 0 | 成功率: 100.0%
[2026-04-09 02:50:23] INFO     
-------------------- 第 378 轮 | 最大监听: 26.8s --------------------
[2026-04-09 02:50:23] INFO     继电器 ON (开始充电)
[2026-04-09 02:50:23] INFO     继电器执行 -> ON
[2026-04-09 02:50:34] INFO     捕获目标指令: voice_msgnum:10
[2026-04-09 02:50:34] INFO     状态维稳，保持闭合 25.0s
[2026-04-09 02:50:59] INFO     继电器 OFF (切断充电)
[2026-04-09 02:50:59] INFO     继电器执行 -> OFF
[2026-04-09 02:50:59] INFO     物理断电静置 25.0s
[2026-04-09 02:51:24] INFO     【结论】 [PASS] 成功关键字: voice_msgnum:10
[2026-04-09 02:51:24] INFO     统计 -> 成功: 378 | 失败: 0 | 异常: 0 | 成功率: 100.0%
[2026-04-09 02:51:24] INFO     
-------------------- 第 379 轮 | 最大监听: 27.9s --------------------
[2026-04-09 02:51:24] INFO     继电器 ON (开始充电)
[2026-04-09 02:51:24] INFO     继电器执行 -> ON
[2026-04-09 02:51:36] INFO     捕获目标指令: voice_msgnum:10
[2026-04-09 02:51:36] INFO     状态维稳，保持闭合 25.0s
[2026-04-09 02:52:01] INFO     继电器 OFF (切断充电)
[2026-04-09 02:52:01] INFO     继电器执行 -> OFF
[2026-04-09 02:52:01] INFO     物理断电静置 25.0s
[2026-04-09 02:52:26] INFO     【结论】 [PASS] 成功关键字: voice_msgnum:10
[2026-04-09 02:52:26] INFO     统计 -> 成功: 379 | 失败: 0 | 异常: 0 | 成功率: 100.0%
[2026-04-09 02:52:26] INFO     
-------------------- 第 380 轮 | 最大监听: 27.1s --------------------
[2026-04-09 02:52:26] INFO     继电器 ON (开始充电)
[2026-04-09 02:52:26] INFO     继电器执行 -> ON
[2026-04-09 02:52:37] INFO     捕获目标指令: voice_msgnum:10
[2026-04-09 02:52:37] INFO     状态维稳，保持闭合 25.0s
[2026-04-09 02:53:02] INFO     继电器 OFF (切断充电)
[2026-04-09 02:53:03] INFO     继电器执行 -> OFF
[2026-04-09 02:53:03] INFO     物理断电静置 25.0s
[2026-04-09 02:53:28] INFO     【结论】 [PASS] 成功关键字: voice_msgnum:10
[2026-04-09 02:53:28] INFO     统计 -> 成功: 380 | 失败: 0 | 异常: 0 | 成功率: 100.0%
[2026-04-09 02:53:28] INFO     
-------------------- 第 381 轮 | 最大监听: 29.8s --------------------
[2026-04-09 02:53:28] INFO     继电器 ON (开始充电)
[2026-04-09 02:53:28] INFO     继电器执行 -> ON
[2026-04-09 02:53:39] INFO     捕获目标指令: voice_msgnum:10
[2026-04-09 02:53:39] INFO     状态维稳，保持闭合 25.0s
[2026-04-09 02:54:04] INFO     继电器 OFF (切断充电)
[2026-04-09 02:54:04] INFO     继电器执行 -> OFF
[2026-04-09 02:54:04] INFO     物理断电静置 25.0s
[2026-04-09 02:54:29] INFO     【结论】 [PASS] 成功关键字: voice_msgnum:10
[2026-04-09 02:54:29] INFO     统计 -> 成功: 381 | 失败: 0 | 异常: 0 | 成功率: 100.0%
[2026-04-09 02:54:29] INFO     
-------------------- 第 382 轮 | 最大监听: 25.1s --------------------
[2026-04-09 02:54:29] INFO     继电器 ON (开始充电)
[2026-04-09 02:54:29] INFO     继电器执行 -> ON
[2026-04-09 02:54:41] INFO     捕获目标指令: voice_msgnum:10
[2026-04-09 02:54:41] INFO     状态维稳，保持闭合 25.0s
[2026-04-09 02:55:06] INFO     继电器 OFF (切断充电)
[2026-04-09 02:55:06] INFO     继电器执行 -> OFF
[2026-04-09 02:55:06] INFO     物理断电静置 25.0s
[2026-04-09 02:55:31] INFO     【结论】 [PASS] 成功关键字: voice_msgnum:10
[2026-04-09 02:55:31] INFO     统计 -> 成功: 382 | 失败: 0 | 异常: 0 | 成功率: 100.0%
[2026-04-09 02:55:31] INFO     
-------------------- 第 383 轮 | 最大监听: 28.3s --------------------
[2026-04-09 02:55:31] INFO     继电器 ON (开始充电)
[2026-04-09 02:55:31] INFO     继电器执行 -> ON
[2026-04-09 02:55:42] INFO     捕获目标指令: voice_msgnum:10
[2026-04-09 02:55:42] INFO     状态维稳，保持闭合 25.0s
[2026-04-09 02:56:07] INFO     继电器 OFF (切断充电)
[2026-04-09 02:56:07] INFO     继电器执行 -> OFF
[2026-04-09 02:56:07] INFO     物理断电静置 25.0s
[2026-04-09 02:56:32] INFO     【结论】 [PASS] 成功关键字: voice_msgnum:10
[2026-04-09 02:56:32] INFO     统计 -> 成功: 383 | 失败: 0 | 异常: 0 | 成功率: 100.0%
[2026-04-09 02:56:32] INFO     
-------------------- 第 384 轮 | 最大监听: 26.9s --------------------
[2026-04-09 02:56:32] INFO     继电器 ON (开始充电)
[2026-04-09 02:56:32] INFO     继电器执行 -> ON
[2026-04-09 02:56:44] INFO     捕获目标指令: voice_msgnum:10
[2026-04-09 02:56:44] INFO     状态维稳，保持闭合 25.0s
[2026-04-09 02:57:09] INFO     继电器 OFF (切断充电)
[2026-04-09 02:57:09] INFO     继电器执行 -> OFF
[2026-04-09 02:57:09] INFO     物理断电静置 25.0s
[2026-04-09 02:57:34] INFO     【结论】 [PASS] 成功关键字: voice_msgnum:10
[2026-04-09 02:57:34] INFO     统计 -> 成功: 384 | 失败: 0 | 异常: 0 | 成功率: 100.0%
[2026-04-09 02:57:34] INFO     
-------------------- 第 385 轮 | 最大监听: 25.5s --------------------
[2026-04-09 02:57:34] INFO     继电器 ON (开始充电)
[2026-04-09 02:57:34] INFO     继电器执行 -> ON
[2026-04-09 02:57:45] INFO     捕获目标指令: voice_msgnum:10
[2026-04-09 02:57:45] INFO     状态维稳，保持闭合 25.0s
[2026-04-09 02:58:10] INFO     继电器 OFF (切断充电)
[2026-04-09 02:58:10] INFO     继电器执行 -> OFF
[2026-04-09 02:58:10] INFO     物理断电静置 25.0s
[2026-04-09 02:58:35] INFO     【结论】 [PASS] 成功关键字: voice_msgnum:10
[2026-04-09 02:58:35] INFO     统计 -> 成功: 385 | 失败: 0 | 异常: 0 | 成功率: 100.0%
[2026-04-09 02:58:35] INFO     
-------------------- 第 386 轮 | 最大监听: 27.2s --------------------
[2026-04-09 02:58:35] INFO     继电器 ON (开始充电)
[2026-04-09 02:58:36] INFO     继电器执行 -> ON
[2026-04-09 02:58:47] INFO     捕获目标指令: voice_msgnum:10
[2026-04-09 02:58:47] INFO     状态维稳，保持闭合 25.0s
[2026-04-09 02:59:12] INFO     继电器 OFF (切断充电)
[2026-04-09 02:59:12] INFO     继电器执行 -> OFF
[2026-04-09 02:59:12] INFO     物理断电静置 25.0s
[2026-04-09 02:59:37] INFO     【结论】 [PASS] 成功关键字: voice_msgnum:10
[2026-04-09 02:59:37] INFO     统计 -> 成功: 386 | 失败: 0 | 异常: 0 | 成功率: 100.0%
[2026-04-09 02:59:37] INFO     
-------------------- 第 387 轮 | 最大监听: 26.2s --------------------
[2026-04-09 02:59:37] INFO     继电器 ON (开始充电)
[2026-04-09 02:59:37] INFO     继电器执行 -> ON
[2026-04-09 02:59:49] INFO     捕获目标指令: voice_msgnum:10
[2026-04-09 02:59:49] INFO     状态维稳，保持闭合 25.0s
[2026-04-09 03:00:14] INFO     继电器 OFF (切断充电)
[2026-04-09 03:00:14] INFO     继电器执行 -> OFF
[2026-04-09 03:00:14] INFO     物理断电静置 25.0s
[2026-04-09 03:00:39] INFO     【结论】 [PASS] 成功关键字: voice_msgnum:10
[2026-04-09 03:00:39] INFO     统计 -> 成功: 387 | 失败: 0 | 异常: 0 | 成功率: 100.0%
[2026-04-09 03:00:39] INFO     
-------------------- 第 388 轮 | 最大监听: 29.3s --------------------
[2026-04-09 03:00:39] INFO     继电器 ON (开始充电)
[2026-04-09 03:00:39] INFO     继电器执行 -> ON
[2026-04-09 03:00:50] INFO     捕获目标指令: voice_msgnum:10
[2026-04-09 03:00:50] INFO     状态维稳，保持闭合 25.0s
[2026-04-09 03:01:15] INFO     继电器 OFF (切断充电)
[2026-04-09 03:01:15] INFO     继电器执行 -> OFF
[2026-04-09 03:01:15] INFO     物理断电静置 25.0s
[2026-04-09 03:01:40] INFO     【结论】 [PASS] 成功关键字: voice_msgnum:10
[2026-04-09 03:01:40] INFO     统计 -> 成功: 388 | 失败: 0 | 异常: 0 | 成功率: 100.0%
[2026-04-09 03:01:40] INFO     
-------------------- 第 389 轮 | 最大监听: 27.8s --------------------
[2026-04-09 03:01:40] INFO     继电器 ON (开始充电)
[2026-04-09 03:01:40] INFO     继电器执行 -> ON
[2026-04-09 03:01:52] INFO     捕获目标指令: voice_msgnum:10
[2026-04-09 03:01:52] INFO     状态维稳，保持闭合 25.0s
[2026-04-09 03:02:17] INFO     继电器 OFF (切断充电)
[2026-04-09 03:02:17] INFO     继电器执行 -> OFF
[2026-04-09 03:02:17] INFO     物理断电静置 25.0s
[2026-04-09 03:02:42] INFO     【结论】 [PASS] 成功关键字: voice_msgnum:10
[2026-04-09 03:02:42] INFO     统计 -> 成功: 389 | 失败: 0 | 异常: 0 | 成功率: 100.0%
[2026-04-09 03:02:42] INFO     
-------------------- 第 390 轮 | 最大监听: 27.2s --------------------
[2026-04-09 03:02:42] INFO     继电器 ON (开始充电)
[2026-04-09 03:02:42] INFO     继电器执行 -> ON
[2026-04-09 03:02:53] INFO     捕获目标指令: voice_msgnum:10
[2026-04-09 03:02:53] INFO     状态维稳，保持闭合 25.0s
[2026-04-09 03:03:18] INFO     继电器 OFF (切断充电)
[2026-04-09 03:03:18] INFO     继电器执行 -> OFF
[2026-04-09 03:03:18] INFO     物理断电静置 25.0s
[2026-04-09 03:03:43] INFO     【结论】 [PASS] 成功关键字: voice_msgnum:10
[2026-04-09 03:03:43] INFO     统计 -> 成功: 390 | 失败: 0 | 异常: 0 | 成功率: 100.0%
[2026-04-09 03:03:43] INFO     
-------------------- 第 391 轮 | 最大监听: 27.4s --------------------
[2026-04-09 03:03:43] INFO     继电器 ON (开始充电)
[2026-04-09 03:03:44] INFO     继电器执行 -> ON
[2026-04-09 03:03:55] INFO     捕获目标指令: voice_msgnum:10
[2026-04-09 03:03:55] INFO     状态维稳，保持闭合 25.0s
[2026-04-09 03:04:20] INFO     继电器 OFF (切断充电)
[2026-04-09 03:04:20] INFO     继电器执行 -> OFF
[2026-04-09 03:04:20] INFO     物理断电静置 25.0s
[2026-04-09 03:04:45] INFO     【结论】 [PASS] 成功关键字: voice_msgnum:10
[2026-04-09 03:04:45] INFO     统计 -> 成功: 391 | 失败: 0 | 异常: 0 | 成功率: 100.0%
[2026-04-09 03:04:45] INFO     
-------------------- 第 392 轮 | 最大监听: 29.4s --------------------
[2026-04-09 03:04:45] INFO     继电器 ON (开始充电)
[2026-04-09 03:04:45] INFO     继电器执行 -> ON
[2026-04-09 03:04:57] INFO     捕获目标指令: voice_msgnum:10
[2026-04-09 03:04:57] INFO     状态维稳，保持闭合 25.0s
[2026-04-09 03:05:22] INFO     继电器 OFF (切断充电)
[2026-04-09 03:05:22] INFO     继电器执行 -> OFF
[2026-04-09 03:05:22] INFO     物理断电静置 25.0s
[2026-04-09 03:05:47] INFO     【结论】 [PASS] 成功关键字: voice_msgnum:10
[2026-04-09 03:05:47] INFO     统计 -> 成功: 392 | 失败: 0 | 异常: 0 | 成功率: 100.0%
[2026-04-09 03:05:47] INFO     
-------------------- 第 393 轮 | 最大监听: 28.9s --------------------
[2026-04-09 03:05:47] INFO     继电器 ON (开始充电)
[2026-04-09 03:05:47] INFO     继电器执行 -> ON
[2026-04-09 03:05:58] INFO     捕获目标指令: voice_msgnum:10
[2026-04-09 03:05:58] INFO     状态维稳，保持闭合 25.0s
[2026-04-09 03:06:23] INFO     继电器 OFF (切断充电)
[2026-04-09 03:06:23] INFO     继电器执行 -> OFF
[2026-04-09 03:06:23] INFO     物理断电静置 25.0s
[2026-04-09 03:06:48] INFO     【结论】 [PASS] 成功关键字: voice_msgnum:10
[2026-04-09 03:06:48] INFO     统计 -> 成功: 393 | 失败: 0 | 异常: 0 | 成功率: 100.0%
[2026-04-09 03:06:48] INFO     
-------------------- 第 394 轮 | 最大监听: 25.3s --------------------
[2026-04-09 03:06:48] INFO     继电器 ON (开始充电)
[2026-04-09 03:06:48] INFO     继电器执行 -> ON
[2026-04-09 03:07:00] INFO     捕获目标指令: voice_msgnum:10
[2026-04-09 03:07:00] INFO     状态维稳，保持闭合 25.0s
[2026-04-09 03:07:25] INFO     继电器 OFF (切断充电)
[2026-04-09 03:07:25] INFO     继电器执行 -> OFF
[2026-04-09 03:07:25] INFO     物理断电静置 25.0s
[2026-04-09 03:07:50] INFO     【结论】 [PASS] 成功关键字: voice_msgnum:10
[2026-04-09 03:07:50] INFO     统计 -> 成功: 394 | 失败: 0 | 异常: 0 | 成功率: 100.0%
[2026-04-09 03:07:50] INFO     
-------------------- 第 395 轮 | 最大监听: 26.4s --------------------
[2026-04-09 03:07:50] INFO     继电器 ON (开始充电)
[2026-04-09 03:07:50] INFO     继电器执行 -> ON
[2026-04-09 03:08:01] INFO     捕获目标指令: voice_msgnum:10
[2026-04-09 03:08:01] INFO     状态维稳，保持闭合 25.0s
[2026-04-09 03:08:26] INFO     继电器 OFF (切断充电)
[2026-04-09 03:08:26] INFO     继电器执行 -> OFF
[2026-04-09 03:08:26] INFO     物理断电静置 25.0s
[2026-04-09 03:08:51] INFO     【结论】 [PASS] 成功关键字: voice_msgnum:10
[2026-04-09 03:08:51] INFO     统计 -> 成功: 395 | 失败: 0 | 异常: 0 | 成功率: 100.0%
[2026-04-09 03:08:51] INFO     
-------------------- 第 396 轮 | 最大监听: 26.2s --------------------
[2026-04-09 03:08:51] INFO     继电器 ON (开始充电)
[2026-04-09 03:08:52] INFO     继电器执行 -> ON
[2026-04-09 03:09:03] INFO     捕获目标指令: voice_msgnum:10
[2026-04-09 03:09:03] INFO     状态维稳，保持闭合 25.0s
[2026-04-09 03:09:28] INFO     继电器 OFF (切断充电)
[2026-04-09 03:09:28] INFO     继电器执行 -> OFF
[2026-04-09 03:09:28] INFO     物理断电静置 25.0s
[2026-04-09 03:09:53] INFO     【结论】 [PASS] 成功关键字: voice_msgnum:10
[2026-04-09 03:09:53] INFO     统计 -> 成功: 396 | 失败: 0 | 异常: 0 | 成功率: 100.0%
[2026-04-09 03:09:53] INFO     
-------------------- 第 397 轮 | 最大监听: 25.2s --------------------
[2026-04-09 03:09:53] INFO     继电器 ON (开始充电)
[2026-04-09 03:09:53] INFO     继电器执行 -> ON
[2026-04-09 03:10:05] INFO     捕获目标指令: voice_msgnum:10
[2026-04-09 03:10:05] INFO     状态维稳，保持闭合 25.0s
[2026-04-09 03:10:30] INFO     继电器 OFF (切断充电)
[2026-04-09 03:10:30] INFO     继电器执行 -> OFF
[2026-04-09 03:10:30] INFO     物理断电静置 25.0s
[2026-04-09 03:10:55] INFO     【结论】 [PASS] 成功关键字: voice_msgnum:10
[2026-04-09 03:10:55] INFO     统计 -> 成功: 397 | 失败: 0 | 异常: 0 | 成功率: 100.0%
[2026-04-09 03:10:55] INFO     
-------------------- 第 398 轮 | 最大监听: 29.9s --------------------
[2026-04-09 03:10:55] INFO     继电器 ON (开始充电)
[2026-04-09 03:10:55] INFO     继电器执行 -> ON
[2026-04-09 03:11:06] INFO     捕获目标指令: voice_msgnum:10
[2026-04-09 03:11:06] INFO     状态维稳，保持闭合 25.0s
[2026-04-09 03:11:31] INFO     继电器 OFF (切断充电)
[2026-04-09 03:11:31] INFO     继电器执行 -> OFF
[2026-04-09 03:11:31] INFO     物理断电静置 25.0s
[2026-04-09 03:11:56] INFO     【结论】 [PASS] 成功关键字: voice_msgnum:10
[2026-04-09 03:11:56] INFO     统计 -> 成功: 398 | 失败: 0 | 异常: 0 | 成功率: 100.0%
[2026-04-09 03:11:56] INFO     
-------------------- 第 399 轮 | 最大监听: 27.7s --------------------
[2026-04-09 03:11:56] INFO     继电器 ON (开始充电)
[2026-04-09 03:11:56] INFO     继电器执行 -> ON
[2026-04-09 03:12:08] INFO     捕获目标指令: voice_msgnum:10
[2026-04-09 03:12:08] INFO     状态维稳，保持闭合 25.0s
[2026-04-09 03:12:33] INFO     继电器 OFF (切断充电)
[2026-04-09 03:12:33] INFO     继电器执行 -> OFF
[2026-04-09 03:12:33] INFO     物理断电静置 25.0s
[2026-04-09 03:12:58] INFO     【结论】 [PASS] 成功关键字: voice_msgnum:10
[2026-04-09 03:12:58] INFO     统计 -> 成功: 399 | 失败: 0 | 异常: 0 | 成功率: 100.0%
[2026-04-09 03:12:58] INFO     
-------------------- 第 400 轮 | 最大监听: 29.5s --------------------
[2026-04-09 03:12:58] INFO     继电器 ON (开始充电)
[2026-04-09 03:12:58] INFO     继电器执行 -> ON
[2026-04-09 03:13:09] INFO     捕获目标指令: voice_msgnum:10
[2026-04-09 03:13:09] INFO     状态维稳，保持闭合 25.0s
[2026-04-09 03:13:34] INFO     继电器 OFF (切断充电)
[2026-04-09 03:13:34] INFO     继电器执行 -> OFF
[2026-04-09 03:13:34] INFO     物理断电静置 25.0s
[2026-04-09 03:13:59] INFO     【结论】 [PASS] 成功关键字: voice_msgnum:10
[2026-04-09 03:13:59] INFO     统计 -> 成功: 400 | 失败: 0 | 异常: 0 | 成功率: 100.0%
[2026-04-09 03:13:59] INFO     
-------------------- 第 401 轮 | 最大监听: 28.5s --------------------
[2026-04-09 03:13:59] INFO     继电器 ON (开始充电)
[2026-04-09 03:13:59] INFO     继电器执行 -> ON
[2026-04-09 03:14:11] INFO     捕获目标指令: voice_msgnum:10
[2026-04-09 03:14:11] INFO     状态维稳，保持闭合 25.0s
[2026-04-09 03:14:36] INFO     继电器 OFF (切断充电)
[2026-04-09 03:14:36] INFO     继电器执行 -> OFF
[2026-04-09 03:14:36] INFO     物理断电静置 25.0s
[2026-04-09 03:15:01] INFO     【结论】 [PASS] 成功关键字: voice_msgnum:10
[2026-04-09 03:15:01] INFO     统计 -> 成功: 401 | 失败: 0 | 异常: 0 | 成功率: 100.0%
[2026-04-09 03:15:01] INFO     
-------------------- 第 402 轮 | 最大监听: 27.0s --------------------
[2026-04-09 03:15:01] INFO     继电器 ON (开始充电)
[2026-04-09 03:15:01] INFO     继电器执行 -> ON
[2026-04-09 03:15:13] INFO     捕获目标指令: voice_msgnum:10
[2026-04-09 03:15:13] INFO     状态维稳，保持闭合 25.0s
[2026-04-09 03:15:38] INFO     继电器 OFF (切断充电)
[2026-04-09 03:15:38] INFO     继电器执行 -> OFF
[2026-04-09 03:15:38] INFO     物理断电静置 25.0s
[2026-04-09 03:16:03] INFO     【结论】 [PASS] 成功关键字: voice_msgnum:10
[2026-04-09 03:16:03] INFO     统计 -> 成功: 402 | 失败: 0 | 异常: 0 | 成功率: 100.0%
[2026-04-09 03:16:03] INFO     
-------------------- 第 403 轮 | 最大监听: 25.1s --------------------
[2026-04-09 03:16:03] INFO     继电器 ON (开始充电)
[2026-04-09 03:16:03] INFO     继电器执行 -> ON
[2026-04-09 03:16:14] INFO     捕获目标指令: voice_msgnum:10
[2026-04-09 03:16:14] INFO     状态维稳，保持闭合 25.0s
[2026-04-09 03:16:39] INFO     继电器 OFF (切断充电)
[2026-04-09 03:16:39] INFO     继电器执行 -> OFF
[2026-04-09 03:16:39] INFO     物理断电静置 25.0s
[2026-04-09 03:17:04] INFO     【结论】 [PASS] 成功关键字: voice_msgnum:10
[2026-04-09 03:17:04] INFO     统计 -> 成功: 403 | 失败: 0 | 异常: 0 | 成功率: 100.0%
[2026-04-09 03:17:04] INFO     
-------------------- 第 404 轮 | 最大监听: 28.3s --------------------
[2026-04-09 03:17:04] INFO     继电器 ON (开始充电)
[2026-04-09 03:17:04] INFO     继电器执行 -> ON
[2026-04-09 03:17:16] INFO     捕获目标指令: voice_msgnum:10
[2026-04-09 03:17:16] INFO     状态维稳，保持闭合 25.0s
[2026-04-09 03:17:41] INFO     继电器 OFF (切断充电)
[2026-04-09 03:17:41] INFO     继电器执行 -> OFF
[2026-04-09 03:17:41] INFO     物理断电静置 25.0s
[2026-04-09 03:18:06] INFO     【结论】 [PASS] 成功关键字: voice_msgnum:10
[2026-04-09 03:18:06] INFO     统计 -> 成功: 404 | 失败: 0 | 异常: 0 | 成功率: 100.0%
[2026-04-09 03:18:06] INFO     
-------------------- 第 405 轮 | 最大监听: 28.0s --------------------
[2026-04-09 03:18:06] INFO     继电器 ON (开始充电)
[2026-04-09 03:18:06] INFO     继电器执行 -> ON
[2026-04-09 03:18:17] INFO     捕获目标指令: voice_msgnum:10
[2026-04-09 03:18:17] INFO     状态维稳，保持闭合 25.0s
[2026-04-09 03:18:42] INFO     继电器 OFF (切断充电)
[2026-04-09 03:18:42] INFO     继电器执行 -> OFF
[2026-04-09 03:18:42] INFO     物理断电静置 25.0s
[2026-04-09 03:19:07] INFO     【结论】 [PASS] 成功关键字: voice_msgnum:10
[2026-04-09 03:19:07] INFO     统计 -> 成功: 405 | 失败: 0 | 异常: 0 | 成功率: 100.0%
[2026-04-09 03:19:07] INFO     
-------------------- 第 406 轮 | 最大监听: 25.3s --------------------
[2026-04-09 03:19:07] INFO     继电器 ON (开始充电)
[2026-04-09 03:19:07] INFO     继电器执行 -> ON
[2026-04-09 03:19:19] INFO     捕获目标指令: voice_msgnum:10
[2026-04-09 03:19:19] INFO     状态维稳，保持闭合 25.0s
[2026-04-09 03:19:44] INFO     继电器 OFF (切断充电)
[2026-04-09 03:19:44] INFO     继电器执行 -> OFF
[2026-04-09 03:19:44] INFO     物理断电静置 25.0s
[2026-04-09 03:20:09] INFO     【结论】 [PASS] 成功关键字: voice_msgnum:10
[2026-04-09 03:20:09] INFO     统计 -> 成功: 406 | 失败: 0 | 异常: 0 | 成功率: 100.0%
[2026-04-09 03:20:09] INFO     
-------------------- 第 407 轮 | 最大监听: 27.9s --------------------
[2026-04-09 03:20:09] INFO     继电器 ON (开始充电)
[2026-04-09 03:20:09] INFO     继电器执行 -> ON
[2026-04-09 03:20:21] INFO     捕获目标指令: voice_msgnum:10
[2026-04-09 03:20:21] INFO     状态维稳，保持闭合 25.0s
[2026-04-09 03:20:46] INFO     继电器 OFF (切断充电)
[2026-04-09 03:20:46] INFO     继电器执行 -> OFF
[2026-04-09 03:20:46] INFO     物理断电静置 25.0s
[2026-04-09 03:21:11] INFO     【结论】 [PASS] 成功关键字: voice_msgnum:10
[2026-04-09 03:21:11] INFO     统计 -> 成功: 407 | 失败: 0 | 异常: 0 | 成功率: 100.0%
[2026-04-09 03:21:11] INFO     
-------------------- 第 408 轮 | 最大监听: 25.1s --------------------
[2026-04-09 03:21:11] INFO     继电器 ON (开始充电)
[2026-04-09 03:21:11] INFO     继电器执行 -> ON
[2026-04-09 03:21:22] INFO     捕获目标指令: voice_msgnum:10
[2026-04-09 03:21:22] INFO     状态维稳，保持闭合 25.0s
[2026-04-09 03:21:47] INFO     继电器 OFF (切断充电)
[2026-04-09 03:21:47] INFO     继电器执行 -> OFF
[2026-04-09 03:21:47] INFO     物理断电静置 25.0s
[2026-04-09 03:22:12] INFO     【结论】 [PASS] 成功关键字: voice_msgnum:10
[2026-04-09 03:22:12] INFO     统计 -> 成功: 408 | 失败: 0 | 异常: 0 | 成功率: 100.0%
[2026-04-09 03:22:12] INFO     
-------------------- 第 409 轮 | 最大监听: 30.0s --------------------
[2026-04-09 03:22:12] INFO     继电器 ON (开始充电)
[2026-04-09 03:22:12] INFO     继电器执行 -> ON
[2026-04-09 03:22:24] INFO     捕获目标指令: voice_msgnum:10
[2026-04-09 03:22:24] INFO     状态维稳，保持闭合 25.0s
[2026-04-09 03:22:49] INFO     继电器 OFF (切断充电)
[2026-04-09 03:22:49] INFO     继电器执行 -> OFF
[2026-04-09 03:22:49] INFO     物理断电静置 25.0s
[2026-04-09 03:23:14] INFO     【结论】 [PASS] 成功关键字: voice_msgnum:10
[2026-04-09 03:23:14] INFO     统计 -> 成功: 409 | 失败: 0 | 异常: 0 | 成功率: 100.0%
[2026-04-09 03:23:14] INFO     
-------------------- 第 410 轮 | 最大监听: 28.2s --------------------
[2026-04-09 03:23:14] INFO     继电器 ON (开始充电)
[2026-04-09 03:23:14] INFO     继电器执行 -> ON
[2026-04-09 03:23:25] INFO     捕获目标指令: voice_msgnum:10
[2026-04-09 03:23:25] INFO     状态维稳，保持闭合 25.0s
[2026-04-09 03:23:50] INFO     继电器 OFF (切断充电)
[2026-04-09 03:23:50] INFO     继电器执行 -> OFF
[2026-04-09 03:23:50] INFO     物理断电静置 25.0s
[2026-04-09 03:24:15] INFO     【结论】 [PASS] 成功关键字: voice_msgnum:10
[2026-04-09 03:24:15] INFO     统计 -> 成功: 410 | 失败: 0 | 异常: 0 | 成功率: 100.0%
[2026-04-09 03:24:15] INFO     
-------------------- 第 411 轮 | 最大监听: 26.5s --------------------
[2026-04-09 03:24:15] INFO     继电器 ON (开始充电)
[2026-04-09 03:24:15] INFO     继电器执行 -> ON
[2026-04-09 03:24:27] INFO     捕获目标指令: voice_msgnum:10
[2026-04-09 03:24:27] INFO     状态维稳，保持闭合 25.0s
[2026-04-09 03:24:52] INFO     继电器 OFF (切断充电)
[2026-04-09 03:24:52] INFO     继电器执行 -> OFF
[2026-04-09 03:24:52] INFO     物理断电静置 25.0s
[2026-04-09 03:25:17] INFO     【结论】 [PASS] 成功关键字: voice_msgnum:10
[2026-04-09 03:25:17] INFO     统计 -> 成功: 411 | 失败: 0 | 异常: 0 | 成功率: 100.0%
[2026-04-09 03:25:17] INFO     
-------------------- 第 412 轮 | 最大监听: 27.3s --------------------
[2026-04-09 03:25:17] INFO     继电器 ON (开始充电)
[2026-04-09 03:25:17] INFO     继电器执行 -> ON
[2026-04-09 03:25:29] INFO     捕获目标指令: voice_msgnum:10
[2026-04-09 03:25:29] INFO     状态维稳，保持闭合 25.0s
[2026-04-09 03:25:54] INFO     继电器 OFF (切断充电)
[2026-04-09 03:25:54] INFO     继电器执行 -> OFF
[2026-04-09 03:25:54] INFO     物理断电静置 25.0s
[2026-04-09 03:26:19] INFO     【结论】 [PASS] 成功关键字: voice_msgnum:10
[2026-04-09 03:26:19] INFO     统计 -> 成功: 412 | 失败: 0 | 异常: 0 | 成功率: 100.0%
[2026-04-09 03:26:19] INFO     
-------------------- 第 413 轮 | 最大监听: 26.2s --------------------
[2026-04-09 03:26:19] INFO     继电器 ON (开始充电)
[2026-04-09 03:26:19] INFO     继电器执行 -> ON
[2026-04-09 03:26:30] INFO     捕获目标指令: voice_msgnum:10
[2026-04-09 03:26:30] INFO     状态维稳，保持闭合 25.0s
[2026-04-09 03:26:55] INFO     继电器 OFF (切断充电)
[2026-04-09 03:26:55] INFO     继电器执行 -> OFF
[2026-04-09 03:26:55] INFO     物理断电静置 25.0s
[2026-04-09 03:27:20] INFO     【结论】 [PASS] 成功关键字: voice_msgnum:10
[2026-04-09 03:27:20] INFO     统计 -> 成功: 413 | 失败: 0 | 异常: 0 | 成功率: 100.0%
[2026-04-09 03:27:20] INFO     
-------------------- 第 414 轮 | 最大监听: 29.7s --------------------
[2026-04-09 03:27:20] INFO     继电器 ON (开始充电)
[2026-04-09 03:27:20] INFO     继电器执行 -> ON
[2026-04-09 03:27:32] INFO     捕获目标指令: voice_msgnum:10
[2026-04-09 03:27:32] INFO     状态维稳，保持闭合 25.0s
[2026-04-09 03:27:57] INFO     继电器 OFF (切断充电)
[2026-04-09 03:27:57] INFO     继电器执行 -> OFF
[2026-04-09 03:27:57] INFO     物理断电静置 25.0s
[2026-04-09 03:28:22] INFO     【结论】 [PASS] 成功关键字: voice_msgnum:10
[2026-04-09 03:28:22] INFO     统计 -> 成功: 414 | 失败: 0 | 异常: 0 | 成功率: 100.0%
[2026-04-09 03:28:22] INFO     
-------------------- 第 415 轮 | 最大监听: 27.2s --------------------
[2026-04-09 03:28:22] INFO     继电器 ON (开始充电)
[2026-04-09 03:28:22] INFO     继电器执行 -> ON
[2026-04-09 03:28:23] INFO     捕获目标指令: voice_msgnum:9
[2026-04-09 03:28:23] INFO     状态维稳，保持闭合 25.0s
[2026-04-09 03:28:33] INFO     捕获目标指令: voice_msgnum:10
[2026-04-09 03:28:48] INFO     继电器 OFF (切断充电)
[2026-04-09 03:28:48] INFO     继电器执行 -> OFF
[2026-04-09 03:28:48] INFO     物理断电静置 25.0s
[2026-04-09 03:29:13] INFO     【结论】 [PASS] 成功关键字: voice_msgnum:9
[2026-04-09 03:29:13] INFO     统计 -> 成功: 415 | 失败: 0 | 异常: 0 | 成功率: 100.0%
[2026-04-09 03:29:13] INFO     
-------------------- 第 416 轮 | 最大监听: 28.4s --------------------
[2026-04-09 03:29:13] INFO     继电器 ON (开始充电)
[2026-04-09 03:29:13] INFO     继电器执行 -> ON
[2026-04-09 03:29:15] INFO     捕获目标指令: voice_msgnum:9
[2026-04-09 03:29:15] INFO     状态维稳，保持闭合 25.0s
[2026-04-09 03:29:25] INFO     捕获目标指令: voice_msgnum:10
[2026-04-09 03:29:40] INFO     继电器 OFF (切断充电)
[2026-04-09 03:29:40] INFO     继电器执行 -> OFF
[2026-04-09 03:29:40] INFO     物理断电静置 25.0s
[2026-04-09 03:30:05] INFO     【结论】 [PASS] 成功关键字: voice_msgnum:9
[2026-04-09 03:30:05] INFO     统计 -> 成功: 416 | 失败: 0 | 异常: 0 | 成功率: 100.0%
[2026-04-09 03:30:05] INFO     
-------------------- 第 417 轮 | 最大监听: 26.1s --------------------
[2026-04-09 03:30:05] INFO     继电器 ON (开始充电)
[2026-04-09 03:30:05] INFO     继电器执行 -> ON
[2026-04-09 03:30:09] INFO     捕获目标指令: voice_msgnum:9
[2026-04-09 03:30:09] INFO     状态维稳，保持闭合 25.0s
[2026-04-09 03:30:17] INFO     捕获目标指令: voice_msgnum:10
[2026-04-09 03:30:34] INFO     继电器 OFF (切断充电)
[2026-04-09 03:30:34] INFO     继电器执行 -> OFF
[2026-04-09 03:30:34] INFO     物理断电静置 25.0s
[2026-04-09 03:30:59] INFO     【结论】 [PASS] 成功关键字: voice_msgnum:9
[2026-04-09 03:30:59] INFO     统计 -> 成功: 417 | 失败: 0 | 异常: 0 | 成功率: 100.0%
[2026-04-09 03:30:59] INFO     
-------------------- 第 418 轮 | 最大监听: 29.2s --------------------
[2026-04-09 03:30:59] INFO     继电器 ON (开始充电)
[2026-04-09 03:30:59] INFO     继电器执行 -> ON
[2026-04-09 03:31:11] INFO     捕获目标指令: voice_msgnum:10
[2026-04-09 03:31:11] INFO     状态维稳，保持闭合 25.0s
[2026-04-09 03:31:36] INFO     继电器 OFF (切断充电)
[2026-04-09 03:31:36] INFO     继电器执行 -> OFF
[2026-04-09 03:31:36] INFO     物理断电静置 25.0s
[2026-04-09 03:32:01] INFO     【结论】 [PASS] 成功关键字: voice_msgnum:10
[2026-04-09 03:32:01] INFO     统计 -> 成功: 418 | 失败: 0 | 异常: 0 | 成功率: 100.0%
[2026-04-09 03:32:01] INFO     
-------------------- 第 419 轮 | 最大监听: 26.5s --------------------
[2026-04-09 03:32:01] INFO     继电器 ON (开始充电)
[2026-04-09 03:32:01] INFO     继电器执行 -> ON
[2026-04-09 03:32:02] INFO     捕获目标指令: voice_msgnum:9
[2026-04-09 03:32:02] INFO     状态维稳，保持闭合 25.0s
[2026-04-09 03:32:13] INFO     捕获目标指令: voice_msgnum:10
[2026-04-09 03:32:27] INFO     继电器 OFF (切断充电)
[2026-04-09 03:32:27] INFO     继电器执行 -> OFF
[2026-04-09 03:32:27] INFO     物理断电静置 25.0s
[2026-04-09 03:32:52] INFO     【结论】 [PASS] 成功关键字: voice_msgnum:9
[2026-04-09 03:32:52] INFO     统计 -> 成功: 419 | 失败: 0 | 异常: 0 | 成功率: 100.0%
[2026-04-09 03:32:52] INFO     
-------------------- 第 420 轮 | 最大监听: 29.1s --------------------
[2026-04-09 03:32:52] INFO     继电器 ON (开始充电)
[2026-04-09 03:32:53] INFO     继电器执行 -> ON
[2026-04-09 03:33:00] INFO     捕获目标指令: voice_msgnum:9
[2026-04-09 03:33:00] INFO     状态维稳，保持闭合 25.0s
[2026-04-09 03:33:05] INFO     捕获目标指令: voice_msgnum:10
[2026-04-09 03:33:25] INFO     继电器 OFF (切断充电)
[2026-04-09 03:33:25] INFO     继电器执行 -> OFF
[2026-04-09 03:33:25] INFO     物理断电静置 25.0s
[2026-04-09 03:33:50] INFO     【结论】 [PASS] 成功关键字: voice_msgnum:9
[2026-04-09 03:33:50] INFO     统计 -> 成功: 420 | 失败: 0 | 异常: 0 | 成功率: 100.0%
[2026-04-09 03:33:50] INFO     
-------------------- 第 421 轮 | 最大监听: 26.9s --------------------
[2026-04-09 03:33:50] INFO     继电器 ON (开始充电)
[2026-04-09 03:33:50] INFO     继电器执行 -> ON
[2026-04-09 03:33:52] INFO     捕获目标指令: voice_msgnum:9
[2026-04-09 03:33:52] INFO     状态维稳，保持闭合 25.0s
[2026-04-09 03:34:02] INFO     捕获目标指令: voice_msgnum:10
[2026-04-09 03:34:17] INFO     继电器 OFF (切断充电)
[2026-04-09 03:34:17] INFO     继电器执行 -> OFF
[2026-04-09 03:34:17] INFO     物理断电静置 25.0s
[2026-04-09 03:34:42] INFO     【结论】 [PASS] 成功关键字: voice_msgnum:9
[2026-04-09 03:34:42] INFO     统计 -> 成功: 421 | 失败: 0 | 异常: 0 | 成功率: 100.0%
[2026-04-09 03:34:42] INFO     
-------------------- 第 422 轮 | 最大监听: 27.3s --------------------
[2026-04-09 03:34:42] INFO     继电器 ON (开始充电)
[2026-04-09 03:34:42] INFO     继电器执行 -> ON
[2026-04-09 03:34:49] INFO     捕获目标指令: voice_msgnum:9
[2026-04-09 03:34:49] INFO     状态维稳，保持闭合 25.0s
[2026-04-09 03:34:54] INFO     捕获目标指令: voice_msgnum:10
[2026-04-09 03:35:14] INFO     继电器 OFF (切断充电)
[2026-04-09 03:35:14] INFO     继电器执行 -> OFF
[2026-04-09 03:35:14] INFO     物理断电静置 25.0s
[2026-04-09 03:35:39] INFO     【结论】 [PASS] 成功关键字: voice_msgnum:9
[2026-04-09 03:35:39] INFO     统计 -> 成功: 422 | 失败: 0 | 异常: 0 | 成功率: 100.0%
[2026-04-09 03:35:39] INFO     
-------------------- 第 423 轮 | 最大监听: 29.8s --------------------
[2026-04-09 03:35:39] INFO     继电器 ON (开始充电)
[2026-04-09 03:35:39] INFO     继电器执行 -> ON
[2026-04-09 03:35:43] INFO     捕获目标指令: voice_msgnum:9
[2026-04-09 03:35:43] INFO     状态维稳，保持闭合 25.0s
[2026-04-09 03:35:51] INFO     捕获目标指令: voice_msgnum:10
[2026-04-09 03:36:08] INFO     继电器 OFF (切断充电)
[2026-04-09 03:36:08] INFO     继电器执行 -> OFF
[2026-04-09 03:36:08] INFO     物理断电静置 25.0s
[2026-04-09 03:36:33] INFO     【结论】 [PASS] 成功关键字: voice_msgnum:9
[2026-04-09 03:36:33] INFO     统计 -> 成功: 423 | 失败: 0 | 异常: 0 | 成功率: 100.0%
[2026-04-09 03:36:33] INFO     
-------------------- 第 424 轮 | 最大监听: 25.1s --------------------
[2026-04-09 03:36:33] INFO     继电器 ON (开始充电)
[2026-04-09 03:36:33] INFO     继电器执行 -> ON
[2026-04-09 03:36:45] INFO     捕获目标指令: voice_msgnum:10
[2026-04-09 03:36:45] INFO     状态维稳，保持闭合 25.0s
[2026-04-09 03:37:10] INFO     继电器 OFF (切断充电)
[2026-04-09 03:37:10] INFO     继电器执行 -> OFF
[2026-04-09 03:37:10] INFO     物理断电静置 25.0s
[2026-04-09 03:37:35] INFO     【结论】 [PASS] 成功关键字: voice_msgnum:10
[2026-04-09 03:37:35] INFO     统计 -> 成功: 424 | 失败: 0 | 异常: 0 | 成功率: 100.0%
[2026-04-09 03:37:35] INFO     
-------------------- 第 425 轮 | 最大监听: 27.7s --------------------
[2026-04-09 03:37:35] INFO     继电器 ON (开始充电)
[2026-04-09 03:37:35] INFO     继电器执行 -> ON
[2026-04-09 03:37:46] INFO     捕获目标指令: voice_msgnum:10
[2026-04-09 03:37:46] INFO     状态维稳，保持闭合 25.0s
[2026-04-09 03:38:11] INFO     继电器 OFF (切断充电)
[2026-04-09 03:38:12] INFO     继电器执行 -> OFF
[2026-04-09 03:38:12] INFO     物理断电静置 25.0s
[2026-04-09 03:38:37] INFO     【结论】 [PASS] 成功关键字: voice_msgnum:10
[2026-04-09 03:38:37] INFO     统计 -> 成功: 425 | 失败: 0 | 异常: 0 | 成功率: 100.0%
[2026-04-09 03:38:37] INFO     
-------------------- 第 426 轮 | 最大监听: 27.0s --------------------
[2026-04-09 03:38:37] INFO     继电器 ON (开始充电)
[2026-04-09 03:38:37] INFO     继电器执行 -> ON
[2026-04-09 03:38:48] INFO     捕获目标指令: voice_msgnum:10
[2026-04-09 03:38:48] INFO     状态维稳，保持闭合 25.0s
[2026-04-09 03:39:13] INFO     继电器 OFF (切断充电)
[2026-04-09 03:39:13] INFO     继电器执行 -> OFF
[2026-04-09 03:39:13] INFO     物理断电静置 25.0s
[2026-04-09 03:39:38] INFO     【结论】 [PASS] 成功关键字: voice_msgnum:10
[2026-04-09 03:39:38] INFO     统计 -> 成功: 426 | 失败: 0 | 异常: 0 | 成功率: 100.0%
[2026-04-09 03:39:38] INFO     
-------------------- 第 427 轮 | 最大监听: 25.0s --------------------
[2026-04-09 03:39:38] INFO     继电器 ON (开始充电)
[2026-04-09 03:39:38] INFO     继电器执行 -> ON
[2026-04-09 03:39:50] INFO     捕获目标指令: voice_msgnum:10
[2026-04-09 03:39:50] INFO     状态维稳，保持闭合 25.0s
[2026-04-09 03:40:15] INFO     继电器 OFF (切断充电)
[2026-04-09 03:40:15] INFO     继电器执行 -> OFF
[2026-04-09 03:40:15] INFO     物理断电静置 25.0s
[2026-04-09 03:40:40] INFO     【结论】 [PASS] 成功关键字: voice_msgnum:10
[2026-04-09 03:40:40] INFO     统计 -> 成功: 427 | 失败: 0 | 异常: 0 | 成功率: 100.0%
[2026-04-09 03:40:40] INFO     
-------------------- 第 428 轮 | 最大监听: 28.5s --------------------
[2026-04-09 03:40:40] INFO     继电器 ON (开始充电)
[2026-04-09 03:40:40] INFO     继电器执行 -> ON
[2026-04-09 03:40:51] INFO     捕获目标指令: voice_msgnum:10
[2026-04-09 03:40:51] INFO     状态维稳，保持闭合 25.0s
[2026-04-09 03:41:16] INFO     继电器 OFF (切断充电)
[2026-04-09 03:41:16] INFO     继电器执行 -> OFF
[2026-04-09 03:41:16] INFO     物理断电静置 25.0s
[2026-04-09 03:41:41] INFO     【结论】 [PASS] 成功关键字: voice_msgnum:10
[2026-04-09 03:41:41] INFO     统计 -> 成功: 428 | 失败: 0 | 异常: 0 | 成功率: 100.0%
[2026-04-09 03:41:41] INFO     
-------------------- 第 429 轮 | 最大监听: 28.8s --------------------
[2026-04-09 03:41:41] INFO     继电器 ON (开始充电)
[2026-04-09 03:41:41] INFO     继电器执行 -> ON
[2026-04-09 03:41:43] INFO     捕获目标指令: voice_msgnum:9
[2026-04-09 03:41:43] INFO     状态维稳，保持闭合 25.0s
[2026-04-09 03:41:53] INFO     捕获目标指令: voice_msgnum:10
[2026-04-09 03:42:08] INFO     继电器 OFF (切断充电)
[2026-04-09 03:42:08] INFO     继电器执行 -> OFF
[2026-04-09 03:42:08] INFO     物理断电静置 25.0s
[2026-04-09 03:42:33] INFO     【结论】 [PASS] 成功关键字: voice_msgnum:9
[2026-04-09 03:42:33] INFO     统计 -> 成功: 429 | 失败: 0 | 异常: 0 | 成功率: 100.0%
[2026-04-09 03:42:33] INFO     
-------------------- 第 430 轮 | 最大监听: 29.8s --------------------
[2026-04-09 03:42:33] INFO     继电器 ON (开始充电)
[2026-04-09 03:42:33] INFO     继电器执行 -> ON
[2026-04-09 03:42:44] INFO     捕获目标指令: voice_msgnum:10
[2026-04-09 03:42:44] INFO     状态维稳，保持闭合 25.0s
[2026-04-09 03:43:09] INFO     继电器 OFF (切断充电)
[2026-04-09 03:43:10] INFO     继电器执行 -> OFF
[2026-04-09 03:43:10] INFO     物理断电静置 25.0s
[2026-04-09 03:43:35] INFO     【结论】 [PASS] 成功关键字: voice_msgnum:10
[2026-04-09 03:43:35] INFO     统计 -> 成功: 430 | 失败: 0 | 异常: 0 | 成功率: 100.0%
[2026-04-09 03:43:35] INFO     
-------------------- 第 431 轮 | 最大监听: 27.4s --------------------
[2026-04-09 03:43:35] INFO     继电器 ON (开始充电)
[2026-04-09 03:43:35] INFO     继电器执行 -> ON
[2026-04-09 03:43:46] INFO     捕获目标指令: voice_msgnum:10
[2026-04-09 03:43:46] INFO     状态维稳，保持闭合 25.0s
[2026-04-09 03:44:11] INFO     继电器 OFF (切断充电)
[2026-04-09 03:44:11] INFO     继电器执行 -> OFF
[2026-04-09 03:44:11] INFO     物理断电静置 25.0s
[2026-04-09 03:44:36] INFO     【结论】 [PASS] 成功关键字: voice_msgnum:10
[2026-04-09 03:44:36] INFO     统计 -> 成功: 431 | 失败: 0 | 异常: 0 | 成功率: 100.0%
[2026-04-09 03:44:36] INFO     
-------------------- 第 432 轮 | 最大监听: 29.8s --------------------
[2026-04-09 03:44:36] INFO     继电器 ON (开始充电)
[2026-04-09 03:44:36] INFO     继电器执行 -> ON
[2026-04-09 03:44:48] INFO     捕获目标指令: voice_msgnum:10
[2026-04-09 03:44:48] INFO     状态维稳，保持闭合 25.0s
[2026-04-09 03:45:13] INFO     继电器 OFF (切断充电)
[2026-04-09 03:45:13] INFO     继电器执行 -> OFF
[2026-04-09 03:45:13] INFO     物理断电静置 25.0s
[2026-04-09 03:45:38] INFO     【结论】 [PASS] 成功关键字: voice_msgnum:10
[2026-04-09 03:45:38] INFO     统计 -> 成功: 432 | 失败: 0 | 异常: 0 | 成功率: 100.0%
[2026-04-09 03:45:38] INFO     
-------------------- 第 433 轮 | 最大监听: 26.9s --------------------
[2026-04-09 03:45:38] INFO     继电器 ON (开始充电)
[2026-04-09 03:45:38] INFO     继电器执行 -> ON
[2026-04-09 03:45:39] INFO     捕获目标指令: voice_msgnum:9
[2026-04-09 03:45:39] INFO     状态维稳，保持闭合 25.0s
[2026-04-09 03:45:49] INFO     捕获目标指令: voice_msgnum:10
[2026-04-09 03:46:04] INFO     继电器 OFF (切断充电)
[2026-04-09 03:46:04] INFO     继电器执行 -> OFF
[2026-04-09 03:46:04] INFO     物理断电静置 25.0s
[2026-04-09 03:46:29] INFO     【结论】 [PASS] 成功关键字: voice_msgnum:9
[2026-04-09 03:46:29] INFO     统计 -> 成功: 433 | 失败: 0 | 异常: 0 | 成功率: 100.0%
[2026-04-09 03:46:29] INFO     
-------------------- 第 434 轮 | 最大监听: 29.1s --------------------
[2026-04-09 03:46:29] INFO     继电器 ON (开始充电)
[2026-04-09 03:46:29] INFO     继电器执行 -> ON
[2026-04-09 03:46:34] INFO     捕获目标指令: voice_msgnum:9
[2026-04-09 03:46:34] INFO     状态维稳，保持闭合 25.0s
[2026-04-09 03:46:41] INFO     捕获目标指令: voice_msgnum:10
[2026-04-09 03:46:59] INFO     继电器 OFF (切断充电)
[2026-04-09 03:46:59] INFO     继电器执行 -> OFF
[2026-04-09 03:46:59] INFO     物理断电静置 25.0s
[2026-04-09 03:47:24] INFO     【结论】 [PASS] 成功关键字: voice_msgnum:9
[2026-04-09 03:47:24] INFO     统计 -> 成功: 434 | 失败: 0 | 异常: 0 | 成功率: 100.0%
[2026-04-09 03:47:24] INFO     
-------------------- 第 435 轮 | 最大监听: 28.8s --------------------
[2026-04-09 03:47:24] INFO     继电器 ON (开始充电)
[2026-04-09 03:47:24] INFO     继电器执行 -> ON
[2026-04-09 03:47:34] INFO     捕获目标指令: voice_msgnum:9
[2026-04-09 03:47:34] INFO     状态维稳，保持闭合 25.0s
[2026-04-09 03:47:39] INFO     捕获目标指令: voice_msgnum:10
[2026-04-09 03:47:59] INFO     继电器 OFF (切断充电)
[2026-04-09 03:47:59] INFO     继电器执行 -> OFF
[2026-04-09 03:47:59] INFO     物理断电静置 25.0s
[2026-04-09 03:48:24] INFO     【结论】 [PASS] 成功关键字: voice_msgnum:9
[2026-04-09 03:48:24] INFO     统计 -> 成功: 435 | 失败: 0 | 异常: 0 | 成功率: 100.0%
[2026-04-09 03:48:24] INFO     
-------------------- 第 436 轮 | 最大监听: 27.6s --------------------
[2026-04-09 03:48:24] INFO     继电器 ON (开始充电)
[2026-04-09 03:48:24] INFO     继电器执行 -> ON
[2026-04-09 03:48:36] INFO     捕获目标指令: voice_msgnum:10
[2026-04-09 03:48:36] INFO     状态维稳，保持闭合 25.0s
[2026-04-09 03:49:01] INFO     继电器 OFF (切断充电)
[2026-04-09 03:49:01] INFO     继电器执行 -> OFF
[2026-04-09 03:49:01] INFO     物理断电静置 25.0s
[2026-04-09 03:49:26] INFO     【结论】 [PASS] 成功关键字: voice_msgnum:10
[2026-04-09 03:49:26] INFO     统计 -> 成功: 436 | 失败: 0 | 异常: 0 | 成功率: 100.0%
[2026-04-09 03:49:26] INFO     
-------------------- 第 437 轮 | 最大监听: 25.5s --------------------
[2026-04-09 03:49:26] INFO     继电器 ON (开始充电)
[2026-04-09 03:49:26] INFO     继电器执行 -> ON
[2026-04-09 03:49:33] INFO     捕获目标指令: voice_msgnum:9
[2026-04-09 03:49:33] INFO     状态维稳，保持闭合 25.0s
[2026-04-09 03:49:38] INFO     捕获目标指令: voice_msgnum:10
[2026-04-09 03:49:58] INFO     继电器 OFF (切断充电)
[2026-04-09 03:49:58] INFO     继电器执行 -> OFF
[2026-04-09 03:49:58] INFO     物理断电静置 25.0s
[2026-04-09 03:50:23] INFO     【结论】 [PASS] 成功关键字: voice_msgnum:9
[2026-04-09 03:50:23] INFO     统计 -> 成功: 437 | 失败: 0 | 异常: 0 | 成功率: 100.0%
[2026-04-09 03:50:23] INFO     
-------------------- 第 438 轮 | 最大监听: 29.2s --------------------
[2026-04-09 03:50:23] INFO     继电器 ON (开始充电)
[2026-04-09 03:50:23] INFO     继电器执行 -> ON
[2026-04-09 03:50:30] INFO     捕获目标指令: voice_msgnum:9
[2026-04-09 03:50:30] INFO     状态维稳，保持闭合 25.0s
[2026-04-09 03:50:36] INFO     捕获目标指令: voice_msgnum:10
[2026-04-09 03:50:55] INFO     继电器 OFF (切断充电)
[2026-04-09 03:50:56] INFO     继电器执行 -> OFF
[2026-04-09 03:50:56] INFO     物理断电静置 25.0s
[2026-04-09 03:51:21] INFO     【结论】 [PASS] 成功关键字: voice_msgnum:9
[2026-04-09 03:51:21] INFO     统计 -> 成功: 438 | 失败: 0 | 异常: 0 | 成功率: 100.0%
[2026-04-09 03:51:21] INFO     
-------------------- 第 439 轮 | 最大监听: 29.0s --------------------
[2026-04-09 03:51:21] INFO     继电器 ON (开始充电)
[2026-04-09 03:51:21] INFO     继电器执行 -> ON
[2026-04-09 03:51:22] INFO     捕获目标指令: voice_msgnum:9
[2026-04-09 03:51:22] INFO     状态维稳，保持闭合 25.0s
[2026-04-09 03:51:32] INFO     捕获目标指令: voice_msgnum:10
[2026-04-09 03:51:47] INFO     继电器 OFF (切断充电)
[2026-04-09 03:51:47] INFO     继电器执行 -> OFF
[2026-04-09 03:51:47] INFO     物理断电静置 25.0s
[2026-04-09 03:52:12] INFO     【结论】 [PASS] 成功关键字: voice_msgnum:9
[2026-04-09 03:52:12] INFO     统计 -> 成功: 439 | 失败: 0 | 异常: 0 | 成功率: 100.0%
[2026-04-09 03:52:12] INFO     
-------------------- 第 440 轮 | 最大监听: 29.9s --------------------
[2026-04-09 03:52:12] INFO     继电器 ON (开始充电)
[2026-04-09 03:52:12] INFO     继电器执行 -> ON
[2026-04-09 03:52:16] INFO     捕获目标指令: voice_msgnum:9
[2026-04-09 03:52:16] INFO     状态维稳，保持闭合 25.0s
[2026-04-09 03:52:24] INFO     捕获目标指令: voice_msgnum:10
[2026-04-09 03:52:41] INFO     继电器 OFF (切断充电)
[2026-04-09 03:52:41] INFO     继电器执行 -> OFF
[2026-04-09 03:52:41] INFO     物理断电静置 25.0s
[2026-04-09 03:53:06] INFO     【结论】 [PASS] 成功关键字: voice_msgnum:9
[2026-04-09 03:53:06] INFO     统计 -> 成功: 440 | 失败: 0 | 异常: 0 | 成功率: 100.0%
[2026-04-09 03:53:06] INFO     
-------------------- 第 441 轮 | 最大监听: 26.7s --------------------
[2026-04-09 03:53:06] INFO     继电器 ON (开始充电)
[2026-04-09 03:53:06] INFO     继电器执行 -> ON
[2026-04-09 03:53:08] INFO     捕获目标指令: voice_msgnum:9
[2026-04-09 03:53:08] INFO     状态维稳，保持闭合 25.0s
[2026-04-09 03:53:18] INFO     捕获目标指令: voice_msgnum:10
[2026-04-09 03:53:33] INFO     继电器 OFF (切断充电)
[2026-04-09 03:53:33] INFO     继电器执行 -> OFF
[2026-04-09 03:53:33] INFO     物理断电静置 25.0s
[2026-04-09 03:53:58] INFO     【结论】 [PASS] 成功关键字: voice_msgnum:9
[2026-04-09 03:53:58] INFO     统计 -> 成功: 441 | 失败: 0 | 异常: 0 | 成功率: 100.0%
[2026-04-09 03:53:58] INFO     
-------------------- 第 442 轮 | 最大监听: 26.2s --------------------
[2026-04-09 03:53:58] INFO     继电器 ON (开始充电)
[2026-04-09 03:53:58] INFO     继电器执行 -> ON
[2026-04-09 03:54:00] INFO     捕获目标指令: voice_msgnum:9
[2026-04-09 03:54:00] INFO     状态维稳，保持闭合 25.0s
[2026-04-09 03:54:10] INFO     捕获目标指令: voice_msgnum:10
[2026-04-09 03:54:25] INFO     继电器 OFF (切断充电)
[2026-04-09 03:54:25] INFO     继电器执行 -> OFF
[2026-04-09 03:54:25] INFO     物理断电静置 25.0s
[2026-04-09 03:54:50] INFO     【结论】 [PASS] 成功关键字: voice_msgnum:9
[2026-04-09 03:54:50] INFO     统计 -> 成功: 442 | 失败: 0 | 异常: 0 | 成功率: 100.0%
[2026-04-09 03:54:50] INFO     
-------------------- 第 443 轮 | 最大监听: 28.1s --------------------
[2026-04-09 03:54:50] INFO     继电器 ON (开始充电)
[2026-04-09 03:54:50] INFO     继电器执行 -> ON
[2026-04-09 03:54:54] INFO     捕获目标指令: voice_msgnum:9
[2026-04-09 03:54:54] INFO     状态维稳，保持闭合 25.0s
[2026-04-09 03:55:01] INFO     捕获目标指令: voice_msgnum:10
[2026-04-09 03:55:19] INFO     继电器 OFF (切断充电)
[2026-04-09 03:55:19] INFO     继电器执行 -> OFF
[2026-04-09 03:55:19] INFO     物理断电静置 25.0s
[2026-04-09 03:55:44] INFO     【结论】 [PASS] 成功关键字: voice_msgnum:9
[2026-04-09 03:55:44] INFO     统计 -> 成功: 443 | 失败: 0 | 异常: 0 | 成功率: 100.0%
[2026-04-09 03:55:44] INFO     
-------------------- 第 444 轮 | 最大监听: 29.1s --------------------
[2026-04-09 03:55:44] INFO     继电器 ON (开始充电)
[2026-04-09 03:55:44] INFO     继电器执行 -> ON
[2026-04-09 03:55:55] INFO     捕获目标指令: voice_msgnum:9
[2026-04-09 03:55:55] INFO     状态维稳，保持闭合 25.0s
[2026-04-09 03:56:00] INFO     捕获目标指令: voice_msgnum:10
[2026-04-09 03:56:20] INFO     继电器 OFF (切断充电)
[2026-04-09 03:56:20] INFO     继电器执行 -> OFF
[2026-04-09 03:56:20] INFO     物理断电静置 25.0s
[2026-04-09 03:56:45] INFO     【结论】 [PASS] 成功关键字: voice_msgnum:9
[2026-04-09 03:56:45] INFO     统计 -> 成功: 444 | 失败: 0 | 异常: 0 | 成功率: 100.0%
[2026-04-09 03:56:45] INFO     
-------------------- 第 445 轮 | 最大监听: 29.8s --------------------
[2026-04-09 03:56:45] INFO     继电器 ON (开始充电)
[2026-04-09 03:56:45] INFO     继电器执行 -> ON
[2026-04-09 03:56:56] INFO     捕获目标指令: voice_msgnum:10
[2026-04-09 03:56:56] INFO     状态维稳，保持闭合 25.0s
[2026-04-09 03:57:21] INFO     继电器 OFF (切断充电)
[2026-04-09 03:57:21] INFO     继电器执行 -> OFF
[2026-04-09 03:57:21] INFO     物理断电静置 25.0s
[2026-04-09 03:57:46] INFO     【结论】 [PASS] 成功关键字: voice_msgnum:10
[2026-04-09 03:57:46] INFO     统计 -> 成功: 445 | 失败: 0 | 异常: 0 | 成功率: 100.0%
[2026-04-09 03:57:46] INFO     
-------------------- 第 446 轮 | 最大监听: 28.3s --------------------
[2026-04-09 03:57:46] INFO     继电器 ON (开始充电)
[2026-04-09 03:57:46] INFO     继电器执行 -> ON
[2026-04-09 03:57:58] INFO     捕获目标指令: voice_msgnum:10
[2026-04-09 03:57:58] INFO     状态维稳，保持闭合 25.0s
[2026-04-09 03:58:23] INFO     继电器 OFF (切断充电)
[2026-04-09 03:58:23] INFO     继电器执行 -> OFF
[2026-04-09 03:58:23] INFO     物理断电静置 25.0s
[2026-04-09 03:58:48] INFO     【结论】 [PASS] 成功关键字: voice_msgnum:10
[2026-04-09 03:58:48] INFO     统计 -> 成功: 446 | 失败: 0 | 异常: 0 | 成功率: 100.0%
[2026-04-09 03:58:48] INFO     
-------------------- 第 447 轮 | 最大监听: 26.9s --------------------
[2026-04-09 03:58:48] INFO     继电器 ON (开始充电)
[2026-04-09 03:58:48] INFO     继电器执行 -> ON
[2026-04-09 03:58:59] INFO     捕获目标指令: voice_msgnum:10
[2026-04-09 03:58:59] INFO     状态维稳，保持闭合 25.0s
[2026-04-09 03:59:24] INFO     继电器 OFF (切断充电)
[2026-04-09 03:59:24] INFO     继电器执行 -> OFF
[2026-04-09 03:59:24] INFO     物理断电静置 25.0s
[2026-04-09 03:59:49] INFO     【结论】 [PASS] 成功关键字: voice_msgnum:10
[2026-04-09 03:59:49] INFO     统计 -> 成功: 447 | 失败: 0 | 异常: 0 | 成功率: 100.0%
[2026-04-09 03:59:49] INFO     
-------------------- 第 448 轮 | 最大监听: 29.0s --------------------
[2026-04-09 03:59:49] INFO     继电器 ON (开始充电)
[2026-04-09 03:59:50] INFO     继电器执行 -> ON
[2026-04-09 04:00:00] INFO     捕获目标指令: voice_msgnum:9
[2026-04-09 04:00:00] INFO     状态维稳，保持闭合 25.0s
[2026-04-09 04:00:05] INFO     捕获目标指令: voice_msgnum:10
[2026-04-09 04:00:25] INFO     继电器 OFF (切断充电)
[2026-04-09 04:00:25] INFO     继电器执行 -> OFF
[2026-04-09 04:00:25] INFO     物理断电静置 25.0s
[2026-04-09 04:00:50] INFO     【结论】 [PASS] 成功关键字: voice_msgnum:9
[2026-04-09 04:00:50] INFO     统计 -> 成功: 448 | 失败: 0 | 异常: 0 | 成功率: 100.0%
[2026-04-09 04:00:50] INFO     
-------------------- 第 449 轮 | 最大监听: 29.3s --------------------
[2026-04-09 04:00:50] INFO     继电器 ON (开始充电)
[2026-04-09 04:00:50] INFO     继电器执行 -> ON
[2026-04-09 04:01:00] INFO     捕获目标指令: voice_msgnum:9
[2026-04-09 04:01:00] INFO     状态维稳，保持闭合 25.0s
[2026-04-09 04:01:06] INFO     捕获目标指令: voice_msgnum:10
[2026-04-09 04:01:25] INFO     继电器 OFF (切断充电)
[2026-04-09 04:01:25] INFO     继电器执行 -> OFF
[2026-04-09 04:01:25] INFO     物理断电静置 25.0s
[2026-04-09 04:01:50] INFO     【结论】 [PASS] 成功关键字: voice_msgnum:9
[2026-04-09 04:01:50] INFO     统计 -> 成功: 449 | 失败: 0 | 异常: 0 | 成功率: 100.0%
[2026-04-09 04:01:50] INFO     
-------------------- 第 450 轮 | 最大监听: 25.9s --------------------
[2026-04-09 04:01:50] INFO     继电器 ON (开始充电)
[2026-04-09 04:01:51] INFO     继电器执行 -> ON
[2026-04-09 04:02:02] INFO     捕获目标指令: voice_msgnum:10
[2026-04-09 04:02:02] INFO     状态维稳，保持闭合 25.0s
[2026-04-09 04:02:27] INFO     继电器 OFF (切断充电)
[2026-04-09 04:02:27] INFO     继电器执行 -> OFF
[2026-04-09 04:02:27] INFO     物理断电静置 25.0s
[2026-04-09 04:02:52] INFO     【结论】 [PASS] 成功关键字: voice_msgnum:10
[2026-04-09 04:02:52] INFO     统计 -> 成功: 450 | 失败: 0 | 异常: 0 | 成功率: 100.0%
[2026-04-09 04:02:52] INFO     
-------------------- 第 451 轮 | 最大监听: 28.2s --------------------
[2026-04-09 04:02:52] INFO     继电器 ON (开始充电)
[2026-04-09 04:02:52] INFO     继电器执行 -> ON
[2026-04-09 04:03:04] INFO     捕获目标指令: voice_msgnum:10
[2026-04-09 04:03:04] INFO     状态维稳，保持闭合 25.0s
[2026-04-09 04:03:29] INFO     继电器 OFF (切断充电)
[2026-04-09 04:03:29] INFO     继电器执行 -> OFF
[2026-04-09 04:03:29] INFO     物理断电静置 25.0s
[2026-04-09 04:03:54] INFO     【结论】 [PASS] 成功关键字: voice_msgnum:10
[2026-04-09 04:03:54] INFO     统计 -> 成功: 451 | 失败: 0 | 异常: 0 | 成功率: 100.0%
[2026-04-09 04:03:54] INFO     
-------------------- 第 452 轮 | 最大监听: 25.8s --------------------
[2026-04-09 04:03:54] INFO     继电器 ON (开始充电)
[2026-04-09 04:03:54] INFO     继电器执行 -> ON
[2026-04-09 04:03:55] INFO     捕获目标指令: voice_msgnum:9
[2026-04-09 04:03:55] INFO     状态维稳，保持闭合 25.0s
[2026-04-09 04:04:05] INFO     捕获目标指令: voice_msgnum:10
[2026-04-09 04:04:20] INFO     继电器 OFF (切断充电)
[2026-04-09 04:04:20] INFO     继电器执行 -> OFF
[2026-04-09 04:04:20] INFO     物理断电静置 25.0s
[2026-04-09 04:04:45] INFO     【结论】 [PASS] 成功关键字: voice_msgnum:9
[2026-04-09 04:04:45] INFO     统计 -> 成功: 452 | 失败: 0 | 异常: 0 | 成功率: 100.0%
[2026-04-09 04:04:45] INFO     
-------------------- 第 453 轮 | 最大监听: 28.4s --------------------
[2026-04-09 04:04:45] INFO     继电器 ON (开始充电)
[2026-04-09 04:04:45] INFO     继电器执行 -> ON
[2026-04-09 04:04:53] INFO     捕获目标指令: voice_msgnum:9
[2026-04-09 04:04:53] INFO     状态维稳，保持闭合 25.0s
[2026-04-09 04:04:58] INFO     捕获目标指令: voice_msgnum:10
[2026-04-09 04:05:18] INFO     继电器 OFF (切断充电)
[2026-04-09 04:05:18] INFO     继电器执行 -> OFF
[2026-04-09 04:05:18] INFO     物理断电静置 25.0s
[2026-04-09 04:05:43] INFO     【结论】 [PASS] 成功关键字: voice_msgnum:9
[2026-04-09 04:05:43] INFO     统计 -> 成功: 453 | 失败: 0 | 异常: 0 | 成功率: 100.0%
[2026-04-09 04:05:43] INFO     
-------------------- 第 454 轮 | 最大监听: 29.8s --------------------
[2026-04-09 04:05:43] INFO     继电器 ON (开始充电)
[2026-04-09 04:05:43] INFO     继电器执行 -> ON
[2026-04-09 04:05:54] INFO     捕获目标指令: voice_msgnum:10
[2026-04-09 04:05:54] INFO     状态维稳，保持闭合 25.0s
[2026-04-09 04:06:19] INFO     继电器 OFF (切断充电)
[2026-04-09 04:06:19] INFO     继电器执行 -> OFF
[2026-04-09 04:06:19] INFO     物理断电静置 25.0s
[2026-04-09 04:06:44] INFO     【结论】 [PASS] 成功关键字: voice_msgnum:10
[2026-04-09 04:06:44] INFO     统计 -> 成功: 454 | 失败: 0 | 异常: 0 | 成功率: 100.0%
[2026-04-09 04:06:44] INFO     
-------------------- 第 455 轮 | 最大监听: 28.6s --------------------
[2026-04-09 04:06:44] INFO     继电器 ON (开始充电)
[2026-04-09 04:06:44] INFO     继电器执行 -> ON
[2026-04-09 04:06:56] INFO     捕获目标指令: voice_msgnum:10
[2026-04-09 04:06:56] INFO     状态维稳，保持闭合 25.0s
[2026-04-09 04:07:21] INFO     继电器 OFF (切断充电)
[2026-04-09 04:07:21] INFO     继电器执行 -> OFF
[2026-04-09 04:07:21] INFO     物理断电静置 25.0s
[2026-04-09 04:07:46] INFO     【结论】 [PASS] 成功关键字: voice_msgnum:10
[2026-04-09 04:07:46] INFO     统计 -> 成功: 455 | 失败: 0 | 异常: 0 | 成功率: 100.0%
[2026-04-09 04:07:46] INFO     
-------------------- 第 456 轮 | 最大监听: 28.0s --------------------
[2026-04-09 04:07:46] INFO     继电器 ON (开始充电)
[2026-04-09 04:07:46] INFO     继电器执行 -> ON
[2026-04-09 04:07:57] INFO     捕获目标指令: voice_msgnum:10
[2026-04-09 04:07:57] INFO     状态维稳，保持闭合 25.0s
[2026-04-09 04:08:22] INFO     继电器 OFF (切断充电)
[2026-04-09 04:08:22] INFO     继电器执行 -> OFF
[2026-04-09 04:08:22] INFO     物理断电静置 25.0s
[2026-04-09 04:08:47] INFO     【结论】 [PASS] 成功关键字: voice_msgnum:10
[2026-04-09 04:08:47] INFO     统计 -> 成功: 456 | 失败: 0 | 异常: 0 | 成功率: 100.0%
[2026-04-09 04:08:47] INFO     
-------------------- 第 457 轮 | 最大监听: 29.1s --------------------
[2026-04-09 04:08:47] INFO     继电器 ON (开始充电)
[2026-04-09 04:08:47] INFO     继电器执行 -> ON
[2026-04-09 04:08:59] INFO     捕获目标指令: voice_msgnum:10
[2026-04-09 04:08:59] INFO     状态维稳，保持闭合 25.0s
[2026-04-09 04:09:24] INFO     继电器 OFF (切断充电)
[2026-04-09 04:09:24] INFO     继电器执行 -> OFF
[2026-04-09 04:09:24] INFO     物理断电静置 25.0s
[2026-04-09 04:09:49] INFO     【结论】 [PASS] 成功关键字: voice_msgnum:10
[2026-04-09 04:09:49] INFO     统计 -> 成功: 457 | 失败: 0 | 异常: 0 | 成功率: 100.0%
[2026-04-09 04:09:49] INFO     
-------------------- 第 458 轮 | 最大监听: 28.4s --------------------
[2026-04-09 04:09:49] INFO     继电器 ON (开始充电)
[2026-04-09 04:09:49] INFO     继电器执行 -> ON
[2026-04-09 04:09:51] INFO     捕获目标指令: voice_msgnum:9
[2026-04-09 04:09:51] INFO     状态维稳，保持闭合 25.0s
[2026-04-09 04:10:01] INFO     捕获目标指令: voice_msgnum:10
[2026-04-09 04:10:16] INFO     继电器 OFF (切断充电)
[2026-04-09 04:10:16] INFO     继电器执行 -> OFF
[2026-04-09 04:10:16] INFO     物理断电静置 25.0s
[2026-04-09 04:10:41] INFO     【结论】 [PASS] 成功关键字: voice_msgnum:9
[2026-04-09 04:10:41] INFO     统计 -> 成功: 458 | 失败: 0 | 异常: 0 | 成功率: 100.0%
[2026-04-09 04:10:41] INFO     
-------------------- 第 459 轮 | 最大监听: 27.5s --------------------
[2026-04-09 04:10:41] INFO     继电器 ON (开始充电)
[2026-04-09 04:10:41] INFO     继电器执行 -> ON
[2026-04-09 04:10:42] INFO     捕获目标指令: voice_msgnum:9
[2026-04-09 04:10:42] INFO     状态维稳，保持闭合 25.0s
[2026-04-09 04:10:52] INFO     捕获目标指令: voice_msgnum:10
[2026-04-09 04:11:07] INFO     继电器 OFF (切断充电)
[2026-04-09 04:11:07] INFO     继电器执行 -> OFF
[2026-04-09 04:11:07] INFO     物理断电静置 25.0s
[2026-04-09 04:11:32] INFO     【结论】 [PASS] 成功关键字: voice_msgnum:9
[2026-04-09 04:11:32] INFO     统计 -> 成功: 459 | 失败: 0 | 异常: 0 | 成功率: 100.0%
[2026-04-09 04:11:32] INFO     
-------------------- 第 460 轮 | 最大监听: 26.0s --------------------
[2026-04-09 04:11:32] INFO     继电器 ON (开始充电)
[2026-04-09 04:11:32] INFO     继电器执行 -> ON
[2026-04-09 04:11:34] INFO     捕获目标指令: voice_msgnum:9
[2026-04-09 04:11:34] INFO     状态维稳，保持闭合 25.0s
[2026-04-09 04:11:44] INFO     捕获目标指令: voice_msgnum:10
[2026-04-09 04:11:59] INFO     继电器 OFF (切断充电)
[2026-04-09 04:11:59] INFO     继电器执行 -> OFF
[2026-04-09 04:11:59] INFO     物理断电静置 25.0s
[2026-04-09 04:12:24] INFO     【结论】 [PASS] 成功关键字: voice_msgnum:9
[2026-04-09 04:12:24] INFO     统计 -> 成功: 460 | 失败: 0 | 异常: 0 | 成功率: 100.0%
[2026-04-09 04:12:24] INFO     
-------------------- 第 461 轮 | 最大监听: 29.6s --------------------
[2026-04-09 04:12:24] INFO     继电器 ON (开始充电)
[2026-04-09 04:12:24] INFO     继电器执行 -> ON
[2026-04-09 04:12:25] INFO     捕获目标指令: voice_msgnum:9
[2026-04-09 04:12:25] INFO     状态维稳，保持闭合 25.0s
[2026-04-09 04:12:36] INFO     捕获目标指令: voice_msgnum:10
[2026-04-09 04:12:50] INFO     继电器 OFF (切断充电)
[2026-04-09 04:12:51] INFO     继电器执行 -> OFF
[2026-04-09 04:12:51] INFO     物理断电静置 25.0s
[2026-04-09 04:13:16] INFO     【结论】 [PASS] 成功关键字: voice_msgnum:9
[2026-04-09 04:13:16] INFO     统计 -> 成功: 461 | 失败: 0 | 异常: 0 | 成功率: 100.0%
[2026-04-09 04:13:16] INFO     
-------------------- 第 462 轮 | 最大监听: 26.0s --------------------
[2026-04-09 04:13:16] INFO     继电器 ON (开始充电)
[2026-04-09 04:13:16] INFO     继电器执行 -> ON
[2026-04-09 04:13:17] INFO     捕获目标指令: voice_msgnum:9
[2026-04-09 04:13:17] INFO     状态维稳，保持闭合 25.0s
[2026-04-09 04:13:27] INFO     捕获目标指令: voice_msgnum:10
[2026-04-09 04:13:42] INFO     继电器 OFF (切断充电)
[2026-04-09 04:13:42] INFO     继电器执行 -> OFF
[2026-04-09 04:13:42] INFO     物理断电静置 25.0s
[2026-04-09 04:14:07] INFO     【结论】 [PASS] 成功关键字: voice_msgnum:9
[2026-04-09 04:14:07] INFO     统计 -> 成功: 462 | 失败: 0 | 异常: 0 | 成功率: 100.0%
[2026-04-09 04:14:07] INFO     
-------------------- 第 463 轮 | 最大监听: 25.2s --------------------
[2026-04-09 04:14:07] INFO     继电器 ON (开始充电)
[2026-04-09 04:14:07] INFO     继电器执行 -> ON
[2026-04-09 04:14:09] INFO     捕获目标指令: voice_msgnum:9
[2026-04-09 04:14:09] INFO     状态维稳，保持闭合 25.0s
[2026-04-09 04:14:19] INFO     捕获目标指令: voice_msgnum:10
[2026-04-09 04:14:34] INFO     继电器 OFF (切断充电)
[2026-04-09 04:14:34] INFO     继电器执行 -> OFF
[2026-04-09 04:14:34] INFO     物理断电静置 25.0s
[2026-04-09 04:14:59] INFO     【结论】 [PASS] 成功关键字: voice_msgnum:9
[2026-04-09 04:14:59] INFO     统计 -> 成功: 463 | 失败: 0 | 异常: 0 | 成功率: 100.0%
[2026-04-09 04:14:59] INFO     
-------------------- 第 464 轮 | 最大监听: 26.2s --------------------
[2026-04-09 04:14:59] INFO     继电器 ON (开始充电)
[2026-04-09 04:14:59] INFO     继电器执行 -> ON
[2026-04-09 04:15:10] INFO     捕获目标指令: voice_msgnum:10
[2026-04-09 04:15:10] INFO     状态维稳，保持闭合 25.0s
[2026-04-09 04:15:35] INFO     继电器 OFF (切断充电)
[2026-04-09 04:15:35] INFO     继电器执行 -> OFF
[2026-04-09 04:15:35] INFO     物理断电静置 25.0s
[2026-04-09 04:16:00] INFO     【结论】 [PASS] 成功关键字: voice_msgnum:10
[2026-04-09 04:16:00] INFO     统计 -> 成功: 464 | 失败: 0 | 异常: 0 | 成功率: 100.0%
[2026-04-09 04:16:00] INFO     
-------------------- 第 465 轮 | 最大监听: 25.3s --------------------
[2026-04-09 04:16:00] INFO     继电器 ON (开始充电)
[2026-04-09 04:16:00] INFO     继电器执行 -> ON
[2026-04-09 04:16:02] INFO     捕获目标指令: voice_msgnum:9
[2026-04-09 04:16:02] INFO     状态维稳，保持闭合 25.0s
[2026-04-09 04:16:12] INFO     捕获目标指令: voice_msgnum:10
[2026-04-09 04:16:27] INFO     继电器 OFF (切断充电)
[2026-04-09 04:16:27] INFO     继电器执行 -> OFF
[2026-04-09 04:16:27] INFO     物理断电静置 25.0s
[2026-04-09 04:16:52] INFO     【结论】 [PASS] 成功关键字: voice_msgnum:9
[2026-04-09 04:16:52] INFO     统计 -> 成功: 465 | 失败: 0 | 异常: 0 | 成功率: 100.0%
[2026-04-09 04:16:52] INFO     
-------------------- 第 466 轮 | 最大监听: 25.4s --------------------
[2026-04-09 04:16:52] INFO     继电器 ON (开始充电)
[2026-04-09 04:16:52] INFO     继电器执行 -> ON
[2026-04-09 04:16:56] INFO     捕获目标指令: voice_msgnum:9
[2026-04-09 04:16:56] INFO     状态维稳，保持闭合 25.0s
[2026-04-09 04:17:04] INFO     捕获目标指令: voice_msgnum:10
[2026-04-09 04:17:21] INFO     继电器 OFF (切断充电)
[2026-04-09 04:17:21] INFO     继电器执行 -> OFF
[2026-04-09 04:17:21] INFO     物理断电静置 25.0s
[2026-04-09 04:17:46] INFO     【结论】 [PASS] 成功关键字: voice_msgnum:9
[2026-04-09 04:17:46] INFO     统计 -> 成功: 466 | 失败: 0 | 异常: 0 | 成功率: 100.0%
[2026-04-09 04:17:46] INFO     
-------------------- 第 467 轮 | 最大监听: 26.1s --------------------
[2026-04-09 04:17:46] INFO     继电器 ON (开始充电)
[2026-04-09 04:17:46] INFO     继电器执行 -> ON
[2026-04-09 04:17:48] INFO     捕获目标指令: voice_msgnum:9
[2026-04-09 04:17:48] INFO     状态维稳，保持闭合 25.0s
[2026-04-09 04:17:58] INFO     捕获目标指令: voice_msgnum:10
[2026-04-09 04:18:13] INFO     继电器 OFF (切断充电)
[2026-04-09 04:18:13] INFO     继电器执行 -> OFF
[2026-04-09 04:18:13] INFO     物理断电静置 25.0s
[2026-04-09 04:18:38] INFO     【结论】 [PASS] 成功关键字: voice_msgnum:9
[2026-04-09 04:18:38] INFO     统计 -> 成功: 467 | 失败: 0 | 异常: 0 | 成功率: 100.0%
[2026-04-09 04:18:38] INFO     
-------------------- 第 468 轮 | 最大监听: 29.3s --------------------
[2026-04-09 04:18:38] INFO     继电器 ON (开始充电)
[2026-04-09 04:18:38] INFO     继电器执行 -> ON
[2026-04-09 04:18:40] INFO     捕获目标指令: voice_msgnum:9
[2026-04-09 04:18:40] INFO     状态维稳，保持闭合 25.0s
[2026-04-09 04:18:50] INFO     捕获目标指令: voice_msgnum:10
[2026-04-09 04:19:05] INFO     继电器 OFF (切断充电)
[2026-04-09 04:19:05] INFO     继电器执行 -> OFF
[2026-04-09 04:19:05] INFO     物理断电静置 25.0s
[2026-04-09 04:19:30] INFO     【结论】 [PASS] 成功关键字: voice_msgnum:9
[2026-04-09 04:19:30] INFO     统计 -> 成功: 468 | 失败: 0 | 异常: 0 | 成功率: 100.0%
[2026-04-09 04:19:30] INFO     
-------------------- 第 469 轮 | 最大监听: 25.3s --------------------
[2026-04-09 04:19:30] INFO     继电器 ON (开始充电)
[2026-04-09 04:19:30] INFO     继电器执行 -> ON
[2026-04-09 04:19:31] INFO     捕获目标指令: voice_msgnum:9
[2026-04-09 04:19:31] INFO     状态维稳，保持闭合 25.0s
[2026-04-09 04:19:41] INFO     捕获目标指令: voice_msgnum:10
[2026-04-09 04:19:56] INFO     继电器 OFF (切断充电)
[2026-04-09 04:19:56] INFO     继电器执行 -> OFF
[2026-04-09 04:19:56] INFO     物理断电静置 25.0s
[2026-04-09 04:20:21] INFO     【结论】 [PASS] 成功关键字: voice_msgnum:9
[2026-04-09 04:20:21] INFO     统计 -> 成功: 469 | 失败: 0 | 异常: 0 | 成功率: 100.0%
[2026-04-09 04:20:21] INFO     
-------------------- 第 470 轮 | 最大监听: 27.0s --------------------
[2026-04-09 04:20:21] INFO     继电器 ON (开始充电)
[2026-04-09 04:20:21] INFO     继电器执行 -> ON
[2026-04-09 04:20:23] INFO     捕获目标指令: voice_msgnum:9
[2026-04-09 04:20:23] INFO     状态维稳，保持闭合 25.0s
[2026-04-09 04:20:33] INFO     捕获目标指令: voice_msgnum:10
[2026-04-09 04:20:48] INFO     继电器 OFF (切断充电)
[2026-04-09 04:20:48] INFO     继电器执行 -> OFF
[2026-04-09 04:20:48] INFO     物理断电静置 25.0s
[2026-04-09 04:21:13] INFO     【结论】 [PASS] 成功关键字: voice_msgnum:9
[2026-04-09 04:21:13] INFO     统计 -> 成功: 470 | 失败: 0 | 异常: 0 | 成功率: 100.0%
[2026-04-09 04:21:13] INFO     
-------------------- 第 471 轮 | 最大监听: 28.7s --------------------
[2026-04-09 04:21:13] INFO     继电器 ON (开始充电)
[2026-04-09 04:21:13] INFO     继电器执行 -> ON
[2026-04-09 04:21:24] INFO     捕获目标指令: voice_msgnum:10
[2026-04-09 04:21:24] INFO     状态维稳，保持闭合 25.0s
[2026-04-09 04:21:49] INFO     继电器 OFF (切断充电)
[2026-04-09 04:21:49] INFO     继电器执行 -> OFF
[2026-04-09 04:21:49] INFO     物理断电静置 25.0s
[2026-04-09 04:22:14] INFO     【结论】 [PASS] 成功关键字: voice_msgnum:10
[2026-04-09 04:22:14] INFO     统计 -> 成功: 471 | 失败: 0 | 异常: 0 | 成功率: 100.0%
[2026-04-09 04:22:14] INFO     
-------------------- 第 472 轮 | 最大监听: 25.1s --------------------
[2026-04-09 04:22:14] INFO     继电器 ON (开始充电)
[2026-04-09 04:22:14] INFO     继电器执行 -> ON
[2026-04-09 04:22:25] INFO     捕获目标指令: voice_msgnum:9
[2026-04-09 04:22:25] INFO     状态维稳，保持闭合 25.0s
[2026-04-09 04:22:30] INFO     捕获目标指令: voice_msgnum:10
[2026-04-09 04:22:50] INFO     继电器 OFF (切断充电)
[2026-04-09 04:22:50] INFO     继电器执行 -> OFF
[2026-04-09 04:22:50] INFO     物理断电静置 25.0s
[2026-04-09 04:23:15] INFO     【结论】 [PASS] 成功关键字: voice_msgnum:9
[2026-04-09 04:23:15] INFO     统计 -> 成功: 472 | 失败: 0 | 异常: 0 | 成功率: 100.0%
[2026-04-09 04:23:15] INFO     
-------------------- 第 473 轮 | 最大监听: 28.7s --------------------
[2026-04-09 04:23:15] INFO     继电器 ON (开始充电)
[2026-04-09 04:23:15] INFO     继电器执行 -> ON
[2026-04-09 04:23:16] INFO     捕获目标指令: voice_msgnum:9
[2026-04-09 04:23:16] INFO     状态维稳，保持闭合 25.0s
[2026-04-09 04:23:27] INFO     捕获目标指令: voice_msgnum:10
[2026-04-09 04:23:41] INFO     继电器 OFF (切断充电)
[2026-04-09 04:23:42] INFO     继电器执行 -> OFF
[2026-04-09 04:23:42] INFO     物理断电静置 25.0s
[2026-04-09 04:24:07] INFO     【结论】 [PASS] 成功关键字: voice_msgnum:9
[2026-04-09 04:24:07] INFO     统计 -> 成功: 473 | 失败: 0 | 异常: 0 | 成功率: 100.0%
[2026-04-09 04:24:07] INFO     
-------------------- 第 474 轮 | 最大监听: 27.5s --------------------
[2026-04-09 04:24:07] INFO     继电器 ON (开始充电)
[2026-04-09 04:24:07] INFO     继电器执行 -> ON
[2026-04-09 04:24:08] INFO     捕获目标指令: voice_msgnum:9
[2026-04-09 04:24:08] INFO     状态维稳，保持闭合 25.0s
[2026-04-09 04:24:18] INFO     捕获目标指令: voice_msgnum:10
[2026-04-09 04:24:33] INFO     继电器 OFF (切断充电)
[2026-04-09 04:24:33] INFO     继电器执行 -> OFF
[2026-04-09 04:24:33] INFO     物理断电静置 25.0s
[2026-04-09 04:24:58] INFO     【结论】 [PASS] 成功关键字: voice_msgnum:9
[2026-04-09 04:24:58] INFO     统计 -> 成功: 474 | 失败: 0 | 异常: 0 | 成功率: 100.0%
[2026-04-09 04:24:58] INFO     
-------------------- 第 475 轮 | 最大监听: 27.6s --------------------
[2026-04-09 04:24:58] INFO     继电器 ON (开始充电)
[2026-04-09 04:24:58] INFO     继电器执行 -> ON
[2026-04-09 04:25:10] INFO     捕获目标指令: voice_msgnum:10
[2026-04-09 04:25:10] INFO     状态维稳，保持闭合 25.0s
[2026-04-09 04:25:35] INFO     继电器 OFF (切断充电)
[2026-04-09 04:25:35] INFO     继电器执行 -> OFF
[2026-04-09 04:25:35] INFO     物理断电静置 25.0s
[2026-04-09 04:26:00] INFO     【结论】 [PASS] 成功关键字: voice_msgnum:10
[2026-04-09 04:26:00] INFO     统计 -> 成功: 475 | 失败: 0 | 异常: 0 | 成功率: 100.0%
[2026-04-09 04:26:00] INFO     
-------------------- 第 476 轮 | 最大监听: 29.0s --------------------
[2026-04-09 04:26:00] INFO     继电器 ON (开始充电)
[2026-04-09 04:26:00] INFO     继电器执行 -> ON
[2026-04-09 04:26:11] INFO     捕获目标指令: voice_msgnum:10
[2026-04-09 04:26:11] INFO     状态维稳，保持闭合 25.0s
[2026-04-09 04:26:36] INFO     继电器 OFF (切断充电)
[2026-04-09 04:26:36] INFO     继电器执行 -> OFF
[2026-04-09 04:26:36] INFO     物理断电静置 25.0s
[2026-04-09 04:27:01] INFO     【结论】 [PASS] 成功关键字: voice_msgnum:10
[2026-04-09 04:27:01] INFO     统计 -> 成功: 476 | 失败: 0 | 异常: 0 | 成功率: 100.0%
[2026-04-09 04:27:01] INFO     
-------------------- 第 477 轮 | 最大监听: 25.4s --------------------
[2026-04-09 04:27:01] INFO     继电器 ON (开始充电)
[2026-04-09 04:27:01] INFO     继电器执行 -> ON
[2026-04-09 04:27:13] INFO     捕获目标指令: voice_msgnum:10
[2026-04-09 04:27:13] INFO     状态维稳，保持闭合 25.0s
[2026-04-09 04:27:38] INFO     继电器 OFF (切断充电)
[2026-04-09 04:27:38] INFO     继电器执行 -> OFF
[2026-04-09 04:27:38] INFO     物理断电静置 25.0s
[2026-04-09 04:28:03] INFO     【结论】 [PASS] 成功关键字: voice_msgnum:10
[2026-04-09 04:28:03] INFO     统计 -> 成功: 477 | 失败: 0 | 异常: 0 | 成功率: 100.0%
[2026-04-09 04:28:03] INFO     
-------------------- 第 478 轮 | 最大监听: 29.6s --------------------
[2026-04-09 04:28:03] INFO     继电器 ON (开始充电)
[2026-04-09 04:28:03] INFO     继电器执行 -> ON
[2026-04-09 04:28:14] INFO     捕获目标指令: voice_msgnum:10
[2026-04-09 04:28:14] INFO     状态维稳，保持闭合 25.0s
[2026-04-09 04:28:39] INFO     继电器 OFF (切断充电)
[2026-04-09 04:28:40] INFO     继电器执行 -> OFF
[2026-04-09 04:28:40] INFO     物理断电静置 25.0s
[2026-04-09 04:29:05] INFO     【结论】 [PASS] 成功关键字: voice_msgnum:10
[2026-04-09 04:29:05] INFO     统计 -> 成功: 478 | 失败: 0 | 异常: 0 | 成功率: 100.0%
[2026-04-09 04:29:05] INFO     
-------------------- 第 479 轮 | 最大监听: 28.0s --------------------
[2026-04-09 04:29:05] INFO     继电器 ON (开始充电)
[2026-04-09 04:29:05] INFO     继电器执行 -> ON
[2026-04-09 04:29:09] INFO     捕获目标指令: voice_msgnum:9
[2026-04-09 04:29:09] INFO     状态维稳，保持闭合 25.0s
[2026-04-09 04:29:16] INFO     捕获目标指令: voice_msgnum:10
[2026-04-09 04:29:34] INFO     继电器 OFF (切断充电)
[2026-04-09 04:29:34] INFO     继电器执行 -> OFF
[2026-04-09 04:29:34] INFO     物理断电静置 25.0s
[2026-04-09 04:29:59] INFO     【结论】 [PASS] 成功关键字: voice_msgnum:9
[2026-04-09 04:29:59] INFO     统计 -> 成功: 479 | 失败: 0 | 异常: 0 | 成功率: 100.0%
[2026-04-09 04:29:59] INFO     
-------------------- 第 480 轮 | 最大监听: 26.9s --------------------
[2026-04-09 04:29:59] INFO     继电器 ON (开始充电)
[2026-04-09 04:29:59] INFO     继电器执行 -> ON
[2026-04-09 04:30:10] INFO     捕获目标指令: voice_msgnum:10
[2026-04-09 04:30:10] INFO     状态维稳，保持闭合 25.0s
[2026-04-09 04:30:35] INFO     继电器 OFF (切断充电)
[2026-04-09 04:30:35] INFO     继电器执行 -> OFF
[2026-04-09 04:30:35] INFO     物理断电静置 25.0s
[2026-04-09 04:31:00] INFO     【结论】 [PASS] 成功关键字: voice_msgnum:10
[2026-04-09 04:31:00] INFO     统计 -> 成功: 480 | 失败: 0 | 异常: 0 | 成功率: 100.0%
[2026-04-09 04:31:00] INFO     
-------------------- 第 481 轮 | 最大监听: 26.7s --------------------
[2026-04-09 04:31:00] INFO     继电器 ON (开始充电)
[2026-04-09 04:31:00] INFO     继电器执行 -> ON
[2026-04-09 04:31:12] INFO     捕获目标指令: voice_msgnum:10
[2026-04-09 04:31:12] INFO     状态维稳，保持闭合 25.0s
[2026-04-09 04:31:37] INFO     继电器 OFF (切断充电)
[2026-04-09 04:31:37] INFO     继电器执行 -> OFF
[2026-04-09 04:31:37] INFO     物理断电静置 25.0s
[2026-04-09 04:32:02] INFO     【结论】 [PASS] 成功关键字: voice_msgnum:10
[2026-04-09 04:32:02] INFO     统计 -> 成功: 481 | 失败: 0 | 异常: 0 | 成功率: 100.0%
[2026-04-09 04:32:02] INFO     
-------------------- 第 482 轮 | 最大监听: 27.6s --------------------
[2026-04-09 04:32:02] INFO     继电器 ON (开始充电)
[2026-04-09 04:32:02] INFO     继电器执行 -> ON
[2026-04-09 04:32:14] INFO     捕获目标指令: voice_msgnum:10
[2026-04-09 04:32:14] INFO     状态维稳，保持闭合 25.0s
[2026-04-09 04:32:39] INFO     继电器 OFF (切断充电)
[2026-04-09 04:32:39] INFO     继电器执行 -> OFF
[2026-04-09 04:32:39] INFO     物理断电静置 25.0s
[2026-04-09 04:33:04] INFO     【结论】 [PASS] 成功关键字: voice_msgnum:10
[2026-04-09 04:33:04] INFO     统计 -> 成功: 482 | 失败: 0 | 异常: 0 | 成功率: 100.0%
[2026-04-09 04:33:04] INFO     
-------------------- 第 483 轮 | 最大监听: 29.3s --------------------
[2026-04-09 04:33:04] INFO     继电器 ON (开始充电)
[2026-04-09 04:33:04] INFO     继电器执行 -> ON
[2026-04-09 04:33:15] INFO     捕获目标指令: voice_msgnum:10
[2026-04-09 04:33:15] INFO     状态维稳，保持闭合 25.0s
[2026-04-09 04:33:40] INFO     继电器 OFF (切断充电)
[2026-04-09 04:33:40] INFO     继电器执行 -> OFF
[2026-04-09 04:33:40] INFO     物理断电静置 25.0s
[2026-04-09 04:34:05] INFO     【结论】 [PASS] 成功关键字: voice_msgnum:10
[2026-04-09 04:34:05] INFO     统计 -> 成功: 483 | 失败: 0 | 异常: 0 | 成功率: 100.0%
[2026-04-09 04:34:05] INFO     
-------------------- 第 484 轮 | 最大监听: 26.6s --------------------
[2026-04-09 04:34:05] INFO     继电器 ON (开始充电)
[2026-04-09 04:34:05] INFO     继电器执行 -> ON
[2026-04-09 04:34:17] INFO     捕获目标指令: voice_msgnum:10
[2026-04-09 04:34:17] INFO     状态维稳，保持闭合 25.0s
[2026-04-09 04:34:42] INFO     继电器 OFF (切断充电)
[2026-04-09 04:34:42] INFO     继电器执行 -> OFF
[2026-04-09 04:34:42] INFO     物理断电静置 25.0s
[2026-04-09 04:35:07] INFO     【结论】 [PASS] 成功关键字: voice_msgnum:10
[2026-04-09 04:35:07] INFO     统计 -> 成功: 484 | 失败: 0 | 异常: 0 | 成功率: 100.0%
[2026-04-09 04:35:07] INFO     
-------------------- 第 485 轮 | 最大监听: 26.4s --------------------
[2026-04-09 04:35:07] INFO     继电器 ON (开始充电)
[2026-04-09 04:35:07] INFO     继电器执行 -> ON
[2026-04-09 04:35:18] INFO     捕获目标指令: voice_msgnum:10
[2026-04-09 04:35:18] INFO     状态维稳，保持闭合 25.0s
[2026-04-09 04:35:43] INFO     继电器 OFF (切断充电)
[2026-04-09 04:35:43] INFO     继电器执行 -> OFF
[2026-04-09 04:35:43] INFO     物理断电静置 25.0s
[2026-04-09 04:36:08] INFO     【结论】 [PASS] 成功关键字: voice_msgnum:10
[2026-04-09 04:36:08] INFO     统计 -> 成功: 485 | 失败: 0 | 异常: 0 | 成功率: 100.0%
[2026-04-09 04:36:08] INFO     
-------------------- 第 486 轮 | 最大监听: 29.6s --------------------
[2026-04-09 04:36:08] INFO     继电器 ON (开始充电)
[2026-04-09 04:36:08] INFO     继电器执行 -> ON
[2026-04-09 04:36:20] INFO     捕获目标指令: voice_msgnum:10
[2026-04-09 04:36:20] INFO     状态维稳，保持闭合 25.0s
[2026-04-09 04:36:45] INFO     继电器 OFF (切断充电)
[2026-04-09 04:36:45] INFO     继电器执行 -> OFF
[2026-04-09 04:36:45] INFO     物理断电静置 25.0s
[2026-04-09 04:37:10] INFO     【结论】 [PASS] 成功关键字: voice_msgnum:10
[2026-04-09 04:37:10] INFO     统计 -> 成功: 486 | 失败: 0 | 异常: 0 | 成功率: 100.0%
[2026-04-09 04:37:10] INFO     
-------------------- 第 487 轮 | 最大监听: 27.1s --------------------
[2026-04-09 04:37:10] INFO     继电器 ON (开始充电)
[2026-04-09 04:37:10] INFO     继电器执行 -> ON
[2026-04-09 04:37:22] INFO     捕获目标指令: voice_msgnum:10
[2026-04-09 04:37:22] INFO     状态维稳，保持闭合 25.0s
[2026-04-09 04:37:47] INFO     继电器 OFF (切断充电)
[2026-04-09 04:37:47] INFO     继电器执行 -> OFF
[2026-04-09 04:37:47] INFO     物理断电静置 25.0s
[2026-04-09 04:38:12] INFO     【结论】 [PASS] 成功关键字: voice_msgnum:10
[2026-04-09 04:38:12] INFO     统计 -> 成功: 487 | 失败: 0 | 异常: 0 | 成功率: 100.0%
[2026-04-09 04:38:12] INFO     
-------------------- 第 488 轮 | 最大监听: 30.0s --------------------
[2026-04-09 04:38:12] INFO     继电器 ON (开始充电)
[2026-04-09 04:38:12] INFO     继电器执行 -> ON
[2026-04-09 04:38:23] INFO     捕获目标指令: voice_msgnum:10
[2026-04-09 04:38:23] INFO     状态维稳，保持闭合 25.0s
[2026-04-09 04:38:48] INFO     继电器 OFF (切断充电)
[2026-04-09 04:38:48] INFO     继电器执行 -> OFF
[2026-04-09 04:38:48] INFO     物理断电静置 25.0s
[2026-04-09 04:39:13] INFO     【结论】 [PASS] 成功关键字: voice_msgnum:10
[2026-04-09 04:39:13] INFO     统计 -> 成功: 488 | 失败: 0 | 异常: 0 | 成功率: 100.0%
[2026-04-09 04:39:13] INFO     
-------------------- 第 489 轮 | 最大监听: 28.5s --------------------
[2026-04-09 04:39:13] INFO     继电器 ON (开始充电)
[2026-04-09 04:39:13] INFO     继电器执行 -> ON
[2026-04-09 04:39:25] INFO     捕获目标指令: voice_msgnum:10
[2026-04-09 04:39:25] INFO     状态维稳，保持闭合 25.0s
[2026-04-09 04:39:50] INFO     继电器 OFF (切断充电)
[2026-04-09 04:39:50] INFO     继电器执行 -> OFF
[2026-04-09 04:39:50] INFO     物理断电静置 25.0s
[2026-04-09 04:40:15] INFO     【结论】 [PASS] 成功关键字: voice_msgnum:10
[2026-04-09 04:40:15] INFO     统计 -> 成功: 489 | 失败: 0 | 异常: 0 | 成功率: 100.0%
[2026-04-09 04:40:15] INFO     
-------------------- 第 490 轮 | 最大监听: 25.0s --------------------
[2026-04-09 04:40:15] INFO     继电器 ON (开始充电)
[2026-04-09 04:40:15] INFO     继电器执行 -> ON
[2026-04-09 04:40:26] INFO     捕获目标指令: voice_msgnum:10
[2026-04-09 04:40:26] INFO     状态维稳，保持闭合 25.0s
[2026-04-09 04:40:51] INFO     继电器 OFF (切断充电)
[2026-04-09 04:40:51] INFO     继电器执行 -> OFF
[2026-04-09 04:40:51] INFO     物理断电静置 25.0s
[2026-04-09 04:41:16] INFO     【结论】 [PASS] 成功关键字: voice_msgnum:10
[2026-04-09 04:41:16] INFO     统计 -> 成功: 490 | 失败: 0 | 异常: 0 | 成功率: 100.0%
[2026-04-09 04:41:16] INFO     
-------------------- 第 491 轮 | 最大监听: 29.1s --------------------
[2026-04-09 04:41:16] INFO     继电器 ON (开始充电)
[2026-04-09 04:41:16] INFO     继电器执行 -> ON
[2026-04-09 04:41:28] INFO     捕获目标指令: voice_msgnum:10
[2026-04-09 04:41:28] INFO     状态维稳，保持闭合 25.0s
[2026-04-09 04:41:53] INFO     继电器 OFF (切断充电)
[2026-04-09 04:41:53] INFO     继电器执行 -> OFF
[2026-04-09 04:41:53] INFO     物理断电静置 25.0s
[2026-04-09 04:42:18] INFO     【结论】 [PASS] 成功关键字: voice_msgnum:10
[2026-04-09 04:42:18] INFO     统计 -> 成功: 491 | 失败: 0 | 异常: 0 | 成功率: 100.0%
[2026-04-09 04:42:18] INFO     
-------------------- 第 492 轮 | 最大监听: 26.1s --------------------
[2026-04-09 04:42:18] INFO     继电器 ON (开始充电)
[2026-04-09 04:42:18] INFO     继电器执行 -> ON
[2026-04-09 04:42:20] INFO     捕获目标指令: voice_msgnum:9
[2026-04-09 04:42:20] INFO     状态维稳，保持闭合 25.0s
[2026-04-09 04:42:30] INFO     捕获目标指令: voice_msgnum:10
[2026-04-09 04:42:45] INFO     继电器 OFF (切断充电)
[2026-04-09 04:42:45] INFO     继电器执行 -> OFF
[2026-04-09 04:42:45] INFO     物理断电静置 25.0s
[2026-04-09 04:43:10] INFO     【结论】 [PASS] 成功关键字: voice_msgnum:9
[2026-04-09 04:43:10] INFO     统计 -> 成功: 492 | 失败: 0 | 异常: 0 | 成功率: 100.0%
[2026-04-09 04:43:10] INFO     
-------------------- 第 493 轮 | 最大监听: 26.0s --------------------
[2026-04-09 04:43:10] INFO     继电器 ON (开始充电)
[2026-04-09 04:43:10] INFO     继电器执行 -> ON
[2026-04-09 04:43:21] INFO     捕获目标指令: voice_msgnum:10
[2026-04-09 04:43:21] INFO     状态维稳，保持闭合 25.0s
[2026-04-09 04:43:46] INFO     继电器 OFF (切断充电)
[2026-04-09 04:43:46] INFO     继电器执行 -> OFF
[2026-04-09 04:43:46] INFO     物理断电静置 25.0s
[2026-04-09 04:44:11] INFO     【结论】 [PASS] 成功关键字: voice_msgnum:10
[2026-04-09 04:44:11] INFO     统计 -> 成功: 493 | 失败: 0 | 异常: 0 | 成功率: 100.0%
[2026-04-09 04:44:11] INFO     
-------------------- 第 494 轮 | 最大监听: 28.1s --------------------
[2026-04-09 04:44:11] INFO     继电器 ON (开始充电)
[2026-04-09 04:44:11] INFO     继电器执行 -> ON
[2026-04-09 04:44:23] INFO     捕获目标指令: voice_msgnum:10
[2026-04-09 04:44:23] INFO     状态维稳，保持闭合 25.0s
[2026-04-09 04:44:48] INFO     继电器 OFF (切断充电)
[2026-04-09 04:44:48] INFO     继电器执行 -> OFF
[2026-04-09 04:44:48] INFO     物理断电静置 25.0s
[2026-04-09 04:45:13] INFO     【结论】 [PASS] 成功关键字: voice_msgnum:10
[2026-04-09 04:45:13] INFO     统计 -> 成功: 494 | 失败: 0 | 异常: 0 | 成功率: 100.0%
[2026-04-09 04:45:13] INFO     
-------------------- 第 495 轮 | 最大监听: 27.5s --------------------
[2026-04-09 04:45:13] INFO     继电器 ON (开始充电)
[2026-04-09 04:45:13] INFO     继电器执行 -> ON
[2026-04-09 04:45:24] INFO     捕获目标指令: voice_msgnum:10
[2026-04-09 04:45:24] INFO     状态维稳，保持闭合 25.0s
[2026-04-09 04:45:49] INFO     继电器 OFF (切断充电)
[2026-04-09 04:45:49] INFO     继电器执行 -> OFF
[2026-04-09 04:45:49] INFO     物理断电静置 25.0s
[2026-04-09 04:46:14] INFO     【结论】 [PASS] 成功关键字: voice_msgnum:10
[2026-04-09 04:46:14] INFO     统计 -> 成功: 495 | 失败: 0 | 异常: 0 | 成功率: 100.0%
[2026-04-09 04:46:14] INFO     
-------------------- 第 496 轮 | 最大监听: 29.0s --------------------
[2026-04-09 04:46:14] INFO     继电器 ON (开始充电)
[2026-04-09 04:46:14] INFO     继电器执行 -> ON
[2026-04-09 04:46:26] INFO     捕获目标指令: voice_msgnum:10
[2026-04-09 04:46:26] INFO     状态维稳，保持闭合 25.0s
[2026-04-09 04:46:51] INFO     继电器 OFF (切断充电)
[2026-04-09 04:46:51] INFO     继电器执行 -> OFF
[2026-04-09 04:46:51] INFO     物理断电静置 25.0s
[2026-04-09 04:47:16] INFO     【结论】 [PASS] 成功关键字: voice_msgnum:10
[2026-04-09 04:47:16] INFO     统计 -> 成功: 496 | 失败: 0 | 异常: 0 | 成功率: 100.0%
[2026-04-09 04:47:16] INFO     
-------------------- 第 497 轮 | 最大监听: 25.4s --------------------
[2026-04-09 04:47:16] INFO     继电器 ON (开始充电)
[2026-04-09 04:47:16] INFO     继电器执行 -> ON
[2026-04-09 04:47:28] INFO     捕获目标指令: voice_msgnum:10
[2026-04-09 04:47:28] INFO     状态维稳，保持闭合 25.0s
[2026-04-09 04:47:53] INFO     继电器 OFF (切断充电)
[2026-04-09 04:47:53] INFO     继电器执行 -> OFF
[2026-04-09 04:47:53] INFO     物理断电静置 25.0s
[2026-04-09 04:48:18] INFO     【结论】 [PASS] 成功关键字: voice_msgnum:10
[2026-04-09 04:48:18] INFO     统计 -> 成功: 497 | 失败: 0 | 异常: 0 | 成功率: 100.0%
[2026-04-09 04:48:18] INFO     
-------------------- 第 498 轮 | 最大监听: 25.6s --------------------
[2026-04-09 04:48:18] INFO     继电器 ON (开始充电)
[2026-04-09 04:48:18] INFO     继电器执行 -> ON
[2026-04-09 04:48:29] INFO     捕获目标指令: voice_msgnum:10
[2026-04-09 04:48:29] INFO     状态维稳，保持闭合 25.0s
[2026-04-09 04:48:54] INFO     继电器 OFF (切断充电)
[2026-04-09 04:48:54] INFO     继电器执行 -> OFF
[2026-04-09 04:48:54] INFO     物理断电静置 25.0s
[2026-04-09 04:49:19] INFO     【结论】 [PASS] 成功关键字: voice_msgnum:10
[2026-04-09 04:49:19] INFO     统计 -> 成功: 498 | 失败: 0 | 异常: 0 | 成功率: 100.0%
[2026-04-09 04:49:19] INFO     
-------------------- 第 499 轮 | 最大监听: 25.4s --------------------
[2026-04-09 04:49:19] INFO     继电器 ON (开始充电)
[2026-04-09 04:49:19] INFO     继电器执行 -> ON
[2026-04-09 04:49:31] INFO     捕获目标指令: voice_msgnum:10
[2026-04-09 04:49:31] INFO     状态维稳，保持闭合 25.0s
[2026-04-09 04:49:56] INFO     继电器 OFF (切断充电)
[2026-04-09 04:49:56] INFO     继电器执行 -> OFF
[2026-04-09 04:49:56] INFO     物理断电静置 25.0s
[2026-04-09 04:50:21] INFO     【结论】 [PASS] 成功关键字: voice_msgnum:10
[2026-04-09 04:50:21] INFO     统计 -> 成功: 499 | 失败: 0 | 异常: 0 | 成功率: 100.0%
[2026-04-09 04:50:21] INFO     
-------------------- 第 500 轮 | 最大监听: 27.0s --------------------
[2026-04-09 04:50:21] INFO     继电器 ON (开始充电)
[2026-04-09 04:50:21] INFO     继电器执行 -> ON
[2026-04-09 04:50:32] INFO     捕获目标指令: voice_msgnum:10
[2026-04-09 04:50:32] INFO     状态维稳，保持闭合 25.0s
[2026-04-09 04:50:57] INFO     继电器 OFF (切断充电)
[2026-04-09 04:50:57] INFO     继电器执行 -> OFF
[2026-04-09 04:50:57] INFO     物理断电静置 25.0s
[2026-04-09 04:51:22] INFO     【结论】 [PASS] 成功关键字: voice_msgnum:10
[2026-04-09 04:51:22] INFO     统计 -> 成功: 500 | 失败: 0 | 异常: 0 | 成功率: 100.0%
[2026-04-09 04:51:22] INFO     
-------------------- 第 501 轮 | 最大监听: 29.8s --------------------
[2026-04-09 04:51:22] INFO     继电器 ON (开始充电)
[2026-04-09 04:51:22] INFO     继电器执行 -> ON
[2026-04-09 04:51:34] INFO     捕获目标指令: voice_msgnum:10
[2026-04-09 04:51:34] INFO     状态维稳，保持闭合 25.0s
[2026-04-09 04:51:59] INFO     继电器 OFF (切断充电)
[2026-04-09 04:51:59] INFO     继电器执行 -> OFF
[2026-04-09 04:51:59] INFO     物理断电静置 25.0s
[2026-04-09 04:52:24] INFO     【结论】 [PASS] 成功关键字: voice_msgnum:10
[2026-04-09 04:52:24] INFO     统计 -> 成功: 501 | 失败: 0 | 异常: 0 | 成功率: 100.0%
[2026-04-09 04:52:24] INFO     
-------------------- 第 502 轮 | 最大监听: 29.4s --------------------
[2026-04-09 04:52:24] INFO     继电器 ON (开始充电)
[2026-04-09 04:52:24] INFO     继电器执行 -> ON
[2026-04-09 04:52:36] INFO     捕获目标指令: voice_msgnum:10
[2026-04-09 04:52:36] INFO     状态维稳，保持闭合 25.0s
[2026-04-09 04:53:01] INFO     继电器 OFF (切断充电)
[2026-04-09 04:53:01] INFO     继电器执行 -> OFF
[2026-04-09 04:53:01] INFO     物理断电静置 25.0s
[2026-04-09 04:53:26] INFO     【结论】 [PASS] 成功关键字: voice_msgnum:10
[2026-04-09 04:53:26] INFO     统计 -> 成功: 502 | 失败: 0 | 异常: 0 | 成功率: 100.0%
[2026-04-09 04:53:26] INFO     
-------------------- 第 503 轮 | 最大监听: 28.2s --------------------
[2026-04-09 04:53:26] INFO     继电器 ON (开始充电)
[2026-04-09 04:53:26] INFO     继电器执行 -> ON
[2026-04-09 04:53:37] INFO     捕获目标指令: voice_msgnum:10
[2026-04-09 04:53:37] INFO     状态维稳，保持闭合 25.0s
[2026-04-09 04:54:02] INFO     继电器 OFF (切断充电)
[2026-04-09 04:54:02] INFO     继电器执行 -> OFF
[2026-04-09 04:54:02] INFO     物理断电静置 25.0s
[2026-04-09 04:54:27] INFO     【结论】 [PASS] 成功关键字: voice_msgnum:10
[2026-04-09 04:54:27] INFO     统计 -> 成功: 503 | 失败: 0 | 异常: 0 | 成功率: 100.0%
[2026-04-09 04:54:27] INFO     
-------------------- 第 504 轮 | 最大监听: 27.4s --------------------
[2026-04-09 04:54:27] INFO     继电器 ON (开始充电)
[2026-04-09 04:54:27] INFO     继电器执行 -> ON
[2026-04-09 04:54:39] INFO     捕获目标指令: voice_msgnum:10
[2026-04-09 04:54:39] INFO     状态维稳，保持闭合 25.0s
[2026-04-09 04:55:04] INFO     继电器 OFF (切断充电)
[2026-04-09 04:55:04] INFO     继电器执行 -> OFF
[2026-04-09 04:55:04] INFO     物理断电静置 25.0s
[2026-04-09 04:55:29] INFO     【结论】 [PASS] 成功关键字: voice_msgnum:10
[2026-04-09 04:55:29] INFO     统计 -> 成功: 504 | 失败: 0 | 异常: 0 | 成功率: 100.0%
[2026-04-09 04:55:29] INFO     
-------------------- 第 505 轮 | 最大监听: 27.8s --------------------
[2026-04-09 04:55:29] INFO     继电器 ON (开始充电)
[2026-04-09 04:55:29] INFO     继电器执行 -> ON
[2026-04-09 04:55:40] INFO     捕获目标指令: voice_msgnum:10
[2026-04-09 04:55:40] INFO     状态维稳，保持闭合 25.0s
[2026-04-09 04:56:05] INFO     继电器 OFF (切断充电)
[2026-04-09 04:56:05] INFO     继电器执行 -> OFF
[2026-04-09 04:56:05] INFO     物理断电静置 25.0s
[2026-04-09 04:56:30] INFO     【结论】 [PASS] 成功关键字: voice_msgnum:10
[2026-04-09 04:56:30] INFO     统计 -> 成功: 505 | 失败: 0 | 异常: 0 | 成功率: 100.0%
[2026-04-09 04:56:30] INFO     
-------------------- 第 506 轮 | 最大监听: 27.1s --------------------
[2026-04-09 04:56:30] INFO     继电器 ON (开始充电)
[2026-04-09 04:56:30] INFO     继电器执行 -> ON
[2026-04-09 04:56:42] INFO     捕获目标指令: voice_msgnum:10
[2026-04-09 04:56:42] INFO     状态维稳，保持闭合 25.0s
[2026-04-09 04:57:07] INFO     继电器 OFF (切断充电)
[2026-04-09 04:57:07] INFO     继电器执行 -> OFF
[2026-04-09 04:57:07] INFO     物理断电静置 25.0s
[2026-04-09 04:57:32] INFO     【结论】 [PASS] 成功关键字: voice_msgnum:10
[2026-04-09 04:57:32] INFO     统计 -> 成功: 506 | 失败: 0 | 异常: 0 | 成功率: 100.0%
[2026-04-09 04:57:32] INFO     
-------------------- 第 507 轮 | 最大监听: 27.4s --------------------
[2026-04-09 04:57:32] INFO     继电器 ON (开始充电)
[2026-04-09 04:57:32] INFO     继电器执行 -> ON
[2026-04-09 04:57:44] INFO     捕获目标指令: voice_msgnum:10
[2026-04-09 04:57:44] INFO     状态维稳，保持闭合 25.0s
[2026-04-09 04:58:09] INFO     继电器 OFF (切断充电)
[2026-04-09 04:58:09] INFO     继电器执行 -> OFF
[2026-04-09 04:58:09] INFO     物理断电静置 25.0s
[2026-04-09 04:58:34] INFO     【结论】 [PASS] 成功关键字: voice_msgnum:10
[2026-04-09 04:58:34] INFO     统计 -> 成功: 507 | 失败: 0 | 异常: 0 | 成功率: 100.0%
[2026-04-09 04:58:34] INFO     
-------------------- 第 508 轮 | 最大监听: 27.7s --------------------
[2026-04-09 04:58:34] INFO     继电器 ON (开始充电)
[2026-04-09 04:58:34] INFO     继电器执行 -> ON
[2026-04-09 04:58:41] INFO     捕获目标指令: voice_msgnum:9
[2026-04-09 04:58:41] INFO     状态维稳，保持闭合 25.0s
[2026-04-09 04:58:46] INFO     捕获目标指令: voice_msgnum:10
[2026-04-09 04:59:06] INFO     继电器 OFF (切断充电)
[2026-04-09 04:59:06] INFO     继电器执行 -> OFF
[2026-04-09 04:59:06] INFO     物理断电静置 25.0s
[2026-04-09 04:59:31] INFO     【结论】 [PASS] 成功关键字: voice_msgnum:9
[2026-04-09 04:59:31] INFO     统计 -> 成功: 508 | 失败: 0 | 异常: 0 | 成功率: 100.0%
[2026-04-09 04:59:31] INFO     
-------------------- 第 509 轮 | 最大监听: 29.2s --------------------
[2026-04-09 04:59:31] INFO     继电器 ON (开始充电)
[2026-04-09 04:59:31] INFO     继电器执行 -> ON
[2026-04-09 04:59:43] INFO     捕获目标指令: voice_msgnum:10
[2026-04-09 04:59:43] INFO     状态维稳，保持闭合 25.0s
[2026-04-09 05:00:08] INFO     继电器 OFF (切断充电)
[2026-04-09 05:00:08] INFO     继电器执行 -> OFF
[2026-04-09 05:00:08] INFO     物理断电静置 25.0s
[2026-04-09 05:00:33] INFO     【结论】 [PASS] 成功关键字: voice_msgnum:10
[2026-04-09 05:00:33] INFO     统计 -> 成功: 509 | 失败: 0 | 异常: 0 | 成功率: 100.0%
[2026-04-09 05:00:33] INFO     
-------------------- 第 510 轮 | 最大监听: 27.4s --------------------
[2026-04-09 05:00:33] INFO     继电器 ON (开始充电)
[2026-04-09 05:00:33] INFO     继电器执行 -> ON
[2026-04-09 05:00:44] INFO     捕获目标指令: voice_msgnum:10
[2026-04-09 05:00:44] INFO     状态维稳，保持闭合 25.0s
[2026-04-09 05:01:09] INFO     继电器 OFF (切断充电)
[2026-04-09 05:01:09] INFO     继电器执行 -> OFF
[2026-04-09 05:01:09] INFO     物理断电静置 25.0s
[2026-04-09 05:01:34] INFO     【结论】 [PASS] 成功关键字: voice_msgnum:10
[2026-04-09 05:01:34] INFO     统计 -> 成功: 510 | 失败: 0 | 异常: 0 | 成功率: 100.0%
[2026-04-09 05:01:34] INFO     
-------------------- 第 511 轮 | 最大监听: 27.3s --------------------
[2026-04-09 05:01:34] INFO     继电器 ON (开始充电)
[2026-04-09 05:01:34] INFO     继电器执行 -> ON
[2026-04-09 05:01:46] INFO     捕获目标指令: voice_msgnum:10
[2026-04-09 05:01:46] INFO     状态维稳，保持闭合 25.0s
[2026-04-09 05:02:11] INFO     继电器 OFF (切断充电)
[2026-04-09 05:02:11] INFO     继电器执行 -> OFF
[2026-04-09 05:02:11] INFO     物理断电静置 25.0s
[2026-04-09 05:02:36] INFO     【结论】 [PASS] 成功关键字: voice_msgnum:10
[2026-04-09 05:02:36] INFO     统计 -> 成功: 511 | 失败: 0 | 异常: 0 | 成功率: 100.0%
[2026-04-09 05:02:36] INFO     
-------------------- 第 512 轮 | 最大监听: 29.0s --------------------
[2026-04-09 05:02:36] INFO     继电器 ON (开始充电)
[2026-04-09 05:02:36] INFO     继电器执行 -> ON
[2026-04-09 05:02:48] INFO     捕获目标指令: voice_msgnum:10
[2026-04-09 05:02:48] INFO     状态维稳，保持闭合 25.0s
[2026-04-09 05:03:13] INFO     继电器 OFF (切断充电)
[2026-04-09 05:03:13] INFO     继电器执行 -> OFF
[2026-04-09 05:03:13] INFO     物理断电静置 25.0s
[2026-04-09 05:03:38] INFO     【结论】 [PASS] 成功关键字: voice_msgnum:10
[2026-04-09 05:03:38] INFO     统计 -> 成功: 512 | 失败: 0 | 异常: 0 | 成功率: 100.0%
[2026-04-09 05:03:38] INFO     
-------------------- 第 513 轮 | 最大监听: 26.6s --------------------
[2026-04-09 05:03:38] INFO     继电器 ON (开始充电)
[2026-04-09 05:03:38] INFO     继电器执行 -> ON
[2026-04-09 05:03:49] INFO     捕获目标指令: voice_msgnum:10
[2026-04-09 05:03:49] INFO     状态维稳，保持闭合 25.0s
[2026-04-09 05:04:14] INFO     继电器 OFF (切断充电)
[2026-04-09 05:04:14] INFO     继电器执行 -> OFF
[2026-04-09 05:04:14] INFO     物理断电静置 25.0s
[2026-04-09 05:04:39] INFO     【结论】 [PASS] 成功关键字: voice_msgnum:10
[2026-04-09 05:04:39] INFO     统计 -> 成功: 513 | 失败: 0 | 异常: 0 | 成功率: 100.0%
[2026-04-09 05:04:39] INFO     
-------------------- 第 514 轮 | 最大监听: 25.0s --------------------
[2026-04-09 05:04:39] INFO     继电器 ON (开始充电)
[2026-04-09 05:04:39] INFO     继电器执行 -> ON
[2026-04-09 05:04:51] INFO     捕获目标指令: voice_msgnum:10
[2026-04-09 05:04:51] INFO     状态维稳，保持闭合 25.0s
[2026-04-09 05:05:16] INFO     继电器 OFF (切断充电)
[2026-04-09 05:05:16] INFO     继电器执行 -> OFF
[2026-04-09 05:05:16] INFO     物理断电静置 25.0s
[2026-04-09 05:05:41] INFO     【结论】 [PASS] 成功关键字: voice_msgnum:10
[2026-04-09 05:05:41] INFO     统计 -> 成功: 514 | 失败: 0 | 异常: 0 | 成功率: 100.0%
[2026-04-09 05:05:41] INFO     
-------------------- 第 515 轮 | 最大监听: 26.3s --------------------
[2026-04-09 05:05:41] INFO     继电器 ON (开始充电)
[2026-04-09 05:05:41] INFO     继电器执行 -> ON
[2026-04-09 05:05:52] INFO     捕获目标指令: voice_msgnum:10
[2026-04-09 05:05:52] INFO     状态维稳，保持闭合 25.0s
[2026-04-09 05:06:17] INFO     继电器 OFF (切断充电)
[2026-04-09 05:06:17] INFO     继电器执行 -> OFF
[2026-04-09 05:06:17] INFO     物理断电静置 25.0s
[2026-04-09 05:06:42] INFO     【结论】 [PASS] 成功关键字: voice_msgnum:10
[2026-04-09 05:06:42] INFO     统计 -> 成功: 515 | 失败: 0 | 异常: 0 | 成功率: 100.0%
[2026-04-09 05:06:42] INFO     
-------------------- 第 516 轮 | 最大监听: 29.7s --------------------
[2026-04-09 05:06:42] INFO     继电器 ON (开始充电)
[2026-04-09 05:06:42] INFO     继电器执行 -> ON
[2026-04-09 05:06:54] INFO     捕获目标指令: voice_msgnum:10
[2026-04-09 05:06:54] INFO     状态维稳，保持闭合 25.0s
[2026-04-09 05:07:19] INFO     继电器 OFF (切断充电)
[2026-04-09 05:07:19] INFO     继电器执行 -> OFF
[2026-04-09 05:07:19] INFO     物理断电静置 25.0s
[2026-04-09 05:07:44] INFO     【结论】 [PASS] 成功关键字: voice_msgnum:10
[2026-04-09 05:07:44] INFO     统计 -> 成功: 516 | 失败: 0 | 异常: 0 | 成功率: 100.0%
[2026-04-09 05:07:44] INFO     
-------------------- 第 517 轮 | 最大监听: 28.7s --------------------
[2026-04-09 05:07:44] INFO     继电器 ON (开始充电)
[2026-04-09 05:07:44] INFO     继电器执行 -> ON
[2026-04-09 05:07:56] INFO     捕获目标指令: voice_msgnum:10
[2026-04-09 05:07:56] INFO     状态维稳，保持闭合 25.0s
[2026-04-09 05:08:21] INFO     继电器 OFF (切断充电)
[2026-04-09 05:08:21] INFO     继电器执行 -> OFF
[2026-04-09 05:08:21] INFO     物理断电静置 25.0s
[2026-04-09 05:08:46] INFO     【结论】 [PASS] 成功关键字: voice_msgnum:10
[2026-04-09 05:08:46] INFO     统计 -> 成功: 517 | 失败: 0 | 异常: 0 | 成功率: 100.0%
[2026-04-09 05:08:46] INFO     
-------------------- 第 518 轮 | 最大监听: 28.1s --------------------
[2026-04-09 05:08:46] INFO     继电器 ON (开始充电)
[2026-04-09 05:08:46] INFO     继电器执行 -> ON
[2026-04-09 05:08:57] INFO     捕获目标指令: voice_msgnum:10
[2026-04-09 05:08:57] INFO     状态维稳，保持闭合 25.0s
[2026-04-09 05:09:22] INFO     继电器 OFF (切断充电)
[2026-04-09 05:09:22] INFO     继电器执行 -> OFF
[2026-04-09 05:09:22] INFO     物理断电静置 25.0s
[2026-04-09 05:09:47] INFO     【结论】 [PASS] 成功关键字: voice_msgnum:10
[2026-04-09 05:09:47] INFO     统计 -> 成功: 518 | 失败: 0 | 异常: 0 | 成功率: 100.0%
[2026-04-09 05:09:47] INFO     
-------------------- 第 519 轮 | 最大监听: 25.4s --------------------
[2026-04-09 05:09:47] INFO     继电器 ON (开始充电)
[2026-04-09 05:09:47] INFO     继电器执行 -> ON
[2026-04-09 05:09:59] INFO     捕获目标指令: voice_msgnum:10
[2026-04-09 05:09:59] INFO     状态维稳，保持闭合 25.0s
[2026-04-09 05:10:24] INFO     继电器 OFF (切断充电)
[2026-04-09 05:10:24] INFO     继电器执行 -> OFF
[2026-04-09 05:10:24] INFO     物理断电静置 25.0s
[2026-04-09 05:10:49] INFO     【结论】 [PASS] 成功关键字: voice_msgnum:10
[2026-04-09 05:10:49] INFO     统计 -> 成功: 519 | 失败: 0 | 异常: 0 | 成功率: 100.0%
[2026-04-09 05:10:49] INFO     
-------------------- 第 520 轮 | 最大监听: 28.1s --------------------
[2026-04-09 05:10:49] INFO     继电器 ON (开始充电)
[2026-04-09 05:10:49] INFO     继电器执行 -> ON
[2026-04-09 05:11:00] INFO     捕获目标指令: voice_msgnum:10
[2026-04-09 05:11:00] INFO     状态维稳，保持闭合 25.0s
[2026-04-09 05:11:25] INFO     继电器 OFF (切断充电)
[2026-04-09 05:11:25] INFO     继电器执行 -> OFF
[2026-04-09 05:11:25] INFO     物理断电静置 25.0s
[2026-04-09 05:11:50] INFO     【结论】 [PASS] 成功关键字: voice_msgnum:10
[2026-04-09 05:11:50] INFO     统计 -> 成功: 520 | 失败: 0 | 异常: 0 | 成功率: 100.0%
[2026-04-09 05:11:50] INFO     
-------------------- 第 521 轮 | 最大监听: 29.5s --------------------
[2026-04-09 05:11:50] INFO     继电器 ON (开始充电)
[2026-04-09 05:11:50] INFO     继电器执行 -> ON
[2026-04-09 05:12:02] INFO     捕获目标指令: voice_msgnum:10
[2026-04-09 05:12:02] INFO     状态维稳，保持闭合 25.0s
[2026-04-09 05:12:27] INFO     继电器 OFF (切断充电)
[2026-04-09 05:12:27] INFO     继电器执行 -> OFF
[2026-04-09 05:12:27] INFO     物理断电静置 25.0s
[2026-04-09 05:12:52] INFO     【结论】 [PASS] 成功关键字: voice_msgnum:10
[2026-04-09 05:12:52] INFO     统计 -> 成功: 521 | 失败: 0 | 异常: 0 | 成功率: 100.0%
[2026-04-09 05:12:52] INFO     
-------------------- 第 522 轮 | 最大监听: 27.1s --------------------
[2026-04-09 05:12:52] INFO     继电器 ON (开始充电)
[2026-04-09 05:12:52] INFO     继电器执行 -> ON
[2026-04-09 05:13:03] INFO     捕获目标指令: voice_msgnum:10
[2026-04-09 05:13:03] INFO     状态维稳，保持闭合 25.0s
[2026-04-09 05:13:28] INFO     继电器 OFF (切断充电)
[2026-04-09 05:13:29] INFO     继电器执行 -> OFF
[2026-04-09 05:13:29] INFO     物理断电静置 25.0s
[2026-04-09 05:13:54] INFO     【结论】 [PASS] 成功关键字: voice_msgnum:10
[2026-04-09 05:13:54] INFO     统计 -> 成功: 522 | 失败: 0 | 异常: 0 | 成功率: 100.0%
[2026-04-09 05:13:54] INFO     
-------------------- 第 523 轮 | 最大监听: 29.4s --------------------
[2026-04-09 05:13:54] INFO     继电器 ON (开始充电)
[2026-04-09 05:13:54] INFO     继电器执行 -> ON
[2026-04-09 05:14:05] INFO     捕获目标指令: voice_msgnum:10
[2026-04-09 05:14:05] INFO     状态维稳，保持闭合 25.0s
[2026-04-09 05:14:30] INFO     继电器 OFF (切断充电)
[2026-04-09 05:14:30] INFO     继电器执行 -> OFF
[2026-04-09 05:14:30] INFO     物理断电静置 25.0s
[2026-04-09 05:14:55] INFO     【结论】 [PASS] 成功关键字: voice_msgnum:10
[2026-04-09 05:14:55] INFO     统计 -> 成功: 523 | 失败: 0 | 异常: 0 | 成功率: 100.0%
[2026-04-09 05:14:55] INFO     
-------------------- 第 524 轮 | 最大监听: 27.9s --------------------
[2026-04-09 05:14:55] INFO     继电器 ON (开始充电)
[2026-04-09 05:14:55] INFO     继电器执行 -> ON
[2026-04-09 05:15:07] INFO     捕获目标指令: voice_msgnum:10
[2026-04-09 05:15:07] INFO     状态维稳，保持闭合 25.0s
[2026-04-09 05:15:32] INFO     继电器 OFF (切断充电)
[2026-04-09 05:15:32] INFO     继电器执行 -> OFF
[2026-04-09 05:15:32] INFO     物理断电静置 25.0s
[2026-04-09 05:15:57] INFO     【结论】 [PASS] 成功关键字: voice_msgnum:10
[2026-04-09 05:15:57] INFO     统计 -> 成功: 524 | 失败: 0 | 异常: 0 | 成功率: 100.0%
[2026-04-09 05:15:57] INFO     
-------------------- 第 525 轮 | 最大监听: 29.2s --------------------
[2026-04-09 05:15:57] INFO     继电器 ON (开始充电)
[2026-04-09 05:15:57] INFO     继电器执行 -> ON
[2026-04-09 05:16:08] INFO     捕获目标指令: voice_msgnum:10
[2026-04-09 05:16:08] INFO     状态维稳，保持闭合 25.0s
[2026-04-09 05:16:33] INFO     继电器 OFF (切断充电)
[2026-04-09 05:16:33] INFO     继电器执行 -> OFF
[2026-04-09 05:16:33] INFO     物理断电静置 25.0s
[2026-04-09 05:16:58] INFO     【结论】 [PASS] 成功关键字: voice_msgnum:10
[2026-04-09 05:16:58] INFO     统计 -> 成功: 525 | 失败: 0 | 异常: 0 | 成功率: 100.0%
[2026-04-09 05:16:58] INFO     
-------------------- 第 526 轮 | 最大监听: 27.7s --------------------
[2026-04-09 05:16:58] INFO     继电器 ON (开始充电)
[2026-04-09 05:16:58] INFO     继电器执行 -> ON
[2026-04-09 05:17:10] INFO     捕获目标指令: voice_msgnum:10
[2026-04-09 05:17:10] INFO     状态维稳，保持闭合 25.0s
[2026-04-09 05:17:35] INFO     继电器 OFF (切断充电)
[2026-04-09 05:17:35] INFO     继电器执行 -> OFF
[2026-04-09 05:17:35] INFO     物理断电静置 25.0s
[2026-04-09 05:18:00] INFO     【结论】 [PASS] 成功关键字: voice_msgnum:10
[2026-04-09 05:18:00] INFO     统计 -> 成功: 526 | 失败: 0 | 异常: 0 | 成功率: 100.0%
[2026-04-09 05:18:00] INFO     
-------------------- 第 527 轮 | 最大监听: 27.9s --------------------
[2026-04-09 05:18:00] INFO     继电器 ON (开始充电)
[2026-04-09 05:18:00] INFO     继电器执行 -> ON
[2026-04-09 05:18:11] INFO     捕获目标指令: voice_msgnum:10
[2026-04-09 05:18:11] INFO     状态维稳，保持闭合 25.0s
[2026-04-09 05:18:36] INFO     继电器 OFF (切断充电)
[2026-04-09 05:18:37] INFO     继电器执行 -> OFF
[2026-04-09 05:18:37] INFO     物理断电静置 25.0s
[2026-04-09 05:19:02] INFO     【结论】 [PASS] 成功关键字: voice_msgnum:10
[2026-04-09 05:19:02] INFO     统计 -> 成功: 527 | 失败: 0 | 异常: 0 | 成功率: 100.0%
[2026-04-09 05:19:02] INFO     
-------------------- 第 528 轮 | 最大监听: 27.0s --------------------
[2026-04-09 05:19:02] INFO     继电器 ON (开始充电)
[2026-04-09 05:19:02] INFO     继电器执行 -> ON
[2026-04-09 05:19:13] INFO     捕获目标指令: voice_msgnum:10
[2026-04-09 05:19:13] INFO     状态维稳，保持闭合 25.0s
[2026-04-09 05:19:38] INFO     继电器 OFF (切断充电)
[2026-04-09 05:19:38] INFO     继电器执行 -> OFF
[2026-04-09 05:19:38] INFO     物理断电静置 25.0s
[2026-04-09 05:20:03] INFO     【结论】 [PASS] 成功关键字: voice_msgnum:10
[2026-04-09 05:20:03] INFO     统计 -> 成功: 528 | 失败: 0 | 异常: 0 | 成功率: 100.0%
[2026-04-09 05:20:03] INFO     
-------------------- 第 529 轮 | 最大监听: 27.0s --------------------
[2026-04-09 05:20:03] INFO     继电器 ON (开始充电)
[2026-04-09 05:20:03] INFO     继电器执行 -> ON
[2026-04-09 05:20:15] INFO     捕获目标指令: voice_msgnum:10
[2026-04-09 05:20:15] INFO     状态维稳，保持闭合 25.0s
[2026-04-09 05:20:40] INFO     继电器 OFF (切断充电)
[2026-04-09 05:20:40] INFO     继电器执行 -> OFF
[2026-04-09 05:20:40] INFO     物理断电静置 25.0s
[2026-04-09 05:21:05] INFO     【结论】 [PASS] 成功关键字: voice_msgnum:10
[2026-04-09 05:21:05] INFO     统计 -> 成功: 529 | 失败: 0 | 异常: 0 | 成功率: 100.0%
[2026-04-09 05:21:05] INFO     
-------------------- 第 530 轮 | 最大监听: 25.8s --------------------
[2026-04-09 05:21:05] INFO     继电器 ON (开始充电)
[2026-04-09 05:21:05] INFO     继电器执行 -> ON
[2026-04-09 05:21:16] INFO     捕获目标指令: voice_msgnum:10
[2026-04-09 05:21:16] INFO     状态维稳，保持闭合 25.0s
[2026-04-09 05:21:41] INFO     继电器 OFF (切断充电)
[2026-04-09 05:21:41] INFO     继电器执行 -> OFF
[2026-04-09 05:21:41] INFO     物理断电静置 25.0s
[2026-04-09 05:22:06] INFO     【结论】 [PASS] 成功关键字: voice_msgnum:10
[2026-04-09 05:22:06] INFO     统计 -> 成功: 530 | 失败: 0 | 异常: 0 | 成功率: 100.0%
[2026-04-09 05:22:06] INFO     
-------------------- 第 531 轮 | 最大监听: 29.9s --------------------
[2026-04-09 05:22:06] INFO     继电器 ON (开始充电)
[2026-04-09 05:22:06] INFO     继电器执行 -> ON
[2026-04-09 05:22:18] INFO     捕获目标指令: voice_msgnum:10
[2026-04-09 05:22:18] INFO     状态维稳，保持闭合 25.0s
[2026-04-09 05:22:43] INFO     继电器 OFF (切断充电)
[2026-04-09 05:22:43] INFO     继电器执行 -> OFF
[2026-04-09 05:22:43] INFO     物理断电静置 25.0s
[2026-04-09 05:23:08] INFO     【结论】 [PASS] 成功关键字: voice_msgnum:10
[2026-04-09 05:23:08] INFO     统计 -> 成功: 531 | 失败: 0 | 异常: 0 | 成功率: 100.0%
[2026-04-09 05:23:08] INFO     
-------------------- 第 532 轮 | 最大监听: 26.0s --------------------
[2026-04-09 05:23:08] INFO     继电器 ON (开始充电)
[2026-04-09 05:23:08] INFO     继电器执行 -> ON
[2026-04-09 05:23:19] INFO     捕获目标指令: voice_msgnum:10
[2026-04-09 05:23:19] INFO     状态维稳，保持闭合 25.0s
[2026-04-09 05:23:44] INFO     继电器 OFF (切断充电)
[2026-04-09 05:23:45] INFO     继电器执行 -> OFF
[2026-04-09 05:23:45] INFO     物理断电静置 25.0s
[2026-04-09 05:24:10] INFO     【结论】 [PASS] 成功关键字: voice_msgnum:10
[2026-04-09 05:24:10] INFO     统计 -> 成功: 532 | 失败: 0 | 异常: 0 | 成功率: 100.0%
[2026-04-09 05:24:10] INFO     
-------------------- 第 533 轮 | 最大监听: 28.6s --------------------
[2026-04-09 05:24:10] INFO     继电器 ON (开始充电)
[2026-04-09 05:24:10] INFO     继电器执行 -> ON
[2026-04-09 05:24:21] INFO     捕获目标指令: voice_msgnum:10
[2026-04-09 05:24:21] INFO     状态维稳，保持闭合 25.0s
[2026-04-09 05:24:46] INFO     继电器 OFF (切断充电)
[2026-04-09 05:24:46] INFO     继电器执行 -> OFF
[2026-04-09 05:24:46] INFO     物理断电静置 25.0s
[2026-04-09 05:25:11] INFO     【结论】 [PASS] 成功关键字: voice_msgnum:10
[2026-04-09 05:25:11] INFO     统计 -> 成功: 533 | 失败: 0 | 异常: 0 | 成功率: 100.0%
[2026-04-09 05:25:11] INFO     
-------------------- 第 534 轮 | 最大监听: 28.5s --------------------
[2026-04-09 05:25:11] INFO     继电器 ON (开始充电)
[2026-04-09 05:25:11] INFO     继电器执行 -> ON
[2026-04-09 05:25:23] INFO     捕获目标指令: voice_msgnum:10
[2026-04-09 05:25:23] INFO     状态维稳，保持闭合 25.0s
[2026-04-09 05:25:48] INFO     继电器 OFF (切断充电)
[2026-04-09 05:25:48] INFO     继电器执行 -> OFF
[2026-04-09 05:25:48] INFO     物理断电静置 25.0s
[2026-04-09 05:26:13] INFO     【结论】 [PASS] 成功关键字: voice_msgnum:10
[2026-04-09 05:26:13] INFO     统计 -> 成功: 534 | 失败: 0 | 异常: 0 | 成功率: 100.0%
[2026-04-09 05:26:13] INFO     
-------------------- 第 535 轮 | 最大监听: 25.9s --------------------
[2026-04-09 05:26:13] INFO     继电器 ON (开始充电)
[2026-04-09 05:26:13] INFO     继电器执行 -> ON
[2026-04-09 05:26:24] INFO     捕获目标指令: voice_msgnum:10
[2026-04-09 05:26:24] INFO     状态维稳，保持闭合 25.0s
[2026-04-09 05:26:49] INFO     继电器 OFF (切断充电)
[2026-04-09 05:26:49] INFO     继电器执行 -> OFF
[2026-04-09 05:26:49] INFO     物理断电静置 25.0s
[2026-04-09 05:27:14] INFO     【结论】 [PASS] 成功关键字: voice_msgnum:10
[2026-04-09 05:27:14] INFO     统计 -> 成功: 535 | 失败: 0 | 异常: 0 | 成功率: 100.0%
[2026-04-09 05:27:14] INFO     
-------------------- 第 536 轮 | 最大监听: 26.7s --------------------
[2026-04-09 05:27:14] INFO     继电器 ON (开始充电)
[2026-04-09 05:27:14] INFO     继电器执行 -> ON
[2026-04-09 05:27:26] INFO     捕获目标指令: voice_msgnum:10
[2026-04-09 05:27:26] INFO     状态维稳，保持闭合 25.0s
[2026-04-09 05:27:51] INFO     继电器 OFF (切断充电)
[2026-04-09 05:27:51] INFO     继电器执行 -> OFF
[2026-04-09 05:27:51] INFO     物理断电静置 25.0s
[2026-04-09 05:28:16] INFO     【结论】 [PASS] 成功关键字: voice_msgnum:10
[2026-04-09 05:28:16] INFO     统计 -> 成功: 536 | 失败: 0 | 异常: 0 | 成功率: 100.0%
[2026-04-09 05:28:16] INFO     
-------------------- 第 537 轮 | 最大监听: 26.8s --------------------
[2026-04-09 05:28:16] INFO     继电器 ON (开始充电)
[2026-04-09 05:28:16] INFO     继电器执行 -> ON
[2026-04-09 05:28:27] INFO     捕获目标指令: voice_msgnum:10
[2026-04-09 05:28:27] INFO     状态维稳，保持闭合 25.0s
[2026-04-09 05:28:52] INFO     继电器 OFF (切断充电)
[2026-04-09 05:28:53] INFO     继电器执行 -> OFF
[2026-04-09 05:28:53] INFO     物理断电静置 25.0s
[2026-04-09 05:29:18] INFO     【结论】 [PASS] 成功关键字: voice_msgnum:10
[2026-04-09 05:29:18] INFO     统计 -> 成功: 537 | 失败: 0 | 异常: 0 | 成功率: 100.0%
[2026-04-09 05:29:18] INFO     
-------------------- 第 538 轮 | 最大监听: 25.0s --------------------
[2026-04-09 05:29:18] INFO     继电器 ON (开始充电)
[2026-04-09 05:29:18] INFO     继电器执行 -> ON
[2026-04-09 05:29:29] INFO     捕获目标指令: voice_msgnum:10
[2026-04-09 05:29:29] INFO     状态维稳，保持闭合 25.0s
[2026-04-09 05:29:54] INFO     继电器 OFF (切断充电)
[2026-04-09 05:29:54] INFO     继电器执行 -> OFF
[2026-04-09 05:29:54] INFO     物理断电静置 25.0s
[2026-04-09 05:30:19] INFO     【结论】 [PASS] 成功关键字: voice_msgnum:10
[2026-04-09 05:30:19] INFO     统计 -> 成功: 538 | 失败: 0 | 异常: 0 | 成功率: 100.0%
[2026-04-09 05:30:19] INFO     
-------------------- 第 539 轮 | 最大监听: 25.7s --------------------
[2026-04-09 05:30:19] INFO     继电器 ON (开始充电)
[2026-04-09 05:30:19] INFO     继电器执行 -> ON
[2026-04-09 05:30:31] INFO     捕获目标指令: voice_msgnum:10
[2026-04-09 05:30:31] INFO     状态维稳，保持闭合 25.0s
[2026-04-09 05:30:56] INFO     继电器 OFF (切断充电)
[2026-04-09 05:30:56] INFO     继电器执行 -> OFF
[2026-04-09 05:30:56] INFO     物理断电静置 25.0s
[2026-04-09 05:31:21] INFO     【结论】 [PASS] 成功关键字: voice_msgnum:10
[2026-04-09 05:31:21] INFO     统计 -> 成功: 539 | 失败: 0 | 异常: 0 | 成功率: 100.0%
[2026-04-09 05:31:21] INFO     
-------------------- 第 540 轮 | 最大监听: 29.4s --------------------
[2026-04-09 05:31:21] INFO     继电器 ON (开始充电)
[2026-04-09 05:31:21] INFO     继电器执行 -> ON
[2026-04-09 05:31:32] INFO     捕获目标指令: voice_msgnum:10
[2026-04-09 05:31:32] INFO     状态维稳，保持闭合 25.0s
[2026-04-09 05:31:57] INFO     继电器 OFF (切断充电)
[2026-04-09 05:31:57] INFO     继电器执行 -> OFF
[2026-04-09 05:31:57] INFO     物理断电静置 25.0s
[2026-04-09 05:32:22] INFO     【结论】 [PASS] 成功关键字: voice_msgnum:10
[2026-04-09 05:32:22] INFO     统计 -> 成功: 540 | 失败: 0 | 异常: 0 | 成功率: 100.0%
[2026-04-09 05:32:22] INFO     
-------------------- 第 541 轮 | 最大监听: 27.7s --------------------
[2026-04-09 05:32:22] INFO     继电器 ON (开始充电)
[2026-04-09 05:32:22] INFO     继电器执行 -> ON
[2026-04-09 05:32:34] INFO     捕获目标指令: voice_msgnum:10
[2026-04-09 05:32:34] INFO     状态维稳，保持闭合 25.0s
[2026-04-09 05:32:59] INFO     继电器 OFF (切断充电)
[2026-04-09 05:32:59] INFO     继电器执行 -> OFF
[2026-04-09 05:32:59] INFO     物理断电静置 25.0s
[2026-04-09 05:33:24] INFO     【结论】 [PASS] 成功关键字: voice_msgnum:10
[2026-04-09 05:33:24] INFO     统计 -> 成功: 541 | 失败: 0 | 异常: 0 | 成功率: 100.0%
[2026-04-09 05:33:24] INFO     
-------------------- 第 542 轮 | 最大监听: 25.6s --------------------
[2026-04-09 05:33:24] INFO     继电器 ON (开始充电)
[2026-04-09 05:33:24] INFO     继电器执行 -> ON
[2026-04-09 05:33:35] INFO     捕获目标指令: voice_msgnum:10
[2026-04-09 05:33:35] INFO     状态维稳，保持闭合 25.0s
[2026-04-09 05:34:00] INFO     继电器 OFF (切断充电)
[2026-04-09 05:34:00] INFO     继电器执行 -> OFF
[2026-04-09 05:34:00] INFO     物理断电静置 25.0s
[2026-04-09 05:34:26] INFO     【结论】 [PASS] 成功关键字: voice_msgnum:10
[2026-04-09 05:34:26] INFO     统计 -> 成功: 542 | 失败: 0 | 异常: 0 | 成功率: 100.0%
[2026-04-09 05:34:26] INFO     
-------------------- 第 543 轮 | 最大监听: 29.2s --------------------
[2026-04-09 05:34:26] INFO     继电器 ON (开始充电)
[2026-04-09 05:34:26] INFO     继电器执行 -> ON
[2026-04-09 05:34:37] INFO     捕获目标指令: voice_msgnum:10
[2026-04-09 05:34:37] INFO     状态维稳，保持闭合 25.0s
[2026-04-09 05:35:02] INFO     继电器 OFF (切断充电)
[2026-04-09 05:35:02] INFO     继电器执行 -> OFF
[2026-04-09 05:35:02] INFO     物理断电静置 25.0s
[2026-04-09 05:35:27] INFO     【结论】 [PASS] 成功关键字: voice_msgnum:10
[2026-04-09 05:35:27] INFO     统计 -> 成功: 543 | 失败: 0 | 异常: 0 | 成功率: 100.0%
[2026-04-09 05:35:27] INFO     
-------------------- 第 544 轮 | 最大监听: 25.5s --------------------
[2026-04-09 05:35:27] INFO     继电器 ON (开始充电)
[2026-04-09 05:35:27] INFO     继电器执行 -> ON
[2026-04-09 05:35:39] INFO     捕获目标指令: voice_msgnum:10
[2026-04-09 05:35:39] INFO     状态维稳，保持闭合 25.0s
[2026-04-09 05:36:04] INFO     继电器 OFF (切断充电)
[2026-04-09 05:36:04] INFO     继电器执行 -> OFF
[2026-04-09 05:36:04] INFO     物理断电静置 25.0s
[2026-04-09 05:36:29] INFO     【结论】 [PASS] 成功关键字: voice_msgnum:10
[2026-04-09 05:36:29] INFO     统计 -> 成功: 544 | 失败: 0 | 异常: 0 | 成功率: 100.0%
[2026-04-09 05:36:29] INFO     
-------------------- 第 545 轮 | 最大监听: 26.6s --------------------
[2026-04-09 05:36:29] INFO     继电器 ON (开始充电)
[2026-04-09 05:36:29] INFO     继电器执行 -> ON
[2026-04-09 05:36:40] INFO     捕获目标指令: voice_msgnum:10
[2026-04-09 05:36:40] INFO     状态维稳，保持闭合 25.0s
[2026-04-09 05:37:05] INFO     继电器 OFF (切断充电)
[2026-04-09 05:37:05] INFO     继电器执行 -> OFF
[2026-04-09 05:37:05] INFO     物理断电静置 25.0s
[2026-04-09 05:37:30] INFO     【结论】 [PASS] 成功关键字: voice_msgnum:10
[2026-04-09 05:37:30] INFO     统计 -> 成功: 545 | 失败: 0 | 异常: 0 | 成功率: 100.0%
[2026-04-09 05:37:30] INFO     
-------------------- 第 546 轮 | 最大监听: 29.4s --------------------
[2026-04-09 05:37:30] INFO     继电器 ON (开始充电)
[2026-04-09 05:37:30] INFO     继电器执行 -> ON
[2026-04-09 05:37:42] INFO     捕获目标指令: voice_msgnum:10
[2026-04-09 05:37:42] INFO     状态维稳，保持闭合 25.0s
[2026-04-09 05:38:07] INFO     继电器 OFF (切断充电)
[2026-04-09 05:38:07] INFO     继电器执行 -> OFF
[2026-04-09 05:38:07] INFO     物理断电静置 25.0s
[2026-04-09 05:38:32] INFO     【结论】 [PASS] 成功关键字: voice_msgnum:10
[2026-04-09 05:38:32] INFO     统计 -> 成功: 546 | 失败: 0 | 异常: 0 | 成功率: 100.0%
[2026-04-09 05:38:32] INFO     
-------------------- 第 547 轮 | 最大监听: 28.4s --------------------
[2026-04-09 05:38:32] INFO     继电器 ON (开始充电)
[2026-04-09 05:38:32] INFO     继电器执行 -> ON
[2026-04-09 05:38:43] INFO     捕获目标指令: voice_msgnum:10
[2026-04-09 05:38:43] INFO     状态维稳，保持闭合 25.0s
[2026-04-09 05:39:08] INFO     继电器 OFF (切断充电)
[2026-04-09 05:39:08] INFO     继电器执行 -> OFF
[2026-04-09 05:39:08] INFO     物理断电静置 25.0s
[2026-04-09 05:39:33] INFO     【结论】 [PASS] 成功关键字: voice_msgnum:10
[2026-04-09 05:39:33] INFO     统计 -> 成功: 547 | 失败: 0 | 异常: 0 | 成功率: 100.0%
[2026-04-09 05:39:33] INFO     
-------------------- 第 548 轮 | 最大监听: 27.7s --------------------
[2026-04-09 05:39:33] INFO     继电器 ON (开始充电)
[2026-04-09 05:39:34] INFO     继电器执行 -> ON
[2026-04-09 05:39:45] INFO     捕获目标指令: voice_msgnum:10
[2026-04-09 05:39:45] INFO     状态维稳，保持闭合 25.0s
[2026-04-09 05:40:10] INFO     继电器 OFF (切断充电)
[2026-04-09 05:40:10] INFO     继电器执行 -> OFF
[2026-04-09 05:40:10] INFO     物理断电静置 25.0s
[2026-04-09 05:40:35] INFO     【结论】 [PASS] 成功关键字: voice_msgnum:10
[2026-04-09 05:40:35] INFO     统计 -> 成功: 548 | 失败: 0 | 异常: 0 | 成功率: 100.0%
[2026-04-09 05:40:35] INFO     
-------------------- 第 549 轮 | 最大监听: 27.0s --------------------
[2026-04-09 05:40:35] INFO     继电器 ON (开始充电)
[2026-04-09 05:40:35] INFO     继电器执行 -> ON
[2026-04-09 05:40:47] INFO     捕获目标指令: voice_msgnum:10
[2026-04-09 05:40:47] INFO     状态维稳，保持闭合 25.0s
[2026-04-09 05:41:12] INFO     继电器 OFF (切断充电)
[2026-04-09 05:41:12] INFO     继电器执行 -> OFF
[2026-04-09 05:41:12] INFO     物理断电静置 25.0s
[2026-04-09 05:41:37] INFO     【结论】 [PASS] 成功关键字: voice_msgnum:10
[2026-04-09 05:41:37] INFO     统计 -> 成功: 549 | 失败: 0 | 异常: 0 | 成功率: 100.0%
[2026-04-09 05:41:37] INFO     
-------------------- 第 550 轮 | 最大监听: 26.5s --------------------
[2026-04-09 05:41:37] INFO     继电器 ON (开始充电)
[2026-04-09 05:41:37] INFO     继电器执行 -> ON
[2026-04-09 05:41:48] INFO     捕获目标指令: voice_msgnum:10
[2026-04-09 05:41:48] INFO     状态维稳，保持闭合 25.0s
[2026-04-09 05:42:13] INFO     继电器 OFF (切断充电)
[2026-04-09 05:42:13] INFO     继电器执行 -> OFF
[2026-04-09 05:42:13] INFO     物理断电静置 25.0s
[2026-04-09 05:42:38] INFO     【结论】 [PASS] 成功关键字: voice_msgnum:10
[2026-04-09 05:42:38] INFO     统计 -> 成功: 550 | 失败: 0 | 异常: 0 | 成功率: 100.0%
[2026-04-09 05:42:38] INFO     
-------------------- 第 551 轮 | 最大监听: 29.1s --------------------
[2026-04-09 05:42:38] INFO     继电器 ON (开始充电)
[2026-04-09 05:42:38] INFO     继电器执行 -> ON
[2026-04-09 05:42:50] INFO     捕获目标指令: voice_msgnum:10
[2026-04-09 05:42:50] INFO     状态维稳，保持闭合 25.0s
[2026-04-09 05:43:15] INFO     继电器 OFF (切断充电)
[2026-04-09 05:43:15] INFO     继电器执行 -> OFF
[2026-04-09 05:43:15] INFO     物理断电静置 25.0s
[2026-04-09 05:43:40] INFO     【结论】 [PASS] 成功关键字: voice_msgnum:10
[2026-04-09 05:43:40] INFO     统计 -> 成功: 551 | 失败: 0 | 异常: 0 | 成功率: 100.0%
[2026-04-09 05:43:40] INFO     
-------------------- 第 552 轮 | 最大监听: 25.3s --------------------
[2026-04-09 05:43:40] INFO     继电器 ON (开始充电)
[2026-04-09 05:43:40] INFO     继电器执行 -> ON
[2026-04-09 05:43:51] INFO     捕获目标指令: voice_msgnum:10
[2026-04-09 05:43:51] INFO     状态维稳，保持闭合 25.0s
[2026-04-09 05:44:16] INFO     继电器 OFF (切断充电)
[2026-04-09 05:44:16] INFO     继电器执行 -> OFF
[2026-04-09 05:44:16] INFO     物理断电静置 25.0s
[2026-04-09 05:44:41] INFO     【结论】 [PASS] 成功关键字: voice_msgnum:10
[2026-04-09 05:44:41] INFO     统计 -> 成功: 552 | 失败: 0 | 异常: 0 | 成功率: 100.0%
[2026-04-09 05:44:41] INFO     
-------------------- 第 553 轮 | 最大监听: 29.0s --------------------
[2026-04-09 05:44:41] INFO     继电器 ON (开始充电)
[2026-04-09 05:44:42] INFO     继电器执行 -> ON
[2026-04-09 05:44:53] INFO     捕获目标指令: voice_msgnum:10
[2026-04-09 05:44:53] INFO     状态维稳，保持闭合 25.0s
[2026-04-09 05:45:18] INFO     继电器 OFF (切断充电)
[2026-04-09 05:45:18] INFO     继电器执行 -> OFF
[2026-04-09 05:45:18] INFO     物理断电静置 25.0s
[2026-04-09 05:45:43] INFO     【结论】 [PASS] 成功关键字: voice_msgnum:10
[2026-04-09 05:45:43] INFO     统计 -> 成功: 553 | 失败: 0 | 异常: 0 | 成功率: 100.0%
[2026-04-09 05:45:43] INFO     
-------------------- 第 554 轮 | 最大监听: 26.1s --------------------
[2026-04-09 05:45:43] INFO     继电器 ON (开始充电)
[2026-04-09 05:45:43] INFO     继电器执行 -> ON
[2026-04-09 05:45:55] INFO     捕获目标指令: voice_msgnum:10
[2026-04-09 05:45:55] INFO     状态维稳，保持闭合 25.0s
[2026-04-09 05:46:20] INFO     继电器 OFF (切断充电)
[2026-04-09 05:46:20] INFO     继电器执行 -> OFF
[2026-04-09 05:46:20] INFO     物理断电静置 25.0s
[2026-04-09 05:46:45] INFO     【结论】 [PASS] 成功关键字: voice_msgnum:10
[2026-04-09 05:46:45] INFO     统计 -> 成功: 554 | 失败: 0 | 异常: 0 | 成功率: 100.0%
[2026-04-09 05:46:45] INFO     
-------------------- 第 555 轮 | 最大监听: 27.1s --------------------
[2026-04-09 05:46:45] INFO     继电器 ON (开始充电)
[2026-04-09 05:46:45] INFO     继电器执行 -> ON
[2026-04-09 05:46:46] INFO     捕获目标指令: voice_msgnum:9
[2026-04-09 05:46:46] INFO     状态维稳，保持闭合 25.0s
[2026-04-09 05:46:56] INFO     捕获目标指令: voice_msgnum:10
[2026-04-09 05:47:11] INFO     继电器 OFF (切断充电)
[2026-04-09 05:47:11] INFO     继电器执行 -> OFF
[2026-04-09 05:47:11] INFO     物理断电静置 25.0s
[2026-04-09 05:47:36] INFO     【结论】 [PASS] 成功关键字: voice_msgnum:9
[2026-04-09 05:47:36] INFO     统计 -> 成功: 555 | 失败: 0 | 异常: 0 | 成功率: 100.0%
[2026-04-09 05:47:36] INFO     
-------------------- 第 556 轮 | 最大监听: 26.3s --------------------
[2026-04-09 05:47:36] INFO     继电器 ON (开始充电)
[2026-04-09 05:47:36] INFO     继电器执行 -> ON
[2026-04-09 05:47:48] INFO     捕获目标指令: voice_msgnum:10
[2026-04-09 05:47:48] INFO     状态维稳，保持闭合 25.0s
[2026-04-09 05:48:13] INFO     继电器 OFF (切断充电)
[2026-04-09 05:48:13] INFO     继电器执行 -> OFF
[2026-04-09 05:48:13] INFO     物理断电静置 25.0s
[2026-04-09 05:48:38] INFO     【结论】 [PASS] 成功关键字: voice_msgnum:10
[2026-04-09 05:48:38] INFO     统计 -> 成功: 556 | 失败: 0 | 异常: 0 | 成功率: 100.0%
[2026-04-09 05:48:38] INFO     
-------------------- 第 557 轮 | 最大监听: 25.6s --------------------
[2026-04-09 05:48:38] INFO     继电器 ON (开始充电)
[2026-04-09 05:48:38] INFO     继电器执行 -> ON
[2026-04-09 05:48:49] INFO     捕获目标指令: voice_msgnum:10
[2026-04-09 05:48:49] INFO     状态维稳，保持闭合 25.0s
[2026-04-09 05:49:14] INFO     继电器 OFF (切断充电)
[2026-04-09 05:49:14] INFO     继电器执行 -> OFF
[2026-04-09 05:49:14] INFO     物理断电静置 25.0s
[2026-04-09 05:49:39] INFO     【结论】 [PASS] 成功关键字: voice_msgnum:10
[2026-04-09 05:49:39] INFO     统计 -> 成功: 557 | 失败: 0 | 异常: 0 | 成功率: 100.0%
[2026-04-09 05:49:39] INFO     
-------------------- 第 558 轮 | 最大监听: 26.0s --------------------
[2026-04-09 05:49:39] INFO     继电器 ON (开始充电)
[2026-04-09 05:49:40] INFO     继电器执行 -> ON
[2026-04-09 05:49:51] INFO     捕获目标指令: voice_msgnum:10
[2026-04-09 05:49:51] INFO     状态维稳，保持闭合 25.0s
[2026-04-09 05:50:16] INFO     继电器 OFF (切断充电)
[2026-04-09 05:50:16] INFO     继电器执行 -> OFF
[2026-04-09 05:50:16] INFO     物理断电静置 25.0s
[2026-04-09 05:50:41] INFO     【结论】 [PASS] 成功关键字: voice_msgnum:10
[2026-04-09 05:50:41] INFO     统计 -> 成功: 558 | 失败: 0 | 异常: 0 | 成功率: 100.0%
[2026-04-09 05:50:41] INFO     
-------------------- 第 559 轮 | 最大监听: 28.1s --------------------
[2026-04-09 05:50:41] INFO     继电器 ON (开始充电)
[2026-04-09 05:50:41] INFO     继电器执行 -> ON
[2026-04-09 05:50:53] INFO     捕获目标指令: voice_msgnum:10
[2026-04-09 05:50:53] INFO     状态维稳，保持闭合 25.0s
[2026-04-09 05:51:18] INFO     继电器 OFF (切断充电)
[2026-04-09 05:51:18] INFO     继电器执行 -> OFF
[2026-04-09 05:51:18] INFO     物理断电静置 25.0s
[2026-04-09 05:51:43] INFO     【结论】 [PASS] 成功关键字: voice_msgnum:10
[2026-04-09 05:51:43] INFO     统计 -> 成功: 559 | 失败: 0 | 异常: 0 | 成功率: 100.0%
[2026-04-09 05:51:43] INFO     
-------------------- 第 560 轮 | 最大监听: 28.1s --------------------
[2026-04-09 05:51:43] INFO     继电器 ON (开始充电)
[2026-04-09 05:51:43] INFO     继电器执行 -> ON
[2026-04-09 05:51:54] INFO     捕获目标指令: voice_msgnum:10
[2026-04-09 05:51:54] INFO     状态维稳，保持闭合 25.0s
[2026-04-09 05:52:19] INFO     继电器 OFF (切断充电)
[2026-04-09 05:52:19] INFO     继电器执行 -> OFF
[2026-04-09 05:52:19] INFO     物理断电静置 25.0s
[2026-04-09 05:52:44] INFO     【结论】 [PASS] 成功关键字: voice_msgnum:10
[2026-04-09 05:52:44] INFO     统计 -> 成功: 560 | 失败: 0 | 异常: 0 | 成功率: 100.0%
[2026-04-09 05:52:44] INFO     
-------------------- 第 561 轮 | 最大监听: 26.9s --------------------
[2026-04-09 05:52:44] INFO     继电器 ON (开始充电)
[2026-04-09 05:52:44] INFO     继电器执行 -> ON
[2026-04-09 05:52:56] INFO     捕获目标指令: voice_msgnum:10
[2026-04-09 05:52:56] INFO     状态维稳，保持闭合 25.0s
[2026-04-09 05:53:21] INFO     继电器 OFF (切断充电)
[2026-04-09 05:53:21] INFO     继电器执行 -> OFF
[2026-04-09 05:53:21] INFO     物理断电静置 25.0s
[2026-04-09 05:53:46] INFO     【结论】 [PASS] 成功关键字: voice_msgnum:10
[2026-04-09 05:53:46] INFO     统计 -> 成功: 561 | 失败: 0 | 异常: 0 | 成功率: 100.0%
[2026-04-09 05:53:46] INFO     
-------------------- 第 562 轮 | 最大监听: 29.9s --------------------
[2026-04-09 05:53:46] INFO     继电器 ON (开始充电)
[2026-04-09 05:53:46] INFO     继电器执行 -> ON
[2026-04-09 05:53:57] INFO     捕获目标指令: voice_msgnum:10
[2026-04-09 05:53:57] INFO     状态维稳，保持闭合 25.0s
[2026-04-09 05:54:22] INFO     继电器 OFF (切断充电)
[2026-04-09 05:54:22] INFO     继电器执行 -> OFF
[2026-04-09 05:54:22] INFO     物理断电静置 25.0s
[2026-04-09 05:54:47] INFO     【结论】 [PASS] 成功关键字: voice_msgnum:10
[2026-04-09 05:54:47] INFO     统计 -> 成功: 562 | 失败: 0 | 异常: 0 | 成功率: 100.0%
[2026-04-09 05:54:47] INFO     
-------------------- 第 563 轮 | 最大监听: 28.5s --------------------
[2026-04-09 05:54:47] INFO     继电器 ON (开始充电)
[2026-04-09 05:54:48] INFO     继电器执行 -> ON
[2026-04-09 05:54:59] INFO     捕获目标指令: voice_msgnum:10
[2026-04-09 05:54:59] INFO     状态维稳，保持闭合 25.0s
[2026-04-09 05:55:24] INFO     继电器 OFF (切断充电)
[2026-04-09 05:55:24] INFO     继电器执行 -> OFF
[2026-04-09 05:55:24] INFO     物理断电静置 25.0s
[2026-04-09 05:55:49] INFO     【结论】 [PASS] 成功关键字: voice_msgnum:10
[2026-04-09 05:55:49] INFO     统计 -> 成功: 563 | 失败: 0 | 异常: 0 | 成功率: 100.0%
[2026-04-09 05:55:49] INFO     
-------------------- 第 564 轮 | 最大监听: 25.6s --------------------
[2026-04-09 05:55:49] INFO     继电器 ON (开始充电)
[2026-04-09 05:55:49] INFO     继电器执行 -> ON
[2026-04-09 05:56:01] INFO     捕获目标指令: voice_msgnum:10
[2026-04-09 05:56:01] INFO     状态维稳，保持闭合 25.0s
[2026-04-09 05:56:26] INFO     继电器 OFF (切断充电)
[2026-04-09 05:56:26] INFO     继电器执行 -> OFF
[2026-04-09 05:56:26] INFO     物理断电静置 25.0s
[2026-04-09 05:56:51] INFO     【结论】 [PASS] 成功关键字: voice_msgnum:10
[2026-04-09 05:56:51] INFO     统计 -> 成功: 564 | 失败: 0 | 异常: 0 | 成功率: 100.0%
[2026-04-09 05:56:51] INFO     
-------------------- 第 565 轮 | 最大监听: 26.0s --------------------
[2026-04-09 05:56:51] INFO     继电器 ON (开始充电)
[2026-04-09 05:56:51] INFO     继电器执行 -> ON
[2026-04-09 05:57:02] INFO     捕获目标指令: voice_msgnum:10
[2026-04-09 05:57:02] INFO     状态维稳，保持闭合 25.0s
[2026-04-09 05:57:27] INFO     继电器 OFF (切断充电)
[2026-04-09 05:57:27] INFO     继电器执行 -> OFF
[2026-04-09 05:57:27] INFO     物理断电静置 25.0s
[2026-04-09 05:57:52] INFO     【结论】 [PASS] 成功关键字: voice_msgnum:10
[2026-04-09 05:57:52] INFO     统计 -> 成功: 565 | 失败: 0 | 异常: 0 | 成功率: 100.0%
[2026-04-09 05:57:52] INFO     
-------------------- 第 566 轮 | 最大监听: 27.0s --------------------
[2026-04-09 05:57:52] INFO     继电器 ON (开始充电)
[2026-04-09 05:57:52] INFO     继电器执行 -> ON
[2026-04-09 05:58:04] INFO     捕获目标指令: voice_msgnum:10
[2026-04-09 05:58:04] INFO     状态维稳，保持闭合 25.0s
[2026-04-09 05:58:29] INFO     继电器 OFF (切断充电)
[2026-04-09 05:58:29] INFO     继电器执行 -> OFF
[2026-04-09 05:58:29] INFO     物理断电静置 25.0s
[2026-04-09 05:58:54] INFO     【结论】 [PASS] 成功关键字: voice_msgnum:10
[2026-04-09 05:58:54] INFO     统计 -> 成功: 566 | 失败: 0 | 异常: 0 | 成功率: 100.0%
[2026-04-09 05:58:54] INFO     
-------------------- 第 567 轮 | 最大监听: 29.3s --------------------
[2026-04-09 05:58:54] INFO     继电器 ON (开始充电)
[2026-04-09 05:58:54] INFO     继电器执行 -> ON
[2026-04-09 05:59:05] INFO     捕获目标指令: voice_msgnum:10
[2026-04-09 05:59:05] INFO     状态维稳，保持闭合 25.0s
[2026-04-09 05:59:30] INFO     继电器 OFF (切断充电)
[2026-04-09 05:59:30] INFO     继电器执行 -> OFF
[2026-04-09 05:59:30] INFO     物理断电静置 25.0s
[2026-04-09 05:59:55] INFO     【结论】 [PASS] 成功关键字: voice_msgnum:10
[2026-04-09 05:59:55] INFO     统计 -> 成功: 567 | 失败: 0 | 异常: 0 | 成功率: 100.0%
[2026-04-09 05:59:55] INFO     
-------------------- 第 568 轮 | 最大监听: 25.9s --------------------
[2026-04-09 05:59:55] INFO     继电器 ON (开始充电)
[2026-04-09 05:59:55] INFO     继电器执行 -> ON
[2026-04-09 06:00:07] INFO     捕获目标指令: voice_msgnum:10
[2026-04-09 06:00:07] INFO     状态维稳，保持闭合 25.0s
[2026-04-09 06:00:32] INFO     继电器 OFF (切断充电)
[2026-04-09 06:00:32] INFO     继电器执行 -> OFF
[2026-04-09 06:00:32] INFO     物理断电静置 25.0s
[2026-04-09 06:00:57] INFO     【结论】 [PASS] 成功关键字: voice_msgnum:10
[2026-04-09 06:00:57] INFO     统计 -> 成功: 568 | 失败: 0 | 异常: 0 | 成功率: 100.0%
[2026-04-09 06:00:57] INFO     
-------------------- 第 569 轮 | 最大监听: 28.6s --------------------
[2026-04-09 06:00:57] INFO     继电器 ON (开始充电)
[2026-04-09 06:00:57] INFO     继电器执行 -> ON
[2026-04-09 06:01:09] INFO     捕获目标指令: voice_msgnum:10
[2026-04-09 06:01:09] INFO     状态维稳，保持闭合 25.0s
[2026-04-09 06:01:34] INFO     继电器 OFF (切断充电)
[2026-04-09 06:01:34] INFO     继电器执行 -> OFF
[2026-04-09 06:01:34] INFO     物理断电静置 25.0s
[2026-04-09 06:01:59] INFO     【结论】 [PASS] 成功关键字: voice_msgnum:10
[2026-04-09 06:01:59] INFO     统计 -> 成功: 569 | 失败: 0 | 异常: 0 | 成功率: 100.0%
[2026-04-09 06:01:59] INFO     
-------------------- 第 570 轮 | 最大监听: 28.8s --------------------
[2026-04-09 06:01:59] INFO     继电器 ON (开始充电)
[2026-04-09 06:01:59] INFO     继电器执行 -> ON
[2026-04-09 06:02:10] INFO     捕获目标指令: voice_msgnum:10
[2026-04-09 06:02:10] INFO     状态维稳，保持闭合 25.0s
[2026-04-09 06:02:35] INFO     继电器 OFF (切断充电)
[2026-04-09 06:02:35] INFO     继电器执行 -> OFF
[2026-04-09 06:02:35] INFO     物理断电静置 25.0s
[2026-04-09 06:03:00] INFO     【结论】 [PASS] 成功关键字: voice_msgnum:10
[2026-04-09 06:03:00] INFO     统计 -> 成功: 570 | 失败: 0 | 异常: 0 | 成功率: 100.0%
[2026-04-09 06:03:00] INFO     
-------------------- 第 571 轮 | 最大监听: 29.1s --------------------
[2026-04-09 06:03:00] INFO     继电器 ON (开始充电)
[2026-04-09 06:03:00] INFO     继电器执行 -> ON
[2026-04-09 06:03:12] INFO     捕获目标指令: voice_msgnum:10
[2026-04-09 06:03:12] INFO     状态维稳，保持闭合 25.0s
[2026-04-09 06:03:37] INFO     继电器 OFF (切断充电)
[2026-04-09 06:03:37] INFO     继电器执行 -> OFF
[2026-04-09 06:03:37] INFO     物理断电静置 25.0s
[2026-04-09 06:04:02] INFO     【结论】 [PASS] 成功关键字: voice_msgnum:10
[2026-04-09 06:04:02] INFO     统计 -> 成功: 571 | 失败: 0 | 异常: 0 | 成功率: 100.0%
[2026-04-09 06:04:02] INFO     
-------------------- 第 572 轮 | 最大监听: 27.5s --------------------
[2026-04-09 06:04:02] INFO     继电器 ON (开始充电)
[2026-04-09 06:04:02] INFO     继电器执行 -> ON
[2026-04-09 06:04:13] INFO     捕获目标指令: voice_msgnum:10
[2026-04-09 06:04:13] INFO     状态维稳，保持闭合 25.0s
[2026-04-09 06:04:38] INFO     继电器 OFF (切断充电)
[2026-04-09 06:04:39] INFO     继电器执行 -> OFF
[2026-04-09 06:04:39] INFO     物理断电静置 25.0s
[2026-04-09 06:05:04] INFO     【结论】 [PASS] 成功关键字: voice_msgnum:10
[2026-04-09 06:05:04] INFO     统计 -> 成功: 572 | 失败: 0 | 异常: 0 | 成功率: 100.0%
[2026-04-09 06:05:04] INFO     
-------------------- 第 573 轮 | 最大监听: 27.4s --------------------
[2026-04-09 06:05:04] INFO     继电器 ON (开始充电)
[2026-04-09 06:05:04] INFO     继电器执行 -> ON
[2026-04-09 06:05:15] INFO     捕获目标指令: voice_msgnum:10
[2026-04-09 06:05:15] INFO     状态维稳，保持闭合 25.0s
[2026-04-09 06:05:40] INFO     继电器 OFF (切断充电)
[2026-04-09 06:05:40] INFO     继电器执行 -> OFF
[2026-04-09 06:05:40] INFO     物理断电静置 25.0s
[2026-04-09 06:06:05] INFO     【结论】 [PASS] 成功关键字: voice_msgnum:10
[2026-04-09 06:06:05] INFO     统计 -> 成功: 573 | 失败: 0 | 异常: 0 | 成功率: 100.0%
[2026-04-09 06:06:05] INFO     
-------------------- 第 574 轮 | 最大监听: 29.1s --------------------
[2026-04-09 06:06:05] INFO     继电器 ON (开始充电)
[2026-04-09 06:06:05] INFO     继电器执行 -> ON
[2026-04-09 06:06:17] INFO     捕获目标指令: voice_msgnum:10
[2026-04-09 06:06:17] INFO     状态维稳，保持闭合 25.0s
[2026-04-09 06:06:42] INFO     继电器 OFF (切断充电)
[2026-04-09 06:06:42] INFO     继电器执行 -> OFF
[2026-04-09 06:06:42] INFO     物理断电静置 25.0s
[2026-04-09 06:07:07] INFO     【结论】 [PASS] 成功关键字: voice_msgnum:10
[2026-04-09 06:07:07] INFO     统计 -> 成功: 574 | 失败: 0 | 异常: 0 | 成功率: 100.0%
[2026-04-09 06:07:07] INFO     
-------------------- 第 575 轮 | 最大监听: 27.6s --------------------
[2026-04-09 06:07:07] INFO     继电器 ON (开始充电)
[2026-04-09 06:07:07] INFO     继电器执行 -> ON
[2026-04-09 06:07:18] INFO     捕获目标指令: voice_msgnum:10
[2026-04-09 06:07:18] INFO     状态维稳，保持闭合 25.0s
[2026-04-09 06:07:43] INFO     继电器 OFF (切断充电)
[2026-04-09 06:07:43] INFO     继电器执行 -> OFF
[2026-04-09 06:07:43] INFO     物理断电静置 25.0s
[2026-04-09 06:08:08] INFO     【结论】 [PASS] 成功关键字: voice_msgnum:10
[2026-04-09 06:08:08] INFO     统计 -> 成功: 575 | 失败: 0 | 异常: 0 | 成功率: 100.0%
[2026-04-09 06:08:08] INFO     
-------------------- 第 576 轮 | 最大监听: 28.3s --------------------
[2026-04-09 06:08:08] INFO     继电器 ON (开始充电)
[2026-04-09 06:08:08] INFO     继电器执行 -> ON
[2026-04-09 06:08:20] INFO     捕获目标指令: voice_msgnum:10
[2026-04-09 06:08:20] INFO     状态维稳，保持闭合 25.0s
[2026-04-09 06:08:45] INFO     继电器 OFF (切断充电)
[2026-04-09 06:08:45] INFO     继电器执行 -> OFF
[2026-04-09 06:08:45] INFO     物理断电静置 25.0s
[2026-04-09 06:09:10] INFO     【结论】 [PASS] 成功关键字: voice_msgnum:10
[2026-04-09 06:09:10] INFO     统计 -> 成功: 576 | 失败: 0 | 异常: 0 | 成功率: 100.0%
[2026-04-09 06:09:10] INFO     
-------------------- 第 577 轮 | 最大监听: 25.6s --------------------
[2026-04-09 06:09:10] INFO     继电器 ON (开始充电)
[2026-04-09 06:09:10] INFO     继电器执行 -> ON
[2026-04-09 06:09:21] INFO     捕获目标指令: voice_msgnum:10
[2026-04-09 06:09:21] INFO     状态维稳，保持闭合 25.0s
[2026-04-09 06:09:46] INFO     继电器 OFF (切断充电)
[2026-04-09 06:09:46] INFO     继电器执行 -> OFF
[2026-04-09 06:09:46] INFO     物理断电静置 25.0s
[2026-04-09 06:10:11] INFO     【结论】 [PASS] 成功关键字: voice_msgnum:10
[2026-04-09 06:10:11] INFO     统计 -> 成功: 577 | 失败: 0 | 异常: 0 | 成功率: 100.0%
[2026-04-09 06:10:11] INFO     
-------------------- 第 578 轮 | 最大监听: 25.6s --------------------
[2026-04-09 06:10:11] INFO     继电器 ON (开始充电)
[2026-04-09 06:10:12] INFO     继电器执行 -> ON
[2026-04-09 06:10:23] INFO     捕获目标指令: voice_msgnum:10
[2026-04-09 06:10:23] INFO     状态维稳，保持闭合 25.0s
[2026-04-09 06:10:48] INFO     继电器 OFF (切断充电)
[2026-04-09 06:10:48] INFO     继电器执行 -> OFF
[2026-04-09 06:10:48] INFO     物理断电静置 25.0s
[2026-04-09 06:11:13] INFO     【结论】 [PASS] 成功关键字: voice_msgnum:10
[2026-04-09 06:11:13] INFO     统计 -> 成功: 578 | 失败: 0 | 异常: 0 | 成功率: 100.0%
[2026-04-09 06:11:13] INFO     
-------------------- 第 579 轮 | 最大监听: 27.8s --------------------
[2026-04-09 06:11:13] INFO     继电器 ON (开始充电)
[2026-04-09 06:11:13] INFO     继电器执行 -> ON
[2026-04-09 06:11:25] INFO     捕获目标指令: voice_msgnum:10
[2026-04-09 06:11:25] INFO     状态维稳，保持闭合 25.0s
[2026-04-09 06:11:50] INFO     继电器 OFF (切断充电)
[2026-04-09 06:11:50] INFO     继电器执行 -> OFF
[2026-04-09 06:11:50] INFO     物理断电静置 25.0s
[2026-04-09 06:12:15] INFO     【结论】 [PASS] 成功关键字: voice_msgnum:10
[2026-04-09 06:12:15] INFO     统计 -> 成功: 579 | 失败: 0 | 异常: 0 | 成功率: 100.0%
[2026-04-09 06:12:15] INFO     
-------------------- 第 580 轮 | 最大监听: 28.1s --------------------
[2026-04-09 06:12:15] INFO     继电器 ON (开始充电)
[2026-04-09 06:12:15] INFO     继电器执行 -> ON
[2026-04-09 06:12:26] INFO     捕获目标指令: voice_msgnum:10
[2026-04-09 06:12:26] INFO     状态维稳，保持闭合 25.0s
[2026-04-09 06:12:51] INFO     继电器 OFF (切断充电)
[2026-04-09 06:12:51] INFO     继电器执行 -> OFF
[2026-04-09 06:12:51] INFO     物理断电静置 25.0s
[2026-04-09 06:13:16] INFO     【结论】 [PASS] 成功关键字: voice_msgnum:10
[2026-04-09 06:13:16] INFO     统计 -> 成功: 580 | 失败: 0 | 异常: 0 | 成功率: 100.0%
[2026-04-09 06:13:16] INFO     
-------------------- 第 581 轮 | 最大监听: 29.2s --------------------
[2026-04-09 06:13:16] INFO     继电器 ON (开始充电)
[2026-04-09 06:13:16] INFO     继电器执行 -> ON
[2026-04-09 06:13:28] INFO     捕获目标指令: voice_msgnum:10
[2026-04-09 06:13:28] INFO     状态维稳，保持闭合 25.0s
[2026-04-09 06:13:53] INFO     继电器 OFF (切断充电)
[2026-04-09 06:13:53] INFO     继电器执行 -> OFF
[2026-04-09 06:13:53] INFO     物理断电静置 25.0s
[2026-04-09 06:14:18] INFO     【结论】 [PASS] 成功关键字: voice_msgnum:10
[2026-04-09 06:14:18] INFO     统计 -> 成功: 581 | 失败: 0 | 异常: 0 | 成功率: 100.0%
[2026-04-09 06:14:18] INFO     
-------------------- 第 582 轮 | 最大监听: 29.4s --------------------
[2026-04-09 06:14:18] INFO     继电器 ON (开始充电)
[2026-04-09 06:14:18] INFO     继电器执行 -> ON
[2026-04-09 06:14:29] INFO     捕获目标指令: voice_msgnum:10
[2026-04-09 06:14:29] INFO     状态维稳，保持闭合 25.0s
[2026-04-09 06:14:54] INFO     继电器 OFF (切断充电)
[2026-04-09 06:14:54] INFO     继电器执行 -> OFF
[2026-04-09 06:14:54] INFO     物理断电静置 25.0s
[2026-04-09 06:15:19] INFO     【结论】 [PASS] 成功关键字: voice_msgnum:10
[2026-04-09 06:15:19] INFO     统计 -> 成功: 582 | 失败: 0 | 异常: 0 | 成功率: 100.0%
[2026-04-09 06:15:19] INFO     
-------------------- 第 583 轮 | 最大监听: 28.3s --------------------
[2026-04-09 06:15:19] INFO     继电器 ON (开始充电)
[2026-04-09 06:15:20] INFO     继电器执行 -> ON
[2026-04-09 06:15:31] INFO     捕获目标指令: voice_msgnum:10
[2026-04-09 06:15:31] INFO     状态维稳，保持闭合 25.0s
[2026-04-09 06:15:56] INFO     继电器 OFF (切断充电)
[2026-04-09 06:15:56] INFO     继电器执行 -> OFF
[2026-04-09 06:15:56] INFO     物理断电静置 25.0s
[2026-04-09 06:16:21] INFO     【结论】 [PASS] 成功关键字: voice_msgnum:10
[2026-04-09 06:16:21] INFO     统计 -> 成功: 583 | 失败: 0 | 异常: 0 | 成功率: 100.0%
[2026-04-09 06:16:21] INFO     
-------------------- 第 584 轮 | 最大监听: 25.5s --------------------
[2026-04-09 06:16:21] INFO     继电器 ON (开始充电)
[2026-04-09 06:16:21] INFO     继电器执行 -> ON
[2026-04-09 06:16:33] INFO     捕获目标指令: voice_msgnum:10
[2026-04-09 06:16:33] INFO     状态维稳，保持闭合 25.0s
[2026-04-09 06:16:58] INFO     继电器 OFF (切断充电)
[2026-04-09 06:16:58] INFO     继电器执行 -> OFF
[2026-04-09 06:16:58] INFO     物理断电静置 25.0s
[2026-04-09 06:17:23] INFO     【结论】 [PASS] 成功关键字: voice_msgnum:10
[2026-04-09 06:17:23] INFO     统计 -> 成功: 584 | 失败: 0 | 异常: 0 | 成功率: 100.0%
[2026-04-09 06:17:23] INFO     
-------------------- 第 585 轮 | 最大监听: 26.6s --------------------
[2026-04-09 06:17:23] INFO     继电器 ON (开始充电)
[2026-04-09 06:17:23] INFO     继电器执行 -> ON
[2026-04-09 06:17:34] INFO     捕获目标指令: voice_msgnum:10
[2026-04-09 06:17:34] INFO     状态维稳，保持闭合 25.0s
[2026-04-09 06:17:59] INFO     继电器 OFF (切断充电)
[2026-04-09 06:17:59] INFO     继电器执行 -> OFF
[2026-04-09 06:17:59] INFO     物理断电静置 25.0s
[2026-04-09 06:18:24] INFO     【结论】 [PASS] 成功关键字: voice_msgnum:10
[2026-04-09 06:18:24] INFO     统计 -> 成功: 585 | 失败: 0 | 异常: 0 | 成功率: 100.0%
[2026-04-09 06:18:24] INFO     
-------------------- 第 586 轮 | 最大监听: 27.5s --------------------
[2026-04-09 06:18:24] INFO     继电器 ON (开始充电)
[2026-04-09 06:18:24] INFO     继电器执行 -> ON
[2026-04-09 06:18:36] INFO     捕获目标指令: voice_msgnum:10
[2026-04-09 06:18:36] INFO     状态维稳，保持闭合 25.0s
[2026-04-09 06:19:01] INFO     继电器 OFF (切断充电)
[2026-04-09 06:19:01] INFO     继电器执行 -> OFF
[2026-04-09 06:19:01] INFO     物理断电静置 25.0s
[2026-04-09 06:19:26] INFO     【结论】 [PASS] 成功关键字: voice_msgnum:10
[2026-04-09 06:19:26] INFO     统计 -> 成功: 586 | 失败: 0 | 异常: 0 | 成功率: 100.0%
[2026-04-09 06:19:26] INFO     
-------------------- 第 587 轮 | 最大监听: 29.6s --------------------
[2026-04-09 06:19:26] INFO     继电器 ON (开始充电)
[2026-04-09 06:19:26] INFO     继电器执行 -> ON
[2026-04-09 06:19:37] INFO     捕获目标指令: voice_msgnum:10
[2026-04-09 06:19:37] INFO     状态维稳，保持闭合 25.0s
[2026-04-09 06:20:02] INFO     继电器 OFF (切断充电)
[2026-04-09 06:20:02] INFO     继电器执行 -> OFF
[2026-04-09 06:20:02] INFO     物理断电静置 25.0s
[2026-04-09 06:20:27] INFO     【结论】 [PASS] 成功关键字: voice_msgnum:10
[2026-04-09 06:20:27] INFO     统计 -> 成功: 587 | 失败: 0 | 异常: 0 | 成功率: 100.0%
[2026-04-09 06:20:27] INFO     
-------------------- 第 588 轮 | 最大监听: 27.8s --------------------
[2026-04-09 06:20:27] INFO     继电器 ON (开始充电)
[2026-04-09 06:20:28] INFO     继电器执行 -> ON
[2026-04-09 06:20:39] INFO     捕获目标指令: voice_msgnum:10
[2026-04-09 06:20:39] INFO     状态维稳，保持闭合 25.0s
[2026-04-09 06:21:04] INFO     继电器 OFF (切断充电)
[2026-04-09 06:21:04] INFO     继电器执行 -> OFF
[2026-04-09 06:21:04] INFO     物理断电静置 25.0s
[2026-04-09 06:21:29] INFO     【结论】 [PASS] 成功关键字: voice_msgnum:10
[2026-04-09 06:21:29] INFO     统计 -> 成功: 588 | 失败: 0 | 异常: 0 | 成功率: 100.0%
[2026-04-09 06:21:29] INFO     
-------------------- 第 589 轮 | 最大监听: 26.3s --------------------
[2026-04-09 06:21:29] INFO     继电器 ON (开始充电)
[2026-04-09 06:21:29] INFO     继电器执行 -> ON
[2026-04-09 06:21:41] INFO     捕获目标指令: voice_msgnum:10
[2026-04-09 06:21:41] INFO     状态维稳，保持闭合 25.0s
[2026-04-09 06:22:06] INFO     继电器 OFF (切断充电)
[2026-04-09 06:22:06] INFO     继电器执行 -> OFF
[2026-04-09 06:22:06] INFO     物理断电静置 25.0s
[2026-04-09 06:22:31] INFO     【结论】 [PASS] 成功关键字: voice_msgnum:10
[2026-04-09 06:22:31] INFO     统计 -> 成功: 589 | 失败: 0 | 异常: 0 | 成功率: 100.0%
[2026-04-09 06:22:31] INFO     
-------------------- 第 590 轮 | 最大监听: 28.5s --------------------
[2026-04-09 06:22:31] INFO     继电器 ON (开始充电)
[2026-04-09 06:22:31] INFO     继电器执行 -> ON
[2026-04-09 06:22:42] INFO     捕获目标指令: voice_msgnum:10
[2026-04-09 06:22:42] INFO     状态维稳，保持闭合 25.0s
[2026-04-09 06:23:07] INFO     继电器 OFF (切断充电)
[2026-04-09 06:23:07] INFO     继电器执行 -> OFF
[2026-04-09 06:23:07] INFO     物理断电静置 25.0s
[2026-04-09 06:23:32] INFO     【结论】 [PASS] 成功关键字: voice_msgnum:10
[2026-04-09 06:23:32] INFO     统计 -> 成功: 590 | 失败: 0 | 异常: 0 | 成功率: 100.0%
[2026-04-09 06:23:32] INFO     
-------------------- 第 591 轮 | 最大监听: 28.7s --------------------
[2026-04-09 06:23:32] INFO     继电器 ON (开始充电)
[2026-04-09 06:23:32] INFO     继电器执行 -> ON
[2026-04-09 06:23:44] INFO     捕获目标指令: voice_msgnum:10
[2026-04-09 06:23:44] INFO     状态维稳，保持闭合 25.0s
[2026-04-09 06:24:09] INFO     继电器 OFF (切断充电)
[2026-04-09 06:24:09] INFO     继电器执行 -> OFF
[2026-04-09 06:24:09] INFO     物理断电静置 25.0s
[2026-04-09 06:24:34] INFO     【结论】 [PASS] 成功关键字: voice_msgnum:10
[2026-04-09 06:24:34] INFO     统计 -> 成功: 591 | 失败: 0 | 异常: 0 | 成功率: 100.0%
[2026-04-09 06:24:34] INFO     
-------------------- 第 592 轮 | 最大监听: 25.4s --------------------
[2026-04-09 06:24:34] INFO     继电器 ON (开始充电)
[2026-04-09 06:24:34] INFO     继电器执行 -> ON
[2026-04-09 06:24:45] INFO     捕获目标指令: voice_msgnum:10
[2026-04-09 06:24:45] INFO     状态维稳，保持闭合 25.0s
[2026-04-09 06:25:10] INFO     继电器 OFF (切断充电)
[2026-04-09 06:25:10] INFO     继电器执行 -> OFF
[2026-04-09 06:25:10] INFO     物理断电静置 25.0s
[2026-04-09 06:25:35] INFO     【结论】 [PASS] 成功关键字: voice_msgnum:10
[2026-04-09 06:25:35] INFO     统计 -> 成功: 592 | 失败: 0 | 异常: 0 | 成功率: 100.0%
[2026-04-09 06:25:35] INFO     
-------------------- 第 593 轮 | 最大监听: 28.3s --------------------
[2026-04-09 06:25:35] INFO     继电器 ON (开始充电)
[2026-04-09 06:25:35] INFO     继电器执行 -> ON
[2026-04-09 06:25:47] INFO     捕获目标指令: voice_msgnum:10
[2026-04-09 06:25:47] INFO     状态维稳，保持闭合 25.0s
[2026-04-09 06:26:12] INFO     继电器 OFF (切断充电)
[2026-04-09 06:26:12] INFO     继电器执行 -> OFF
[2026-04-09 06:26:12] INFO     物理断电静置 25.0s
[2026-04-09 06:26:37] INFO     【结论】 [PASS] 成功关键字: voice_msgnum:10
[2026-04-09 06:26:37] INFO     统计 -> 成功: 593 | 失败: 0 | 异常: 0 | 成功率: 100.0%
[2026-04-09 06:26:37] INFO     
-------------------- 第 594 轮 | 最大监听: 27.6s --------------------
[2026-04-09 06:26:37] INFO     继电器 ON (开始充电)
[2026-04-09 06:26:37] INFO     继电器执行 -> ON
[2026-04-09 06:26:49] INFO     捕获目标指令: voice_msgnum:10
[2026-04-09 06:26:49] INFO     状态维稳，保持闭合 25.0s
[2026-04-09 06:27:14] INFO     继电器 OFF (切断充电)
[2026-04-09 06:27:14] INFO     继电器执行 -> OFF
[2026-04-09 06:27:14] INFO     物理断电静置 25.0s
[2026-04-09 06:27:39] INFO     【结论】 [PASS] 成功关键字: voice_msgnum:10
[2026-04-09 06:27:39] INFO     统计 -> 成功: 594 | 失败: 0 | 异常: 0 | 成功率: 100.0%
[2026-04-09 06:27:39] INFO     
-------------------- 第 595 轮 | 最大监听: 27.4s --------------------
[2026-04-09 06:27:39] INFO     继电器 ON (开始充电)
[2026-04-09 06:27:39] INFO     继电器执行 -> ON
[2026-04-09 06:27:50] INFO     捕获目标指令: voice_msgnum:10
[2026-04-09 06:27:50] INFO     状态维稳，保持闭合 25.0s
[2026-04-09 06:28:15] INFO     继电器 OFF (切断充电)
[2026-04-09 06:28:15] INFO     继电器执行 -> OFF
[2026-04-09 06:28:15] INFO     物理断电静置 25.0s
[2026-04-09 06:28:40] INFO     【结论】 [PASS] 成功关键字: voice_msgnum:10
[2026-04-09 06:28:40] INFO     统计 -> 成功: 595 | 失败: 0 | 异常: 0 | 成功率: 100.0%
[2026-04-09 06:28:40] INFO     
-------------------- 第 596 轮 | 最大监听: 27.4s --------------------
[2026-04-09 06:28:40] INFO     继电器 ON (开始充电)
[2026-04-09 06:28:40] INFO     继电器执行 -> ON
[2026-04-09 06:28:52] INFO     捕获目标指令: voice_msgnum:10
[2026-04-09 06:28:52] INFO     状态维稳，保持闭合 25.0s
[2026-04-09 06:29:17] INFO     继电器 OFF (切断充电)
[2026-04-09 06:29:17] INFO     继电器执行 -> OFF
[2026-04-09 06:29:17] INFO     物理断电静置 25.0s
[2026-04-09 06:29:42] INFO     【结论】 [PASS] 成功关键字: voice_msgnum:10
[2026-04-09 06:29:42] INFO     统计 -> 成功: 596 | 失败: 0 | 异常: 0 | 成功率: 100.0%
[2026-04-09 06:29:42] INFO     
-------------------- 第 597 轮 | 最大监听: 25.6s --------------------
[2026-04-09 06:29:42] INFO     继电器 ON (开始充电)
[2026-04-09 06:29:42] INFO     继电器执行 -> ON
[2026-04-09 06:29:53] INFO     捕获目标指令: voice_msgnum:10
[2026-04-09 06:29:53] INFO     状态维稳，保持闭合 25.0s
[2026-04-09 06:30:18] INFO     继电器 OFF (切断充电)
[2026-04-09 06:30:18] INFO     继电器执行 -> OFF
[2026-04-09 06:30:18] INFO     物理断电静置 25.0s
[2026-04-09 06:30:43] INFO     【结论】 [PASS] 成功关键字: voice_msgnum:10
[2026-04-09 06:30:43] INFO     统计 -> 成功: 597 | 失败: 0 | 异常: 0 | 成功率: 100.0%
[2026-04-09 06:30:43] INFO     
-------------------- 第 598 轮 | 最大监听: 27.6s --------------------
[2026-04-09 06:30:43] INFO     继电器 ON (开始充电)
[2026-04-09 06:30:43] INFO     继电器执行 -> ON
[2026-04-09 06:30:55] INFO     捕获目标指令: voice_msgnum:10
[2026-04-09 06:30:55] INFO     状态维稳，保持闭合 25.0s
[2026-04-09 06:31:20] INFO     继电器 OFF (切断充电)
[2026-04-09 06:31:20] INFO     继电器执行 -> OFF
[2026-04-09 06:31:20] INFO     物理断电静置 25.0s
[2026-04-09 06:31:45] INFO     【结论】 [PASS] 成功关键字: voice_msgnum:10
[2026-04-09 06:31:45] INFO     统计 -> 成功: 598 | 失败: 0 | 异常: 0 | 成功率: 100.0%
[2026-04-09 06:31:45] INFO     
-------------------- 第 599 轮 | 最大监听: 25.1s --------------------
[2026-04-09 06:31:45] INFO     继电器 ON (开始充电)
[2026-04-09 06:31:45] INFO     继电器执行 -> ON
[2026-04-09 06:31:57] INFO     捕获目标指令: voice_msgnum:10
[2026-04-09 06:31:57] INFO     状态维稳，保持闭合 25.0s
[2026-04-09 06:32:22] INFO     继电器 OFF (切断充电)
[2026-04-09 06:32:22] INFO     继电器执行 -> OFF
[2026-04-09 06:32:22] INFO     物理断电静置 25.0s
[2026-04-09 06:32:47] INFO     【结论】 [PASS] 成功关键字: voice_msgnum:10
[2026-04-09 06:32:47] INFO     统计 -> 成功: 599 | 失败: 0 | 异常: 0 | 成功率: 100.0%
[2026-04-09 06:32:47] INFO     
-------------------- 第 600 轮 | 最大监听: 26.4s --------------------
[2026-04-09 06:32:47] INFO     继电器 ON (开始充电)
[2026-04-09 06:32:47] INFO     继电器执行 -> ON
[2026-04-09 06:32:58] INFO     捕获目标指令: voice_msgnum:10
[2026-04-09 06:32:58] INFO     状态维稳，保持闭合 25.0s
[2026-04-09 06:33:23] INFO     继电器 OFF (切断充电)
[2026-04-09 06:33:23] INFO     继电器执行 -> OFF
[2026-04-09 06:33:23] INFO     物理断电静置 25.0s
[2026-04-09 06:33:48] INFO     【结论】 [PASS] 成功关键字: voice_msgnum:10
[2026-04-09 06:33:48] INFO     统计 -> 成功: 600 | 失败: 0 | 异常: 0 | 成功率: 100.0%
[2026-04-09 06:33:48] INFO     
-------------------- 第 601 轮 | 最大监听: 28.8s --------------------
[2026-04-09 06:33:48] INFO     继电器 ON (开始充电)
[2026-04-09 06:33:48] INFO     继电器执行 -> ON
[2026-04-09 06:34:00] INFO     捕获目标指令: voice_msgnum:10
[2026-04-09 06:34:00] INFO     状态维稳，保持闭合 25.0s
[2026-04-09 06:34:25] INFO     继电器 OFF (切断充电)
[2026-04-09 06:34:25] INFO     继电器执行 -> OFF
[2026-04-09 06:34:25] INFO     物理断电静置 25.0s
[2026-04-09 06:34:50] INFO     【结论】 [PASS] 成功关键字: voice_msgnum:10
[2026-04-09 06:34:50] INFO     统计 -> 成功: 601 | 失败: 0 | 异常: 0 | 成功率: 100.0%
[2026-04-09 06:34:50] INFO     
-------------------- 第 602 轮 | 最大监听: 25.9s --------------------
[2026-04-09 06:34:50] INFO     继电器 ON (开始充电)
[2026-04-09 06:34:50] INFO     继电器执行 -> ON
[2026-04-09 06:35:01] INFO     捕获目标指令: voice_msgnum:10
[2026-04-09 06:35:01] INFO     状态维稳，保持闭合 25.0s
[2026-04-09 06:35:26] INFO     继电器 OFF (切断充电)
[2026-04-09 06:35:26] INFO     继电器执行 -> OFF
[2026-04-09 06:35:26] INFO     物理断电静置 25.0s
[2026-04-09 06:35:51] INFO     【结论】 [PASS] 成功关键字: voice_msgnum:10
[2026-04-09 06:35:51] INFO     统计 -> 成功: 602 | 失败: 0 | 异常: 0 | 成功率: 100.0%
[2026-04-09 06:35:51] INFO     
-------------------- 第 603 轮 | 最大监听: 28.8s --------------------
[2026-04-09 06:35:51] INFO     继电器 ON (开始充电)
[2026-04-09 06:35:51] INFO     继电器执行 -> ON
[2026-04-09 06:36:03] INFO     捕获目标指令: voice_msgnum:10
[2026-04-09 06:36:03] INFO     状态维稳，保持闭合 25.0s
[2026-04-09 06:36:28] INFO     继电器 OFF (切断充电)
[2026-04-09 06:36:28] INFO     继电器执行 -> OFF
[2026-04-09 06:36:28] INFO     物理断电静置 25.0s
[2026-04-09 06:36:53] INFO     【结论】 [PASS] 成功关键字: voice_msgnum:10
[2026-04-09 06:36:53] INFO     统计 -> 成功: 603 | 失败: 0 | 异常: 0 | 成功率: 100.0%
[2026-04-09 06:36:53] INFO     
-------------------- 第 604 轮 | 最大监听: 27.6s --------------------
[2026-04-09 06:36:53] INFO     继电器 ON (开始充电)
[2026-04-09 06:36:53] INFO     继电器执行 -> ON
[2026-04-09 06:37:05] INFO     捕获目标指令: voice_msgnum:10
[2026-04-09 06:37:05] INFO     状态维稳，保持闭合 25.0s
[2026-04-09 06:37:30] INFO     继电器 OFF (切断充电)
[2026-04-09 06:37:30] INFO     继电器执行 -> OFF
[2026-04-09 06:37:30] INFO     物理断电静置 25.0s
[2026-04-09 06:37:55] INFO     【结论】 [PASS] 成功关键字: voice_msgnum:10
[2026-04-09 06:37:55] INFO     统计 -> 成功: 604 | 失败: 0 | 异常: 0 | 成功率: 100.0%
[2026-04-09 06:37:55] INFO     
-------------------- 第 605 轮 | 最大监听: 27.2s --------------------
[2026-04-09 06:37:55] INFO     继电器 ON (开始充电)
[2026-04-09 06:37:55] INFO     继电器执行 -> ON
[2026-04-09 06:37:56] INFO     捕获目标指令: voice_msgnum:9
[2026-04-09 06:37:56] INFO     状态维稳，保持闭合 25.0s
[2026-04-09 06:38:06] INFO     捕获目标指令: voice_msgnum:10
[2026-04-09 06:38:21] INFO     继电器 OFF (切断充电)
[2026-04-09 06:38:21] INFO     继电器执行 -> OFF
[2026-04-09 06:38:21] INFO     物理断电静置 25.0s
[2026-04-09 06:38:46] INFO     【结论】 [PASS] 成功关键字: voice_msgnum:9
[2026-04-09 06:38:46] INFO     统计 -> 成功: 605 | 失败: 0 | 异常: 0 | 成功率: 100.0%
[2026-04-09 06:38:46] INFO     
-------------------- 第 606 轮 | 最大监听: 26.2s --------------------
[2026-04-09 06:38:46] INFO     继电器 ON (开始充电)
[2026-04-09 06:38:46] INFO     继电器执行 -> ON
[2026-04-09 06:38:48] INFO     捕获目标指令: voice_msgnum:9
[2026-04-09 06:38:48] INFO     状态维稳，保持闭合 25.0s
[2026-04-09 06:38:58] INFO     捕获目标指令: voice_msgnum:10
[2026-04-09 06:39:13] INFO     继电器 OFF (切断充电)
[2026-04-09 06:39:13] INFO     继电器执行 -> OFF
[2026-04-09 06:39:13] INFO     物理断电静置 25.0s
[2026-04-09 06:39:38] INFO     【结论】 [PASS] 成功关键字: voice_msgnum:9
[2026-04-09 06:39:38] INFO     统计 -> 成功: 606 | 失败: 0 | 异常: 0 | 成功率: 100.0%
[2026-04-09 06:39:38] INFO     
-------------------- 第 607 轮 | 最大监听: 27.6s --------------------
[2026-04-09 06:39:38] INFO     继电器 ON (开始充电)
[2026-04-09 06:39:38] INFO     继电器执行 -> ON
[2026-04-09 06:39:42] INFO     捕获目标指令: voice_msgnum:9
[2026-04-09 06:39:42] INFO     状态维稳，保持闭合 25.0s
[2026-04-09 06:39:49] INFO     捕获目标指令: voice_msgnum:10
[2026-04-09 06:40:07] INFO     继电器 OFF (切断充电)
[2026-04-09 06:40:08] INFO     继电器执行 -> OFF
[2026-04-09 06:40:08] INFO     物理断电静置 25.0s
[2026-04-09 06:40:33] INFO     【结论】 [PASS] 成功关键字: voice_msgnum:9
[2026-04-09 06:40:33] INFO     统计 -> 成功: 607 | 失败: 0 | 异常: 0 | 成功率: 100.0%
[2026-04-09 06:40:33] INFO     
-------------------- 第 608 轮 | 最大监听: 26.6s --------------------
[2026-04-09 06:40:33] INFO     继电器 ON (开始充电)
[2026-04-09 06:40:33] INFO     继电器执行 -> ON
[2026-04-09 06:40:40] INFO     捕获目标指令: voice_msgnum:9
[2026-04-09 06:40:40] INFO     状态维稳，保持闭合 25.0s
[2026-04-09 06:40:45] INFO     捕获目标指令: voice_msgnum:10
[2026-04-09 06:41:05] INFO     继电器 OFF (切断充电)
[2026-04-09 06:41:05] INFO     继电器执行 -> OFF
[2026-04-09 06:41:05] INFO     物理断电静置 25.0s
[2026-04-09 06:41:30] INFO     【结论】 [PASS] 成功关键字: voice_msgnum:9
[2026-04-09 06:41:30] INFO     统计 -> 成功: 608 | 失败: 0 | 异常: 0 | 成功率: 100.0%
[2026-04-09 06:41:30] INFO     
-------------------- 第 609 轮 | 最大监听: 27.0s --------------------
[2026-04-09 06:41:30] INFO     继电器 ON (开始充电)
[2026-04-09 06:41:30] INFO     继电器执行 -> ON
[2026-04-09 06:41:41] INFO     捕获目标指令: voice_msgnum:10
[2026-04-09 06:41:41] INFO     状态维稳，保持闭合 25.0s
[2026-04-09 06:42:06] INFO     继电器 OFF (切断充电)
[2026-04-09 06:42:06] INFO     继电器执行 -> OFF
[2026-04-09 06:42:06] INFO     物理断电静置 25.0s
[2026-04-09 06:42:31] INFO     【结论】 [PASS] 成功关键字: voice_msgnum:10
[2026-04-09 06:42:31] INFO     统计 -> 成功: 609 | 失败: 0 | 异常: 0 | 成功率: 100.0%
[2026-04-09 06:42:31] INFO     
-------------------- 第 610 轮 | 最大监听: 26.7s --------------------
[2026-04-09 06:42:31] INFO     继电器 ON (开始充电)
[2026-04-09 06:42:32] INFO     继电器执行 -> ON
[2026-04-09 06:42:33] INFO     捕获目标指令: voice_msgnum:9
[2026-04-09 06:42:33] INFO     状态维稳，保持闭合 25.0s
[2026-04-09 06:42:43] INFO     捕获目标指令: voice_msgnum:10
[2026-04-09 06:42:58] INFO     继电器 OFF (切断充电)
[2026-04-09 06:42:58] INFO     继电器执行 -> OFF
[2026-04-09 06:42:58] INFO     物理断电静置 25.0s
[2026-04-09 06:43:23] INFO     【结论】 [PASS] 成功关键字: voice_msgnum:9
[2026-04-09 06:43:23] INFO     统计 -> 成功: 610 | 失败: 0 | 异常: 0 | 成功率: 100.0%
[2026-04-09 06:43:23] INFO     
-------------------- 第 611 轮 | 最大监听: 28.4s --------------------
[2026-04-09 06:43:23] INFO     继电器 ON (开始充电)
[2026-04-09 06:43:23] INFO     继电器执行 -> ON
[2026-04-09 06:43:27] INFO     捕获目标指令: voice_msgnum:9
[2026-04-09 06:43:27] INFO     状态维稳，保持闭合 25.0s
[2026-04-09 06:43:35] INFO     捕获目标指令: voice_msgnum:10
[2026-04-09 06:43:52] INFO     继电器 OFF (切断充电)
[2026-04-09 06:43:52] INFO     继电器执行 -> OFF
[2026-04-09 06:43:52] INFO     物理断电静置 25.0s
[2026-04-09 06:44:17] INFO     【结论】 [PASS] 成功关键字: voice_msgnum:9
[2026-04-09 06:44:17] INFO     统计 -> 成功: 611 | 失败: 0 | 异常: 0 | 成功率: 100.0%
[2026-04-09 06:44:17] INFO     
-------------------- 第 612 轮 | 最大监听: 28.5s --------------------
[2026-04-09 06:44:17] INFO     继电器 ON (开始充电)
[2026-04-09 06:44:18] INFO     继电器执行 -> ON
[2026-04-09 06:44:22] INFO     捕获目标指令: voice_msgnum:9
[2026-04-09 06:44:22] INFO     状态维稳，保持闭合 25.0s
[2026-04-09 06:44:29] INFO     捕获目标指令: voice_msgnum:10
[2026-04-09 06:44:47] INFO     继电器 OFF (切断充电)
[2026-04-09 06:44:47] INFO     继电器执行 -> OFF
[2026-04-09 06:44:47] INFO     物理断电静置 25.0s
[2026-04-09 06:45:12] INFO     【结论】 [PASS] 成功关键字: voice_msgnum:9
[2026-04-09 06:45:12] INFO     统计 -> 成功: 612 | 失败: 0 | 异常: 0 | 成功率: 100.0%
[2026-04-09 06:45:12] INFO     
-------------------- 第 613 轮 | 最大监听: 29.3s --------------------
[2026-04-09 06:45:12] INFO     继电器 ON (开始充电)
[2026-04-09 06:45:12] INFO     继电器执行 -> ON
[2026-04-09 06:45:24] INFO     捕获目标指令: voice_msgnum:10
[2026-04-09 06:45:24] INFO     状态维稳，保持闭合 25.0s
[2026-04-09 06:45:49] INFO     继电器 OFF (切断充电)
[2026-04-09 06:45:49] INFO     继电器执行 -> OFF
[2026-04-09 06:45:49] INFO     物理断电静置 25.0s
[2026-04-09 06:46:14] INFO     【结论】 [PASS] 成功关键字: voice_msgnum:10
[2026-04-09 06:46:14] INFO     统计 -> 成功: 613 | 失败: 0 | 异常: 0 | 成功率: 100.0%
[2026-04-09 06:46:14] INFO     
-------------------- 第 614 轮 | 最大监听: 30.0s --------------------
[2026-04-09 06:46:14] INFO     继电器 ON (开始充电)
[2026-04-09 06:46:14] INFO     继电器执行 -> ON
[2026-04-09 06:46:25] INFO     捕获目标指令: voice_msgnum:10
[2026-04-09 06:46:25] INFO     状态维稳，保持闭合 25.0s
[2026-04-09 06:46:50] INFO     继电器 OFF (切断充电)
[2026-04-09 06:46:50] INFO     继电器执行 -> OFF
[2026-04-09 06:46:50] INFO     物理断电静置 25.0s
[2026-04-09 06:47:15] INFO     【结论】 [PASS] 成功关键字: voice_msgnum:10
[2026-04-09 06:47:15] INFO     统计 -> 成功: 614 | 失败: 0 | 异常: 0 | 成功率: 100.0%
[2026-04-09 06:47:15] INFO     
-------------------- 第 615 轮 | 最大监听: 26.3s --------------------
[2026-04-09 06:47:15] INFO     继电器 ON (开始充电)
[2026-04-09 06:47:15] INFO     继电器执行 -> ON
[2026-04-09 06:47:27] INFO     捕获目标指令: voice_msgnum:10
[2026-04-09 06:47:27] INFO     状态维稳，保持闭合 25.0s
[2026-04-09 06:47:52] INFO     继电器 OFF (切断充电)
[2026-04-09 06:47:52] INFO     继电器执行 -> OFF
[2026-04-09 06:47:52] INFO     物理断电静置 25.0s
[2026-04-09 06:48:17] INFO     【结论】 [PASS] 成功关键字: voice_msgnum:10
[2026-04-09 06:48:17] INFO     统计 -> 成功: 615 | 失败: 0 | 异常: 0 | 成功率: 100.0%
[2026-04-09 06:48:17] INFO     
-------------------- 第 616 轮 | 最大监听: 27.0s --------------------
[2026-04-09 06:48:17] INFO     继电器 ON (开始充电)
[2026-04-09 06:48:17] INFO     继电器执行 -> ON
[2026-04-09 06:48:28] INFO     捕获目标指令: voice_msgnum:10
[2026-04-09 06:48:28] INFO     状态维稳，保持闭合 25.0s
[2026-04-09 06:48:53] INFO     继电器 OFF (切断充电)
[2026-04-09 06:48:53] INFO     继电器执行 -> OFF
[2026-04-09 06:48:53] INFO     物理断电静置 25.0s
[2026-04-09 06:49:18] INFO     【结论】 [PASS] 成功关键字: voice_msgnum:10
[2026-04-09 06:49:18] INFO     统计 -> 成功: 616 | 失败: 0 | 异常: 0 | 成功率: 100.0%
[2026-04-09 06:49:18] INFO     
-------------------- 第 617 轮 | 最大监听: 29.8s --------------------
[2026-04-09 06:49:18] INFO     继电器 ON (开始充电)
[2026-04-09 06:49:19] INFO     继电器执行 -> ON
[2026-04-09 06:49:30] INFO     捕获目标指令: voice_msgnum:10
[2026-04-09 06:49:30] INFO     状态维稳，保持闭合 25.0s
[2026-04-09 06:49:55] INFO     继电器 OFF (切断充电)
[2026-04-09 06:49:55] INFO     继电器执行 -> OFF
[2026-04-09 06:49:55] INFO     物理断电静置 25.0s
[2026-04-09 06:50:20] INFO     【结论】 [PASS] 成功关键字: voice_msgnum:10
[2026-04-09 06:50:20] INFO     统计 -> 成功: 617 | 失败: 0 | 异常: 0 | 成功率: 100.0%
[2026-04-09 06:50:20] INFO     
-------------------- 第 618 轮 | 最大监听: 28.7s --------------------
[2026-04-09 06:50:20] INFO     继电器 ON (开始充电)
[2026-04-09 06:50:20] INFO     继电器执行 -> ON
[2026-04-09 06:50:32] INFO     捕获目标指令: voice_msgnum:10
[2026-04-09 06:50:32] INFO     状态维稳，保持闭合 25.0s
[2026-04-09 06:50:57] INFO     继电器 OFF (切断充电)
[2026-04-09 06:50:57] INFO     继电器执行 -> OFF
[2026-04-09 06:50:57] INFO     物理断电静置 25.0s
[2026-04-09 06:51:22] INFO     【结论】 [PASS] 成功关键字: voice_msgnum:10
[2026-04-09 06:51:22] INFO     统计 -> 成功: 618 | 失败: 0 | 异常: 0 | 成功率: 100.0%
[2026-04-09 06:51:22] INFO     
-------------------- 第 619 轮 | 最大监听: 26.8s --------------------
[2026-04-09 06:51:22] INFO     继电器 ON (开始充电)
[2026-04-09 06:51:22] INFO     继电器执行 -> ON
[2026-04-09 06:51:33] INFO     捕获目标指令: voice_msgnum:10
[2026-04-09 06:51:33] INFO     状态维稳，保持闭合 25.0s
[2026-04-09 06:51:58] INFO     继电器 OFF (切断充电)
[2026-04-09 06:51:58] INFO     继电器执行 -> OFF
[2026-04-09 06:51:58] INFO     物理断电静置 25.0s
[2026-04-09 06:52:23] INFO     【结论】 [PASS] 成功关键字: voice_msgnum:10
[2026-04-09 06:52:23] INFO     统计 -> 成功: 619 | 失败: 0 | 异常: 0 | 成功率: 100.0%
[2026-04-09 06:52:23] INFO     
-------------------- 第 620 轮 | 最大监听: 25.4s --------------------
[2026-04-09 06:52:23] INFO     继电器 ON (开始充电)
[2026-04-09 06:52:23] INFO     继电器执行 -> ON
[2026-04-09 06:52:35] INFO     捕获目标指令: voice_msgnum:10
[2026-04-09 06:52:35] INFO     状态维稳，保持闭合 25.0s
[2026-04-09 06:53:00] INFO     继电器 OFF (切断充电)
[2026-04-09 06:53:00] INFO     继电器执行 -> OFF
[2026-04-09 06:53:00] INFO     物理断电静置 25.0s
[2026-04-09 06:53:25] INFO     【结论】 [PASS] 成功关键字: voice_msgnum:10
[2026-04-09 06:53:25] INFO     统计 -> 成功: 620 | 失败: 0 | 异常: 0 | 成功率: 100.0%
[2026-04-09 06:53:25] INFO     
-------------------- 第 621 轮 | 最大监听: 25.6s --------------------
[2026-04-09 06:53:25] INFO     继电器 ON (开始充电)
[2026-04-09 06:53:25] INFO     继电器执行 -> ON
[2026-04-09 06:53:36] INFO     捕获目标指令: voice_msgnum:10
[2026-04-09 06:53:36] INFO     状态维稳，保持闭合 25.0s
[2026-04-09 06:54:01] INFO     继电器 OFF (切断充电)
[2026-04-09 06:54:01] INFO     继电器执行 -> OFF
[2026-04-09 06:54:01] INFO     物理断电静置 25.0s
[2026-04-09 06:54:26] INFO     【结论】 [PASS] 成功关键字: voice_msgnum:10
[2026-04-09 06:54:26] INFO     统计 -> 成功: 621 | 失败: 0 | 异常: 0 | 成功率: 100.0%
[2026-04-09 06:54:26] INFO     
-------------------- 第 622 轮 | 最大监听: 28.5s --------------------
[2026-04-09 06:54:26] INFO     继电器 ON (开始充电)
[2026-04-09 06:54:27] INFO     继电器执行 -> ON
[2026-04-09 06:54:38] INFO     捕获目标指令: voice_msgnum:10
[2026-04-09 06:54:38] INFO     状态维稳，保持闭合 25.0s
[2026-04-09 06:55:03] INFO     继电器 OFF (切断充电)
[2026-04-09 06:55:03] INFO     继电器执行 -> OFF
[2026-04-09 06:55:03] INFO     物理断电静置 25.0s
[2026-04-09 06:55:28] INFO     【结论】 [PASS] 成功关键字: voice_msgnum:10
[2026-04-09 06:55:28] INFO     统计 -> 成功: 622 | 失败: 0 | 异常: 0 | 成功率: 100.0%
[2026-04-09 06:55:28] INFO     
-------------------- 第 623 轮 | 最大监听: 28.0s --------------------
[2026-04-09 06:55:28] INFO     继电器 ON (开始充电)
[2026-04-09 06:55:28] INFO     继电器执行 -> ON
[2026-04-09 06:55:40] INFO     捕获目标指令: voice_msgnum:10
[2026-04-09 06:55:40] INFO     状态维稳，保持闭合 25.0s
[2026-04-09 06:56:05] INFO     继电器 OFF (切断充电)
[2026-04-09 06:56:05] INFO     继电器执行 -> OFF
[2026-04-09 06:56:05] INFO     物理断电静置 25.0s
[2026-04-09 06:56:30] INFO     【结论】 [PASS] 成功关键字: voice_msgnum:10
[2026-04-09 06:56:30] INFO     统计 -> 成功: 623 | 失败: 0 | 异常: 0 | 成功率: 100.0%
[2026-04-09 06:56:30] INFO     
-------------------- 第 624 轮 | 最大监听: 28.0s --------------------
[2026-04-09 06:56:30] INFO     继电器 ON (开始充电)
[2026-04-09 06:56:30] INFO     继电器执行 -> ON
[2026-04-09 06:56:41] INFO     捕获目标指令: voice_msgnum:10
[2026-04-09 06:56:41] INFO     状态维稳，保持闭合 25.0s
[2026-04-09 06:57:06] INFO     继电器 OFF (切断充电)
[2026-04-09 06:57:06] INFO     继电器执行 -> OFF
[2026-04-09 06:57:06] INFO     物理断电静置 25.0s
[2026-04-09 06:57:31] INFO     【结论】 [PASS] 成功关键字: voice_msgnum:10
[2026-04-09 06:57:31] INFO     统计 -> 成功: 624 | 失败: 0 | 异常: 0 | 成功率: 100.0%
[2026-04-09 06:57:31] INFO     
-------------------- 第 625 轮 | 最大监听: 26.5s --------------------
[2026-04-09 06:57:31] INFO     继电器 ON (开始充电)
[2026-04-09 06:57:31] INFO     继电器执行 -> ON
[2026-04-09 06:57:43] INFO     捕获目标指令: voice_msgnum:10
[2026-04-09 06:57:43] INFO     状态维稳，保持闭合 25.0s
[2026-04-09 06:58:08] INFO     继电器 OFF (切断充电)
[2026-04-09 06:58:08] INFO     继电器执行 -> OFF
[2026-04-09 06:58:08] INFO     物理断电静置 25.0s
[2026-04-09 06:58:33] INFO     【结论】 [PASS] 成功关键字: voice_msgnum:10
[2026-04-09 06:58:33] INFO     统计 -> 成功: 625 | 失败: 0 | 异常: 0 | 成功率: 100.0%
[2026-04-09 06:58:33] INFO     
-------------------- 第 626 轮 | 最大监听: 26.8s --------------------
[2026-04-09 06:58:33] INFO     继电器 ON (开始充电)
[2026-04-09 06:58:33] INFO     继电器执行 -> ON
[2026-04-09 06:58:44] INFO     捕获目标指令: voice_msgnum:10
[2026-04-09 06:58:44] INFO     状态维稳，保持闭合 25.0s
[2026-04-09 06:59:09] INFO     继电器 OFF (切断充电)
[2026-04-09 06:59:09] INFO     继电器执行 -> OFF
[2026-04-09 06:59:09] INFO     物理断电静置 25.0s
[2026-04-09 06:59:34] INFO     【结论】 [PASS] 成功关键字: voice_msgnum:10
[2026-04-09 06:59:34] INFO     统计 -> 成功: 626 | 失败: 0 | 异常: 0 | 成功率: 100.0%
[2026-04-09 06:59:34] INFO     
-------------------- 第 627 轮 | 最大监听: 27.3s --------------------
[2026-04-09 06:59:34] INFO     继电器 ON (开始充电)
[2026-04-09 06:59:34] INFO     继电器执行 -> ON
[2026-04-09 06:59:46] INFO     捕获目标指令: voice_msgnum:10
[2026-04-09 06:59:46] INFO     状态维稳，保持闭合 25.0s
[2026-04-09 07:00:11] INFO     继电器 OFF (切断充电)
[2026-04-09 07:00:11] INFO     继电器执行 -> OFF
[2026-04-09 07:00:11] INFO     物理断电静置 25.0s
[2026-04-09 07:00:36] INFO     【结论】 [PASS] 成功关键字: voice_msgnum:10
[2026-04-09 07:00:36] INFO     统计 -> 成功: 627 | 失败: 0 | 异常: 0 | 成功率: 100.0%
[2026-04-09 07:00:36] INFO     
-------------------- 第 628 轮 | 最大监听: 28.5s --------------------
[2026-04-09 07:00:36] INFO     继电器 ON (开始充电)
[2026-04-09 07:00:36] INFO     继电器执行 -> ON
[2026-04-09 07:00:48] INFO     捕获目标指令: voice_msgnum:10
[2026-04-09 07:00:48] INFO     状态维稳，保持闭合 25.0s
[2026-04-09 07:01:13] INFO     继电器 OFF (切断充电)
[2026-04-09 07:01:13] INFO     继电器执行 -> OFF
[2026-04-09 07:01:13] INFO     物理断电静置 25.0s
[2026-04-09 07:01:38] INFO     【结论】 [PASS] 成功关键字: voice_msgnum:10
[2026-04-09 07:01:38] INFO     统计 -> 成功: 628 | 失败: 0 | 异常: 0 | 成功率: 100.0%
[2026-04-09 07:01:38] INFO     
-------------------- 第 629 轮 | 最大监听: 29.3s --------------------
[2026-04-09 07:01:38] INFO     继电器 ON (开始充电)
[2026-04-09 07:01:38] INFO     继电器执行 -> ON
[2026-04-09 07:01:49] INFO     捕获目标指令: voice_msgnum:10
[2026-04-09 07:01:49] INFO     状态维稳，保持闭合 25.0s
[2026-04-09 07:02:14] INFO     继电器 OFF (切断充电)
[2026-04-09 07:02:14] INFO     继电器执行 -> OFF
[2026-04-09 07:02:14] INFO     物理断电静置 25.0s
[2026-04-09 07:02:39] INFO     【结论】 [PASS] 成功关键字: voice_msgnum:10
[2026-04-09 07:02:39] INFO     统计 -> 成功: 629 | 失败: 0 | 异常: 0 | 成功率: 100.0%
[2026-04-09 07:02:39] INFO     
-------------------- 第 630 轮 | 最大监听: 26.4s --------------------
[2026-04-09 07:02:39] INFO     继电器 ON (开始充电)
[2026-04-09 07:02:39] INFO     继电器执行 -> ON
[2026-04-09 07:02:51] INFO     捕获目标指令: voice_msgnum:10
[2026-04-09 07:02:51] INFO     状态维稳，保持闭合 25.0s
[2026-04-09 07:03:16] INFO     继电器 OFF (切断充电)
[2026-04-09 07:03:16] INFO     继电器执行 -> OFF
[2026-04-09 07:03:16] INFO     物理断电静置 25.0s
[2026-04-09 07:03:41] INFO     【结论】 [PASS] 成功关键字: voice_msgnum:10
[2026-04-09 07:03:41] INFO     统计 -> 成功: 630 | 失败: 0 | 异常: 0 | 成功率: 100.0%
[2026-04-09 07:03:41] INFO     
-------------------- 第 631 轮 | 最大监听: 26.6s --------------------
[2026-04-09 07:03:41] INFO     继电器 ON (开始充电)
[2026-04-09 07:03:41] INFO     继电器执行 -> ON
[2026-04-09 07:03:52] INFO     捕获目标指令: voice_msgnum:10
[2026-04-09 07:03:52] INFO     状态维稳，保持闭合 25.0s
[2026-04-09 07:04:17] INFO     继电器 OFF (切断充电)
[2026-04-09 07:04:17] INFO     继电器执行 -> OFF
[2026-04-09 07:04:17] INFO     物理断电静置 25.0s
[2026-04-09 07:04:42] INFO     【结论】 [PASS] 成功关键字: voice_msgnum:10
[2026-04-09 07:04:42] INFO     统计 -> 成功: 631 | 失败: 0 | 异常: 0 | 成功率: 100.0%
[2026-04-09 07:04:42] INFO     
-------------------- 第 632 轮 | 最大监听: 29.7s --------------------
[2026-04-09 07:04:42] INFO     继电器 ON (开始充电)
[2026-04-09 07:04:42] INFO     继电器执行 -> ON
[2026-04-09 07:04:54] INFO     捕获目标指令: voice_msgnum:10
[2026-04-09 07:04:54] INFO     状态维稳，保持闭合 25.0s
[2026-04-09 07:05:19] INFO     继电器 OFF (切断充电)
[2026-04-09 07:05:19] INFO     继电器执行 -> OFF
[2026-04-09 07:05:19] INFO     物理断电静置 25.0s
[2026-04-09 07:05:44] INFO     【结论】 [PASS] 成功关键字: voice_msgnum:10
[2026-04-09 07:05:44] INFO     统计 -> 成功: 632 | 失败: 0 | 异常: 0 | 成功率: 100.0%
[2026-04-09 07:05:44] INFO     
-------------------- 第 633 轮 | 最大监听: 26.5s --------------------
[2026-04-09 07:05:44] INFO     继电器 ON (开始充电)
[2026-04-09 07:05:44] INFO     继电器执行 -> ON
[2026-04-09 07:05:56] INFO     捕获目标指令: voice_msgnum:10
[2026-04-09 07:05:56] INFO     状态维稳，保持闭合 25.0s
[2026-04-09 07:06:21] INFO     继电器 OFF (切断充电)
[2026-04-09 07:06:21] INFO     继电器执行 -> OFF
[2026-04-09 07:06:21] INFO     物理断电静置 25.0s
[2026-04-09 07:06:46] INFO     【结论】 [PASS] 成功关键字: voice_msgnum:10
[2026-04-09 07:06:46] INFO     统计 -> 成功: 633 | 失败: 0 | 异常: 0 | 成功率: 100.0%
[2026-04-09 07:06:46] INFO     
-------------------- 第 634 轮 | 最大监听: 28.7s --------------------
[2026-04-09 07:06:46] INFO     继电器 ON (开始充电)
[2026-04-09 07:06:46] INFO     继电器执行 -> ON
[2026-04-09 07:06:57] INFO     捕获目标指令: voice_msgnum:10
[2026-04-09 07:06:57] INFO     状态维稳，保持闭合 25.0s
[2026-04-09 07:07:22] INFO     继电器 OFF (切断充电)
[2026-04-09 07:07:22] INFO     继电器执行 -> OFF
[2026-04-09 07:07:22] INFO     物理断电静置 25.0s
[2026-04-09 07:07:47] INFO     【结论】 [PASS] 成功关键字: voice_msgnum:10
[2026-04-09 07:07:47] INFO     统计 -> 成功: 634 | 失败: 0 | 异常: 0 | 成功率: 100.0%
[2026-04-09 07:07:47] INFO     
-------------------- 第 635 轮 | 最大监听: 29.6s --------------------
[2026-04-09 07:07:47] INFO     继电器 ON (开始充电)
[2026-04-09 07:07:47] INFO     继电器执行 -> ON
[2026-04-09 07:07:59] INFO     捕获目标指令: voice_msgnum:10
[2026-04-09 07:07:59] INFO     状态维稳，保持闭合 25.0s
[2026-04-09 07:08:24] INFO     继电器 OFF (切断充电)
[2026-04-09 07:08:24] INFO     继电器执行 -> OFF
[2026-04-09 07:08:24] INFO     物理断电静置 25.0s
[2026-04-09 07:08:49] INFO     【结论】 [PASS] 成功关键字: voice_msgnum:10
[2026-04-09 07:08:49] INFO     统计 -> 成功: 635 | 失败: 0 | 异常: 0 | 成功率: 100.0%
[2026-04-09 07:08:49] INFO     
-------------------- 第 636 轮 | 最大监听: 28.3s --------------------
[2026-04-09 07:08:49] INFO     继电器 ON (开始充电)
[2026-04-09 07:08:49] INFO     继电器执行 -> ON
[2026-04-09 07:09:00] INFO     捕获目标指令: voice_msgnum:10
[2026-04-09 07:09:00] INFO     状态维稳，保持闭合 25.0s
[2026-04-09 07:09:25] INFO     继电器 OFF (切断充电)
[2026-04-09 07:09:25] INFO     继电器执行 -> OFF
[2026-04-09 07:09:25] INFO     物理断电静置 25.0s
[2026-04-09 07:09:50] INFO     【结论】 [PASS] 成功关键字: voice_msgnum:10
[2026-04-09 07:09:50] INFO     统计 -> 成功: 636 | 失败: 0 | 异常: 0 | 成功率: 100.0%
[2026-04-09 07:09:50] INFO     
-------------------- 第 637 轮 | 最大监听: 29.4s --------------------
[2026-04-09 07:09:50] INFO     继电器 ON (开始充电)
[2026-04-09 07:09:50] INFO     继电器执行 -> ON
[2026-04-09 07:10:02] INFO     捕获目标指令: voice_msgnum:10
[2026-04-09 07:10:02] INFO     状态维稳，保持闭合 25.0s
[2026-04-09 07:10:27] INFO     继电器 OFF (切断充电)
[2026-04-09 07:10:27] INFO     继电器执行 -> OFF
[2026-04-09 07:10:27] INFO     物理断电静置 25.0s
[2026-04-09 07:10:52] INFO     【结论】 [PASS] 成功关键字: voice_msgnum:10
[2026-04-09 07:10:52] INFO     统计 -> 成功: 637 | 失败: 0 | 异常: 0 | 成功率: 100.0%
[2026-04-09 07:10:52] INFO     
-------------------- 第 638 轮 | 最大监听: 28.1s --------------------
[2026-04-09 07:10:52] INFO     继电器 ON (开始充电)
[2026-04-09 07:10:52] INFO     继电器执行 -> ON
[2026-04-09 07:11:04] INFO     捕获目标指令: voice_msgnum:10
[2026-04-09 07:11:04] INFO     状态维稳，保持闭合 25.0s
[2026-04-09 07:11:29] INFO     继电器 OFF (切断充电)
[2026-04-09 07:11:29] INFO     继电器执行 -> OFF
[2026-04-09 07:11:29] INFO     物理断电静置 25.0s
[2026-04-09 07:11:54] INFO     【结论】 [PASS] 成功关键字: voice_msgnum:10
[2026-04-09 07:11:54] INFO     统计 -> 成功: 638 | 失败: 0 | 异常: 0 | 成功率: 100.0%
[2026-04-09 07:11:54] INFO     
-------------------- 第 639 轮 | 最大监听: 26.1s --------------------
[2026-04-09 07:11:54] INFO     继电器 ON (开始充电)
[2026-04-09 07:11:54] INFO     继电器执行 -> ON
[2026-04-09 07:12:05] INFO     捕获目标指令: voice_msgnum:10
[2026-04-09 07:12:05] INFO     状态维稳，保持闭合 25.0s
[2026-04-09 07:12:30] INFO     继电器 OFF (切断充电)
[2026-04-09 07:12:30] INFO     继电器执行 -> OFF
[2026-04-09 07:12:30] INFO     物理断电静置 25.0s
[2026-04-09 07:12:55] INFO     【结论】 [PASS] 成功关键字: voice_msgnum:10
[2026-04-09 07:12:55] INFO     统计 -> 成功: 639 | 失败: 0 | 异常: 0 | 成功率: 100.0%
[2026-04-09 07:12:55] INFO     
-------------------- 第 640 轮 | 最大监听: 26.9s --------------------
[2026-04-09 07:12:55] INFO     继电器 ON (开始充电)
[2026-04-09 07:12:55] INFO     继电器执行 -> ON
[2026-04-09 07:13:07] INFO     捕获目标指令: voice_msgnum:10
[2026-04-09 07:13:07] INFO     状态维稳，保持闭合 25.0s
[2026-04-09 07:13:32] INFO     继电器 OFF (切断充电)
[2026-04-09 07:13:32] INFO     继电器执行 -> OFF
[2026-04-09 07:13:32] INFO     物理断电静置 25.0s
[2026-04-09 07:13:57] INFO     【结论】 [PASS] 成功关键字: voice_msgnum:10
[2026-04-09 07:13:57] INFO     统计 -> 成功: 640 | 失败: 0 | 异常: 0 | 成功率: 100.0%
[2026-04-09 07:13:57] INFO     
-------------------- 第 641 轮 | 最大监听: 28.4s --------------------
[2026-04-09 07:13:57] INFO     继电器 ON (开始充电)
[2026-04-09 07:13:57] INFO     继电器执行 -> ON
[2026-04-09 07:14:08] INFO     捕获目标指令: voice_msgnum:10
[2026-04-09 07:14:08] INFO     状态维稳，保持闭合 25.0s
[2026-04-09 07:14:33] INFO     继电器 OFF (切断充电)
[2026-04-09 07:14:33] INFO     继电器执行 -> OFF
[2026-04-09 07:14:33] INFO     物理断电静置 25.0s
[2026-04-09 07:14:58] INFO     【结论】 [PASS] 成功关键字: voice_msgnum:10
[2026-04-09 07:14:58] INFO     统计 -> 成功: 641 | 失败: 0 | 异常: 0 | 成功率: 100.0%
[2026-04-09 07:14:58] INFO     
-------------------- 第 642 轮 | 最大监听: 25.9s --------------------
[2026-04-09 07:14:58] INFO     继电器 ON (开始充电)
[2026-04-09 07:14:58] INFO     继电器执行 -> ON
[2026-04-09 07:15:10] INFO     捕获目标指令: voice_msgnum:10
[2026-04-09 07:15:10] INFO     状态维稳，保持闭合 25.0s
[2026-04-09 07:15:35] INFO     继电器 OFF (切断充电)
[2026-04-09 07:15:35] INFO     继电器执行 -> OFF
[2026-04-09 07:15:35] INFO     物理断电静置 25.0s
[2026-04-09 07:16:00] INFO     【结论】 [PASS] 成功关键字: voice_msgnum:10
[2026-04-09 07:16:00] INFO     统计 -> 成功: 642 | 失败: 0 | 异常: 0 | 成功率: 100.0%
[2026-04-09 07:16:00] INFO     
-------------------- 第 643 轮 | 最大监听: 25.4s --------------------
[2026-04-09 07:16:00] INFO     继电器 ON (开始充电)
[2026-04-09 07:16:00] INFO     继电器执行 -> ON
[2026-04-09 07:16:12] INFO     捕获目标指令: voice_msgnum:10
[2026-04-09 07:16:12] INFO     状态维稳，保持闭合 25.0s
[2026-04-09 07:16:37] INFO     继电器 OFF (切断充电)
[2026-04-09 07:16:37] INFO     继电器执行 -> OFF
[2026-04-09 07:16:37] INFO     物理断电静置 25.0s
[2026-04-09 07:17:02] INFO     【结论】 [PASS] 成功关键字: voice_msgnum:10
[2026-04-09 07:17:02] INFO     统计 -> 成功: 643 | 失败: 0 | 异常: 0 | 成功率: 100.0%
[2026-04-09 07:17:02] INFO     
-------------------- 第 644 轮 | 最大监听: 27.5s --------------------
[2026-04-09 07:17:02] INFO     继电器 ON (开始充电)
[2026-04-09 07:17:02] INFO     继电器执行 -> ON
[2026-04-09 07:17:13] INFO     捕获目标指令: voice_msgnum:10
[2026-04-09 07:17:13] INFO     状态维稳，保持闭合 25.0s
[2026-04-09 07:17:38] INFO     继电器 OFF (切断充电)
[2026-04-09 07:17:38] INFO     继电器执行 -> OFF
[2026-04-09 07:17:38] INFO     物理断电静置 25.0s
[2026-04-09 07:18:03] INFO     【结论】 [PASS] 成功关键字: voice_msgnum:10
[2026-04-09 07:18:03] INFO     统计 -> 成功: 644 | 失败: 0 | 异常: 0 | 成功率: 100.0%
[2026-04-09 07:18:03] INFO     
-------------------- 第 645 轮 | 最大监听: 28.7s --------------------
[2026-04-09 07:18:03] INFO     继电器 ON (开始充电)
[2026-04-09 07:18:03] INFO     继电器执行 -> ON
[2026-04-09 07:18:15] INFO     捕获目标指令: voice_msgnum:10
[2026-04-09 07:18:15] INFO     状态维稳，保持闭合 25.0s
[2026-04-09 07:18:40] INFO     继电器 OFF (切断充电)
[2026-04-09 07:18:40] INFO     继电器执行 -> OFF
[2026-04-09 07:18:40] INFO     物理断电静置 25.0s
[2026-04-09 07:19:05] INFO     【结论】 [PASS] 成功关键字: voice_msgnum:10
[2026-04-09 07:19:05] INFO     统计 -> 成功: 645 | 失败: 0 | 异常: 0 | 成功率: 100.0%
[2026-04-09 07:19:05] INFO     
-------------------- 第 646 轮 | 最大监听: 26.8s --------------------
[2026-04-09 07:19:05] INFO     继电器 ON (开始充电)
[2026-04-09 07:19:05] INFO     继电器执行 -> ON
[2026-04-09 07:19:16] INFO     捕获目标指令: voice_msgnum:10
[2026-04-09 07:19:16] INFO     状态维稳，保持闭合 25.0s
[2026-04-09 07:19:41] INFO     继电器 OFF (切断充电)
[2026-04-09 07:19:41] INFO     继电器执行 -> OFF
[2026-04-09 07:19:41] INFO     物理断电静置 25.0s
[2026-04-09 07:20:06] INFO     【结论】 [PASS] 成功关键字: voice_msgnum:10
[2026-04-09 07:20:06] INFO     统计 -> 成功: 646 | 失败: 0 | 异常: 0 | 成功率: 100.0%
[2026-04-09 07:20:06] INFO     
-------------------- 第 647 轮 | 最大监听: 25.8s --------------------
[2026-04-09 07:20:06] INFO     继电器 ON (开始充电)
[2026-04-09 07:20:06] INFO     继电器执行 -> ON
[2026-04-09 07:20:18] INFO     捕获目标指令: voice_msgnum:10
[2026-04-09 07:20:18] INFO     状态维稳，保持闭合 25.0s
[2026-04-09 07:20:43] INFO     继电器 OFF (切断充电)
[2026-04-09 07:20:43] INFO     继电器执行 -> OFF
[2026-04-09 07:20:43] INFO     物理断电静置 25.0s
[2026-04-09 07:21:08] INFO     【结论】 [PASS] 成功关键字: voice_msgnum:10
[2026-04-09 07:21:08] INFO     统计 -> 成功: 647 | 失败: 0 | 异常: 0 | 成功率: 100.0%
[2026-04-09 07:21:08] INFO     
-------------------- 第 648 轮 | 最大监听: 26.1s --------------------
[2026-04-09 07:21:08] INFO     继电器 ON (开始充电)
[2026-04-09 07:21:08] INFO     继电器执行 -> ON
[2026-04-09 07:21:20] INFO     捕获目标指令: voice_msgnum:10
[2026-04-09 07:21:20] INFO     状态维稳，保持闭合 25.0s
[2026-04-09 07:21:45] INFO     继电器 OFF (切断充电)
[2026-04-09 07:21:45] INFO     继电器执行 -> OFF
[2026-04-09 07:21:45] INFO     物理断电静置 25.0s
[2026-04-09 07:22:10] INFO     【结论】 [PASS] 成功关键字: voice_msgnum:10
[2026-04-09 07:22:10] INFO     统计 -> 成功: 648 | 失败: 0 | 异常: 0 | 成功率: 100.0%
[2026-04-09 07:22:10] INFO     
-------------------- 第 649 轮 | 最大监听: 27.8s --------------------
[2026-04-09 07:22:10] INFO     继电器 ON (开始充电)
[2026-04-09 07:22:10] INFO     继电器执行 -> ON
[2026-04-09 07:22:21] INFO     捕获目标指令: voice_msgnum:10
[2026-04-09 07:22:21] INFO     状态维稳，保持闭合 25.0s
[2026-04-09 07:22:46] INFO     继电器 OFF (切断充电)
[2026-04-09 07:22:46] INFO     继电器执行 -> OFF
[2026-04-09 07:22:46] INFO     物理断电静置 25.0s
[2026-04-09 07:23:11] INFO     【结论】 [PASS] 成功关键字: voice_msgnum:10
[2026-04-09 07:23:11] INFO     统计 -> 成功: 649 | 失败: 0 | 异常: 0 | 成功率: 100.0%
[2026-04-09 07:23:11] INFO     
-------------------- 第 650 轮 | 最大监听: 27.1s --------------------
[2026-04-09 07:23:11] INFO     继电器 ON (开始充电)
[2026-04-09 07:23:11] INFO     继电器执行 -> ON
[2026-04-09 07:23:23] INFO     捕获目标指令: voice_msgnum:10
[2026-04-09 07:23:23] INFO     状态维稳，保持闭合 25.0s
[2026-04-09 07:23:48] INFO     继电器 OFF (切断充电)
[2026-04-09 07:23:48] INFO     继电器执行 -> OFF
[2026-04-09 07:23:48] INFO     物理断电静置 25.0s
[2026-04-09 07:24:13] INFO     【结论】 [PASS] 成功关键字: voice_msgnum:10
[2026-04-09 07:24:13] INFO     统计 -> 成功: 650 | 失败: 0 | 异常: 0 | 成功率: 100.0%
[2026-04-09 07:24:13] INFO     
-------------------- 第 651 轮 | 最大监听: 28.5s --------------------
[2026-04-09 07:24:13] INFO     继电器 ON (开始充电)
[2026-04-09 07:24:13] INFO     继电器执行 -> ON
[2026-04-09 07:24:24] INFO     捕获目标指令: voice_msgnum:10
[2026-04-09 07:24:24] INFO     状态维稳，保持闭合 25.0s
[2026-04-09 07:24:49] INFO     继电器 OFF (切断充电)
[2026-04-09 07:24:49] INFO     继电器执行 -> OFF
[2026-04-09 07:24:49] INFO     物理断电静置 25.0s
[2026-04-09 07:25:14] INFO     【结论】 [PASS] 成功关键字: voice_msgnum:10
[2026-04-09 07:25:14] INFO     统计 -> 成功: 651 | 失败: 0 | 异常: 0 | 成功率: 100.0%
[2026-04-09 07:25:14] INFO     
-------------------- 第 652 轮 | 最大监听: 29.6s --------------------
[2026-04-09 07:25:14] INFO     继电器 ON (开始充电)
[2026-04-09 07:25:14] INFO     继电器执行 -> ON
[2026-04-09 07:25:26] INFO     捕获目标指令: voice_msgnum:10
[2026-04-09 07:25:26] INFO     状态维稳，保持闭合 25.0s
[2026-04-09 07:25:51] INFO     继电器 OFF (切断充电)
[2026-04-09 07:25:51] INFO     继电器执行 -> OFF
[2026-04-09 07:25:51] INFO     物理断电静置 25.0s
[2026-04-09 07:26:16] INFO     【结论】 [PASS] 成功关键字: voice_msgnum:10
[2026-04-09 07:26:16] INFO     统计 -> 成功: 652 | 失败: 0 | 异常: 0 | 成功率: 100.0%
[2026-04-09 07:26:16] INFO     
-------------------- 第 653 轮 | 最大监听: 26.9s --------------------
[2026-04-09 07:26:16] INFO     继电器 ON (开始充电)
[2026-04-09 07:26:16] INFO     继电器执行 -> ON
[2026-04-09 07:26:27] INFO     捕获目标指令: voice_msgnum:10
[2026-04-09 07:26:27] INFO     状态维稳，保持闭合 25.0s
[2026-04-09 07:26:52] INFO     继电器 OFF (切断充电)
[2026-04-09 07:26:53] INFO     继电器执行 -> OFF
[2026-04-09 07:26:53] INFO     物理断电静置 25.0s
[2026-04-09 07:27:18] INFO     【结论】 [PASS] 成功关键字: voice_msgnum:10
[2026-04-09 07:27:18] INFO     统计 -> 成功: 653 | 失败: 0 | 异常: 0 | 成功率: 100.0%
[2026-04-09 07:27:18] INFO     
-------------------- 第 654 轮 | 最大监听: 28.6s --------------------
[2026-04-09 07:27:18] INFO     继电器 ON (开始充电)
[2026-04-09 07:27:18] INFO     继电器执行 -> ON
[2026-04-09 07:27:29] INFO     捕获目标指令: voice_msgnum:10
[2026-04-09 07:27:29] INFO     状态维稳，保持闭合 25.0s
[2026-04-09 07:27:54] INFO     继电器 OFF (切断充电)
[2026-04-09 07:27:54] INFO     继电器执行 -> OFF
[2026-04-09 07:27:54] INFO     物理断电静置 25.0s
[2026-04-09 07:28:19] INFO     【结论】 [PASS] 成功关键字: voice_msgnum:10
[2026-04-09 07:28:19] INFO     统计 -> 成功: 654 | 失败: 0 | 异常: 0 | 成功率: 100.0%
[2026-04-09 07:28:19] INFO     
-------------------- 第 655 轮 | 最大监听: 25.8s --------------------
[2026-04-09 07:28:19] INFO     继电器 ON (开始充电)
[2026-04-09 07:28:19] INFO     继电器执行 -> ON
[2026-04-09 07:28:31] INFO     捕获目标指令: voice_msgnum:10
[2026-04-09 07:28:31] INFO     状态维稳，保持闭合 25.0s
[2026-04-09 07:28:56] INFO     继电器 OFF (切断充电)
[2026-04-09 07:28:56] INFO     继电器执行 -> OFF
[2026-04-09 07:28:56] INFO     物理断电静置 25.0s
[2026-04-09 07:29:21] INFO     【结论】 [PASS] 成功关键字: voice_msgnum:10
[2026-04-09 07:29:21] INFO     统计 -> 成功: 655 | 失败: 0 | 异常: 0 | 成功率: 100.0%
[2026-04-09 07:29:21] INFO     
-------------------- 第 656 轮 | 最大监听: 26.7s --------------------
[2026-04-09 07:29:21] INFO     继电器 ON (开始充电)
[2026-04-09 07:29:21] INFO     继电器执行 -> ON
[2026-04-09 07:29:32] INFO     捕获目标指令: voice_msgnum:10
[2026-04-09 07:29:32] INFO     状态维稳，保持闭合 25.0s
[2026-04-09 07:29:57] INFO     继电器 OFF (切断充电)
[2026-04-09 07:29:57] INFO     继电器执行 -> OFF
[2026-04-09 07:29:57] INFO     物理断电静置 25.0s
[2026-04-09 07:30:22] INFO     【结论】 [PASS] 成功关键字: voice_msgnum:10
[2026-04-09 07:30:22] INFO     统计 -> 成功: 656 | 失败: 0 | 异常: 0 | 成功率: 100.0%
[2026-04-09 07:30:22] INFO     
-------------------- 第 657 轮 | 最大监听: 25.8s --------------------
[2026-04-09 07:30:22] INFO     继电器 ON (开始充电)
[2026-04-09 07:30:22] INFO     继电器执行 -> ON
[2026-04-09 07:30:34] INFO     捕获目标指令: voice_msgnum:10
[2026-04-09 07:30:34] INFO     状态维稳，保持闭合 25.0s
[2026-04-09 07:30:59] INFO     继电器 OFF (切断充电)
[2026-04-09 07:30:59] INFO     继电器执行 -> OFF
[2026-04-09 07:30:59] INFO     物理断电静置 25.0s
[2026-04-09 07:31:24] INFO     【结论】 [PASS] 成功关键字: voice_msgnum:10
[2026-04-09 07:31:24] INFO     统计 -> 成功: 657 | 失败: 0 | 异常: 0 | 成功率: 100.0%
[2026-04-09 07:31:24] INFO     
-------------------- 第 658 轮 | 最大监听: 26.3s --------------------
[2026-04-09 07:31:24] INFO     继电器 ON (开始充电)
[2026-04-09 07:31:24] INFO     继电器执行 -> ON
[2026-04-09 07:31:35] INFO     捕获目标指令: voice_msgnum:10
[2026-04-09 07:31:35] INFO     状态维稳，保持闭合 25.0s
[2026-04-09 07:32:00] INFO     继电器 OFF (切断充电)
[2026-04-09 07:32:01] INFO     继电器执行 -> OFF
[2026-04-09 07:32:01] INFO     物理断电静置 25.0s
[2026-04-09 07:32:26] INFO     【结论】 [PASS] 成功关键字: voice_msgnum:10
[2026-04-09 07:32:26] INFO     统计 -> 成功: 658 | 失败: 0 | 异常: 0 | 成功率: 100.0%
[2026-04-09 07:32:26] INFO     
-------------------- 第 659 轮 | 最大监听: 26.7s --------------------
[2026-04-09 07:32:26] INFO     继电器 ON (开始充电)
[2026-04-09 07:32:26] INFO     继电器执行 -> ON
[2026-04-09 07:32:37] INFO     捕获目标指令: voice_msgnum:10
[2026-04-09 07:32:37] INFO     状态维稳，保持闭合 25.0s
[2026-04-09 07:33:02] INFO     继电器 OFF (切断充电)
[2026-04-09 07:33:02] INFO     继电器执行 -> OFF
[2026-04-09 07:33:02] INFO     物理断电静置 25.0s
[2026-04-09 07:33:27] INFO     【结论】 [PASS] 成功关键字: voice_msgnum:10
[2026-04-09 07:33:27] INFO     统计 -> 成功: 659 | 失败: 0 | 异常: 0 | 成功率: 100.0%
[2026-04-09 07:33:27] INFO     
-------------------- 第 660 轮 | 最大监听: 26.3s --------------------
[2026-04-09 07:33:27] INFO     继电器 ON (开始充电)
[2026-04-09 07:33:27] INFO     继电器执行 -> ON
[2026-04-09 07:33:39] INFO     捕获目标指令: voice_msgnum:10
[2026-04-09 07:33:39] INFO     状态维稳，保持闭合 25.0s
[2026-04-09 07:34:04] INFO     继电器 OFF (切断充电)
[2026-04-09 07:34:04] INFO     继电器执行 -> OFF
[2026-04-09 07:34:04] INFO     物理断电静置 25.0s
[2026-04-09 07:34:29] INFO     【结论】 [PASS] 成功关键字: voice_msgnum:10
[2026-04-09 07:34:29] INFO     统计 -> 成功: 660 | 失败: 0 | 异常: 0 | 成功率: 100.0%
[2026-04-09 07:34:29] INFO     
-------------------- 第 661 轮 | 最大监听: 28.5s --------------------
[2026-04-09 07:34:29] INFO     继电器 ON (开始充电)
[2026-04-09 07:34:29] INFO     继电器执行 -> ON
[2026-04-09 07:34:40] INFO     捕获目标指令: voice_msgnum:10
[2026-04-09 07:34:40] INFO     状态维稳，保持闭合 25.0s
[2026-04-09 07:35:05] INFO     继电器 OFF (切断充电)
[2026-04-09 07:35:05] INFO     继电器执行 -> OFF
[2026-04-09 07:35:05] INFO     物理断电静置 25.0s
[2026-04-09 07:35:30] INFO     【结论】 [PASS] 成功关键字: voice_msgnum:10
[2026-04-09 07:35:30] INFO     统计 -> 成功: 661 | 失败: 0 | 异常: 0 | 成功率: 100.0%
[2026-04-09 07:35:30] INFO     
-------------------- 第 662 轮 | 最大监听: 25.9s --------------------
[2026-04-09 07:35:30] INFO     继电器 ON (开始充电)
[2026-04-09 07:35:30] INFO     继电器执行 -> ON
[2026-04-09 07:35:42] INFO     捕获目标指令: voice_msgnum:10
[2026-04-09 07:35:42] INFO     状态维稳，保持闭合 25.0s
[2026-04-09 07:36:07] INFO     继电器 OFF (切断充电)
[2026-04-09 07:36:07] INFO     继电器执行 -> OFF
[2026-04-09 07:36:07] INFO     物理断电静置 25.0s
[2026-04-09 07:36:32] INFO     【结论】 [PASS] 成功关键字: voice_msgnum:10
[2026-04-09 07:36:32] INFO     统计 -> 成功: 662 | 失败: 0 | 异常: 0 | 成功率: 100.0%
[2026-04-09 07:36:32] INFO     
-------------------- 第 663 轮 | 最大监听: 27.7s --------------------
[2026-04-09 07:36:32] INFO     继电器 ON (开始充电)
[2026-04-09 07:36:32] INFO     继电器执行 -> ON
[2026-04-09 07:36:43] INFO     捕获目标指令: voice_msgnum:10
[2026-04-09 07:36:43] INFO     状态维稳，保持闭合 25.0s
[2026-04-09 07:37:08] INFO     继电器 OFF (切断充电)
[2026-04-09 07:37:09] INFO     继电器执行 -> OFF
[2026-04-09 07:37:09] INFO     物理断电静置 25.0s
[2026-04-09 07:37:34] INFO     【结论】 [PASS] 成功关键字: voice_msgnum:10
[2026-04-09 07:37:34] INFO     统计 -> 成功: 663 | 失败: 0 | 异常: 0 | 成功率: 100.0%
[2026-04-09 07:37:34] INFO     
-------------------- 第 664 轮 | 最大监听: 27.7s --------------------
[2026-04-09 07:37:34] INFO     继电器 ON (开始充电)
[2026-04-09 07:37:34] INFO     继电器执行 -> ON
[2026-04-09 07:37:45] INFO     捕获目标指令: voice_msgnum:10
[2026-04-09 07:37:45] INFO     状态维稳，保持闭合 25.0s
[2026-04-09 07:38:10] INFO     继电器 OFF (切断充电)
[2026-04-09 07:38:10] INFO     继电器执行 -> OFF
[2026-04-09 07:38:10] INFO     物理断电静置 25.0s
[2026-04-09 07:38:35] INFO     【结论】 [PASS] 成功关键字: voice_msgnum:10
[2026-04-09 07:38:35] INFO     统计 -> 成功: 664 | 失败: 0 | 异常: 0 | 成功率: 100.0%
[2026-04-09 07:38:35] INFO     
-------------------- 第 665 轮 | 最大监听: 27.9s --------------------
[2026-04-09 07:38:35] INFO     继电器 ON (开始充电)
[2026-04-09 07:38:35] INFO     继电器执行 -> ON
[2026-04-09 07:38:47] INFO     捕获目标指令: voice_msgnum:10
[2026-04-09 07:38:47] INFO     状态维稳，保持闭合 25.0s
[2026-04-09 07:39:12] INFO     继电器 OFF (切断充电)
[2026-04-09 07:39:12] INFO     继电器执行 -> OFF
[2026-04-09 07:39:12] INFO     物理断电静置 25.0s
[2026-04-09 07:39:37] INFO     【结论】 [PASS] 成功关键字: voice_msgnum:10
[2026-04-09 07:39:37] INFO     统计 -> 成功: 665 | 失败: 0 | 异常: 0 | 成功率: 100.0%
[2026-04-09 07:39:37] INFO     
-------------------- 第 666 轮 | 最大监听: 28.8s --------------------
[2026-04-09 07:39:37] INFO     继电器 ON (开始充电)
[2026-04-09 07:39:37] INFO     继电器执行 -> ON
[2026-04-09 07:39:48] INFO     捕获目标指令: voice_msgnum:10
[2026-04-09 07:39:48] INFO     状态维稳，保持闭合 25.0s
[2026-04-09 07:40:13] INFO     继电器 OFF (切断充电)
[2026-04-09 07:40:13] INFO     继电器执行 -> OFF
[2026-04-09 07:40:13] INFO     物理断电静置 25.0s
[2026-04-09 07:40:38] INFO     【结论】 [PASS] 成功关键字: voice_msgnum:10
[2026-04-09 07:40:38] INFO     统计 -> 成功: 666 | 失败: 0 | 异常: 0 | 成功率: 100.0%
[2026-04-09 07:40:38] INFO     
-------------------- 第 667 轮 | 最大监听: 29.9s --------------------
[2026-04-09 07:40:38] INFO     继电器 ON (开始充电)
[2026-04-09 07:40:38] INFO     继电器执行 -> ON
[2026-04-09 07:40:50] INFO     捕获目标指令: voice_msgnum:10
[2026-04-09 07:40:50] INFO     状态维稳，保持闭合 25.0s
[2026-04-09 07:41:15] INFO     继电器 OFF (切断充电)
[2026-04-09 07:41:15] INFO     继电器执行 -> OFF
[2026-04-09 07:41:15] INFO     物理断电静置 25.0s
[2026-04-09 07:41:40] INFO     【结论】 [PASS] 成功关键字: voice_msgnum:10
[2026-04-09 07:41:40] INFO     统计 -> 成功: 667 | 失败: 0 | 异常: 0 | 成功率: 100.0%
[2026-04-09 07:41:40] INFO     
-------------------- 第 668 轮 | 最大监听: 25.0s --------------------
[2026-04-09 07:41:40] INFO     继电器 ON (开始充电)
[2026-04-09 07:41:40] INFO     继电器执行 -> ON
[2026-04-09 07:41:51] INFO     捕获目标指令: voice_msgnum:10
[2026-04-09 07:41:51] INFO     状态维稳，保持闭合 25.0s
[2026-04-09 07:42:16] INFO     继电器 OFF (切断充电)
[2026-04-09 07:42:16] INFO     继电器执行 -> OFF
[2026-04-09 07:42:16] INFO     物理断电静置 25.0s
[2026-04-09 07:42:41] INFO     【结论】 [PASS] 成功关键字: voice_msgnum:10
[2026-04-09 07:42:41] INFO     统计 -> 成功: 668 | 失败: 0 | 异常: 0 | 成功率: 100.0%
[2026-04-09 07:42:41] INFO     
-------------------- 第 669 轮 | 最大监听: 27.8s --------------------
[2026-04-09 07:42:41] INFO     继电器 ON (开始充电)
[2026-04-09 07:42:42] INFO     继电器执行 -> ON
[2026-04-09 07:42:53] INFO     捕获目标指令: voice_msgnum:10
[2026-04-09 07:42:53] INFO     状态维稳，保持闭合 25.0s
[2026-04-09 07:43:18] INFO     继电器 OFF (切断充电)
[2026-04-09 07:43:18] INFO     继电器执行 -> OFF
[2026-04-09 07:43:18] INFO     物理断电静置 25.0s
[2026-04-09 07:43:43] INFO     【结论】 [PASS] 成功关键字: voice_msgnum:10
[2026-04-09 07:43:43] INFO     统计 -> 成功: 669 | 失败: 0 | 异常: 0 | 成功率: 100.0%
[2026-04-09 07:43:43] INFO     
-------------------- 第 670 轮 | 最大监听: 25.7s --------------------
[2026-04-09 07:43:43] INFO     继电器 ON (开始充电)
[2026-04-09 07:43:43] INFO     继电器执行 -> ON
[2026-04-09 07:43:55] INFO     捕获目标指令: voice_msgnum:10
[2026-04-09 07:43:55] INFO     状态维稳，保持闭合 25.0s
[2026-04-09 07:44:20] INFO     继电器 OFF (切断充电)
[2026-04-09 07:44:20] INFO     继电器执行 -> OFF
[2026-04-09 07:44:20] INFO     物理断电静置 25.0s
[2026-04-09 07:44:45] INFO     【结论】 [PASS] 成功关键字: voice_msgnum:10
[2026-04-09 07:44:45] INFO     统计 -> 成功: 670 | 失败: 0 | 异常: 0 | 成功率: 100.0%
[2026-04-09 07:44:45] INFO     
-------------------- 第 671 轮 | 最大监听: 27.5s --------------------
[2026-04-09 07:44:45] INFO     继电器 ON (开始充电)
[2026-04-09 07:44:45] INFO     继电器执行 -> ON
[2026-04-09 07:44:56] INFO     捕获目标指令: voice_msgnum:10
[2026-04-09 07:44:56] INFO     状态维稳，保持闭合 25.0s
[2026-04-09 07:45:21] INFO     继电器 OFF (切断充电)
[2026-04-09 07:45:21] INFO     继电器执行 -> OFF
[2026-04-09 07:45:21] INFO     物理断电静置 25.0s
[2026-04-09 07:45:46] INFO     【结论】 [PASS] 成功关键字: voice_msgnum:10
[2026-04-09 07:45:46] INFO     统计 -> 成功: 671 | 失败: 0 | 异常: 0 | 成功率: 100.0%
[2026-04-09 07:45:46] INFO     
-------------------- 第 672 轮 | 最大监听: 28.6s --------------------
[2026-04-09 07:45:46] INFO     继电器 ON (开始充电)
[2026-04-09 07:45:46] INFO     继电器执行 -> ON
[2026-04-09 07:45:58] INFO     捕获目标指令: voice_msgnum:10
[2026-04-09 07:45:58] INFO     状态维稳，保持闭合 25.0s
[2026-04-09 07:46:23] INFO     继电器 OFF (切断充电)
[2026-04-09 07:46:23] INFO     继电器执行 -> OFF
[2026-04-09 07:46:23] INFO     物理断电静置 25.0s
[2026-04-09 07:46:48] INFO     【结论】 [PASS] 成功关键字: voice_msgnum:10
[2026-04-09 07:46:48] INFO     统计 -> 成功: 672 | 失败: 0 | 异常: 0 | 成功率: 100.0%
[2026-04-09 07:46:48] INFO     
-------------------- 第 673 轮 | 最大监听: 30.0s --------------------
[2026-04-09 07:46:48] INFO     继电器 ON (开始充电)
[2026-04-09 07:46:48] INFO     继电器执行 -> ON
[2026-04-09 07:46:59] INFO     捕获目标指令: voice_msgnum:10
[2026-04-09 07:46:59] INFO     状态维稳，保持闭合 25.0s
[2026-04-09 07:47:24] INFO     继电器 OFF (切断充电)
[2026-04-09 07:47:24] INFO     继电器执行 -> OFF
[2026-04-09 07:47:24] INFO     物理断电静置 25.0s
[2026-04-09 07:47:49] INFO     【结论】 [PASS] 成功关键字: voice_msgnum:10
[2026-04-09 07:47:49] INFO     统计 -> 成功: 673 | 失败: 0 | 异常: 0 | 成功率: 100.0%
[2026-04-09 07:47:49] INFO     
-------------------- 第 674 轮 | 最大监听: 28.9s --------------------
[2026-04-09 07:47:49] INFO     继电器 ON (开始充电)
[2026-04-09 07:47:50] INFO     继电器执行 -> ON
[2026-04-09 07:48:01] INFO     捕获目标指令: voice_msgnum:10
[2026-04-09 07:48:01] INFO     状态维稳，保持闭合 25.0s
[2026-04-09 07:48:26] INFO     继电器 OFF (切断充电)
[2026-04-09 07:48:26] INFO     继电器执行 -> OFF
[2026-04-09 07:48:26] INFO     物理断电静置 25.0s
[2026-04-09 07:48:51] INFO     【结论】 [PASS] 成功关键字: voice_msgnum:10
[2026-04-09 07:48:51] INFO     统计 -> 成功: 674 | 失败: 0 | 异常: 0 | 成功率: 100.0%
[2026-04-09 07:48:51] INFO     
-------------------- 第 675 轮 | 最大监听: 27.4s --------------------
[2026-04-09 07:48:51] INFO     继电器 ON (开始充电)
[2026-04-09 07:48:51] INFO     继电器执行 -> ON
[2026-04-09 07:49:03] INFO     捕获目标指令: voice_msgnum:10
[2026-04-09 07:49:03] INFO     状态维稳，保持闭合 25.0s
[2026-04-09 07:49:28] INFO     继电器 OFF (切断充电)
[2026-04-09 07:49:28] INFO     继电器执行 -> OFF
[2026-04-09 07:49:28] INFO     物理断电静置 25.0s
[2026-04-09 07:49:53] INFO     【结论】 [PASS] 成功关键字: voice_msgnum:10
[2026-04-09 07:49:53] INFO     统计 -> 成功: 675 | 失败: 0 | 异常: 0 | 成功率: 100.0%
[2026-04-09 07:49:53] INFO     
-------------------- 第 676 轮 | 最大监听: 27.3s --------------------
[2026-04-09 07:49:53] INFO     继电器 ON (开始充电)
[2026-04-09 07:49:53] INFO     继电器执行 -> ON
[2026-04-09 07:50:04] INFO     捕获目标指令: voice_msgnum:10
[2026-04-09 07:50:04] INFO     状态维稳，保持闭合 25.0s
[2026-04-09 07:50:29] INFO     继电器 OFF (切断充电)
[2026-04-09 07:50:29] INFO     继电器执行 -> OFF
[2026-04-09 07:50:29] INFO     物理断电静置 25.0s
[2026-04-09 07:50:54] INFO     【结论】 [PASS] 成功关键字: voice_msgnum:10
[2026-04-09 07:50:54] INFO     统计 -> 成功: 676 | 失败: 0 | 异常: 0 | 成功率: 100.0%
[2026-04-09 07:50:54] INFO     
-------------------- 第 677 轮 | 最大监听: 27.2s --------------------
[2026-04-09 07:50:54] INFO     继电器 ON (开始充电)
[2026-04-09 07:50:54] INFO     继电器执行 -> ON
[2026-04-09 07:51:06] INFO     捕获目标指令: voice_msgnum:10
[2026-04-09 07:51:06] INFO     状态维稳，保持闭合 25.0s
[2026-04-09 07:51:31] INFO     继电器 OFF (切断充电)
[2026-04-09 07:51:31] INFO     继电器执行 -> OFF
[2026-04-09 07:51:31] INFO     物理断电静置 25.0s
[2026-04-09 07:51:56] INFO     【结论】 [PASS] 成功关键字: voice_msgnum:10
[2026-04-09 07:51:56] INFO     统计 -> 成功: 677 | 失败: 0 | 异常: 0 | 成功率: 100.0%
[2026-04-09 07:51:56] INFO     
-------------------- 第 678 轮 | 最大监听: 27.4s --------------------
[2026-04-09 07:51:56] INFO     继电器 ON (开始充电)
[2026-04-09 07:51:56] INFO     继电器执行 -> ON
[2026-04-09 07:52:07] INFO     捕获目标指令: voice_msgnum:10
[2026-04-09 07:52:07] INFO     状态维稳，保持闭合 25.0s
[2026-04-09 07:52:32] INFO     继电器 OFF (切断充电)
[2026-04-09 07:52:32] INFO     继电器执行 -> OFF
[2026-04-09 07:52:32] INFO     物理断电静置 25.0s
[2026-04-09 07:52:57] INFO     【结论】 [PASS] 成功关键字: voice_msgnum:10
[2026-04-09 07:52:57] INFO     统计 -> 成功: 678 | 失败: 0 | 异常: 0 | 成功率: 100.0%
[2026-04-09 07:52:57] INFO     
-------------------- 第 679 轮 | 最大监听: 28.3s --------------------
[2026-04-09 07:52:57] INFO     继电器 ON (开始充电)
[2026-04-09 07:52:58] INFO     继电器执行 -> ON
[2026-04-09 07:53:09] INFO     捕获目标指令: voice_msgnum:10
[2026-04-09 07:53:09] INFO     状态维稳，保持闭合 25.0s
[2026-04-09 07:53:34] INFO     继电器 OFF (切断充电)
[2026-04-09 07:53:34] INFO     继电器执行 -> OFF
[2026-04-09 07:53:34] INFO     物理断电静置 25.0s
[2026-04-09 07:53:59] INFO     【结论】 [PASS] 成功关键字: voice_msgnum:10
[2026-04-09 07:53:59] INFO     统计 -> 成功: 679 | 失败: 0 | 异常: 0 | 成功率: 100.0%
[2026-04-09 07:53:59] INFO     
-------------------- 第 680 轮 | 最大监听: 28.4s --------------------
[2026-04-09 07:53:59] INFO     继电器 ON (开始充电)
[2026-04-09 07:53:59] INFO     继电器执行 -> ON
[2026-04-09 07:54:11] INFO     捕获目标指令: voice_msgnum:10
[2026-04-09 07:54:11] INFO     状态维稳，保持闭合 25.0s
[2026-04-09 07:54:36] INFO     继电器 OFF (切断充电)
[2026-04-09 07:54:36] INFO     继电器执行 -> OFF
[2026-04-09 07:54:36] INFO     物理断电静置 25.0s
[2026-04-09 07:55:01] INFO     【结论】 [PASS] 成功关键字: voice_msgnum:10
[2026-04-09 07:55:01] INFO     统计 -> 成功: 680 | 失败: 0 | 异常: 0 | 成功率: 100.0%
[2026-04-09 07:55:01] INFO     
-------------------- 第 681 轮 | 最大监听: 25.2s --------------------
[2026-04-09 07:55:01] INFO     继电器 ON (开始充电)
[2026-04-09 07:55:01] INFO     继电器执行 -> ON
[2026-04-09 07:55:12] INFO     捕获目标指令: voice_msgnum:10
[2026-04-09 07:55:12] INFO     状态维稳，保持闭合 25.0s
[2026-04-09 07:55:37] INFO     继电器 OFF (切断充电)
[2026-04-09 07:55:37] INFO     继电器执行 -> OFF
[2026-04-09 07:55:37] INFO     物理断电静置 25.0s
[2026-04-09 07:56:02] INFO     【结论】 [PASS] 成功关键字: voice_msgnum:10
[2026-04-09 07:56:02] INFO     统计 -> 成功: 681 | 失败: 0 | 异常: 0 | 成功率: 100.0%
[2026-04-09 07:56:02] INFO     
-------------------- 第 682 轮 | 最大监听: 26.7s --------------------
[2026-04-09 07:56:02] INFO     继电器 ON (开始充电)
[2026-04-09 07:56:02] INFO     继电器执行 -> ON
[2026-04-09 07:56:14] INFO     捕获目标指令: voice_msgnum:10
[2026-04-09 07:56:14] INFO     状态维稳，保持闭合 25.0s
[2026-04-09 07:56:39] INFO     继电器 OFF (切断充电)
[2026-04-09 07:56:39] INFO     继电器执行 -> OFF
[2026-04-09 07:56:39] INFO     物理断电静置 25.0s
[2026-04-09 07:57:04] INFO     【结论】 [PASS] 成功关键字: voice_msgnum:10
[2026-04-09 07:57:04] INFO     统计 -> 成功: 682 | 失败: 0 | 异常: 0 | 成功率: 100.0%
[2026-04-09 07:57:04] INFO     
-------------------- 第 683 轮 | 最大监听: 29.7s --------------------
[2026-04-09 07:57:04] INFO     继电器 ON (开始充电)
[2026-04-09 07:57:04] INFO     继电器执行 -> ON
[2026-04-09 07:57:15] INFO     捕获目标指令: voice_msgnum:10
[2026-04-09 07:57:15] INFO     状态维稳，保持闭合 25.0s
[2026-04-09 07:57:40] INFO     继电器 OFF (切断充电)
[2026-04-09 07:57:40] INFO     继电器执行 -> OFF
[2026-04-09 07:57:40] INFO     物理断电静置 25.0s
[2026-04-09 07:58:05] INFO     【结论】 [PASS] 成功关键字: voice_msgnum:10
[2026-04-09 07:58:05] INFO     统计 -> 成功: 683 | 失败: 0 | 异常: 0 | 成功率: 100.0%
[2026-04-09 07:58:05] INFO     
-------------------- 第 684 轮 | 最大监听: 25.9s --------------------
[2026-04-09 07:58:05] INFO     继电器 ON (开始充电)
[2026-04-09 07:58:06] INFO     继电器执行 -> ON
[2026-04-09 07:58:17] INFO     捕获目标指令: voice_msgnum:10
[2026-04-09 07:58:17] INFO     状态维稳，保持闭合 25.0s
[2026-04-09 07:58:42] INFO     继电器 OFF (切断充电)
[2026-04-09 07:58:42] INFO     继电器执行 -> OFF
[2026-04-09 07:58:42] INFO     物理断电静置 25.0s
[2026-04-09 07:59:07] INFO     【结论】 [PASS] 成功关键字: voice_msgnum:10
[2026-04-09 07:59:07] INFO     统计 -> 成功: 684 | 失败: 0 | 异常: 0 | 成功率: 100.0%
[2026-04-09 07:59:07] INFO     
-------------------- 第 685 轮 | 最大监听: 29.2s --------------------
[2026-04-09 07:59:07] INFO     继电器 ON (开始充电)
[2026-04-09 07:59:07] INFO     继电器执行 -> ON
[2026-04-09 07:59:19] INFO     捕获目标指令: voice_msgnum:10
[2026-04-09 07:59:19] INFO     状态维稳，保持闭合 25.0s
[2026-04-09 07:59:44] INFO     继电器 OFF (切断充电)
[2026-04-09 07:59:44] INFO     继电器执行 -> OFF
[2026-04-09 07:59:44] INFO     物理断电静置 25.0s
[2026-04-09 08:00:09] INFO     【结论】 [PASS] 成功关键字: voice_msgnum:10
[2026-04-09 08:00:09] INFO     统计 -> 成功: 685 | 失败: 0 | 异常: 0 | 成功率: 100.0%
[2026-04-09 08:00:09] INFO     
-------------------- 第 686 轮 | 最大监听: 28.6s --------------------
[2026-04-09 08:00:09] INFO     继电器 ON (开始充电)
[2026-04-09 08:00:09] INFO     继电器执行 -> ON
[2026-04-09 08:00:20] INFO     捕获目标指令: voice_msgnum:10
[2026-04-09 08:00:20] INFO     状态维稳，保持闭合 25.0s
[2026-04-09 08:00:45] INFO     继电器 OFF (切断充电)
[2026-04-09 08:00:45] INFO     继电器执行 -> OFF
[2026-04-09 08:00:45] INFO     物理断电静置 25.0s
[2026-04-09 08:01:10] INFO     【结论】 [PASS] 成功关键字: voice_msgnum:10
[2026-04-09 08:01:10] INFO     统计 -> 成功: 686 | 失败: 0 | 异常: 0 | 成功率: 100.0%
[2026-04-09 08:01:10] INFO     
-------------------- 第 687 轮 | 最大监听: 25.2s --------------------
[2026-04-09 08:01:10] INFO     继电器 ON (开始充电)
[2026-04-09 08:01:10] INFO     继电器执行 -> ON
[2026-04-09 08:01:22] INFO     捕获目标指令: voice_msgnum:10
[2026-04-09 08:01:22] INFO     状态维稳，保持闭合 25.0s
[2026-04-09 08:01:47] INFO     继电器 OFF (切断充电)
[2026-04-09 08:01:47] INFO     继电器执行 -> OFF
[2026-04-09 08:01:47] INFO     物理断电静置 25.0s
[2026-04-09 08:02:12] INFO     【结论】 [PASS] 成功关键字: voice_msgnum:10
[2026-04-09 08:02:12] INFO     统计 -> 成功: 687 | 失败: 0 | 异常: 0 | 成功率: 100.0%
[2026-04-09 08:02:12] INFO     
-------------------- 第 688 轮 | 最大监听: 27.2s --------------------
[2026-04-09 08:02:12] INFO     继电器 ON (开始充电)
[2026-04-09 08:02:12] INFO     继电器执行 -> ON
[2026-04-09 08:02:23] INFO     捕获目标指令: voice_msgnum:10
[2026-04-09 08:02:23] INFO     状态维稳，保持闭合 25.0s
[2026-04-09 08:02:48] INFO     继电器 OFF (切断充电)
[2026-04-09 08:02:48] INFO     继电器执行 -> OFF
[2026-04-09 08:02:48] INFO     物理断电静置 25.0s
[2026-04-09 08:03:13] INFO     【结论】 [PASS] 成功关键字: voice_msgnum:10
[2026-04-09 08:03:13] INFO     统计 -> 成功: 688 | 失败: 0 | 异常: 0 | 成功率: 100.0%
[2026-04-09 08:03:13] INFO     
-------------------- 第 689 轮 | 最大监听: 29.8s --------------------
[2026-04-09 08:03:13] INFO     继电器 ON (开始充电)
[2026-04-09 08:03:13] INFO     继电器执行 -> ON
[2026-04-09 08:03:25] INFO     捕获目标指令: voice_msgnum:10
[2026-04-09 08:03:25] INFO     状态维稳，保持闭合 25.0s
[2026-04-09 08:03:50] INFO     继电器 OFF (切断充电)
[2026-04-09 08:03:50] INFO     继电器执行 -> OFF
[2026-04-09 08:03:50] INFO     物理断电静置 25.0s
[2026-04-09 08:04:15] INFO     【结论】 [PASS] 成功关键字: voice_msgnum:10
[2026-04-09 08:04:15] INFO     统计 -> 成功: 689 | 失败: 0 | 异常: 0 | 成功率: 100.0%
[2026-04-09 08:04:15] INFO     
-------------------- 第 690 轮 | 最大监听: 25.2s --------------------
[2026-04-09 08:04:15] INFO     继电器 ON (开始充电)
[2026-04-09 08:04:15] INFO     继电器执行 -> ON
[2026-04-09 08:04:27] INFO     捕获目标指令: voice_msgnum:10
[2026-04-09 08:04:27] INFO     状态维稳，保持闭合 25.0s
[2026-04-09 08:04:52] INFO     继电器 OFF (切断充电)
[2026-04-09 08:04:52] INFO     继电器执行 -> OFF
[2026-04-09 08:04:52] INFO     物理断电静置 25.0s
[2026-04-09 08:05:17] INFO     【结论】 [PASS] 成功关键字: voice_msgnum:10
[2026-04-09 08:05:17] INFO     统计 -> 成功: 690 | 失败: 0 | 异常: 0 | 成功率: 100.0%
[2026-04-09 08:05:17] INFO     
-------------------- 第 691 轮 | 最大监听: 25.5s --------------------
[2026-04-09 08:05:17] INFO     继电器 ON (开始充电)
[2026-04-09 08:05:17] INFO     继电器执行 -> ON
[2026-04-09 08:05:28] INFO     捕获目标指令: voice_msgnum:10
[2026-04-09 08:05:28] INFO     状态维稳，保持闭合 25.0s
[2026-04-09 08:05:53] INFO     继电器 OFF (切断充电)
[2026-04-09 08:05:53] INFO     继电器执行 -> OFF
[2026-04-09 08:05:53] INFO     物理断电静置 25.0s
[2026-04-09 08:06:18] INFO     【结论】 [PASS] 成功关键字: voice_msgnum:10
[2026-04-09 08:06:18] INFO     统计 -> 成功: 691 | 失败: 0 | 异常: 0 | 成功率: 100.0%
[2026-04-09 08:06:18] INFO     
-------------------- 第 692 轮 | 最大监听: 29.4s --------------------
[2026-04-09 08:06:18] INFO     继电器 ON (开始充电)
[2026-04-09 08:06:18] INFO     继电器执行 -> ON
[2026-04-09 08:06:30] INFO     捕获目标指令: voice_msgnum:10
[2026-04-09 08:06:30] INFO     状态维稳，保持闭合 25.0s
[2026-04-09 08:06:55] INFO     继电器 OFF (切断充电)
[2026-04-09 08:06:55] INFO     继电器执行 -> OFF
[2026-04-09 08:06:55] INFO     物理断电静置 25.0s
[2026-04-09 08:07:20] INFO     【结论】 [PASS] 成功关键字: voice_msgnum:10
[2026-04-09 08:07:20] INFO     统计 -> 成功: 692 | 失败: 0 | 异常: 0 | 成功率: 100.0%
[2026-04-09 08:07:20] INFO     
-------------------- 第 693 轮 | 最大监听: 26.4s --------------------
[2026-04-09 08:07:20] INFO     继电器 ON (开始充电)
[2026-04-09 08:07:20] INFO     继电器执行 -> ON
[2026-04-09 08:07:31] INFO     捕获目标指令: voice_msgnum:10
[2026-04-09 08:07:31] INFO     状态维稳，保持闭合 25.0s
[2026-04-09 08:07:56] INFO     继电器 OFF (切断充电)
[2026-04-09 08:07:56] INFO     继电器执行 -> OFF
[2026-04-09 08:07:56] INFO     物理断电静置 25.0s
[2026-04-09 08:08:21] INFO     【结论】 [PASS] 成功关键字: voice_msgnum:10
[2026-04-09 08:08:21] INFO     统计 -> 成功: 693 | 失败: 0 | 异常: 0 | 成功率: 100.0%
[2026-04-09 08:08:21] INFO     
-------------------- 第 694 轮 | 最大监听: 27.2s --------------------
[2026-04-09 08:08:21] INFO     继电器 ON (开始充电)
[2026-04-09 08:08:21] INFO     继电器执行 -> ON
[2026-04-09 08:08:33] INFO     捕获目标指令: voice_msgnum:10
[2026-04-09 08:08:33] INFO     状态维稳，保持闭合 25.0s
[2026-04-09 08:08:58] INFO     继电器 OFF (切断充电)
[2026-04-09 08:08:58] INFO     继电器执行 -> OFF
[2026-04-09 08:08:58] INFO     物理断电静置 25.0s
[2026-04-09 08:09:23] INFO     【结论】 [PASS] 成功关键字: voice_msgnum:10
[2026-04-09 08:09:23] INFO     统计 -> 成功: 694 | 失败: 0 | 异常: 0 | 成功率: 100.0%
[2026-04-09 08:09:23] INFO     
-------------------- 第 695 轮 | 最大监听: 26.5s --------------------
[2026-04-09 08:09:23] INFO     继电器 ON (开始充电)
[2026-04-09 08:09:23] INFO     继电器执行 -> ON
[2026-04-09 08:09:35] INFO     捕获目标指令: voice_msgnum:10
[2026-04-09 08:09:35] INFO     状态维稳，保持闭合 25.0s
[2026-04-09 08:10:00] INFO     继电器 OFF (切断充电)
[2026-04-09 08:10:00] INFO     继电器执行 -> OFF
[2026-04-09 08:10:00] INFO     物理断电静置 25.0s
[2026-04-09 08:10:25] INFO     【结论】 [PASS] 成功关键字: voice_msgnum:10
[2026-04-09 08:10:25] INFO     统计 -> 成功: 695 | 失败: 0 | 异常: 0 | 成功率: 100.0%
[2026-04-09 08:10:25] INFO     
-------------------- 第 696 轮 | 最大监听: 27.5s --------------------
[2026-04-09 08:10:25] INFO     继电器 ON (开始充电)
[2026-04-09 08:10:25] INFO     继电器执行 -> ON
[2026-04-09 08:10:36] INFO     捕获目标指令: voice_msgnum:10
[2026-04-09 08:10:36] INFO     状态维稳，保持闭合 25.0s
[2026-04-09 08:11:01] INFO     继电器 OFF (切断充电)
[2026-04-09 08:11:01] INFO     继电器执行 -> OFF
[2026-04-09 08:11:01] INFO     物理断电静置 25.0s
[2026-04-09 08:11:26] INFO     【结论】 [PASS] 成功关键字: voice_msgnum:10
[2026-04-09 08:11:26] INFO     统计 -> 成功: 696 | 失败: 0 | 异常: 0 | 成功率: 100.0%
[2026-04-09 08:11:26] INFO     
-------------------- 第 697 轮 | 最大监听: 28.9s --------------------
[2026-04-09 08:11:26] INFO     继电器 ON (开始充电)
[2026-04-09 08:11:26] INFO     继电器执行 -> ON
[2026-04-09 08:11:38] INFO     捕获目标指令: voice_msgnum:10
[2026-04-09 08:11:38] INFO     状态维稳，保持闭合 25.0s
[2026-04-09 08:12:03] INFO     继电器 OFF (切断充电)
[2026-04-09 08:12:03] INFO     继电器执行 -> OFF
[2026-04-09 08:12:03] INFO     物理断电静置 25.0s
[2026-04-09 08:12:28] INFO     【结论】 [PASS] 成功关键字: voice_msgnum:10
[2026-04-09 08:12:28] INFO     统计 -> 成功: 697 | 失败: 0 | 异常: 0 | 成功率: 100.0%
[2026-04-09 08:12:28] INFO     
-------------------- 第 698 轮 | 最大监听: 25.8s --------------------
[2026-04-09 08:12:28] INFO     继电器 ON (开始充电)
[2026-04-09 08:12:28] INFO     继电器执行 -> ON
[2026-04-09 08:12:39] INFO     捕获目标指令: voice_msgnum:10
[2026-04-09 08:12:39] INFO     状态维稳，保持闭合 25.0s
[2026-04-09 08:13:04] INFO     继电器 OFF (切断充电)
[2026-04-09 08:13:04] INFO     继电器执行 -> OFF
[2026-04-09 08:13:04] INFO     物理断电静置 25.0s
[2026-04-09 08:13:29] INFO     【结论】 [PASS] 成功关键字: voice_msgnum:10
[2026-04-09 08:13:29] INFO     统计 -> 成功: 698 | 失败: 0 | 异常: 0 | 成功率: 100.0%
[2026-04-09 08:13:29] INFO     
-------------------- 第 699 轮 | 最大监听: 28.1s --------------------
[2026-04-09 08:13:29] INFO     继电器 ON (开始充电)
[2026-04-09 08:13:29] INFO     继电器执行 -> ON
[2026-04-09 08:13:41] INFO     捕获目标指令: voice_msgnum:10
[2026-04-09 08:13:41] INFO     状态维稳，保持闭合 25.0s
[2026-04-09 08:14:06] INFO     继电器 OFF (切断充电)
[2026-04-09 08:14:06] INFO     继电器执行 -> OFF
[2026-04-09 08:14:06] INFO     物理断电静置 25.0s
[2026-04-09 08:14:31] INFO     【结论】 [PASS] 成功关键字: voice_msgnum:10
[2026-04-09 08:14:31] INFO     统计 -> 成功: 699 | 失败: 0 | 异常: 0 | 成功率: 100.0%
[2026-04-09 08:14:31] INFO     
-------------------- 第 700 轮 | 最大监听: 28.2s --------------------
[2026-04-09 08:14:31] INFO     继电器 ON (开始充电)
[2026-04-09 08:14:31] INFO     继电器执行 -> ON
[2026-04-09 08:14:43] INFO     捕获目标指令: voice_msgnum:10
[2026-04-09 08:14:43] INFO     状态维稳，保持闭合 25.0s
[2026-04-09 08:15:08] INFO     继电器 OFF (切断充电)
[2026-04-09 08:15:08] INFO     继电器执行 -> OFF
[2026-04-09 08:15:08] INFO     物理断电静置 25.0s
[2026-04-09 08:15:33] INFO     【结论】 [PASS] 成功关键字: voice_msgnum:10
[2026-04-09 08:15:33] INFO     统计 -> 成功: 700 | 失败: 0 | 异常: 0 | 成功率: 100.0%
[2026-04-09 08:15:33] INFO     
-------------------- 第 701 轮 | 最大监听: 25.2s --------------------
[2026-04-09 08:15:33] INFO     继电器 ON (开始充电)
[2026-04-09 08:15:33] INFO     继电器执行 -> ON
[2026-04-09 08:15:44] INFO     捕获目标指令: voice_msgnum:10
[2026-04-09 08:15:44] INFO     状态维稳，保持闭合 25.0s
[2026-04-09 08:16:09] INFO     继电器 OFF (切断充电)
[2026-04-09 08:16:09] INFO     继电器执行 -> OFF
[2026-04-09 08:16:09] INFO     物理断电静置 25.0s
[2026-04-09 08:16:34] INFO     【结论】 [PASS] 成功关键字: voice_msgnum:10
[2026-04-09 08:16:34] INFO     统计 -> 成功: 701 | 失败: 0 | 异常: 0 | 成功率: 100.0%
[2026-04-09 08:16:34] INFO     
-------------------- 第 702 轮 | 最大监听: 26.2s --------------------
[2026-04-09 08:16:34] INFO     继电器 ON (开始充电)
[2026-04-09 08:16:34] INFO     继电器执行 -> ON
[2026-04-09 08:16:46] INFO     捕获目标指令: voice_msgnum:10
[2026-04-09 08:16:46] INFO     状态维稳，保持闭合 25.0s
[2026-04-09 08:17:11] INFO     继电器 OFF (切断充电)
[2026-04-09 08:17:11] INFO     继电器执行 -> OFF
[2026-04-09 08:17:11] INFO     物理断电静置 25.0s
[2026-04-09 08:17:36] INFO     【结论】 [PASS] 成功关键字: voice_msgnum:10
[2026-04-09 08:17:36] INFO     统计 -> 成功: 702 | 失败: 0 | 异常: 0 | 成功率: 100.0%
[2026-04-09 08:17:36] INFO     
-------------------- 第 703 轮 | 最大监听: 26.5s --------------------
[2026-04-09 08:17:36] INFO     继电器 ON (开始充电)
[2026-04-09 08:17:36] INFO     继电器执行 -> ON
[2026-04-09 08:17:47] INFO     捕获目标指令: voice_msgnum:10
[2026-04-09 08:17:47] INFO     状态维稳，保持闭合 25.0s
[2026-04-09 08:18:12] INFO     继电器 OFF (切断充电)
[2026-04-09 08:18:12] INFO     继电器执行 -> OFF
[2026-04-09 08:18:12] INFO     物理断电静置 25.0s
[2026-04-09 08:18:37] INFO     【结论】 [PASS] 成功关键字: voice_msgnum:10
[2026-04-09 08:18:37] INFO     统计 -> 成功: 703 | 失败: 0 | 异常: 0 | 成功率: 100.0%
[2026-04-09 08:18:37] INFO     
-------------------- 第 704 轮 | 最大监听: 29.2s --------------------
[2026-04-09 08:18:37] INFO     继电器 ON (开始充电)
[2026-04-09 08:18:37] INFO     继电器执行 -> ON
[2026-04-09 08:18:49] INFO     捕获目标指令: voice_msgnum:10
[2026-04-09 08:18:49] INFO     状态维稳，保持闭合 25.0s
[2026-04-09 08:19:14] INFO     继电器 OFF (切断充电)
[2026-04-09 08:19:14] INFO     继电器执行 -> OFF
[2026-04-09 08:19:14] INFO     物理断电静置 25.0s
[2026-04-09 08:19:39] INFO     【结论】 [PASS] 成功关键字: voice_msgnum:10
[2026-04-09 08:19:39] INFO     统计 -> 成功: 704 | 失败: 0 | 异常: 0 | 成功率: 100.0%
[2026-04-09 08:19:39] INFO     
-------------------- 第 705 轮 | 最大监听: 28.5s --------------------
[2026-04-09 08:19:39] INFO     继电器 ON (开始充电)
[2026-04-09 08:19:39] INFO     继电器执行 -> ON
[2026-04-09 08:19:51] INFO     捕获目标指令: voice_msgnum:10
[2026-04-09 08:19:51] INFO     状态维稳，保持闭合 25.0s
[2026-04-09 08:20:16] INFO     继电器 OFF (切断充电)
[2026-04-09 08:20:16] INFO     继电器执行 -> OFF
[2026-04-09 08:20:16] INFO     物理断电静置 25.0s
[2026-04-09 08:20:41] INFO     【结论】 [PASS] 成功关键字: voice_msgnum:10
[2026-04-09 08:20:41] INFO     统计 -> 成功: 705 | 失败: 0 | 异常: 0 | 成功率: 100.0%
[2026-04-09 08:20:41] INFO     
-------------------- 第 706 轮 | 最大监听: 25.7s --------------------
[2026-04-09 08:20:41] INFO     继电器 ON (开始充电)
[2026-04-09 08:20:41] INFO     继电器执行 -> ON
[2026-04-09 08:20:52] INFO     捕获目标指令: voice_msgnum:10
[2026-04-09 08:20:52] INFO     状态维稳，保持闭合 25.0s
[2026-04-09 08:21:17] INFO     继电器 OFF (切断充电)
[2026-04-09 08:21:17] INFO     继电器执行 -> OFF
[2026-04-09 08:21:17] INFO     物理断电静置 25.0s
[2026-04-09 08:21:42] INFO     【结论】 [PASS] 成功关键字: voice_msgnum:10
[2026-04-09 08:21:42] INFO     统计 -> 成功: 706 | 失败: 0 | 异常: 0 | 成功率: 100.0%
[2026-04-09 08:21:42] INFO     
-------------------- 第 707 轮 | 最大监听: 27.6s --------------------
[2026-04-09 08:21:42] INFO     继电器 ON (开始充电)
[2026-04-09 08:21:42] INFO     继电器执行 -> ON
[2026-04-09 08:21:54] INFO     捕获目标指令: voice_msgnum:10
[2026-04-09 08:21:54] INFO     状态维稳，保持闭合 25.0s
[2026-04-09 08:22:19] INFO     继电器 OFF (切断充电)
[2026-04-09 08:22:19] INFO     继电器执行 -> OFF
[2026-04-09 08:22:19] INFO     物理断电静置 25.0s
[2026-04-09 08:22:44] INFO     【结论】 [PASS] 成功关键字: voice_msgnum:10
[2026-04-09 08:22:44] INFO     统计 -> 成功: 707 | 失败: 0 | 异常: 0 | 成功率: 100.0%
[2026-04-09 08:22:44] INFO     
-------------------- 第 708 轮 | 最大监听: 28.6s --------------------
[2026-04-09 08:22:44] INFO     继电器 ON (开始充电)
[2026-04-09 08:22:44] INFO     继电器执行 -> ON
[2026-04-09 08:22:55] INFO     捕获目标指令: voice_msgnum:10
[2026-04-09 08:22:55] INFO     状态维稳，保持闭合 25.0s
[2026-04-09 08:23:20] INFO     继电器 OFF (切断充电)
[2026-04-09 08:23:20] INFO     继电器执行 -> OFF
[2026-04-09 08:23:20] INFO     物理断电静置 25.0s
[2026-04-09 08:23:45] INFO     【结论】 [PASS] 成功关键字: voice_msgnum:10
[2026-04-09 08:23:45] INFO     统计 -> 成功: 708 | 失败: 0 | 异常: 0 | 成功率: 100.0%
[2026-04-09 08:23:45] INFO     
-------------------- 第 709 轮 | 最大监听: 26.4s --------------------
[2026-04-09 08:23:45] INFO     继电器 ON (开始充电)
[2026-04-09 08:23:45] INFO     继电器执行 -> ON
[2026-04-09 08:23:57] INFO     捕获目标指令: voice_msgnum:10
[2026-04-09 08:23:57] INFO     状态维稳，保持闭合 25.0s
[2026-04-09 08:24:22] INFO     继电器 OFF (切断充电)
[2026-04-09 08:24:22] INFO     继电器执行 -> OFF
[2026-04-09 08:24:22] INFO     物理断电静置 25.0s
[2026-04-09 08:24:47] INFO     【结论】 [PASS] 成功关键字: voice_msgnum:10
[2026-04-09 08:24:47] INFO     统计 -> 成功: 709 | 失败: 0 | 异常: 0 | 成功率: 100.0%
[2026-04-09 08:24:47] INFO     
-------------------- 第 710 轮 | 最大监听: 29.5s --------------------
[2026-04-09 08:24:47] INFO     继电器 ON (开始充电)
[2026-04-09 08:24:47] INFO     继电器执行 -> ON
[2026-04-09 08:24:58] INFO     捕获目标指令: voice_msgnum:10
[2026-04-09 08:24:58] INFO     状态维稳，保持闭合 25.0s
[2026-04-09 08:25:24] INFO     继电器 OFF (切断充电)
[2026-04-09 08:25:24] INFO     继电器执行 -> OFF
[2026-04-09 08:25:24] INFO     物理断电静置 25.0s
[2026-04-09 08:25:49] INFO     【结论】 [PASS] 成功关键字: voice_msgnum:10
[2026-04-09 08:25:49] INFO     统计 -> 成功: 710 | 失败: 0 | 异常: 0 | 成功率: 100.0%
[2026-04-09 08:25:49] INFO     
-------------------- 第 711 轮 | 最大监听: 30.0s --------------------
[2026-04-09 08:25:49] INFO     继电器 ON (开始充电)
[2026-04-09 08:25:49] INFO     继电器执行 -> ON
[2026-04-09 08:26:00] INFO     捕获目标指令: voice_msgnum:10
[2026-04-09 08:26:00] INFO     状态维稳，保持闭合 25.0s
[2026-04-09 08:26:25] INFO     继电器 OFF (切断充电)
[2026-04-09 08:26:25] INFO     继电器执行 -> OFF
[2026-04-09 08:26:25] INFO     物理断电静置 25.0s
[2026-04-09 08:26:50] INFO     【结论】 [PASS] 成功关键字: voice_msgnum:10
[2026-04-09 08:26:50] INFO     统计 -> 成功: 711 | 失败: 0 | 异常: 0 | 成功率: 100.0%
[2026-04-09 08:26:50] INFO     
-------------------- 第 712 轮 | 最大监听: 27.4s --------------------
[2026-04-09 08:26:50] INFO     继电器 ON (开始充电)
[2026-04-09 08:26:50] INFO     继电器执行 -> ON
[2026-04-09 08:27:02] INFO     捕获目标指令: voice_msgnum:10
[2026-04-09 08:27:02] INFO     状态维稳，保持闭合 25.0s
[2026-04-09 08:27:27] INFO     继电器 OFF (切断充电)
[2026-04-09 08:27:27] INFO     继电器执行 -> OFF
[2026-04-09 08:27:27] INFO     物理断电静置 25.0s
[2026-04-09 08:27:52] INFO     【结论】 [PASS] 成功关键字: voice_msgnum:10
[2026-04-09 08:27:52] INFO     统计 -> 成功: 712 | 失败: 0 | 异常: 0 | 成功率: 100.0%
[2026-04-09 08:27:52] INFO     
-------------------- 第 713 轮 | 最大监听: 25.6s --------------------
[2026-04-09 08:27:52] INFO     继电器 ON (开始充电)
[2026-04-09 08:27:52] INFO     继电器执行 -> ON
[2026-04-09 08:28:03] INFO     捕获目标指令: voice_msgnum:10
[2026-04-09 08:28:03] INFO     状态维稳，保持闭合 25.0s
[2026-04-09 08:28:28] INFO     继电器 OFF (切断充电)
[2026-04-09 08:28:28] INFO     继电器执行 -> OFF
[2026-04-09 08:28:28] INFO     物理断电静置 25.0s
[2026-04-09 08:28:53] INFO     【结论】 [PASS] 成功关键字: voice_msgnum:10
[2026-04-09 08:28:53] INFO     统计 -> 成功: 713 | 失败: 0 | 异常: 0 | 成功率: 100.0%
[2026-04-09 08:28:53] INFO     
-------------------- 第 714 轮 | 最大监听: 27.6s --------------------
[2026-04-09 08:28:53] INFO     继电器 ON (开始充电)
[2026-04-09 08:28:53] INFO     继电器执行 -> ON
[2026-04-09 08:29:05] INFO     捕获目标指令: voice_msgnum:10
[2026-04-09 08:29:05] INFO     状态维稳，保持闭合 25.0s
[2026-04-09 08:29:30] INFO     继电器 OFF (切断充电)
[2026-04-09 08:29:30] INFO     继电器执行 -> OFF
[2026-04-09 08:29:30] INFO     物理断电静置 25.0s
[2026-04-09 08:29:55] INFO     【结论】 [PASS] 成功关键字: voice_msgnum:10
[2026-04-09 08:29:55] INFO     统计 -> 成功: 714 | 失败: 0 | 异常: 0 | 成功率: 100.0%
[2026-04-09 08:29:55] INFO     
-------------------- 第 715 轮 | 最大监听: 26.3s --------------------
[2026-04-09 08:29:55] INFO     继电器 ON (开始充电)
[2026-04-09 08:29:55] INFO     继电器执行 -> ON
[2026-04-09 08:30:06] INFO     捕获目标指令: voice_msgnum:10
[2026-04-09 08:30:06] INFO     状态维稳，保持闭合 25.0s
[2026-04-09 08:30:31] INFO     继电器 OFF (切断充电)
[2026-04-09 08:30:32] INFO     继电器执行 -> OFF
[2026-04-09 08:30:32] INFO     物理断电静置 25.0s
[2026-04-09 08:30:57] INFO     【结论】 [PASS] 成功关键字: voice_msgnum:10
[2026-04-09 08:30:57] INFO     统计 -> 成功: 715 | 失败: 0 | 异常: 0 | 成功率: 100.0%
[2026-04-09 08:30:57] INFO     
-------------------- 第 716 轮 | 最大监听: 27.5s --------------------
[2026-04-09 08:30:57] INFO     继电器 ON (开始充电)
[2026-04-09 08:30:57] INFO     继电器执行 -> ON
[2026-04-09 08:31:08] INFO     捕获目标指令: voice_msgnum:10
[2026-04-09 08:31:08] INFO     状态维稳，保持闭合 25.0s
[2026-04-09 08:31:33] INFO     继电器 OFF (切断充电)
[2026-04-09 08:31:33] INFO     继电器执行 -> OFF
[2026-04-09 08:31:33] INFO     物理断电静置 25.0s
[2026-04-09 08:31:58] INFO     【结论】 [PASS] 成功关键字: voice_msgnum:10
[2026-04-09 08:31:58] INFO     统计 -> 成功: 716 | 失败: 0 | 异常: 0 | 成功率: 100.0%
[2026-04-09 08:31:58] INFO     
-------------------- 第 717 轮 | 最大监听: 25.4s --------------------
[2026-04-09 08:31:58] INFO     继电器 ON (开始充电)
[2026-04-09 08:31:58] INFO     继电器执行 -> ON
[2026-04-09 08:32:10] INFO     捕获目标指令: voice_msgnum:10
[2026-04-09 08:32:10] INFO     状态维稳，保持闭合 25.0s
[2026-04-09 08:32:35] INFO     继电器 OFF (切断充电)
[2026-04-09 08:32:35] INFO     继电器执行 -> OFF
[2026-04-09 08:32:35] INFO     物理断电静置 25.0s
[2026-04-09 08:33:00] INFO     【结论】 [PASS] 成功关键字: voice_msgnum:10
[2026-04-09 08:33:00] INFO     统计 -> 成功: 717 | 失败: 0 | 异常: 0 | 成功率: 100.0%
[2026-04-09 08:33:00] INFO     
-------------------- 第 718 轮 | 最大监听: 29.4s --------------------
[2026-04-09 08:33:00] INFO     继电器 ON (开始充电)
[2026-04-09 08:33:00] INFO     继电器执行 -> ON
[2026-04-09 08:33:11] INFO     捕获目标指令: voice_msgnum:10
[2026-04-09 08:33:11] INFO     状态维稳，保持闭合 25.0s
[2026-04-09 08:33:36] INFO     继电器 OFF (切断充电)
[2026-04-09 08:33:36] INFO     继电器执行 -> OFF
[2026-04-09 08:33:36] INFO     物理断电静置 25.0s
[2026-04-09 08:34:01] INFO     【结论】 [PASS] 成功关键字: voice_msgnum:10
[2026-04-09 08:34:01] INFO     统计 -> 成功: 718 | 失败: 0 | 异常: 0 | 成功率: 100.0%
[2026-04-09 08:34:01] INFO     
-------------------- 第 719 轮 | 最大监听: 25.8s --------------------
[2026-04-09 08:34:01] INFO     继电器 ON (开始充电)
[2026-04-09 08:34:01] INFO     继电器执行 -> ON
[2026-04-09 08:34:13] INFO     捕获目标指令: voice_msgnum:10
[2026-04-09 08:34:13] INFO     状态维稳，保持闭合 25.0s
[2026-04-09 08:34:38] INFO     继电器 OFF (切断充电)
[2026-04-09 08:34:38] INFO     继电器执行 -> OFF
[2026-04-09 08:34:38] INFO     物理断电静置 25.0s
[2026-04-09 08:35:03] INFO     【结论】 [PASS] 成功关键字: voice_msgnum:10
[2026-04-09 08:35:03] INFO     统计 -> 成功: 719 | 失败: 0 | 异常: 0 | 成功率: 100.0%
[2026-04-09 08:35:03] INFO     
-------------------- 第 720 轮 | 最大监听: 30.0s --------------------
[2026-04-09 08:35:03] INFO     继电器 ON (开始充电)
[2026-04-09 08:35:03] INFO     继电器执行 -> ON
[2026-04-09 08:35:14] INFO     捕获目标指令: voice_msgnum:10
[2026-04-09 08:35:14] INFO     状态维稳，保持闭合 25.0s
[2026-04-09 08:35:39] INFO     继电器 OFF (切断充电)
[2026-04-09 08:35:40] INFO     继电器执行 -> OFF
[2026-04-09 08:35:40] INFO     物理断电静置 25.0s
[2026-04-09 08:36:05] INFO     【结论】 [PASS] 成功关键字: voice_msgnum:10
[2026-04-09 08:36:05] INFO     统计 -> 成功: 720 | 失败: 0 | 异常: 0 | 成功率: 100.0%
[2026-04-09 08:36:05] INFO     
-------------------- 第 721 轮 | 最大监听: 27.2s --------------------
[2026-04-09 08:36:05] INFO     继电器 ON (开始充电)
[2026-04-09 08:36:05] INFO     继电器执行 -> ON
[2026-04-09 08:36:16] INFO     捕获目标指令: voice_msgnum:10
[2026-04-09 08:36:16] INFO     状态维稳，保持闭合 25.0s
[2026-04-09 08:36:41] INFO     继电器 OFF (切断充电)
[2026-04-09 08:36:41] INFO     继电器执行 -> OFF
[2026-04-09 08:36:41] INFO     物理断电静置 25.0s
[2026-04-09 08:37:06] INFO     【结论】 [PASS] 成功关键字: voice_msgnum:10
[2026-04-09 08:37:06] INFO     统计 -> 成功: 721 | 失败: 0 | 异常: 0 | 成功率: 100.0%
[2026-04-09 08:37:06] INFO     
-------------------- 第 722 轮 | 最大监听: 29.3s --------------------
[2026-04-09 08:37:06] INFO     继电器 ON (开始充电)
[2026-04-09 08:37:06] INFO     继电器执行 -> ON
[2026-04-09 08:37:18] INFO     捕获目标指令: voice_msgnum:10
[2026-04-09 08:37:18] INFO     状态维稳，保持闭合 25.0s
[2026-04-09 08:37:43] INFO     继电器 OFF (切断充电)
[2026-04-09 08:37:43] INFO     继电器执行 -> OFF
[2026-04-09 08:37:43] INFO     物理断电静置 25.0s
[2026-04-09 08:38:08] INFO     【结论】 [PASS] 成功关键字: voice_msgnum:10
[2026-04-09 08:38:08] INFO     统计 -> 成功: 722 | 失败: 0 | 异常: 0 | 成功率: 100.0%
[2026-04-09 08:38:08] INFO     
-------------------- 第 723 轮 | 最大监听: 26.0s --------------------
[2026-04-09 08:38:08] INFO     继电器 ON (开始充电)
[2026-04-09 08:38:08] INFO     继电器执行 -> ON
[2026-04-09 08:38:19] INFO     捕获目标指令: voice_msgnum:10
[2026-04-09 08:38:19] INFO     状态维稳，保持闭合 25.0s
[2026-04-09 08:38:44] INFO     继电器 OFF (切断充电)
[2026-04-09 08:38:44] INFO     继电器执行 -> OFF
[2026-04-09 08:38:44] INFO     物理断电静置 25.0s
[2026-04-09 08:39:09] INFO     【结论】 [PASS] 成功关键字: voice_msgnum:10
[2026-04-09 08:39:09] INFO     统计 -> 成功: 723 | 失败: 0 | 异常: 0 | 成功率: 100.0%
[2026-04-09 08:39:09] INFO     
-------------------- 第 724 轮 | 最大监听: 25.4s --------------------
[2026-04-09 08:39:09] INFO     继电器 ON (开始充电)
[2026-04-09 08:39:09] INFO     继电器执行 -> ON
[2026-04-09 08:39:21] INFO     捕获目标指令: voice_msgnum:10
[2026-04-09 08:39:21] INFO     状态维稳，保持闭合 25.0s
[2026-04-09 08:39:46] INFO     继电器 OFF (切断充电)
[2026-04-09 08:39:46] INFO     继电器执行 -> OFF
[2026-04-09 08:39:46] INFO     物理断电静置 25.0s
[2026-04-09 08:40:11] INFO     【结论】 [PASS] 成功关键字: voice_msgnum:10
[2026-04-09 08:40:11] INFO     统计 -> 成功: 724 | 失败: 0 | 异常: 0 | 成功率: 100.0%
[2026-04-09 08:40:11] INFO     
-------------------- 第 725 轮 | 最大监听: 29.5s --------------------
[2026-04-09 08:40:11] INFO     继电器 ON (开始充电)
[2026-04-09 08:40:11] INFO     继电器执行 -> ON
[2026-04-09 08:40:22] INFO     捕获目标指令: voice_msgnum:10
[2026-04-09 08:40:22] INFO     状态维稳，保持闭合 25.0s
[2026-04-09 08:40:47] INFO     继电器 OFF (切断充电)
[2026-04-09 08:40:48] INFO     继电器执行 -> OFF
[2026-04-09 08:40:48] INFO     物理断电静置 25.0s
[2026-04-09 08:41:13] INFO     【结论】 [PASS] 成功关键字: voice_msgnum:10
[2026-04-09 08:41:13] INFO     统计 -> 成功: 725 | 失败: 0 | 异常: 0 | 成功率: 100.0%
[2026-04-09 08:41:13] INFO     
-------------------- 第 726 轮 | 最大监听: 27.0s --------------------
[2026-04-09 08:41:13] INFO     继电器 ON (开始充电)
[2026-04-09 08:41:13] INFO     继电器执行 -> ON
[2026-04-09 08:41:24] INFO     捕获目标指令: voice_msgnum:10
[2026-04-09 08:41:24] INFO     状态维稳，保持闭合 25.0s
[2026-04-09 08:41:49] INFO     继电器 OFF (切断充电)
[2026-04-09 08:41:49] INFO     继电器执行 -> OFF
[2026-04-09 08:41:49] INFO     物理断电静置 25.0s
[2026-04-09 08:42:14] INFO     【结论】 [PASS] 成功关键字: voice_msgnum:10
[2026-04-09 08:42:14] INFO     统计 -> 成功: 726 | 失败: 0 | 异常: 0 | 成功率: 100.0%
[2026-04-09 08:42:14] INFO     
-------------------- 第 727 轮 | 最大监听: 27.6s --------------------
[2026-04-09 08:42:14] INFO     继电器 ON (开始充电)
[2026-04-09 08:42:14] INFO     继电器执行 -> ON
[2026-04-09 08:42:26] INFO     捕获目标指令: voice_msgnum:10
[2026-04-09 08:42:26] INFO     状态维稳，保持闭合 25.0s
[2026-04-09 08:42:51] INFO     继电器 OFF (切断充电)
[2026-04-09 08:42:51] INFO     继电器执行 -> OFF
[2026-04-09 08:42:51] INFO     物理断电静置 25.0s
[2026-04-09 08:43:16] INFO     【结论】 [PASS] 成功关键字: voice_msgnum:10
[2026-04-09 08:43:16] INFO     统计 -> 成功: 727 | 失败: 0 | 异常: 0 | 成功率: 100.0%
[2026-04-09 08:43:16] INFO     
-------------------- 第 728 轮 | 最大监听: 26.9s --------------------
[2026-04-09 08:43:16] INFO     继电器 ON (开始充电)
[2026-04-09 08:43:16] INFO     继电器执行 -> ON
[2026-04-09 08:43:27] INFO     捕获目标指令: voice_msgnum:10
[2026-04-09 08:43:27] INFO     状态维稳，保持闭合 25.0s
[2026-04-09 08:43:52] INFO     继电器 OFF (切断充电)
[2026-04-09 08:43:52] INFO     继电器执行 -> OFF
[2026-04-09 08:43:52] INFO     物理断电静置 25.0s
[2026-04-09 08:44:17] INFO     【结论】 [PASS] 成功关键字: voice_msgnum:10
[2026-04-09 08:44:17] INFO     统计 -> 成功: 728 | 失败: 0 | 异常: 0 | 成功率: 100.0%
[2026-04-09 08:44:17] INFO     
-------------------- 第 729 轮 | 最大监听: 29.9s --------------------
[2026-04-09 08:44:17] INFO     继电器 ON (开始充电)
[2026-04-09 08:44:17] INFO     继电器执行 -> ON
[2026-04-09 08:44:28] INFO     捕获目标指令: voice_msgnum:9
[2026-04-09 08:44:28] INFO     状态维稳，保持闭合 25.0s
[2026-04-09 08:44:33] INFO     捕获目标指令: voice_msgnum:10
[2026-04-09 08:44:53] INFO     继电器 OFF (切断充电)
[2026-04-09 08:44:53] INFO     继电器执行 -> OFF
[2026-04-09 08:44:53] INFO     物理断电静置 25.0s
[2026-04-09 08:45:18] INFO     【结论】 [PASS] 成功关键字: voice_msgnum:9
[2026-04-09 08:45:18] INFO     统计 -> 成功: 729 | 失败: 0 | 异常: 0 | 成功率: 100.0%
[2026-04-09 08:45:18] INFO     
-------------------- 第 730 轮 | 最大监听: 27.0s --------------------
[2026-04-09 08:45:18] INFO     继电器 ON (开始充电)
[2026-04-09 08:45:18] INFO     继电器执行 -> ON
[2026-04-09 08:45:28] INFO     捕获目标指令: voice_msgnum:9
[2026-04-09 08:45:28] INFO     状态维稳，保持闭合 25.0s
[2026-04-09 08:45:33] INFO     捕获目标指令: voice_msgnum:10
[2026-04-09 08:45:53] INFO     继电器 OFF (切断充电)
[2026-04-09 08:45:53] INFO     继电器执行 -> OFF
[2026-04-09 08:45:53] INFO     物理断电静置 25.0s
[2026-04-09 08:46:18] INFO     【结论】 [PASS] 成功关键字: voice_msgnum:9
[2026-04-09 08:46:18] INFO     统计 -> 成功: 730 | 失败: 0 | 异常: 0 | 成功率: 100.0%
[2026-04-09 08:46:18] INFO     
-------------------- 第 731 轮 | 最大监听: 28.5s --------------------
[2026-04-09 08:46:18] INFO     继电器 ON (开始充电)
[2026-04-09 08:46:18] INFO     继电器执行 -> ON
[2026-04-09 08:46:20] INFO     捕获目标指令: voice_msgnum:9
[2026-04-09 08:46:20] INFO     状态维稳，保持闭合 25.0s
[2026-04-09 08:46:30] INFO     捕获目标指令: voice_msgnum:10
[2026-04-09 08:46:45] INFO     继电器 OFF (切断充电)
[2026-04-09 08:46:45] INFO     继电器执行 -> OFF
[2026-04-09 08:46:45] INFO     物理断电静置 25.0s
[2026-04-09 08:47:10] INFO     【结论】 [PASS] 成功关键字: voice_msgnum:9
[2026-04-09 08:47:10] INFO     统计 -> 成功: 731 | 失败: 0 | 异常: 0 | 成功率: 100.0%
[2026-04-09 08:47:10] INFO     
-------------------- 第 732 轮 | 最大监听: 29.9s --------------------
[2026-04-09 08:47:10] INFO     继电器 ON (开始充电)
[2026-04-09 08:47:10] INFO     继电器执行 -> ON
[2026-04-09 08:47:12] INFO     捕获目标指令: voice_msgnum:9
[2026-04-09 08:47:12] INFO     状态维稳，保持闭合 25.0s
[2026-04-09 08:47:22] INFO     捕获目标指令: voice_msgnum:10
[2026-04-09 08:47:37] INFO     继电器 OFF (切断充电)
[2026-04-09 08:47:37] INFO     继电器执行 -> OFF
[2026-04-09 08:47:37] INFO     物理断电静置 25.0s
[2026-04-09 08:48:02] INFO     【结论】 [PASS] 成功关键字: voice_msgnum:9
[2026-04-09 08:48:02] INFO     统计 -> 成功: 732 | 失败: 0 | 异常: 0 | 成功率: 100.0%
[2026-04-09 08:48:02] INFO     
-------------------- 第 733 轮 | 最大监听: 26.7s --------------------
[2026-04-09 08:48:02] INFO     继电器 ON (开始充电)
[2026-04-09 08:48:02] INFO     继电器执行 -> ON
[2026-04-09 08:48:03] INFO     捕获目标指令: voice_msgnum:9
[2026-04-09 08:48:03] INFO     状态维稳，保持闭合 25.0s
[2026-04-09 08:48:13] INFO     捕获目标指令: voice_msgnum:10
[2026-04-09 08:48:28] INFO     继电器 OFF (切断充电)
[2026-04-09 08:48:28] INFO     继电器执行 -> OFF
[2026-04-09 08:48:28] INFO     物理断电静置 25.0s
[2026-04-09 08:48:53] INFO     【结论】 [PASS] 成功关键字: voice_msgnum:9
[2026-04-09 08:48:53] INFO     统计 -> 成功: 733 | 失败: 0 | 异常: 0 | 成功率: 100.0%
[2026-04-09 08:48:53] INFO     
-------------------- 第 734 轮 | 最大监听: 27.9s --------------------
[2026-04-09 08:48:53] INFO     继电器 ON (开始充电)
[2026-04-09 08:48:53] INFO     继电器执行 -> ON
[2026-04-09 08:49:05] INFO     捕获目标指令: voice_msgnum:10
[2026-04-09 08:49:05] INFO     状态维稳，保持闭合 25.0s
[2026-04-09 08:49:30] INFO     继电器 OFF (切断充电)
[2026-04-09 08:49:30] INFO     继电器执行 -> OFF
[2026-04-09 08:49:30] INFO     物理断电静置 25.0s
[2026-04-09 08:49:55] INFO     【结论】 [PASS] 成功关键字: voice_msgnum:10
[2026-04-09 08:49:55] INFO     统计 -> 成功: 734 | 失败: 0 | 异常: 0 | 成功率: 100.0%
[2026-04-09 08:49:55] INFO     
-------------------- 第 735 轮 | 最大监听: 25.0s --------------------
[2026-04-09 08:49:55] INFO     继电器 ON (开始充电)
[2026-04-09 08:49:55] INFO     继电器执行 -> ON
[2026-04-09 08:49:56] INFO     捕获目标指令: voice_msgnum:9
[2026-04-09 08:49:56] INFO     状态维稳，保持闭合 25.0s
[2026-04-09 08:50:06] INFO     捕获目标指令: voice_msgnum:10
[2026-04-09 08:50:21] INFO     继电器 OFF (切断充电)
[2026-04-09 08:50:21] INFO     继电器执行 -> OFF
[2026-04-09 08:50:21] INFO     物理断电静置 25.0s
[2026-04-09 08:50:46] INFO     【结论】 [PASS] 成功关键字: voice_msgnum:9
[2026-04-09 08:50:46] INFO     统计 -> 成功: 735 | 失败: 0 | 异常: 0 | 成功率: 100.0%
[2026-04-09 08:50:46] INFO     
-------------------- 第 736 轮 | 最大监听: 28.9s --------------------
[2026-04-09 08:50:46] INFO     继电器 ON (开始充电)
[2026-04-09 08:50:46] INFO     继电器执行 -> ON
[2026-04-09 08:50:48] INFO     捕获目标指令: voice_msgnum:9
[2026-04-09 08:50:48] INFO     状态维稳，保持闭合 25.0s
[2026-04-09 08:50:58] INFO     捕获目标指令: voice_msgnum:10
[2026-04-09 08:51:13] INFO     继电器 OFF (切断充电)
[2026-04-09 08:51:13] INFO     继电器执行 -> OFF
[2026-04-09 08:51:13] INFO     物理断电静置 25.0s
[2026-04-09 08:51:38] INFO     【结论】 [PASS] 成功关键字: voice_msgnum:9
[2026-04-09 08:51:38] INFO     统计 -> 成功: 736 | 失败: 0 | 异常: 0 | 成功率: 100.0%
[2026-04-09 08:51:38] INFO     
-------------------- 第 737 轮 | 最大监听: 28.1s --------------------
[2026-04-09 08:51:38] INFO     继电器 ON (开始充电)
[2026-04-09 08:51:38] INFO     继电器执行 -> ON
[2026-04-09 08:51:40] INFO     捕获目标指令: voice_msgnum:9
[2026-04-09 08:51:40] INFO     状态维稳，保持闭合 25.0s
[2026-04-09 08:51:50] INFO     捕获目标指令: voice_msgnum:10
[2026-04-09 08:52:05] INFO     继电器 OFF (切断充电)
[2026-04-09 08:52:05] INFO     继电器执行 -> OFF
[2026-04-09 08:52:05] INFO     物理断电静置 25.0s
[2026-04-09 08:52:30] INFO     【结论】 [PASS] 成功关键字: voice_msgnum:9
[2026-04-09 08:52:30] INFO     统计 -> 成功: 737 | 失败: 0 | 异常: 0 | 成功率: 100.0%
[2026-04-09 08:52:30] INFO     
-------------------- 第 738 轮 | 最大监听: 25.9s --------------------
[2026-04-09 08:52:30] INFO     继电器 ON (开始充电)
[2026-04-09 08:52:30] INFO     继电器执行 -> ON
[2026-04-09 08:52:41] INFO     捕获目标指令: voice_msgnum:10
[2026-04-09 08:52:41] INFO     状态维稳，保持闭合 25.0s
[2026-04-09 08:53:06] INFO     继电器 OFF (切断充电)
[2026-04-09 08:53:06] INFO     继电器执行 -> OFF
[2026-04-09 08:53:06] INFO     物理断电静置 25.0s
[2026-04-09 08:53:31] INFO     【结论】 [PASS] 成功关键字: voice_msgnum:10
[2026-04-09 08:53:31] INFO     统计 -> 成功: 738 | 失败: 0 | 异常: 0 | 成功率: 100.0%
[2026-04-09 08:53:31] INFO     
-------------------- 第 739 轮 | 最大监听: 25.9s --------------------
[2026-04-09 08:53:31] INFO     继电器 ON (开始充电)
[2026-04-09 08:53:31] INFO     继电器执行 -> ON
[2026-04-09 08:53:39] INFO     捕获目标指令: voice_msgnum:9
[2026-04-09 08:53:39] INFO     状态维稳，保持闭合 25.0s
[2026-04-09 08:53:44] INFO     捕获目标指令: voice_msgnum:10
[2026-04-09 08:54:04] INFO     继电器 OFF (切断充电)
[2026-04-09 08:54:04] INFO     继电器执行 -> OFF
[2026-04-09 08:54:04] INFO     物理断电静置 25.0s
[2026-04-09 08:54:29] INFO     【结论】 [PASS] 成功关键字: voice_msgnum:9
[2026-04-09 08:54:29] INFO     统计 -> 成功: 739 | 失败: 0 | 异常: 0 | 成功率: 100.0%
[2026-04-09 08:54:29] INFO     
-------------------- 第 740 轮 | 最大监听: 25.7s --------------------
[2026-04-09 08:54:29] INFO     继电器 ON (开始充电)
[2026-04-09 08:54:29] INFO     继电器执行 -> ON
[2026-04-09 08:54:40] INFO     捕获目标指令: voice_msgnum:10
[2026-04-09 08:54:40] INFO     状态维稳，保持闭合 25.0s
[2026-04-09 08:55:05] INFO     继电器 OFF (切断充电)
[2026-04-09 08:55:05] INFO     继电器执行 -> OFF
[2026-04-09 08:55:05] INFO     物理断电静置 25.0s
[2026-04-09 08:55:30] INFO     【结论】 [PASS] 成功关键字: voice_msgnum:10
[2026-04-09 08:55:30] INFO     统计 -> 成功: 740 | 失败: 0 | 异常: 0 | 成功率: 100.0%
[2026-04-09 08:55:30] INFO     
-------------------- 第 741 轮 | 最大监听: 29.1s --------------------
[2026-04-09 08:55:30] INFO     继电器 ON (开始充电)
[2026-04-09 08:55:30] INFO     继电器执行 -> ON
[2026-04-09 08:55:42] INFO     捕获目标指令: voice_msgnum:10
[2026-04-09 08:55:42] INFO     状态维稳，保持闭合 25.0s
[2026-04-09 08:56:07] INFO     继电器 OFF (切断充电)
[2026-04-09 08:56:07] INFO     继电器执行 -> OFF
[2026-04-09 08:56:07] INFO     物理断电静置 25.0s
[2026-04-09 08:56:32] INFO     【结论】 [PASS] 成功关键字: voice_msgnum:10
[2026-04-09 08:56:32] INFO     统计 -> 成功: 741 | 失败: 0 | 异常: 0 | 成功率: 100.0%
[2026-04-09 08:56:32] INFO     
-------------------- 第 742 轮 | 最大监听: 25.7s --------------------
[2026-04-09 08:56:32] INFO     继电器 ON (开始充电)
[2026-04-09 08:56:32] INFO     继电器执行 -> ON
[2026-04-09 08:56:43] INFO     捕获目标指令: voice_msgnum:10
[2026-04-09 08:56:43] INFO     状态维稳，保持闭合 25.0s
[2026-04-09 08:57:08] INFO     继电器 OFF (切断充电)
[2026-04-09 08:57:08] INFO     继电器执行 -> OFF
[2026-04-09 08:57:08] INFO     物理断电静置 25.0s
[2026-04-09 08:57:33] INFO     【结论】 [PASS] 成功关键字: voice_msgnum:10
[2026-04-09 08:57:33] INFO     统计 -> 成功: 742 | 失败: 0 | 异常: 0 | 成功率: 100.0%
[2026-04-09 08:57:33] INFO     
-------------------- 第 743 轮 | 最大监听: 26.2s --------------------
[2026-04-09 08:57:33] INFO     继电器 ON (开始充电)
[2026-04-09 08:57:33] INFO     继电器执行 -> ON
[2026-04-09 08:57:45] INFO     捕获目标指令: voice_msgnum:10
[2026-04-09 08:57:45] INFO     状态维稳，保持闭合 25.0s
[2026-04-09 08:58:10] INFO     继电器 OFF (切断充电)
[2026-04-09 08:58:10] INFO     继电器执行 -> OFF
[2026-04-09 08:58:10] INFO     物理断电静置 25.0s
[2026-04-09 08:58:35] INFO     【结论】 [PASS] 成功关键字: voice_msgnum:10
[2026-04-09 08:58:35] INFO     统计 -> 成功: 743 | 失败: 0 | 异常: 0 | 成功率: 100.0%
[2026-04-09 08:58:35] INFO     
-------------------- 第 744 轮 | 最大监听: 25.5s --------------------
[2026-04-09 08:58:35] INFO     继电器 ON (开始充电)
[2026-04-09 08:58:35] INFO     继电器执行 -> ON
[2026-04-09 08:58:42] INFO     捕获目标指令: voice_msgnum:9
[2026-04-09 08:58:42] INFO     状态维稳，保持闭合 25.0s
[2026-04-09 08:58:47] INFO     捕获目标指令: voice_msgnum:10
[2026-04-09 08:59:07] INFO     继电器 OFF (切断充电)
[2026-04-09 08:59:07] INFO     继电器执行 -> OFF
[2026-04-09 08:59:07] INFO     物理断电静置 25.0s
[2026-04-09 08:59:32] INFO     【结论】 [PASS] 成功关键字: voice_msgnum:9
[2026-04-09 08:59:32] INFO     统计 -> 成功: 744 | 失败: 0 | 异常: 0 | 成功率: 100.0%
[2026-04-09 08:59:32] INFO     
-------------------- 第 745 轮 | 最大监听: 27.5s --------------------
[2026-04-09 08:59:32] INFO     继电器 ON (开始充电)
[2026-04-09 08:59:32] INFO     继电器执行 -> ON
[2026-04-09 08:59:34] INFO     捕获目标指令: voice_msgnum:9
[2026-04-09 08:59:34] INFO     状态维稳，保持闭合 25.0s
[2026-04-09 08:59:44] INFO     捕获目标指令: voice_msgnum:10
[2026-04-09 08:59:59] INFO     继电器 OFF (切断充电)
[2026-04-09 08:59:59] INFO     继电器执行 -> OFF
[2026-04-09 08:59:59] INFO     物理断电静置 25.0s
[2026-04-09 09:00:24] INFO     【结论】 [PASS] 成功关键字: voice_msgnum:9
[2026-04-09 09:00:24] INFO     统计 -> 成功: 745 | 失败: 0 | 异常: 0 | 成功率: 100.0%
[2026-04-09 09:00:24] INFO     
-------------------- 第 746 轮 | 最大监听: 28.5s --------------------
[2026-04-09 09:00:24] INFO     继电器 ON (开始充电)
[2026-04-09 09:00:24] INFO     继电器执行 -> ON
[2026-04-09 09:00:25] INFO     捕获目标指令: voice_msgnum:9
[2026-04-09 09:00:25] INFO     状态维稳，保持闭合 25.0s
[2026-04-09 09:00:36] INFO     捕获目标指令: voice_msgnum:10
[2026-04-09 09:00:50] INFO     继电器 OFF (切断充电)
[2026-04-09 09:00:51] INFO     继电器执行 -> OFF
[2026-04-09 09:00:51] INFO     物理断电静置 25.0s
[2026-04-09 09:01:16] INFO     【结论】 [PASS] 成功关键字: voice_msgnum:9
[2026-04-09 09:01:16] INFO     统计 -> 成功: 746 | 失败: 0 | 异常: 0 | 成功率: 100.0%
[2026-04-09 09:01:16] INFO     
-------------------- 第 747 轮 | 最大监听: 26.3s --------------------
[2026-04-09 09:01:16] INFO     继电器 ON (开始充电)
[2026-04-09 09:01:16] INFO     继电器执行 -> ON
[2026-04-09 09:01:20] INFO     捕获目标指令: voice_msgnum:9
[2026-04-09 09:01:20] INFO     状态维稳，保持闭合 25.0s
[2026-04-09 09:01:27] INFO     捕获目标指令: voice_msgnum:10
[2026-04-09 09:01:45] INFO     继电器 OFF (切断充电)
[2026-04-09 09:01:45] INFO     继电器执行 -> OFF
[2026-04-09 09:01:45] INFO     物理断电静置 25.0s
[2026-04-09 09:02:10] INFO     【结论】 [PASS] 成功关键字: voice_msgnum:9
[2026-04-09 09:02:10] INFO     统计 -> 成功: 747 | 失败: 0 | 异常: 0 | 成功率: 100.0%
[2026-04-09 09:02:10] INFO     
-------------------- 第 748 轮 | 最大监听: 29.4s --------------------
[2026-04-09 09:02:10] INFO     继电器 ON (开始充电)
[2026-04-09 09:02:10] INFO     继电器执行 -> ON
[2026-04-09 09:02:12] INFO     捕获目标指令: voice_msgnum:9
[2026-04-09 09:02:12] INFO     状态维稳，保持闭合 25.0s
[2026-04-09 09:02:22] INFO     捕获目标指令: voice_msgnum:10
[2026-04-09 09:02:37] INFO     继电器 OFF (切断充电)
[2026-04-09 09:02:37] INFO     继电器执行 -> OFF
[2026-04-09 09:02:37] INFO     物理断电静置 25.0s
[2026-04-09 09:03:02] INFO     【结论】 [PASS] 成功关键字: voice_msgnum:9
[2026-04-09 09:03:02] INFO     统计 -> 成功: 748 | 失败: 0 | 异常: 0 | 成功率: 100.0%
[2026-04-09 09:03:02] INFO     
-------------------- 第 749 轮 | 最大监听: 26.9s --------------------
[2026-04-09 09:03:02] INFO     继电器 ON (开始充电)
[2026-04-09 09:03:02] INFO     继电器执行 -> ON
[2026-04-09 09:03:09] INFO     捕获目标指令: voice_msgnum:9
[2026-04-09 09:03:09] INFO     状态维稳，保持闭合 25.0s
[2026-04-09 09:03:14] INFO     捕获目标指令: voice_msgnum:10
[2026-04-09 09:03:34] INFO     继电器 OFF (切断充电)
[2026-04-09 09:03:34] INFO     继电器执行 -> OFF
[2026-04-09 09:03:34] INFO     物理断电静置 25.0s
[2026-04-09 09:03:59] INFO     【结论】 [PASS] 成功关键字: voice_msgnum:9
[2026-04-09 09:03:59] INFO     统计 -> 成功: 749 | 失败: 0 | 异常: 0 | 成功率: 100.0%
[2026-04-09 09:03:59] INFO     
-------------------- 第 750 轮 | 最大监听: 25.9s --------------------
[2026-04-09 09:03:59] INFO     继电器 ON (开始充电)
[2026-04-09 09:03:59] INFO     继电器执行 -> ON
[2026-04-09 09:04:01] INFO     捕获目标指令: voice_msgnum:9
[2026-04-09 09:04:01] INFO     状态维稳，保持闭合 25.0s
[2026-04-09 09:04:11] INFO     捕获目标指令: voice_msgnum:10
[2026-04-09 09:04:26] INFO     继电器 OFF (切断充电)
[2026-04-09 09:04:26] INFO     继电器执行 -> OFF
[2026-04-09 09:04:26] INFO     物理断电静置 25.0s
[2026-04-09 09:04:51] INFO     【结论】 [PASS] 成功关键字: voice_msgnum:9
[2026-04-09 09:04:51] INFO     统计 -> 成功: 750 | 失败: 0 | 异常: 0 | 成功率: 100.0%
[2026-04-09 09:04:51] INFO     
-------------------- 第 751 轮 | 最大监听: 29.3s --------------------
[2026-04-09 09:04:51] INFO     继电器 ON (开始充电)
[2026-04-09 09:04:51] INFO     继电器执行 -> ON
[2026-04-09 09:04:52] INFO     捕获目标指令: voice_msgnum:9
[2026-04-09 09:04:52] INFO     状态维稳，保持闭合 25.0s
[2026-04-09 09:05:02] INFO     捕获目标指令: voice_msgnum:10
[2026-04-09 09:05:17] INFO     继电器 OFF (切断充电)
[2026-04-09 09:05:17] INFO     继电器执行 -> OFF
[2026-04-09 09:05:17] INFO     物理断电静置 25.0s
[2026-04-09 09:05:42] INFO     【结论】 [PASS] 成功关键字: voice_msgnum:9
[2026-04-09 09:05:42] INFO     统计 -> 成功: 751 | 失败: 0 | 异常: 0 | 成功率: 100.0%
[2026-04-09 09:05:42] INFO     
-------------------- 第 752 轮 | 最大监听: 29.1s --------------------
[2026-04-09 09:05:42] INFO     继电器 ON (开始充电)
[2026-04-09 09:05:42] INFO     继电器执行 -> ON
[2026-04-09 09:05:44] INFO     捕获目标指令: voice_msgnum:9
[2026-04-09 09:05:44] INFO     状态维稳，保持闭合 25.0s
[2026-04-09 09:05:54] INFO     捕获目标指令: voice_msgnum:10
[2026-04-09 09:06:09] INFO     继电器 OFF (切断充电)
[2026-04-09 09:06:09] INFO     继电器执行 -> OFF
[2026-04-09 09:06:09] INFO     物理断电静置 25.0s
[2026-04-09 09:06:34] INFO     【结论】 [PASS] 成功关键字: voice_msgnum:9
[2026-04-09 09:06:34] INFO     统计 -> 成功: 752 | 失败: 0 | 异常: 0 | 成功率: 100.0%
[2026-04-09 09:06:34] INFO     
-------------------- 第 753 轮 | 最大监听: 26.5s --------------------
[2026-04-09 09:06:34] INFO     继电器 ON (开始充电)
[2026-04-09 09:06:34] INFO     继电器执行 -> ON
[2026-04-09 09:06:35] INFO     捕获目标指令: voice_msgnum:9
[2026-04-09 09:06:35] INFO     状态维稳，保持闭合 25.0s
[2026-04-09 09:06:45] INFO     捕获目标指令: voice_msgnum:10
[2026-04-09 09:07:00] INFO     继电器 OFF (切断充电)
[2026-04-09 09:07:00] INFO     继电器执行 -> OFF
[2026-04-09 09:07:00] INFO     物理断电静置 25.0s
[2026-04-09 09:07:25] INFO     【结论】 [PASS] 成功关键字: voice_msgnum:9
[2026-04-09 09:07:25] INFO     统计 -> 成功: 753 | 失败: 0 | 异常: 0 | 成功率: 100.0%
[2026-04-09 09:07:25] INFO     
-------------------- 第 754 轮 | 最大监听: 28.4s --------------------
[2026-04-09 09:07:25] INFO     继电器 ON (开始充电)
[2026-04-09 09:07:25] INFO     继电器执行 -> ON
[2026-04-09 09:07:27] INFO     捕获目标指令: voice_msgnum:9
[2026-04-09 09:07:27] INFO     状态维稳，保持闭合 25.0s
[2026-04-09 09:07:37] INFO     捕获目标指令: voice_msgnum:10
[2026-04-09 09:07:52] INFO     继电器 OFF (切断充电)
[2026-04-09 09:07:52] INFO     继电器执行 -> OFF
[2026-04-09 09:07:52] INFO     物理断电静置 25.0s
[2026-04-09 09:08:17] INFO     【结论】 [PASS] 成功关键字: voice_msgnum:9
[2026-04-09 09:08:17] INFO     统计 -> 成功: 754 | 失败: 0 | 异常: 0 | 成功率: 100.0%
[2026-04-09 09:08:17] INFO     
-------------------- 第 755 轮 | 最大监听: 26.9s --------------------
[2026-04-09 09:08:17] INFO     继电器 ON (开始充电)
[2026-04-09 09:08:17] INFO     继电器执行 -> ON
[2026-04-09 09:08:19] INFO     捕获目标指令: voice_msgnum:9
[2026-04-09 09:08:19] INFO     状态维稳，保持闭合 25.0s
[2026-04-09 09:08:29] INFO     捕获目标指令: voice_msgnum:10
[2026-04-09 09:08:44] INFO     继电器 OFF (切断充电)
[2026-04-09 09:08:44] INFO     继电器执行 -> OFF
[2026-04-09 09:08:44] INFO     物理断电静置 25.0s
[2026-04-09 09:09:09] INFO     【结论】 [PASS] 成功关键字: voice_msgnum:9
[2026-04-09 09:09:09] INFO     统计 -> 成功: 755 | 失败: 0 | 异常: 0 | 成功率: 100.0%
[2026-04-09 09:09:09] INFO     
-------------------- 第 756 轮 | 最大监听: 27.2s --------------------
[2026-04-09 09:09:09] INFO     继电器 ON (开始充电)
[2026-04-09 09:09:09] INFO     继电器执行 -> ON
[2026-04-09 09:09:10] INFO     捕获目标指令: voice_msgnum:9
[2026-04-09 09:09:10] INFO     状态维稳，保持闭合 25.0s
[2026-04-09 09:09:20] INFO     捕获目标指令: voice_msgnum:10
[2026-04-09 09:09:35] INFO     继电器 OFF (切断充电)
[2026-04-09 09:09:35] INFO     继电器执行 -> OFF
[2026-04-09 09:09:35] INFO     物理断电静置 25.0s
[2026-04-09 09:10:00] INFO     【结论】 [PASS] 成功关键字: voice_msgnum:9
[2026-04-09 09:10:00] INFO     统计 -> 成功: 756 | 失败: 0 | 异常: 0 | 成功率: 100.0%
[2026-04-09 09:10:00] INFO     
-------------------- 第 757 轮 | 最大监听: 28.4s --------------------
[2026-04-09 09:10:00] INFO     继电器 ON (开始充电)
[2026-04-09 09:10:00] INFO     继电器执行 -> ON
[2026-04-09 09:10:02] INFO     捕获目标指令: voice_msgnum:9
[2026-04-09 09:10:02] INFO     状态维稳，保持闭合 25.0s
[2026-04-09 09:10:12] INFO     捕获目标指令: voice_msgnum:10
[2026-04-09 09:10:27] INFO     继电器 OFF (切断充电)
[2026-04-09 09:10:27] INFO     继电器执行 -> OFF
[2026-04-09 09:10:27] INFO     物理断电静置 25.0s
[2026-04-09 09:10:52] INFO     【结论】 [PASS] 成功关键字: voice_msgnum:9
[2026-04-09 09:10:52] INFO     统计 -> 成功: 757 | 失败: 0 | 异常: 0 | 成功率: 100.0%
[2026-04-09 09:10:52] INFO     
-------------------- 第 758 轮 | 最大监听: 29.0s --------------------
[2026-04-09 09:10:52] INFO     继电器 ON (开始充电)
[2026-04-09 09:10:52] INFO     继电器执行 -> ON
[2026-04-09 09:10:53] INFO     捕获目标指令: voice_msgnum:9
[2026-04-09 09:10:53] INFO     状态维稳，保持闭合 25.0s
[2026-04-09 09:11:03] INFO     捕获目标指令: voice_msgnum:10
[2026-04-09 09:11:18] INFO     继电器 OFF (切断充电)
[2026-04-09 09:11:18] INFO     继电器执行 -> OFF
[2026-04-09 09:11:18] INFO     物理断电静置 25.0s
[2026-04-09 09:11:43] INFO     【结论】 [PASS] 成功关键字: voice_msgnum:9
[2026-04-09 09:11:43] INFO     统计 -> 成功: 758 | 失败: 0 | 异常: 0 | 成功率: 100.0%
[2026-04-09 09:11:43] INFO     
-------------------- 第 759 轮 | 最大监听: 27.8s --------------------
[2026-04-09 09:11:43] INFO     继电器 ON (开始充电)
[2026-04-09 09:11:43] INFO     继电器执行 -> ON
[2026-04-09 09:11:45] INFO     捕获目标指令: voice_msgnum:9
[2026-04-09 09:11:45] INFO     状态维稳，保持闭合 25.0s
[2026-04-09 09:11:55] INFO     捕获目标指令: voice_msgnum:10
[2026-04-09 09:12:10] INFO     继电器 OFF (切断充电)
[2026-04-09 09:12:10] INFO     继电器执行 -> OFF
[2026-04-09 09:12:10] INFO     物理断电静置 25.0s
[2026-04-09 09:12:35] INFO     【结论】 [PASS] 成功关键字: voice_msgnum:9
[2026-04-09 09:12:35] INFO     统计 -> 成功: 759 | 失败: 0 | 异常: 0 | 成功率: 100.0%
[2026-04-09 09:12:35] INFO     
-------------------- 第 760 轮 | 最大监听: 25.6s --------------------
[2026-04-09 09:12:35] INFO     继电器 ON (开始充电)
[2026-04-09 09:12:35] INFO     继电器执行 -> ON
[2026-04-09 09:12:37] INFO     捕获目标指令: voice_msgnum:9
[2026-04-09 09:12:37] INFO     状态维稳，保持闭合 25.0s
[2026-04-09 09:12:47] INFO     捕获目标指令: voice_msgnum:10
[2026-04-09 09:13:02] INFO     继电器 OFF (切断充电)
[2026-04-09 09:13:02] INFO     继电器执行 -> OFF
[2026-04-09 09:13:02] INFO     物理断电静置 25.0s
[2026-04-09 09:13:27] INFO     【结论】 [PASS] 成功关键字: voice_msgnum:9
[2026-04-09 09:13:27] INFO     统计 -> 成功: 760 | 失败: 0 | 异常: 0 | 成功率: 100.0%
[2026-04-09 09:13:27] INFO     
-------------------- 第 761 轮 | 最大监听: 28.7s --------------------
[2026-04-09 09:13:27] INFO     继电器 ON (开始充电)
[2026-04-09 09:13:27] INFO     继电器执行 -> ON
[2026-04-09 09:13:28] INFO     捕获目标指令: voice_msgnum:9
[2026-04-09 09:13:28] INFO     状态维稳，保持闭合 25.0s
[2026-04-09 09:13:38] INFO     捕获目标指令: voice_msgnum:10
[2026-04-09 09:13:53] INFO     继电器 OFF (切断充电)
[2026-04-09 09:13:53] INFO     继电器执行 -> OFF
[2026-04-09 09:13:53] INFO     物理断电静置 25.0s
[2026-04-09 09:14:18] INFO     【结论】 [PASS] 成功关键字: voice_msgnum:9
[2026-04-09 09:14:18] INFO     统计 -> 成功: 761 | 失败: 0 | 异常: 0 | 成功率: 100.0%
[2026-04-09 09:14:18] INFO     
-------------------- 第 762 轮 | 最大监听: 26.6s --------------------
[2026-04-09 09:14:18] INFO     继电器 ON (开始充电)
[2026-04-09 09:14:18] INFO     继电器执行 -> ON
[2026-04-09 09:14:20] INFO     捕获目标指令: voice_msgnum:9
[2026-04-09 09:14:20] INFO     状态维稳，保持闭合 25.0s
[2026-04-09 09:14:30] INFO     捕获目标指令: voice_msgnum:10
[2026-04-09 09:14:45] INFO     继电器 OFF (切断充电)
[2026-04-09 09:14:45] INFO     继电器执行 -> OFF
[2026-04-09 09:14:45] INFO     物理断电静置 25.0s
[2026-04-09 09:15:10] INFO     【结论】 [PASS] 成功关键字: voice_msgnum:9
[2026-04-09 09:15:10] INFO     统计 -> 成功: 762 | 失败: 0 | 异常: 0 | 成功率: 100.0%
[2026-04-09 09:15:10] INFO     
-------------------- 第 763 轮 | 最大监听: 25.3s --------------------
[2026-04-09 09:15:10] INFO     继电器 ON (开始充电)
[2026-04-09 09:15:10] INFO     继电器执行 -> ON
[2026-04-09 09:15:11] INFO     捕获目标指令: voice_msgnum:9
[2026-04-09 09:15:11] INFO     状态维稳，保持闭合 25.0s
[2026-04-09 09:15:21] INFO     捕获目标指令: voice_msgnum:10
[2026-04-09 09:15:36] INFO     继电器 OFF (切断充电)
[2026-04-09 09:15:36] INFO     继电器执行 -> OFF
[2026-04-09 09:15:36] INFO     物理断电静置 25.0s
[2026-04-09 09:16:01] INFO     【结论】 [PASS] 成功关键字: voice_msgnum:9
[2026-04-09 09:16:01] INFO     统计 -> 成功: 763 | 失败: 0 | 异常: 0 | 成功率: 100.0%
[2026-04-09 09:16:01] INFO     
-------------------- 第 764 轮 | 最大监听: 27.0s --------------------
[2026-04-09 09:16:01] INFO     继电器 ON (开始充电)
[2026-04-09 09:16:01] INFO     继电器执行 -> ON
[2026-04-09 09:16:03] INFO     捕获目标指令: voice_msgnum:9
[2026-04-09 09:16:03] INFO     状态维稳，保持闭合 25.0s
[2026-04-09 09:16:13] INFO     捕获目标指令: voice_msgnum:10
[2026-04-09 09:16:28] INFO     继电器 OFF (切断充电)
[2026-04-09 09:16:28] INFO     继电器执行 -> OFF
[2026-04-09 09:16:28] INFO     物理断电静置 25.0s
[2026-04-09 09:16:53] INFO     【结论】 [PASS] 成功关键字: voice_msgnum:9
[2026-04-09 09:16:53] INFO     统计 -> 成功: 764 | 失败: 0 | 异常: 0 | 成功率: 100.0%
[2026-04-09 09:16:53] INFO     
-------------------- 第 765 轮 | 最大监听: 26.8s --------------------
[2026-04-09 09:16:53] INFO     继电器 ON (开始充电)
[2026-04-09 09:16:53] INFO     继电器执行 -> ON
[2026-04-09 09:16:55] INFO     捕获目标指令: voice_msgnum:9
[2026-04-09 09:16:55] INFO     状态维稳，保持闭合 25.0s
[2026-04-09 09:17:05] INFO     捕获目标指令: voice_msgnum:10
[2026-04-09 09:17:20] INFO     继电器 OFF (切断充电)
[2026-04-09 09:17:20] INFO     继电器执行 -> OFF
[2026-04-09 09:17:20] INFO     物理断电静置 25.0s
[2026-04-09 09:17:45] INFO     【结论】 [PASS] 成功关键字: voice_msgnum:9
[2026-04-09 09:17:45] INFO     统计 -> 成功: 765 | 失败: 0 | 异常: 0 | 成功率: 100.0%
[2026-04-09 09:17:45] INFO     
-------------------- 第 766 轮 | 最大监听: 25.5s --------------------
[2026-04-09 09:17:45] INFO     继电器 ON (开始充电)
[2026-04-09 09:17:45] INFO     继电器执行 -> ON
[2026-04-09 09:17:46] INFO     捕获目标指令: voice_msgnum:9
[2026-04-09 09:17:46] INFO     状态维稳，保持闭合 25.0s
[2026-04-09 09:17:56] INFO     捕获目标指令: voice_msgnum:10
[2026-04-09 09:18:11] INFO     继电器 OFF (切断充电)
[2026-04-09 09:18:11] INFO     继电器执行 -> OFF
[2026-04-09 09:18:11] INFO     物理断电静置 25.0s
[2026-04-09 09:18:36] INFO     【结论】 [PASS] 成功关键字: voice_msgnum:9
[2026-04-09 09:18:36] INFO     统计 -> 成功: 766 | 失败: 0 | 异常: 0 | 成功率: 100.0%
[2026-04-09 09:18:36] INFO     
-------------------- 第 767 轮 | 最大监听: 25.2s --------------------
[2026-04-09 09:18:36] INFO     继电器 ON (开始充电)
[2026-04-09 09:18:36] INFO     继电器执行 -> ON
[2026-04-09 09:18:38] INFO     捕获目标指令: voice_msgnum:9
[2026-04-09 09:18:38] INFO     状态维稳，保持闭合 25.0s
[2026-04-09 09:18:48] INFO     捕获目标指令: voice_msgnum:10
[2026-04-09 09:19:03] INFO     继电器 OFF (切断充电)
[2026-04-09 09:19:03] INFO     继电器执行 -> OFF
[2026-04-09 09:19:03] INFO     物理断电静置 25.0s
[2026-04-09 09:19:28] INFO     【结论】 [PASS] 成功关键字: voice_msgnum:9
[2026-04-09 09:19:28] INFO     统计 -> 成功: 767 | 失败: 0 | 异常: 0 | 成功率: 100.0%
[2026-04-09 09:19:28] INFO     
-------------------- 第 768 轮 | 最大监听: 28.3s --------------------
[2026-04-09 09:19:28] INFO     继电器 ON (开始充电)
[2026-04-09 09:19:28] INFO     继电器执行 -> ON
[2026-04-09 09:19:29] INFO     捕获目标指令: voice_msgnum:9
[2026-04-09 09:19:29] INFO     状态维稳，保持闭合 25.0s
[2026-04-09 09:19:39] INFO     捕获目标指令: voice_msgnum:10
[2026-04-09 09:19:54] INFO     继电器 OFF (切断充电)
[2026-04-09 09:19:54] INFO     继电器执行 -> OFF
[2026-04-09 09:19:54] INFO     物理断电静置 25.0s
[2026-04-09 09:20:19] INFO     【结论】 [PASS] 成功关键字: voice_msgnum:9
[2026-04-09 09:20:19] INFO     统计 -> 成功: 768 | 失败: 0 | 异常: 0 | 成功率: 100.0%
[2026-04-09 09:20:19] INFO     
-------------------- 第 769 轮 | 最大监听: 29.2s --------------------
[2026-04-09 09:20:19] INFO     继电器 ON (开始充电)
[2026-04-09 09:20:19] INFO     继电器执行 -> ON
[2026-04-09 09:20:21] INFO     捕获目标指令: voice_msgnum:9
[2026-04-09 09:20:21] INFO     状态维稳，保持闭合 25.0s
[2026-04-09 09:20:31] INFO     捕获目标指令: voice_msgnum:10
[2026-04-09 09:20:46] INFO     继电器 OFF (切断充电)
[2026-04-09 09:20:46] INFO     继电器执行 -> OFF
[2026-04-09 09:20:46] INFO     物理断电静置 25.0s
[2026-04-09 09:21:11] INFO     【结论】 [PASS] 成功关键字: voice_msgnum:9
[2026-04-09 09:21:11] INFO     统计 -> 成功: 769 | 失败: 0 | 异常: 0 | 成功率: 100.0%
[2026-04-09 09:21:11] INFO     
-------------------- 第 770 轮 | 最大监听: 27.7s --------------------
[2026-04-09 09:21:11] INFO     继电器 ON (开始充电)
[2026-04-09 09:21:11] INFO     继电器执行 -> ON
[2026-04-09 09:21:13] INFO     捕获目标指令: voice_msgnum:9
[2026-04-09 09:21:13] INFO     状态维稳，保持闭合 25.0s
[2026-04-09 09:21:23] INFO     捕获目标指令: voice_msgnum:10
[2026-04-09 09:21:38] INFO     继电器 OFF (切断充电)
[2026-04-09 09:21:38] INFO     继电器执行 -> OFF
[2026-04-09 09:21:38] INFO     物理断电静置 25.0s
[2026-04-09 09:22:03] INFO     【结论】 [PASS] 成功关键字: voice_msgnum:9
[2026-04-09 09:22:03] INFO     统计 -> 成功: 770 | 失败: 0 | 异常: 0 | 成功率: 100.0%
[2026-04-09 09:22:03] INFO     
-------------------- 第 771 轮 | 最大监听: 27.6s --------------------
[2026-04-09 09:22:03] INFO     继电器 ON (开始充电)
[2026-04-09 09:22:03] INFO     继电器执行 -> ON
[2026-04-09 09:22:14] INFO     捕获目标指令: voice_msgnum:10
[2026-04-09 09:22:14] INFO     状态维稳，保持闭合 25.0s
[2026-04-09 09:22:39] INFO     继电器 OFF (切断充电)
[2026-04-09 09:22:39] INFO     继电器执行 -> OFF
[2026-04-09 09:22:39] INFO     物理断电静置 25.0s
[2026-04-09 09:23:04] INFO     【结论】 [PASS] 成功关键字: voice_msgnum:10
[2026-04-09 09:23:04] INFO     统计 -> 成功: 771 | 失败: 0 | 异常: 0 | 成功率: 100.0%
[2026-04-09 09:23:04] INFO     
-------------------- 第 772 轮 | 最大监听: 28.2s --------------------
[2026-04-09 09:23:04] INFO     继电器 ON (开始充电)
[2026-04-09 09:23:04] INFO     继电器执行 -> ON
[2026-04-09 09:23:06] INFO     捕获目标指令: voice_msgnum:9
[2026-04-09 09:23:06] INFO     状态维稳，保持闭合 25.0s
[2026-04-09 09:23:16] INFO     捕获目标指令: voice_msgnum:10
[2026-04-09 09:23:31] INFO     继电器 OFF (切断充电)
[2026-04-09 09:23:31] INFO     继电器执行 -> OFF
[2026-04-09 09:23:31] INFO     物理断电静置 25.0s
[2026-04-09 09:23:56] INFO     【结论】 [PASS] 成功关键字: voice_msgnum:9
[2026-04-09 09:23:56] INFO     统计 -> 成功: 772 | 失败: 0 | 异常: 0 | 成功率: 100.0%
[2026-04-09 09:23:56] INFO     
-------------------- 第 773 轮 | 最大监听: 29.8s --------------------
[2026-04-09 09:23:56] INFO     继电器 ON (开始充电)
[2026-04-09 09:23:56] INFO     继电器执行 -> ON
[2026-04-09 09:24:07] INFO     捕获目标指令: voice_msgnum:10
[2026-04-09 09:24:07] INFO     状态维稳，保持闭合 25.0s
[2026-04-09 09:24:32] INFO     继电器 OFF (切断充电)
[2026-04-09 09:24:32] INFO     继电器执行 -> OFF
[2026-04-09 09:24:32] INFO     物理断电静置 25.0s
[2026-04-09 09:24:57] INFO     【结论】 [PASS] 成功关键字: voice_msgnum:10
[2026-04-09 09:24:57] INFO     统计 -> 成功: 773 | 失败: 0 | 异常: 0 | 成功率: 100.0%
[2026-04-09 09:24:57] INFO     
-------------------- 第 774 轮 | 最大监听: 25.9s --------------------
[2026-04-09 09:24:57] INFO     继电器 ON (开始充电)
[2026-04-09 09:24:57] INFO     继电器执行 -> ON
[2026-04-09 09:25:09] INFO     捕获目标指令: voice_msgnum:10
[2026-04-09 09:25:09] INFO     状态维稳，保持闭合 25.0s
[2026-04-09 09:25:34] INFO     继电器 OFF (切断充电)
[2026-04-09 09:25:34] INFO     继电器执行 -> OFF
[2026-04-09 09:25:34] INFO     物理断电静置 25.0s
[2026-04-09 09:25:59] INFO     【结论】 [PASS] 成功关键字: voice_msgnum:10
[2026-04-09 09:25:59] INFO     统计 -> 成功: 774 | 失败: 0 | 异常: 0 | 成功率: 100.0%
[2026-04-09 09:25:59] INFO     
-------------------- 第 775 轮 | 最大监听: 29.6s --------------------
[2026-04-09 09:25:59] INFO     继电器 ON (开始充电)
[2026-04-09 09:25:59] INFO     继电器执行 -> ON
[2026-04-09 09:26:00] INFO     捕获目标指令: voice_msgnum:9
[2026-04-09 09:26:00] INFO     状态维稳，保持闭合 25.0s
[2026-04-09 09:26:11] INFO     捕获目标指令: voice_msgnum:10
[2026-04-09 09:26:25] INFO     继电器 OFF (切断充电)
[2026-04-09 09:26:26] INFO     继电器执行 -> OFF
[2026-04-09 09:26:26] INFO     物理断电静置 25.0s
[2026-04-09 09:26:51] INFO     【结论】 [PASS] 成功关键字: voice_msgnum:9
[2026-04-09 09:26:51] INFO     统计 -> 成功: 775 | 失败: 0 | 异常: 0 | 成功率: 100.0%
[2026-04-09 09:26:51] INFO     
-------------------- 第 776 轮 | 最大监听: 28.8s --------------------
[2026-04-09 09:26:51] INFO     继电器 ON (开始充电)
[2026-04-09 09:26:51] INFO     继电器执行 -> ON
[2026-04-09 09:26:52] INFO     捕获目标指令: voice_msgnum:9
[2026-04-09 09:26:52] INFO     状态维稳，保持闭合 25.0s
[2026-04-09 09:27:02] INFO     捕获目标指令: voice_msgnum:10
[2026-04-09 09:27:17] INFO     继电器 OFF (切断充电)
[2026-04-09 09:27:17] INFO     继电器执行 -> OFF
[2026-04-09 09:27:17] INFO     物理断电静置 25.0s
[2026-04-09 09:27:42] INFO     【结论】 [PASS] 成功关键字: voice_msgnum:9
[2026-04-09 09:27:42] INFO     统计 -> 成功: 776 | 失败: 0 | 异常: 0 | 成功率: 100.0%
[2026-04-09 09:27:42] INFO     
-------------------- 第 777 轮 | 最大监听: 29.0s --------------------
[2026-04-09 09:27:42] INFO     继电器 ON (开始充电)
[2026-04-09 09:27:42] INFO     继电器执行 -> ON
[2026-04-09 09:27:44] INFO     捕获目标指令: voice_msgnum:9
[2026-04-09 09:27:44] INFO     状态维稳，保持闭合 25.0s
[2026-04-09 09:27:54] INFO     捕获目标指令: voice_msgnum:10
[2026-04-09 09:28:09] INFO     继电器 OFF (切断充电)
[2026-04-09 09:28:09] INFO     继电器执行 -> OFF
[2026-04-09 09:28:09] INFO     物理断电静置 25.0s
[2026-04-09 09:28:34] INFO     【结论】 [PASS] 成功关键字: voice_msgnum:9
[2026-04-09 09:28:34] INFO     统计 -> 成功: 777 | 失败: 0 | 异常: 0 | 成功率: 100.0%
[2026-04-09 09:28:34] INFO     
-------------------- 第 778 轮 | 最大监听: 27.1s --------------------
[2026-04-09 09:28:34] INFO     继电器 ON (开始充电)
[2026-04-09 09:28:34] INFO     继电器执行 -> ON
[2026-04-09 09:28:41] INFO     捕获目标指令: voice_msgnum:9
[2026-04-09 09:28:41] INFO     状态维稳，保持闭合 25.0s
[2026-04-09 09:28:46] INFO     捕获目标指令: voice_msgnum:10
[2026-04-09 09:29:06] INFO     继电器 OFF (切断充电)
[2026-04-09 09:29:06] INFO     继电器执行 -> OFF
[2026-04-09 09:29:06] INFO     物理断电静置 25.0s
[2026-04-09 09:29:31] INFO     【结论】 [PASS] 成功关键字: voice_msgnum:9
[2026-04-09 09:29:31] INFO     统计 -> 成功: 778 | 失败: 0 | 异常: 0 | 成功率: 100.0%
[2026-04-09 09:29:31] INFO     
-------------------- 第 779 轮 | 最大监听: 25.3s --------------------
[2026-04-09 09:29:31] INFO     继电器 ON (开始充电)
[2026-04-09 09:29:31] INFO     继电器执行 -> ON
[2026-04-09 09:29:38] INFO     捕获目标指令: voice_msgnum:9
[2026-04-09 09:29:38] INFO     状态维稳，保持闭合 25.0s
[2026-04-09 09:29:44] INFO     捕获目标指令: voice_msgnum:10
[2026-04-09 09:30:03] INFO     继电器 OFF (切断充电)
[2026-04-09 09:30:04] INFO     继电器执行 -> OFF
[2026-04-09 09:30:04] INFO     物理断电静置 25.0s
[2026-04-09 09:30:29] INFO     【结论】 [PASS] 成功关键字: voice_msgnum:9
[2026-04-09 09:30:29] INFO     统计 -> 成功: 779 | 失败: 0 | 异常: 0 | 成功率: 100.0%
[2026-04-09 09:30:29] INFO     
-------------------- 第 780 轮 | 最大监听: 28.5s --------------------
[2026-04-09 09:30:29] INFO     继电器 ON (开始充电)
[2026-04-09 09:30:29] INFO     继电器执行 -> ON
[2026-04-09 09:30:36] INFO     捕获目标指令: voice_msgnum:9
[2026-04-09 09:30:36] INFO     状态维稳，保持闭合 25.0s
[2026-04-09 09:30:41] INFO     捕获目标指令: voice_msgnum:10
[2026-04-09 09:31:01] INFO     继电器 OFF (切断充电)
[2026-04-09 09:31:01] INFO     继电器执行 -> OFF
[2026-04-09 09:31:01] INFO     物理断电静置 25.0s
[2026-04-09 09:31:26] INFO     【结论】 [PASS] 成功关键字: voice_msgnum:9
[2026-04-09 09:31:26] INFO     统计 -> 成功: 780 | 失败: 0 | 异常: 0 | 成功率: 100.0%
[2026-04-09 09:31:26] INFO     
-------------------- 第 781 轮 | 最大监听: 28.5s --------------------
[2026-04-09 09:31:26] INFO     继电器 ON (开始充电)
[2026-04-09 09:31:26] INFO     继电器执行 -> ON
[2026-04-09 09:31:30] INFO     捕获目标指令: voice_msgnum:9
[2026-04-09 09:31:30] INFO     状态维稳，保持闭合 25.0s
[2026-04-09 09:31:38] INFO     捕获目标指令: voice_msgnum:10
[2026-04-09 09:31:55] INFO     继电器 OFF (切断充电)
[2026-04-09 09:31:55] INFO     继电器执行 -> OFF
[2026-04-09 09:31:55] INFO     物理断电静置 25.0s
[2026-04-09 09:32:20] INFO     【结论】 [PASS] 成功关键字: voice_msgnum:9
[2026-04-09 09:32:20] INFO     统计 -> 成功: 781 | 失败: 0 | 异常: 0 | 成功率: 100.0%
[2026-04-09 09:32:20] INFO     
-------------------- 第 782 轮 | 最大监听: 27.4s --------------------
[2026-04-09 09:32:20] INFO     继电器 ON (开始充电)
[2026-04-09 09:32:20] INFO     继电器执行 -> ON
[2026-04-09 09:32:28] INFO     捕获目标指令: voice_msgnum:9
[2026-04-09 09:32:28] INFO     状态维稳，保持闭合 25.0s
[2026-04-09 09:32:33] INFO     捕获目标指令: voice_msgnum:10
[2026-04-09 09:32:53] INFO     继电器 OFF (切断充电)
[2026-04-09 09:32:53] INFO     继电器执行 -> OFF
[2026-04-09 09:32:53] INFO     物理断电静置 25.0s
[2026-04-09 09:33:18] INFO     【结论】 [PASS] 成功关键字: voice_msgnum:9
[2026-04-09 09:33:18] INFO     统计 -> 成功: 782 | 失败: 0 | 异常: 0 | 成功率: 100.0%
[2026-04-09 09:33:18] INFO     
-------------------- 第 783 轮 | 最大监听: 25.0s --------------------
[2026-04-09 09:33:18] INFO     继电器 ON (开始充电)
[2026-04-09 09:33:18] INFO     继电器执行 -> ON
[2026-04-09 09:33:29] INFO     捕获目标指令: voice_msgnum:10
[2026-04-09 09:33:29] INFO     状态维稳，保持闭合 25.0s
[2026-04-09 09:33:54] INFO     继电器 OFF (切断充电)
[2026-04-09 09:33:54] INFO     继电器执行 -> OFF
[2026-04-09 09:33:54] INFO     物理断电静置 25.0s
[2026-04-09 09:34:19] INFO     【结论】 [PASS] 成功关键字: voice_msgnum:10
[2026-04-09 09:34:19] INFO     统计 -> 成功: 783 | 失败: 0 | 异常: 0 | 成功率: 100.0%
[2026-04-09 09:34:19] INFO     
-------------------- 第 784 轮 | 最大监听: 28.7s --------------------
[2026-04-09 09:34:19] INFO     继电器 ON (开始充电)
[2026-04-09 09:34:19] INFO     继电器执行 -> ON
[2026-04-09 09:34:31] INFO     捕获目标指令: voice_msgnum:10
[2026-04-09 09:34:31] INFO     状态维稳，保持闭合 25.0s
[2026-04-09 09:34:56] INFO     继电器 OFF (切断充电)
[2026-04-09 09:34:56] INFO     继电器执行 -> OFF
[2026-04-09 09:34:56] INFO     物理断电静置 25.0s
[2026-04-09 09:35:21] INFO     【结论】 [PASS] 成功关键字: voice_msgnum:10
[2026-04-09 09:35:21] INFO     统计 -> 成功: 784 | 失败: 0 | 异常: 0 | 成功率: 100.0%
[2026-04-09 09:35:21] INFO     
-------------------- 第 785 轮 | 最大监听: 25.4s --------------------
[2026-04-09 09:35:21] INFO     继电器 ON (开始充电)
[2026-04-09 09:35:21] INFO     继电器执行 -> ON
[2026-04-09 09:35:32] INFO     捕获目标指令: voice_msgnum:10
[2026-04-09 09:35:32] INFO     状态维稳，保持闭合 25.0s
[2026-04-09 09:35:57] INFO     继电器 OFF (切断充电)
[2026-04-09 09:35:57] INFO     继电器执行 -> OFF
[2026-04-09 09:35:57] INFO     物理断电静置 25.0s
[2026-04-09 09:36:22] INFO     【结论】 [PASS] 成功关键字: voice_msgnum:10
[2026-04-09 09:36:22] INFO     统计 -> 成功: 785 | 失败: 0 | 异常: 0 | 成功率: 100.0%
[2026-04-09 09:36:22] INFO     
-------------------- 第 786 轮 | 最大监听: 26.5s --------------------
[2026-04-09 09:36:22] INFO     继电器 ON (开始充电)
[2026-04-09 09:36:22] INFO     继电器执行 -> ON
[2026-04-09 09:36:34] INFO     捕获目标指令: voice_msgnum:10
[2026-04-09 09:36:34] INFO     状态维稳，保持闭合 25.0s
[2026-04-09 09:36:59] INFO     继电器 OFF (切断充电)
[2026-04-09 09:36:59] INFO     继电器执行 -> OFF
[2026-04-09 09:36:59] INFO     物理断电静置 25.0s
[2026-04-09 09:37:24] INFO     【结论】 [PASS] 成功关键字: voice_msgnum:10
[2026-04-09 09:37:24] INFO     统计 -> 成功: 786 | 失败: 0 | 异常: 0 | 成功率: 100.0%
[2026-04-09 09:37:24] INFO     
-------------------- 第 787 轮 | 最大监听: 26.4s --------------------
[2026-04-09 09:37:24] INFO     继电器 ON (开始充电)
[2026-04-09 09:37:24] INFO     继电器执行 -> ON
[2026-04-09 09:37:36] INFO     捕获目标指令: voice_msgnum:10
[2026-04-09 09:37:36] INFO     状态维稳，保持闭合 25.0s
[2026-04-09 09:38:01] INFO     继电器 OFF (切断充电)
[2026-04-09 09:38:01] INFO     继电器执行 -> OFF
[2026-04-09 09:38:01] INFO     物理断电静置 25.0s
[2026-04-09 09:38:26] INFO     【结论】 [PASS] 成功关键字: voice_msgnum:10
[2026-04-09 09:38:26] INFO     统计 -> 成功: 787 | 失败: 0 | 异常: 0 | 成功率: 100.0%
[2026-04-09 09:38:26] INFO     
-------------------- 第 788 轮 | 最大监听: 27.8s --------------------
[2026-04-09 09:38:26] INFO     继电器 ON (开始充电)
[2026-04-09 09:38:26] INFO     继电器执行 -> ON
[2026-04-09 09:38:37] INFO     捕获目标指令: voice_msgnum:10
[2026-04-09 09:38:37] INFO     状态维稳，保持闭合 25.0s
[2026-04-09 09:39:02] INFO     继电器 OFF (切断充电)
[2026-04-09 09:39:02] INFO     继电器执行 -> OFF
[2026-04-09 09:39:02] INFO     物理断电静置 25.0s
[2026-04-09 09:39:27] INFO     【结论】 [PASS] 成功关键字: voice_msgnum:10
[2026-04-09 09:39:27] INFO     统计 -> 成功: 788 | 失败: 0 | 异常: 0 | 成功率: 100.0%
[2026-04-09 09:39:27] INFO     
-------------------- 第 789 轮 | 最大监听: 29.0s --------------------
[2026-04-09 09:39:27] INFO     继电器 ON (开始充电)
[2026-04-09 09:39:27] INFO     继电器执行 -> ON
[2026-04-09 09:39:39] INFO     捕获目标指令: voice_msgnum:10
[2026-04-09 09:39:39] INFO     状态维稳，保持闭合 25.0s
[2026-04-09 09:40:04] INFO     继电器 OFF (切断充电)
[2026-04-09 09:40:04] INFO     继电器执行 -> OFF
[2026-04-09 09:40:04] INFO     物理断电静置 25.0s
[2026-04-09 09:40:29] INFO     【结论】 [PASS] 成功关键字: voice_msgnum:10
[2026-04-09 09:40:29] INFO     统计 -> 成功: 789 | 失败: 0 | 异常: 0 | 成功率: 100.0%
[2026-04-09 09:40:29] INFO     
-------------------- 第 790 轮 | 最大监听: 26.7s --------------------
[2026-04-09 09:40:29] INFO     继电器 ON (开始充电)
[2026-04-09 09:40:29] INFO     继电器执行 -> ON
[2026-04-09 09:40:40] INFO     捕获目标指令: voice_msgnum:10
[2026-04-09 09:40:40] INFO     状态维稳，保持闭合 25.0s
[2026-04-09 09:41:05] INFO     继电器 OFF (切断充电)
[2026-04-09 09:41:05] INFO     继电器执行 -> OFF
[2026-04-09 09:41:05] INFO     物理断电静置 25.0s
[2026-04-09 09:41:30] INFO     【结论】 [PASS] 成功关键字: voice_msgnum:10
[2026-04-09 09:41:30] INFO     统计 -> 成功: 790 | 失败: 0 | 异常: 0 | 成功率: 100.0%
[2026-04-09 09:41:30] INFO     
-------------------- 第 791 轮 | 最大监听: 28.6s --------------------
[2026-04-09 09:41:30] INFO     继电器 ON (开始充电)
[2026-04-09 09:41:30] INFO     继电器执行 -> ON
[2026-04-09 09:41:42] INFO     捕获目标指令: voice_msgnum:10
[2026-04-09 09:41:42] INFO     状态维稳，保持闭合 25.0s
[2026-04-09 09:42:07] INFO     继电器 OFF (切断充电)
[2026-04-09 09:42:07] INFO     继电器执行 -> OFF
[2026-04-09 09:42:07] INFO     物理断电静置 25.0s
[2026-04-09 09:42:32] INFO     【结论】 [PASS] 成功关键字: voice_msgnum:10
[2026-04-09 09:42:32] INFO     统计 -> 成功: 791 | 失败: 0 | 异常: 0 | 成功率: 100.0%
[2026-04-09 09:42:32] INFO     
-------------------- 第 792 轮 | 最大监听: 29.3s --------------------
[2026-04-09 09:42:32] INFO     继电器 ON (开始充电)
[2026-04-09 09:42:32] INFO     继电器执行 -> ON
[2026-04-09 09:42:44] INFO     捕获目标指令: voice_msgnum:10
[2026-04-09 09:42:44] INFO     状态维稳，保持闭合 25.0s
[2026-04-09 09:43:09] INFO     继电器 OFF (切断充电)
[2026-04-09 09:43:09] INFO     继电器执行 -> OFF
[2026-04-09 09:43:09] INFO     物理断电静置 25.0s
[2026-04-09 09:43:34] INFO     【结论】 [PASS] 成功关键字: voice_msgnum:10
[2026-04-09 09:43:34] INFO     统计 -> 成功: 792 | 失败: 0 | 异常: 0 | 成功率: 100.0%
[2026-04-09 09:43:34] INFO     
-------------------- 第 793 轮 | 最大监听: 29.5s --------------------
[2026-04-09 09:43:34] INFO     继电器 ON (开始充电)
[2026-04-09 09:43:34] INFO     继电器执行 -> ON
[2026-04-09 09:43:45] INFO     捕获目标指令: voice_msgnum:10
[2026-04-09 09:43:45] INFO     状态维稳，保持闭合 25.0s
[2026-04-09 09:44:10] INFO     继电器 OFF (切断充电)
[2026-04-09 09:44:10] INFO     继电器执行 -> OFF
[2026-04-09 09:44:10] INFO     物理断电静置 25.0s
[2026-04-09 09:44:35] INFO     【结论】 [PASS] 成功关键字: voice_msgnum:10
[2026-04-09 09:44:35] INFO     统计 -> 成功: 793 | 失败: 0 | 异常: 0 | 成功率: 100.0%
[2026-04-09 09:44:35] INFO     
-------------------- 第 794 轮 | 最大监听: 26.9s --------------------
[2026-04-09 09:44:35] INFO     继电器 ON (开始充电)
[2026-04-09 09:44:35] INFO     继电器执行 -> ON
[2026-04-09 09:44:47] INFO     捕获目标指令: voice_msgnum:10
[2026-04-09 09:44:47] INFO     状态维稳，保持闭合 25.0s
[2026-04-09 09:45:12] INFO     继电器 OFF (切断充电)
[2026-04-09 09:45:12] INFO     继电器执行 -> OFF
[2026-04-09 09:45:12] INFO     物理断电静置 25.0s
[2026-04-09 09:45:37] INFO     【结论】 [PASS] 成功关键字: voice_msgnum:10
[2026-04-09 09:45:37] INFO     统计 -> 成功: 794 | 失败: 0 | 异常: 0 | 成功率: 100.0%
[2026-04-09 09:45:37] INFO     
-------------------- 第 795 轮 | 最大监听: 27.1s --------------------
[2026-04-09 09:45:37] INFO     继电器 ON (开始充电)
[2026-04-09 09:45:37] INFO     继电器执行 -> ON
[2026-04-09 09:45:48] INFO     捕获目标指令: voice_msgnum:10
[2026-04-09 09:45:48] INFO     状态维稳，保持闭合 25.0s
[2026-04-09 09:46:13] INFO     继电器 OFF (切断充电)
[2026-04-09 09:46:13] INFO     继电器执行 -> OFF
[2026-04-09 09:46:13] INFO     物理断电静置 25.0s
[2026-04-09 09:46:38] INFO     【结论】 [PASS] 成功关键字: voice_msgnum:10
[2026-04-09 09:46:38] INFO     统计 -> 成功: 795 | 失败: 0 | 异常: 0 | 成功率: 100.0%
[2026-04-09 09:46:38] INFO     
-------------------- 第 796 轮 | 最大监听: 26.7s --------------------
[2026-04-09 09:46:38] INFO     继电器 ON (开始充电)
[2026-04-09 09:46:38] INFO     继电器执行 -> ON
[2026-04-09 09:46:50] INFO     捕获目标指令: voice_msgnum:10
[2026-04-09 09:46:50] INFO     状态维稳，保持闭合 25.0s
[2026-04-09 09:47:15] INFO     继电器 OFF (切断充电)
[2026-04-09 09:47:15] INFO     继电器执行 -> OFF
[2026-04-09 09:47:15] INFO     物理断电静置 25.0s
[2026-04-09 09:47:40] INFO     【结论】 [PASS] 成功关键字: voice_msgnum:10
[2026-04-09 09:47:40] INFO     统计 -> 成功: 796 | 失败: 0 | 异常: 0 | 成功率: 100.0%
[2026-04-09 09:47:40] INFO     
-------------------- 第 797 轮 | 最大监听: 29.5s --------------------
[2026-04-09 09:47:40] INFO     继电器 ON (开始充电)
[2026-04-09 09:47:40] INFO     继电器执行 -> ON
[2026-04-09 09:47:52] INFO     捕获目标指令: voice_msgnum:10
[2026-04-09 09:47:52] INFO     状态维稳，保持闭合 25.0s
[2026-04-09 09:48:17] INFO     继电器 OFF (切断充电)
[2026-04-09 09:48:17] INFO     继电器执行 -> OFF
[2026-04-09 09:48:17] INFO     物理断电静置 25.0s
[2026-04-09 09:48:42] INFO     【结论】 [PASS] 成功关键字: voice_msgnum:10
[2026-04-09 09:48:42] INFO     统计 -> 成功: 797 | 失败: 0 | 异常: 0 | 成功率: 100.0%
[2026-04-09 09:48:42] INFO     
-------------------- 第 798 轮 | 最大监听: 27.2s --------------------
[2026-04-09 09:48:42] INFO     继电器 ON (开始充电)
[2026-04-09 09:48:42] INFO     继电器执行 -> ON
[2026-04-09 09:48:53] INFO     捕获目标指令: voice_msgnum:10
[2026-04-09 09:48:53] INFO     状态维稳，保持闭合 25.0s
[2026-04-09 09:49:18] INFO     继电器 OFF (切断充电)
[2026-04-09 09:49:18] INFO     继电器执行 -> OFF
[2026-04-09 09:49:18] INFO     物理断电静置 25.0s
[2026-04-09 09:49:43] INFO     【结论】 [PASS] 成功关键字: voice_msgnum:10
[2026-04-09 09:49:43] INFO     统计 -> 成功: 798 | 失败: 0 | 异常: 0 | 成功率: 100.0%
[2026-04-09 09:49:43] INFO     
-------------------- 第 799 轮 | 最大监听: 29.1s --------------------
[2026-04-09 09:49:43] INFO     继电器 ON (开始充电)
[2026-04-09 09:49:43] INFO     继电器执行 -> ON
[2026-04-09 09:49:47] INFO     捕获目标指令: voice_msgnum:9
[2026-04-09 09:49:47] INFO     状态维稳，保持闭合 25.0s
[2026-04-09 09:49:55] INFO     捕获目标指令: voice_msgnum:10
[2026-04-09 09:50:12] INFO     继电器 OFF (切断充电)
[2026-04-09 09:50:12] INFO     继电器执行 -> OFF
[2026-04-09 09:50:12] INFO     物理断电静置 25.0s
[2026-04-09 09:50:37] INFO     【结论】 [PASS] 成功关键字: voice_msgnum:9
[2026-04-09 09:50:37] INFO     统计 -> 成功: 799 | 失败: 0 | 异常: 0 | 成功率: 100.0%
[2026-04-09 09:50:37] INFO     
-------------------- 第 800 轮 | 最大监听: 29.2s --------------------
[2026-04-09 09:50:37] INFO     继电器 ON (开始充电)
[2026-04-09 09:50:38] INFO     继电器执行 -> ON
[2026-04-09 09:50:48] INFO     捕获目标指令: voice_msgnum:9
[2026-04-09 09:50:48] INFO     状态维稳，保持闭合 25.0s
[2026-04-09 09:50:53] INFO     捕获目标指令: voice_msgnum:10
[2026-04-09 09:51:13] INFO     继电器 OFF (切断充电)
[2026-04-09 09:51:13] INFO     继电器执行 -> OFF
[2026-04-09 09:51:13] INFO     物理断电静置 25.0s
[2026-04-09 09:51:38] INFO     【结论】 [PASS] 成功关键字: voice_msgnum:9
[2026-04-09 09:51:38] INFO     统计 -> 成功: 800 | 失败: 0 | 异常: 0 | 成功率: 100.0%
[2026-04-09 09:51:38] INFO     
-------------------- 第 801 轮 | 最大监听: 29.0s --------------------
[2026-04-09 09:51:38] INFO     继电器 ON (开始充电)
[2026-04-09 09:51:38] INFO     继电器执行 -> ON
[2026-04-09 09:51:42] INFO     捕获目标指令: voice_msgnum:9
[2026-04-09 09:51:42] INFO     状态维稳，保持闭合 25.0s
[2026-04-09 09:51:50] INFO     捕获目标指令: voice_msgnum:10
[2026-04-09 09:52:07] INFO     继电器 OFF (切断充电)
[2026-04-09 09:52:07] INFO     继电器执行 -> OFF
[2026-04-09 09:52:07] INFO     物理断电静置 25.0s
[2026-04-09 09:52:32] INFO     【结论】 [PASS] 成功关键字: voice_msgnum:9
[2026-04-09 09:52:32] INFO     统计 -> 成功: 801 | 失败: 0 | 异常: 0 | 成功率: 100.0%
[2026-04-09 09:52:32] INFO     
-------------------- 第 802 轮 | 最大监听: 27.1s --------------------
[2026-04-09 09:52:32] INFO     继电器 ON (开始充电)
[2026-04-09 09:52:32] INFO     继电器执行 -> ON
[2026-04-09 09:52:37] INFO     捕获目标指令: voice_msgnum:9
[2026-04-09 09:52:37] INFO     状态维稳，保持闭合 25.0s
[2026-04-09 09:52:44] INFO     捕获目标指令: voice_msgnum:10
[2026-04-09 09:53:02] INFO     继电器 OFF (切断充电)
[2026-04-09 09:53:02] INFO     继电器执行 -> OFF
[2026-04-09 09:53:02] INFO     物理断电静置 25.0s
[2026-04-09 09:53:27] INFO     【结论】 [PASS] 成功关键字: voice_msgnum:9
[2026-04-09 09:53:27] INFO     统计 -> 成功: 802 | 失败: 0 | 异常: 0 | 成功率: 100.0%
[2026-04-09 09:53:27] INFO     
-------------------- 第 803 轮 | 最大监听: 29.2s --------------------
[2026-04-09 09:53:27] INFO     继电器 ON (开始充电)
[2026-04-09 09:53:27] INFO     继电器执行 -> ON
[2026-04-09 09:53:37] INFO     捕获目标指令: voice_msgnum:9
[2026-04-09 09:53:37] INFO     状态维稳，保持闭合 25.0s
[2026-04-09 09:53:42] INFO     捕获目标指令: voice_msgnum:10
[2026-04-09 09:54:02] INFO     继电器 OFF (切断充电)
[2026-04-09 09:54:02] INFO     继电器执行 -> OFF
[2026-04-09 09:54:02] INFO     物理断电静置 25.0s
[2026-04-09 09:54:27] INFO     【结论】 [PASS] 成功关键字: voice_msgnum:9
[2026-04-09 09:54:27] INFO     统计 -> 成功: 803 | 失败: 0 | 异常: 0 | 成功率: 100.0%
[2026-04-09 09:54:27] INFO     
-------------------- 第 804 轮 | 最大监听: 25.4s --------------------
[2026-04-09 09:54:27] INFO     继电器 ON (开始充电)
[2026-04-09 09:54:27] INFO     继电器执行 -> ON
[2026-04-09 09:54:34] INFO     捕获目标指令: voice_msgnum:9
[2026-04-09 09:54:34] INFO     状态维稳，保持闭合 25.0s
[2026-04-09 09:54:39] INFO     捕获目标指令: voice_msgnum:10
[2026-04-09 09:54:59] INFO     继电器 OFF (切断充电)
[2026-04-09 09:54:59] INFO     继电器执行 -> OFF
[2026-04-09 09:54:59] INFO     物理断电静置 25.0s
[2026-04-09 09:55:24] INFO     【结论】 [PASS] 成功关键字: voice_msgnum:9
[2026-04-09 09:55:24] INFO     统计 -> 成功: 804 | 失败: 0 | 异常: 0 | 成功率: 100.0%
[2026-04-09 09:55:24] INFO     
-------------------- 第 805 轮 | 最大监听: 26.8s --------------------
[2026-04-09 09:55:24] INFO     继电器 ON (开始充电)
[2026-04-09 09:55:25] INFO     继电器执行 -> ON
[2026-04-09 09:55:36] INFO     捕获目标指令: voice_msgnum:10
[2026-04-09 09:55:36] INFO     状态维稳，保持闭合 25.0s
[2026-04-09 09:56:01] INFO     继电器 OFF (切断充电)
[2026-04-09 09:56:01] INFO     继电器执行 -> OFF
[2026-04-09 09:56:01] INFO     物理断电静置 25.0s
[2026-04-09 09:56:26] INFO     【结论】 [PASS] 成功关键字: voice_msgnum:10
[2026-04-09 09:56:26] INFO     统计 -> 成功: 805 | 失败: 0 | 异常: 0 | 成功率: 100.0%
[2026-04-09 09:56:26] INFO     
-------------------- 第 806 轮 | 最大监听: 28.8s --------------------
[2026-04-09 09:56:26] INFO     继电器 ON (开始充电)
[2026-04-09 09:56:26] INFO     继电器执行 -> ON
[2026-04-09 09:56:28] INFO     捕获目标指令: voice_msgnum:9
[2026-04-09 09:56:28] INFO     状态维稳，保持闭合 25.0s
[2026-04-09 09:56:38] INFO     捕获目标指令: voice_msgnum:10
[2026-04-09 09:56:53] INFO     继电器 OFF (切断充电)
[2026-04-09 09:56:53] INFO     继电器执行 -> OFF
[2026-04-09 09:56:53] INFO     物理断电静置 25.0s
[2026-04-09 09:57:18] INFO     【结论】 [PASS] 成功关键字: voice_msgnum:9
[2026-04-09 09:57:18] INFO     统计 -> 成功: 806 | 失败: 0 | 异常: 0 | 成功率: 100.0%
[2026-04-09 09:57:18] INFO     
-------------------- 第 807 轮 | 最大监听: 26.9s --------------------
[2026-04-09 09:57:18] INFO     继电器 ON (开始充电)
[2026-04-09 09:57:18] INFO     继电器执行 -> ON
[2026-04-09 09:57:19] INFO     捕获目标指令: voice_msgnum:9
[2026-04-09 09:57:19] INFO     状态维稳，保持闭合 25.0s
[2026-04-09 09:57:29] INFO     捕获目标指令: voice_msgnum:10
[2026-04-09 09:57:44] INFO     继电器 OFF (切断充电)
[2026-04-09 09:57:44] INFO     继电器执行 -> OFF
[2026-04-09 09:57:44] INFO     物理断电静置 25.0s
[2026-04-09 09:58:09] INFO     【结论】 [PASS] 成功关键字: voice_msgnum:9
[2026-04-09 09:58:09] INFO     统计 -> 成功: 807 | 失败: 0 | 异常: 0 | 成功率: 100.0%
[2026-04-09 09:58:09] INFO     
-------------------- 第 808 轮 | 最大监听: 25.5s --------------------
[2026-04-09 09:58:09] INFO     继电器 ON (开始充电)
[2026-04-09 09:58:09] INFO     继电器执行 -> ON
[2026-04-09 09:58:11] INFO     捕获目标指令: voice_msgnum:9
[2026-04-09 09:58:11] INFO     状态维稳，保持闭合 25.0s
[2026-04-09 09:58:21] INFO     捕获目标指令: voice_msgnum:10
[2026-04-09 09:58:36] INFO     继电器 OFF (切断充电)
[2026-04-09 09:58:36] INFO     继电器执行 -> OFF
[2026-04-09 09:58:36] INFO     物理断电静置 25.0s
[2026-04-09 09:59:01] INFO     【结论】 [PASS] 成功关键字: voice_msgnum:9
[2026-04-09 09:59:01] INFO     统计 -> 成功: 808 | 失败: 0 | 异常: 0 | 成功率: 100.0%
[2026-04-09 09:59:01] INFO     
-------------------- 第 809 轮 | 最大监听: 26.0s --------------------
[2026-04-09 09:59:01] INFO     继电器 ON (开始充电)
[2026-04-09 09:59:01] INFO     继电器执行 -> ON
[2026-04-09 09:59:02] INFO     捕获目标指令: voice_msgnum:9
[2026-04-09 09:59:02] INFO     状态维稳，保持闭合 25.0s
[2026-04-09 09:59:12] INFO     捕获目标指令: voice_msgnum:10
[2026-04-09 09:59:27] INFO     继电器 OFF (切断充电)
[2026-04-09 09:59:27] INFO     继电器执行 -> OFF
[2026-04-09 09:59:27] INFO     物理断电静置 25.0s
[2026-04-09 09:59:52] INFO     【结论】 [PASS] 成功关键字: voice_msgnum:9
[2026-04-09 09:59:52] INFO     统计 -> 成功: 809 | 失败: 0 | 异常: 0 | 成功率: 100.0%
[2026-04-09 09:59:52] INFO     
-------------------- 第 810 轮 | 最大监听: 26.3s --------------------
[2026-04-09 09:59:52] INFO     继电器 ON (开始充电)
[2026-04-09 09:59:52] INFO     继电器执行 -> ON
[2026-04-09 09:59:57] INFO     捕获目标指令: voice_msgnum:9
[2026-04-09 09:59:57] INFO     状态维稳，保持闭合 25.0s
[2026-04-09 10:00:04] INFO     捕获目标指令: voice_msgnum:10
[2026-04-09 10:00:22] INFO     继电器 OFF (切断充电)
[2026-04-09 10:00:22] INFO     继电器执行 -> OFF
[2026-04-09 10:00:22] INFO     物理断电静置 25.0s
[2026-04-09 10:00:47] INFO     【结论】 [PASS] 成功关键字: voice_msgnum:9
[2026-04-09 10:00:47] INFO     统计 -> 成功: 810 | 失败: 0 | 异常: 0 | 成功率: 100.0%
[2026-04-09 10:00:47] INFO     
-------------------- 第 811 轮 | 最大监听: 25.6s --------------------
[2026-04-09 10:00:47] INFO     继电器 ON (开始充电)
[2026-04-09 10:00:47] INFO     继电器执行 -> ON
[2026-04-09 10:00:48] INFO     捕获目标指令: voice_msgnum:9
[2026-04-09 10:00:48] INFO     状态维稳，保持闭合 25.0s
[2026-04-09 10:00:58] INFO     捕获目标指令: voice_msgnum:10
[2026-04-09 10:01:13] INFO     继电器 OFF (切断充电)
[2026-04-09 10:01:13] INFO     继电器执行 -> OFF
[2026-04-09 10:01:13] INFO     物理断电静置 25.0s
[2026-04-09 10:01:38] INFO     【结论】 [PASS] 成功关键字: voice_msgnum:9
[2026-04-09 10:01:38] INFO     统计 -> 成功: 811 | 失败: 0 | 异常: 0 | 成功率: 100.0%
[2026-04-09 10:01:38] INFO     
-------------------- 第 812 轮 | 最大监听: 27.3s --------------------
[2026-04-09 10:01:38] INFO     继电器 ON (开始充电)
[2026-04-09 10:01:38] INFO     继电器执行 -> ON
[2026-04-09 10:01:50] INFO     捕获目标指令: voice_msgnum:10
[2026-04-09 10:01:50] INFO     状态维稳，保持闭合 25.0s
[2026-04-09 10:02:15] INFO     继电器 OFF (切断充电)
[2026-04-09 10:02:15] INFO     继电器执行 -> OFF
[2026-04-09 10:02:15] INFO     物理断电静置 25.0s
[2026-04-09 10:02:40] INFO     【结论】 [PASS] 成功关键字: voice_msgnum:10
[2026-04-09 10:02:40] INFO     统计 -> 成功: 812 | 失败: 0 | 异常: 0 | 成功率: 100.0%
[2026-04-09 10:02:40] INFO     
-------------------- 第 813 轮 | 最大监听: 26.2s --------------------
[2026-04-09 10:02:40] INFO     继电器 ON (开始充电)
[2026-04-09 10:02:40] INFO     继电器执行 -> ON
[2026-04-09 10:02:41] INFO     捕获目标指令: voice_msgnum:9
[2026-04-09 10:02:41] INFO     状态维稳，保持闭合 25.0s
[2026-04-09 10:02:52] INFO     捕获目标指令: voice_msgnum:10
[2026-04-09 10:03:06] INFO     继电器 OFF (切断充电)
[2026-04-09 10:03:07] INFO     继电器执行 -> OFF
[2026-04-09 10:03:07] INFO     物理断电静置 25.0s
[2026-04-09 10:03:32] INFO     【结论】 [PASS] 成功关键字: voice_msgnum:9
[2026-04-09 10:03:32] INFO     统计 -> 成功: 813 | 失败: 0 | 异常: 0 | 成功率: 100.0%
[2026-04-09 10:03:32] INFO     
-------------------- 第 814 轮 | 最大监听: 25.8s --------------------
[2026-04-09 10:03:32] INFO     继电器 ON (开始充电)
[2026-04-09 10:03:32] INFO     继电器执行 -> ON
[2026-04-09 10:03:43] INFO     捕获目标指令: voice_msgnum:10
[2026-04-09 10:03:43] INFO     状态维稳，保持闭合 25.0s
[2026-04-09 10:04:08] INFO     继电器 OFF (切断充电)
[2026-04-09 10:04:08] INFO     继电器执行 -> OFF
[2026-04-09 10:04:08] INFO     物理断电静置 25.0s
[2026-04-09 10:04:33] INFO     【结论】 [PASS] 成功关键字: voice_msgnum:10
[2026-04-09 10:04:33] INFO     统计 -> 成功: 814 | 失败: 0 | 异常: 0 | 成功率: 100.0%
[2026-04-09 10:04:33] INFO     
-------------------- 第 815 轮 | 最大监听: 26.6s --------------------
[2026-04-09 10:04:33] INFO     继电器 ON (开始充电)
[2026-04-09 10:04:33] INFO     继电器执行 -> ON
[2026-04-09 10:04:35] INFO     捕获目标指令: voice_msgnum:9
[2026-04-09 10:04:35] INFO     状态维稳，保持闭合 25.0s
[2026-04-09 10:04:45] INFO     捕获目标指令: voice_msgnum:10
[2026-04-09 10:05:00] INFO     继电器 OFF (切断充电)
[2026-04-09 10:05:00] INFO     继电器执行 -> OFF
[2026-04-09 10:05:00] INFO     物理断电静置 25.0s
[2026-04-09 10:05:25] INFO     【结论】 [PASS] 成功关键字: voice_msgnum:9
[2026-04-09 10:05:25] INFO     统计 -> 成功: 815 | 失败: 0 | 异常: 0 | 成功率: 100.0%
[2026-04-09 10:05:25] INFO     
-------------------- 第 816 轮 | 最大监听: 28.5s --------------------
[2026-04-09 10:05:25] INFO     继电器 ON (开始充电)
[2026-04-09 10:05:25] INFO     继电器执行 -> ON
[2026-04-09 10:05:26] INFO     捕获目标指令: voice_msgnum:9
[2026-04-09 10:05:26] INFO     状态维稳，保持闭合 25.0s
[2026-04-09 10:05:36] INFO     捕获目标指令: voice_msgnum:10
[2026-04-09 10:05:51] INFO     继电器 OFF (切断充电)
[2026-04-09 10:05:51] INFO     继电器执行 -> OFF
[2026-04-09 10:05:51] INFO     物理断电静置 25.0s
[2026-04-09 10:06:16] INFO     【结论】 [PASS] 成功关键字: voice_msgnum:9
[2026-04-09 10:06:16] INFO     统计 -> 成功: 816 | 失败: 0 | 异常: 0 | 成功率: 100.0%
[2026-04-09 10:06:16] INFO     
-------------------- 第 817 轮 | 最大监听: 27.0s --------------------
[2026-04-09 10:06:16] INFO     继电器 ON (开始充电)
[2026-04-09 10:06:16] INFO     继电器执行 -> ON
[2026-04-09 10:06:18] INFO     捕获目标指令: voice_msgnum:9
[2026-04-09 10:06:18] INFO     状态维稳，保持闭合 25.0s
[2026-04-09 10:06:28] INFO     捕获目标指令: voice_msgnum:10
[2026-04-09 10:06:43] INFO     继电器 OFF (切断充电)
[2026-04-09 10:06:43] INFO     继电器执行 -> OFF
[2026-04-09 10:06:43] INFO     物理断电静置 25.0s
[2026-04-09 10:07:08] INFO     【结论】 [PASS] 成功关键字: voice_msgnum:9
[2026-04-09 10:07:08] INFO     统计 -> 成功: 817 | 失败: 0 | 异常: 0 | 成功率: 100.0%
[2026-04-09 10:07:08] INFO     
-------------------- 第 818 轮 | 最大监听: 29.7s --------------------
[2026-04-09 10:07:08] INFO     继电器 ON (开始充电)
[2026-04-09 10:07:08] INFO     继电器执行 -> ON
[2026-04-09 10:07:09] INFO     捕获目标指令: voice_msgnum:9
[2026-04-09 10:07:09] INFO     状态维稳，保持闭合 25.0s
[2026-04-09 10:07:20] INFO     捕获目标指令: voice_msgnum:10
[2026-04-09 10:07:34] INFO     继电器 OFF (切断充电)
[2026-04-09 10:07:35] INFO     继电器执行 -> OFF
[2026-04-09 10:07:35] INFO     物理断电静置 25.0s
[2026-04-09 10:08:00] INFO     【结论】 [PASS] 成功关键字: voice_msgnum:9
[2026-04-09 10:08:00] INFO     统计 -> 成功: 818 | 失败: 0 | 异常: 0 | 成功率: 100.0%
[2026-04-09 10:08:00] INFO     
-------------------- 第 819 轮 | 最大监听: 26.7s --------------------
[2026-04-09 10:08:00] INFO     继电器 ON (开始充电)
[2026-04-09 10:08:00] INFO     继电器执行 -> ON
[2026-04-09 10:08:01] INFO     捕获目标指令: voice_msgnum:9
[2026-04-09 10:08:01] INFO     状态维稳，保持闭合 25.0s
[2026-04-09 10:08:11] INFO     捕获目标指令: voice_msgnum:10
[2026-04-09 10:08:26] INFO     继电器 OFF (切断充电)
[2026-04-09 10:08:26] INFO     继电器执行 -> OFF
[2026-04-09 10:08:26] INFO     物理断电静置 25.0s
[2026-04-09 10:08:51] INFO     【结论】 [PASS] 成功关键字: voice_msgnum:9
[2026-04-09 10:08:51] INFO     统计 -> 成功: 819 | 失败: 0 | 异常: 0 | 成功率: 100.0%
[2026-04-09 10:08:51] INFO     
-------------------- 第 820 轮 | 最大监听: 25.7s --------------------
[2026-04-09 10:08:51] INFO     继电器 ON (开始充电)
[2026-04-09 10:08:51] INFO     继电器执行 -> ON
[2026-04-09 10:08:53] INFO     捕获目标指令: voice_msgnum:9
[2026-04-09 10:08:53] INFO     状态维稳，保持闭合 25.0s
[2026-04-09 10:09:03] INFO     捕获目标指令: voice_msgnum:10
[2026-04-09 10:09:18] INFO     继电器 OFF (切断充电)
[2026-04-09 10:09:18] INFO     继电器执行 -> OFF
[2026-04-09 10:09:18] INFO     物理断电静置 25.0s
[2026-04-09 10:09:43] INFO     【结论】 [PASS] 成功关键字: voice_msgnum:9
[2026-04-09 10:09:43] INFO     统计 -> 成功: 820 | 失败: 0 | 异常: 0 | 成功率: 100.0%
[2026-04-09 10:09:43] INFO     
-------------------- 第 821 轮 | 最大监听: 28.7s --------------------
[2026-04-09 10:09:43] INFO     继电器 ON (开始充电)
[2026-04-09 10:09:43] INFO     继电器执行 -> ON
[2026-04-09 10:09:44] INFO     捕获目标指令: voice_msgnum:9
[2026-04-09 10:09:44] INFO     状态维稳，保持闭合 25.0s
[2026-04-09 10:09:54] INFO     捕获目标指令: voice_msgnum:10
[2026-04-09 10:09:55] WARNING  手动中断，停止测试。
[2026-04-09 10:09:55] INFO     继电器执行 -> OFF
[2026-04-09 10:09:55] INFO     
=============== 最终测试报告 ===============
  目标循环:      500000 次
  成功次数:      820 次
  失败次数:      0 次
  异常次数:      0 次
  断连次数:      0 次
============================================
