[19:54:19.822650] --->
[32m[I/voice] voice_msg num: 9[0m
[19:54:44.826360] --->
[32m[I/gkey] acc_cb, key_evt: 0[0m
[32m[I/pms] pm_thread, recved: 0x4[0m
[32m[I/pms] pm_event, event: 0x4[0m
[32m[I/pms] pm_acc_tim, enter[0m
[32m[I/pms] pm_acc_tim, release[0m
[19:55:09.882375] --->
[32m[I/ui] ui_switch_key suspend[0m
[32m[I/voice] voice_msg num: 0[0m
[32m[I/pms] pm_task_unlock[0m
[19:55:11.584001] --->
[32m[I/voice] voice_msg num: 9[0m
[19:55:36.587055] --->
[32m[I/pms] pm_task_lock[0m
[32m[I/pms] pm_alarm, alm_cnt: 10[0m
[32m[I/pms] pm_thread, recved: 0x8[0m
[32m[I/pms] pm_event, evt_cnt: 10[0m
[19:56:01.644017] --->
[32m[I/ui] ui_switch_key suspend[0m
[32m[I/voice] voice_msg num: 0[0m
[32m[I/pms] pm_task_unlock[0m
[19:56:03.343775] --->
[32m[I/voice] voice_msg num: 9[0m
[19:56:28.345657] --->
[32m[I/pms] pm_task_lock[0m
[32m[I/pms] pm_alarm, alm_cnt: 11[0m
[32m[I/pms] pm_thread, recved: 0x8[0m
[32m[I/pms] pm_event, evt_cnt: 11[0m
[19:56:53.400250] --->
[32m[I/ui] ui_switch_key suspend[0m
[32m[I/voice] voice_msg num: 0[0m
[32m[I/pms] pm_task_unlock[0m
[19:56:55.098537] --->
[32m[I/voice] voice_msg num: 9[0m
[19:57:20.099878] --->
[32m[I/pms] pm_task_lock[0m
[32m[I/pms] pm_alarm, alm_cnt: 12[0m
[32m[I/pms] pm_thread, recved: 0x8[0m
[32m[I/pms] pm_event, evt_cnt: 12[0m
[19:57:45.155536] --->
[32m[I/ui] ui_switch_key suspend[0m
[32m[I/voice] voice_msg num: 0[0m
[32m[I/pms] pm_task_unlock[0m
[19:57:46.887174] --->
[32m[I/voice] voice_msg num: 9[0m
[19:58:36.944392] --->
[32m[I/pms] pm_task_lock[0m
[32m[I/pms] pm_alarm, alm_cnt: 13[0m
[32m[I/pms] pm_thread, recved: 0x8[0m
[32m[I/pms] pm_event, evt_cnt: 13[0m
[32m[I/ui] ui_switch_key suspend[0m
[32m[I/voice] voice_msg num: 0[0m
[32m[I/pms] pm_task_unlock[0m
[19:58:38.742223] --->
[32m[I/voice] voice_msg num: 9[0m
[19:59:28.800803] --->
[32m[I/ui] ui_switch_key suspend[0m
[32m[I/voice] voice_msg num: 0[0m
[32m[I/pms] pm_task_lock[0m
[32m[I/pms] pm_alarm, alm_cnt: 14[0m
[32m[I/pms] pm_thread, recved: 0x8[0m
[32m[I/pms] pm_event, evt_cnt: 14[0m
[32m[I/pms] pm_task_unlock[0m
[19:59:30.571181] --->
[32m[I/voice] voice_msg num: 9[0m
[20:00:20.626350] --->
[32m[I/ui] ui_switch_key suspend[0m
[32m[I/voice] voice_msg num: 0[0m
[32m[I/pms] pm_task_lock[0m
[32m[I/pms] pm_alarm, alm_cnt: 15[0m
[32m[I/pms] pm_thread, recved: 0x8[0m
[32m[I/pms] pm_event, evt_cnt: 15[0m
[32m[I/pms] pm_task_unlock[0m
[20:00:22.398114] --->
[32m[I/voice] voice_msg num: 9[0m
[20:01:12.452439] --->
[32m[I/ui] ui_switch_key suspend[0m
[32m[I/voice] voice_msg num: 0[0m
[32m[I/pms] pm_task_lock[0m
[32m[I/pms] pm_alarm, alm_cnt: 16[0m
[32m[I/pms] pm_thread, recved: 0x8[0m
[32m[I/pms] pm_event, evt_cnt: 16[0m
[20:01:14.217511] --->
[32m[I/voice] voice_msg num: 9[0m
[20:02:04.277541] --->
[32m[I/ui] ui_switch_key suspend[0m
[32m[I/voice] voice_msg num: 0[0m
[32m[I/pms] pm_task_unlock[0m
[20:02:06.027293] --->
[32m[I/voice] voice_msg num: 9[0m
[20:02:31.029996] --->
[32m[I/pms] pm_task_lock[0m
[32m[I/pms] pm_alarm, alm_cnt: 17[0m
[32m[I/pms] pm_thread, recved: 0x8[0m
[32m[I/pms] pm_event, evt_cnt: 17[0m
[20:02:56.084546] --->
[32m[I/ui] ui_switch_key suspend[0m
[32m[I/voice] voice_msg num: 0[0m
[32m[I/pms] pm_task_unlock[0m
[20:02:57.827713] --->
[32m[I/voice] voice_msg num: 9[0m
[20:03:22.832023] --->
[32m[I/pms] pm_task_lock[0m
[32m[I/pms] pm_alarm, alm_cnt: 18[0m
[32m[I/pms] pm_thread, recved: 0x8[0m
[32m[I/pms] pm_event, evt_cnt: 18[0m
[20:03:47.884574] --->
[32m[I/ui] ui_switch_key suspend[0m
[32m[I/voice] voice_msg num: 0[0m
[32m[I/pms] pm_task_unlock[0m
[20:03:49.585217] --->
[32m[I/voice] voice_msg num: 9[0m
[20:04:14.588649] --->
[32m[I/pms] pm_task_lock[0m
[32m[I/pms] pm_alarm, alm_cnt: 19[0m
[32m[I/pms] pm_thread, recved: 0x8[0m
[32m[I/pms] pm_event, evt_cnt: 19[0m
[20:04:39.641672] --->
[32m[I/ui] ui_switch_key suspend[0m
[32m[I/voice] voice_msg num: 0[0m
[32m[I/pms] pm_task_unlock[0m
[20:04:41.345159] --->
[32m[I/voice] voice_msg num: 9[0m
[20:05:31.402178] --->
[32m[I/ui] ui_switch_key suspend[0m
[32m[I/voice] voice_msg num: 0[0m
[32m[I/pms] pm_task_lock[0m
[32m[I/pms] pm_alarm, alm_cnt: 20[0m
[32m[I/pms] pm_thread, recved: 0x8[0m
[32m[I/pms] pm_event, evt_cnt: 20[0m
[32m[I/pms] pm_task_unlock[0m
[20:05:33.110540] --->
[32m[I/voice] voice_msg num: 9[0m
[20:06:23.168820] --->
[32m[I/ui] ui_switch_key suspend[0m
[32m[I/voice] voice_msg num: 0[0m
[32m[I/pms] pm_task_lock[0m
[32m[I/pms] pm_alarm, alm_cnt: 21[0m
[32m[I/pms] pm_thread, recved: 0x8[0m
[32m[I/pms] pm_event, evt_cnt: 21[0m
[32m[I/pms] pm_task_unlock[0m
[20:06:24.941253] --->
[32m[I/voice] voice_msg num: 9[0m
[20:07:14.998536] --->
[32m[I/ui] ui_switch_key suspend[0m
[32m[I/voice] voice_msg num: 0[0m
[32m[I/pms] pm_task_lock[0m
[32m[I/pms] pm_alarm, alm_cnt: 22[0m
[32m[I/pms] pm_thread, recved: 0x8[0m
[32m[I/pms] pm_event, evt_cnt: 22[0m
[32m[I/pms] pm_task_unlock[0m
[20:07:16.769688] --->
[32m[I/voice] voice_msg num: 9[0m
[20:08:06.830031] --->
[32m[I/ui] ui_switch_key suspend[0m
[32m[I/voice] voice_msg num: 0[0m
[32m[I/pms] pm_task_lock[0m
[32m[I/pms] pm_alarm, alm_cnt: 23[0m
[32m[I/pms] pm_thread, recved: 0x8[0m
[32m[I/pms] pm_event, evt_cnt: 23[0m
[20:08:08.683622] --->
[32m[I/voice] voice_msg num: 9[0m
[20:08:58.743814] --->
[32m[I/ui] ui_switch_key suspend[0m
[32m[I/voice] voice_msg num: 0[0m
[32m[I/pms] pm_task_unlock[0m
[20:09:02.846153] --->
[32m[I/voice] voice_msg num: 9[0m
[20:09:27.848810] --->
[32m[I/pms] pm_task_lock[0m
[32m[I/pms] pm_alarm, alm_cnt: 24[0m
[32m[I/pms] pm_thread, recved: 0x8[0m
[32m[I/pms] pm_event, evt_cnt: 24[0m
[20:09:52.901592] --->
[32m[I/ui] ui_switch_key suspend[0m
[32m[I/voice] voice_msg num: 0[0m
[32m[I/pms] pm_task_unlock[0m
[20:09:54.733766] --->
[32m[I/voice] voice_msg num: 9[0m
[20:10:19.736855] --->
[32m[I/pms] pm_task_lock[0m
[32m[I/pms] pm_alarm, alm_cnt: 25[0m
[32m[I/pms] pm_thread, recved: 0x8[0m
[32m[I/pms] pm_event, evt_cnt: 25[0m
[20:10:44.788607] --->
[32m[I/ui] ui_switch_key suspend[0m
[32m[I/voice] voice_msg num: 0[0m
[32m[I/pms] pm_task_unlock[0m
[20:10:46.621124] --->
[32m[I/voice] voice_msg num: 9[0m
[20:11:11.621912] --->
[32m[I/pms] pm_task_lock[0m
[32m[I/pms] pm_alarm, alm_cnt: 26[0m
[32m[I/pms] pm_thread, recved: 0x8[0m
[32m[I/pms] pm_event, evt_cnt: 26[0m
[20:11:36.677339] --->
[32m[I/ui] ui_switch_key suspend[0m
[32m[I/voice] voice_msg num: 0[0m
[32m[I/pms] pm_task_unlock[0m
[20:11:41.178026] --->
[32m[I/voice] voice_msg num: 9[0m
[20:12:06.183026] --->
[32m[I/pms] pm_task_lock[0m
[32m[I/pms] pm_alarm, alm_cnt: 27[0m
[32m[I/pms] pm_thread, recved: 0x8[0m
[32m[I/pms] pm_event, evt_cnt: 27[0m
[20:12:31.236604] --->
[32m[I/ui] ui_switch_key suspend[0m
[32m[I/voice] voice_msg num: 0[0m
[32m[I/pms] pm_task_unlock[0m
[20:12:32.941270] --->
[32m[I/voice] voice_msg num: 9[0m
[20:13:22.998226] --->
[32m[I/ui] ui_switch_key suspend[0m
[32m[I/voice] voice_msg num: 0[0m
[32m[I/pms] pm_task_lock[0m
[32m[I/pms] pm_alarm, alm_cnt: 28[0m
[32m[I/pms] pm_thread, recved: 0x8[0m
[32m[I/pms] pm_event, evt_cnt: 28[0m
[32m[I/pms] pm_task_unlock[0m
[20:13:30.571189] --->
[32m[I/voice] voice_msg num: 9[0m
[20:14:20.631605] --->
[32m[I/ui] ui_switch_key suspend[0m
[32m[I/voice] voice_msg num: 0[0m
[32m[I/pms] pm_task_lock[0m
[32m[I/pms] pm_alarm, alm_cnt: 29[0m
[32m[I/pms] pm_thread, recved: 0x8[0m
[32m[I/pms] pm_event, evt_cnt: 29[0m
[32m[I/pms] pm_task_unlock[0m
[20:14:22.404353] --->
[32m[I/voice] voice_msg num: 9[0m
[20:15:12.455806] --->
[32m[I/ui] ui_switch_key suspend[0m
[32m[I/voice] voice_msg num: 0[0m
[32m[I/pms] pm_task_lock[0m
[32m[I/pms] pm_alarm, alm_cnt: 30[0m
[32m[I/pms] pm_thread, recved: 0x8[0m
[32m[I/pms] pm_event, evt_cnt: 30[0m
[32m[I/pms] pm_task_unlock[0m
[20:15:14.224230] --->
[32m[I/voice] voice_msg num: 9[0m
[20:16:04.282246] --->
[32m[I/ui] ui_switch_key suspend[0m
[32m[I/voice] voice_msg num: 0[0m
[32m[I/pms] pm_task_lock[0m
[32m[I/pms] pm_alarm, alm_cnt: 31[0m
[32m[I/pms] pm_thread, recved: 0x8[0m
[32m[I/pms] pm_event, evt_cnt: 31[0m
[20:16:08.776977] --->
[32m[I/voice] voice_msg num: 9[0m
[20:16:58.836394] --->
[32m[I/ui] ui_switch_key suspend[0m
[32m[I/voice] voice_msg num: 0[0m
[32m[I/pms] pm_task_unlock[0m
[20:17:09.136630] --->
[32m[I/pms] pm_task_lock[0m
[32m[I/pms] pm_alarm, alm_cnt: 32[0m
[32m[I/pms] pm_thread, recved: 0x8[0m
[32m[I/pms] pm_event, evt_cnt: 32[0m
[32m[I/voice] voice_msg num: 9[0m
[20:17:59.192212] --->
[32m[I/ui] ui_switch_key suspend[0m
[32m[I/voice] voice_msg num: 0[0m
[32m[I/pms] pm_task_unlock[0m
[20:18:01.059500] --->
[32m[I/voice] voice_msg num: 9[0m
[20:18:26.061336] --->
[32m[I/pms] pm_task_lock[0m
[32m[I/pms] pm_alarm, alm_cnt: 33[0m
[32m[I/pms] pm_thread, recved: 0x8[0m
[32m[I/pms] pm_event, evt_cnt: 33[0m
[20:18:51.116877] --->
[32m[I/ui] ui_switch_key suspend[0m
[32m[I/voice] voice_msg num: 0[0m
[32m[I/pms] pm_task_unlock[0m
[20:18:55.593715] --->
[32m[I/voice] voice_msg num: 9[0m
[20:19:20.598338] --->
[32m[I/pms] pm_task_lock[0m
[32m[I/pms] pm_alarm, alm_cnt: 34[0m
[32m[I/pms] pm_thread, recved: 0x8[0m
[32m[I/pms] pm_event, evt_cnt: 34[0m
[20:19:45.649667] --->
[32m[I/ui] ui_switch_key suspend[0m
[32m[I/voice] voice_msg num: 0[0m
[32m[I/pms] pm_task_unlock[0m
[20:19:49.746847] --->
[32m[I/voice] voice_msg num: 9[0m
[20:20:14.752491] --->
[32m[I/pms] pm_task_lock[0m
[32m[I/pms] pm_alarm, alm_cnt: 35[0m
[32m[I/pms] pm_thread, recved: 0x8[0m
[32m[I/pms] pm_event, evt_cnt: 35[0m
[20:20:39.808860] --->
[32m[I/ui] ui_switch_key suspend[0m
[32m[I/voice] voice_msg num: 0[0m
[32m[I/pms] pm_task_unlock[0m
[20:20:44.197922] --->
[32m[I/voice] voice_msg num: 9[0m
[20:21:09.200708] --->
[32m[I/pms] pm_task_lock[0m
[32m[I/pms] pm_alarm, alm_cnt: 36[0m
[32m[I/pms] pm_thread, recved: 0x8[0m
[32m[I/pms] pm_event, evt_cnt: 36[0m
[20:21:34.254168] --->
[32m[I/ui] ui_switch_key suspend[0m
[32m[I/voice] voice_msg num: 0[0m
[32m[I/pms] pm_task_unlock[0m
[20:21:35.953514] --->
[32m[I/voice] voice_msg num: 9[0m
[20:22:00.958300] --->
[32m[I/pms] pm_task_lock[0m
[32m[I/pms] pm_alarm, alm_cnt: 37[0m
[32m[I/pms] pm_thread, recved: 0x8[0m
[32m[I/pms] pm_event, evt_cnt: 37[0m
[20:22:26.014115] --->
[32m[I/ui] ui_switch_key suspend[0m
[32m[I/voice] voice_msg num: 0[0m
[32m[I/pms] pm_task_unlock[0m
[20:22:33.090356] --->
[32m[I/voice] voice_msg num: 9[0m
[20:23:23.149246] --->
[32m[I/ui] ui_switch_key suspend[0m
[32m[I/voice] voice_msg num: 0[0m
[32m[I/pms] pm_task_lock[0m
[32m[I/pms] pm_alarm, alm_cnt: 38[0m
[32m[I/pms] pm_thread, recved: 0x8[0m
[32m[I/pms] pm_event, evt_cnt: 38[0m
[32m[I/pms] pm_task_unlock[0m
[20:23:30.707167] --->
[32m[I/voice] voice_msg num: 9[0m
[20:24:20.764162] --->
[32m[I/ui] ui_switch_key suspend[0m
[32m[I/voice] voice_msg num: 0[0m
[32m[I/pms] pm_task_lock[0m
[32m[I/pms] pm_alarm, alm_cnt: 39[0m
[32m[I/pms] pm_thread, recved: 0x8[0m
[32m[I/pms] pm_event, evt_cnt: 39[0m
[32m[I/pms] pm_task_unlock[0m
[20:24:31.535993] --->
[32m[I/voice] voice_msg num: 9[0m
[20:25:21.592423] --->
[32m[I/ui] ui_switch_key suspend[0m
[32m[I/voice] voice_msg num: 0[0m
[32m[I/pms] pm_task_lock[0m
[32m[I/pms] pm_alarm, alm_cnt: 40[0m
[32m[I/pms] pm_thread, recved: 0x8[0m
[32m[I/pms] pm_event, evt_cnt: 40[0m
[32m[I/pms] pm_task_unlock[0m
[20:25:47.852604] --->
[32m[I/voice] voice_msg num: 9[0m
[20:26:12.854256] --->
[32m[I/pms] pm_task_lock[0m
[32m[I/pms] pm_alarm, alm_cnt: 41[0m
[32m[I/pms] pm_thread, recved: 0x8[0m
[32m[I/pms] pm_event, evt_cnt: 41[0m
[20:26:37.909525] --->
[32m[I/ui] ui_switch_key suspend[0m
[32m[I/voice] voice_msg num: 0[0m
[32m[I/pms] pm_task_unlock[0m
[20:27:00.967621] --->
[32m[I/pms] pm_task_lock[0m
[32m[I/pms] pm_alarm, alm_cnt: 42[0m
[32m[I/pms] pm_thread, recved: 0x8[0m
[32m[I/pms] pm_event, evt_cnt: 42[0m
[32m[I/voice] voice_msg num: 9[0m
[20:27:51.026043] --->
[32m[I/ui] ui_switch_key suspend[0m
[32m[I/voice] voice_msg num: 0[0m
[32m[I/pms] pm_task_unlock[0m
[20:28:19.479474] --->
[32m[I/pms] pm_task_lock[0m
[32m[I/pms] pm_alarm, alm_cnt: 43[0m
[32m[I/pms] pm_thread, recved: 0x8[0m
[32m[I/pms] pm_event, evt_cnt: 43[0m
[20:28:44.535660] --->
[32m[I/ui] ui_switch_key suspend[0m
[32m[I/voice] voice_msg num: 0[0m
[32m[I/pms] pm_task_unlock[0m
[20:28:48.935587] --->
[32m[I/voice] voice_msg num: 9[0m
[20:29:13.937609] --->
[32m[I/pms] pm_task_lock[0m
[32m[I/pms] pm_alarm, alm_cnt: 44[0m
[32m[I/pms] pm_thread, recved: 0x8[0m
[32m[I/pms] pm_event, evt_cnt: 44[0m
[20:29:38.992974] --->
[32m[I/ui] ui_switch_key suspend[0m
[32m[I/voice] voice_msg num: 0[0m
[32m[I/pms] pm_task_unlock[0m
[20:30:06.247703] --->
[32m[I/pms] pm_task_lock[0m
[32m[I/pms] pm_alarm, alm_cnt: 45[0m
[32m[I/pms] pm_thread, recved: 0x8[0m
[32m[I/pms] pm_event, evt_cnt: 45[0m
[20:30:31.302790] --->
[32m[I/ui] ui_switch_key suspend[0m
[32m[I/voice] voice_msg num: 0[0m
[32m[I/pms] pm_task_unlock[0m
[20:30:57.503764] --->
[32m[I/pms] pm_task_lock[0m
[32m[I/pms] pm_alarm, alm_cnt: 46[0m
[32m[I/pms] pm_thread, recved: 0x8[0m
[32m[I/pms] pm_event, evt_cnt: 46[0m
[32m[I/voice] voice_msg num: 9[0m
[20:31:47.561216] --->
[32m[I/ui] ui_switch_key suspend[0m
[32m[I/voice] voice_msg num: 0[0m
[32m[I/pms] pm_task_unlock[0m
[20:32:13.216303] --->
[32m[I/pms] pm_task_lock[0m
[32m[I/pms] pm_alarm, alm_cnt: 47[0m
[32m[I/pms] pm_thread, recved: 0x8[0m
[32m[I/pms] pm_event, evt_cnt: 47[0m
[20:32:38.270978] --->
[32m[I/ui] ui_switch_key suspend[0m
[32m[I/voice] voice_msg num: 0[0m
[32m[I/pms] pm_task_unlock[0m
[20:32:40.060608] --->
[32m[I/voice] voice_msg num: 9[0m
[20:33:05.064071] --->
[32m[I/pms] pm_task_lock[0m
[32m[I/pms] pm_alarm, alm_cnt: 48[0m
[32m[I/pms] pm_thread, recved: 0x8[0m
[32m[I/pms] pm_event, evt_cnt: 48[0m
[20:33:30.117548] --->
[32m[I/ui] ui_switch_key suspend[0m
[32m[I/voice] voice_msg num: 0[0m
[32m[I/pms] pm_task_unlock[0m
[20:33:37.421807] --->
[32m[I/voice] voice_msg num: 9[0m
[20:34:02.423724] --->
[32m[I/pms] pm_task_lock[0m
[32m[I/pms] pm_alarm, alm_cnt: 49[0m
[32m[I/pms] pm_thread, recved: 0x8[0m
[32m[I/pms] pm_event, evt_cnt: 49[0m
[20:34:27.477373] --->
[32m[I/ui] ui_switch_key suspend[0m
[32m[I/voice] voice_msg num: 0[0m
[32m[I/pms] pm_task_unlock[0m
[20:34:44.258085] --->
[32m[I/voice] voice_msg num: 9[0m
[20:35:09.262232] --->
[32m[I/pms] pm_task_lock[0m
[32m[I/pms] pm_alarm, alm_cnt: 50[0m
[32m[I/pms] pm_thread, recved: 0x8[0m
[32m[I/pms] pm_event, evt_cnt: 50[0m
[20:35:34.318100] --->
[32m[I/ui] ui_switch_key suspend[0m
[32m[I/voice] voice_msg num: 0[0m
[32m[I/pms] pm_task_unlock[0m
[20:36:02.572235] --->
[32m[I/pms] pm_task_lock[0m
[32m[I/pms] pm_alarm, alm_cnt: 51[0m
[32m[I/pms] pm_thread, recved: 0x8[0m
[32m[I/pms] pm_event, evt_cnt: 51[0m
[20:36:27.626694] --->
[32m[I/ui] ui_switch_key suspend[0m
[32m[I/voice] voice_msg num: 0[0m
[32m[I/pms] pm_task_unlock[0m
[20:36:55.083393] --->
[32m[I/pms] pm_task_lock[0m
[32m[I/pms] pm_alarm, alm_cnt: 52[0m
[32m[I/pms] pm_thread, recved: 0x8[0m
[32m[I/pms] pm_event, evt_cnt: 52[0m
[20:37:20.137976] --->
[32m[I/ui] ui_switch_key suspend[0m
[32m[I/voice] voice_msg num: 0[0m
[32m[I/pms] pm_task_unlock[0m
[20:38:13.346952] --->
[32m[I/ui] ui_switch_key suspend[0m
[32m[I/voice] voice_msg num: 0[0m
[32m[I/pms] pm_task_lock[0m
[32m[I/pms] pm_alarm, alm_cnt: 53[0m
[32m[I/pms] pm_thread, recved: 0x8[0m
[32m[I/pms] pm_event, evt_cnt: 53[0m
[32m[I/pms] pm_task_unlock[0m
[20:39:04.953853] --->
[32m[I/ui] ui_switch_key suspend[0m
[32m[I/voice] voice_msg num: 0[0m
[32m[I/pms] pm_task_lock[0m
[32m[I/pms] pm_alarm, alm_cnt: 54[0m
[32m[I/pms] pm_thread, recved: 0x8[0m
[32m[I/pms] pm_event, evt_cnt: 54[0m
[32m[I/pms] pm_task_unlock[0m
[20:39:55.561924] --->
[32m[I/ui] ui_switch_key suspend[0m
[32m[I/voice] voice_msg num: 0[0m
[32m[I/pms] pm_task_lock[0m
[32m[I/pms] pm_alarm, alm_cnt: 55[0m
[32m[I/pms] pm_thread, recved: 0x8[0m
[32m[I/pms] pm_event, evt_cnt: 55[0m
[20:40:45.870854] --->
[32m[I/ui] ui_switch_key suspend[0m
[32m[I/voice] voice_msg num: 0[0m
[32m[I/pms] pm_task_unlock[0m
[20:41:11.726642] --->
[32m[I/pms] pm_task_lock[0m
[32m[I/pms] pm_alarm, alm_cnt: 56[0m
[32m[I/pms] pm_thread, recved: 0x8[0m
[32m[I/pms] pm_event, evt_cnt: 56[0m
[20:41:36.782420] --->
[32m[I/ui] ui_switch_key suspend[0m
[32m[I/voice] voice_msg num: 0[0m
[32m[I/pms] pm_task_unlock[0m
[20:42:06.839609] --->
[32m[I/pms] pm_task_lock[0m
[32m[I/pms] pm_alarm, alm_cnt: 57[0m
[32m[I/pms] pm_thread, recved: 0x8[0m
[32m[I/pms] pm_event, evt_cnt: 57[0m
[20:42:31.891951] --->
[32m[I/ui] ui_switch_key suspend[0m
[32m[I/voice] voice_msg num: 0[0m
[32m[I/pms] pm_task_unlock[0m
[20:42:58.040037] --->
[32m[I/pms] pm_task_lock[0m
[32m[I/pms] pm_alarm, alm_cnt: 58[0m
[32m[I/pms] pm_thread, recved: 0x8[0m
[32m[I/pms] pm_event, evt_cnt: 58[0m
[32m[I/voice] voice_msg num: 9[0m
[20:43:48.098558] --->
[32m[I/ui] ui_switch_key suspend[0m
[32m[I/voice] voice_msg num: 0[0m
[32m[I/pms] pm_task_unlock[0m
[20:44:16.856527] --->
[32m[I/pms] pm_task_lock[0m
[32m[I/pms] pm_alarm, alm_cnt: 59[0m
[32m[I/pms] pm_thread, recved: 0x8[0m
[32m[I/pms] pm_event, evt_cnt: 59[0m
[20:44:41.911244] --->
[32m[I/ui] ui_switch_key suspend[0m
[32m[I/voice] voice_msg num: 0[0m
[32m[I/pms] pm_task_unlock[0m
[20:45:09.368114] --->
[32m[I/pms] pm_task_lock[0m
[32m[I/pms] pm_alarm, alm_cnt: 60[0m
[32m[I/pms] pm_thread, recved: 0x8[0m
[32m[I/pms] pm_event, evt_cnt: 60[0m
[20:45:34.419459] --->
[32m[I/ui] ui_switch_key suspend[0m
[32m[I/voice] voice_msg num: 0[0m
[32m[I/pms] pm_task_unlock[0m
[20:46:00.074777] --->
[32m[I/pms] pm_task_lock[0m
[32m[I/pms] pm_alarm, alm_cnt: 61[0m
[32m[I/pms] pm_thread, recved: 0x8[0m
[32m[I/pms] pm_event, evt_cnt: 61[0m
[20:46:25.129459] --->
[32m[I/ui] ui_switch_key suspend[0m
[32m[I/voice] voice_msg num: 0[0m
[32m[I/pms] pm_task_unlock[0m
[20:46:50.186347] --->
[32m[I/pms] pm_task_lock[0m
[32m[I/pms] pm_alarm, alm_cnt: 62[0m
[32m[I/pms] pm_thread, recved: 0x8[0m
[32m[I/pms] pm_event, evt_cnt: 62[0m
[20:47:15.241505] --->
[32m[I/ui] ui_switch_key suspend[0m
[32m[I/voice] voice_msg num: 0[0m
[32m[I/pms] pm_task_unlock[0m
[20:48:09.948159] --->
[32m[I/ui] ui_switch_key suspend[0m
[32m[I/voice] voice_msg num: 0[0m
[32m[I/pms] pm_task_lock[0m
[32m[I/pms] pm_alarm, alm_cnt: 63[0m
[32m[I/pms] pm_thread, recved: 0x8[0m
[32m[I/pms] pm_event, evt_cnt: 63[0m
[32m[I/pms] pm_task_unlock[0m
[20:49:04.454085] --->
[32m[I/ui] ui_switch_key suspend[0m
[32m[I/voice] voice_msg num: 0[0m
[32m[I/pms] pm_task_lock[0m
[32m[I/pms] pm_alarm, alm_cnt: 64[0m
[32m[I/pms] pm_thread, recved: 0x8[0m
[32m[I/pms] pm_event, evt_cnt: 64[0m
[32m[I/pms] pm_task_unlock[0m
[20:49:58.062744] --->
[32m[I/ui] ui_switch_key suspend[0m
[32m[I/voice] voice_msg num: 0[0m
[32m[I/pms] pm_task_lock[0m
[32m[I/pms] pm_alarm, alm_cnt: 65[0m
[32m[I/pms] pm_thread, recved: 0x8[0m
[32m[I/pms] pm_event, evt_cnt: 65[0m
[32m[I/pms] pm_task_unlock[0m
[20:50:18.032404] --->
[32m[I/voice] voice_msg num: 9[0m
[20:51:08.090153] --->
[32m[I/ui] ui_switch_key suspend[0m
[32m[I/voice] voice_msg num: 0[0m
[32m[I/pms] pm_task_lock[0m
[32m[I/pms] pm_alarm, alm_cnt: 66[0m
[32m[I/pms] pm_thread, recved: 0x8[0m
[32m[I/pms] pm_event, evt_cnt: 66[0m
[32m[I/pms] pm_task_unlock[0m
[20:52:00.598375] --->
[32m[I/ui] ui_switch_key suspend[0m
[32m[I/voice] voice_msg num: 0[0m
[32m[I/pms] pm_task_lock[0m
[32m[I/pms] pm_alarm, alm_cnt: 67[0m
[32m[I/pms] pm_thread, recved: 0x8[0m
[32m[I/pms] pm_event, evt_cnt: 67[0m
[32m[I/pms] pm_task_unlock[0m
[20:52:51.408216] --->
[32m[I/ui] ui_switch_key suspend[0m
[32m[I/voice] voice_msg num: 0[0m
[32m[I/pms] pm_task_lock[0m
[32m[I/pms] pm_alarm, alm_cnt: 68[0m
[32m[I/pms] pm_thread, recved: 0x8[0m
[32m[I/pms] pm_event, evt_cnt: 68[0m
[20:52:53.241876] --->
[32m[I/pms] pm_task_unlock[0m
[32m[I/voice] voice_msg num: 9[0m
[20:53:43.302476] --->
[32m[I/ui] ui_switch_key suspend[0m
[32m[I/voice] voice_msg num: 0[0m
[20:53:45.004318] --->
[32m[I/voice] voice_msg num: 9[0m
[20:54:10.006159] --->
[32m[I/pms] pm_task_lock[0m
[32m[I/pms] pm_alarm, alm_cnt: 69[0m
[32m[I/pms] pm_thread, recved: 0x8[0m
[32m[I/pms] pm_event, evt_cnt: 69[0m
[20:54:35.061031] --->
[32m[I/ui] ui_switch_key suspend[0m
[32m[I/voice] voice_msg num: 0[0m
[32m[I/pms] pm_task_unlock[0m
[20:54:36.761547] --->
[32m[I/voice] voice_msg num: 9[0m
[20:55:01.764256] --->
[32m[I/pms] pm_task_lock[0m
[32m[I/pms] pm_alarm, alm_cnt: 70[0m
[32m[I/pms] pm_thread, recved: 0x8[0m
[32m[I/pms] pm_event, evt_cnt: 70[0m
[20:55:26.820649] --->
[32m[I/ui] ui_switch_key suspend[0m
[32m[I/voice] voice_msg num: 0[0m
[32m[I/pms] pm_task_unlock[0m
[20:55:53.475308] --->
[32m[I/pms] pm_task_lock[0m
[32m[I/pms] pm_alarm, alm_cnt: 71[0m
[32m[I/pms] pm_thread, recved: 0x8[0m
[32m[I/pms] pm_event, evt_cnt: 71[0m
[20:56:18.529670] --->
[32m[I/ui] ui_switch_key suspend[0m
[32m[I/voice] voice_msg num: 0[0m
[32m[I/pms] pm_task_unlock[0m
[20:56:46.882096] --->
[32m[I/pms] pm_task_lock[0m
[32m[I/pms] pm_alarm, alm_cnt: 72[0m
[32m[I/pms] pm_thread, recved: 0x8[0m
[32m[I/pms] pm_event, evt_cnt: 72[0m
[20:57:11.935732] --->
[32m[I/ui] ui_switch_key suspend[0m
[32m[I/voice] voice_msg num: 0[0m
[32m[I/pms] pm_task_unlock[0m
[20:58:03.847009] --->
[32m[I/ui] ui_switch_key suspend[0m
[32m[I/voice] voice_msg num: 0[0m
[32m[I/pms] pm_task_lock[0m
[32m[I/pms] pm_alarm, alm_cnt: 73[0m
[32m[I/pms] pm_thread, recved: 0x8[0m
[32m[I/pms] pm_event, evt_cnt: 73[0m
[32m[I/pms] pm_task_unlock[0m
[20:58:27.018622] --->
[32m[I/voice] voice_msg num: 9[0m
[20:58:52.023512] --->
[32m[I/pms] pm_task_lock[0m
[32m[I/pms] pm_alarm, alm_cnt: 74[0m
[32m[I/pms] pm_thread, recved: 0x8[0m
[32m[I/pms] pm_event, evt_cnt: 74[0m
[20:59:17.076589] --->
[32m[I/ui] ui_switch_key suspend[0m
[32m[I/voice] voice_msg num: 0[0m
[32m[I/pms] pm_task_unlock[0m
[21:00:08.385989] --->
[32m[I/ui] ui_switch_key suspend[0m
[32m[I/voice] voice_msg num: 0[0m
[32m[I/pms] pm_task_lock[0m
[32m[I/pms] pm_alarm, alm_cnt: 75[0m
[32m[I/pms] pm_thread, recved: 0x8[0m
[32m[I/pms] pm_event, evt_cnt: 75[0m
[32m[I/pms] pm_task_unlock[0m
[21:00:58.495840] --->
[32m[I/ui] ui_switch_key suspend[0m
[32m[I/voice] voice_msg num: 0[0m
[32m[I/pms] pm_task_lock[0m
[32m[I/pms] pm_alarm, alm_cnt: 76[0m
[32m[I/pms] pm_thread, recved: 0x8[0m
[32m[I/pms] pm_event, evt_cnt: 76[0m
[32m[I/pms] pm_task_unlock[0m
[21:01:21.665393] --->
[32m[I/voice] voice_msg num: 9[0m
[21:01:46.669869] --->
[32m[I/pms] pm_task_lock[0m
[32m[I/pms] pm_alarm, alm_cnt: 77[0m
[32m[I/pms] pm_thread, recved: 0x8[0m
[32m[I/pms] pm_event, evt_cnt: 77[0m
[21:02:11.721836] --->
[32m[I/ui] ui_switch_key suspend[0m
[32m[I/voice] voice_msg num: 0[0m
[32m[I/pms] pm_task_unlock[0m
[21:03:05.729102] --->
[32m[I/ui] ui_switch_key suspend[0m
[32m[I/voice] voice_msg num: 0[0m
[32m[I/pms] pm_task_lock[0m
[32m[I/pms] pm_alarm, alm_cnt: 78[0m
[32m[I/pms] pm_thread, recved: 0x8[0m
[32m[I/pms] pm_event, evt_cnt: 78[0m
[32m[I/pms] pm_task_unlock[0m
[21:03:55.936581] --->
[32m[I/ui] ui_switch_key suspend[0m
[32m[I/voice] voice_msg num: 0[0m
[32m[I/pms] pm_task_lock[0m
[32m[I/pms] pm_alarm, alm_cnt: 79[0m
[32m[I/pms] pm_thread, recved: 0x8[0m
[32m[I/pms] pm_event, evt_cnt: 79[0m
[32m[I/pms] pm_task_unlock[0m
[21:04:50.740394] --->
[32m[I/ui] ui_switch_key suspend[0m
[32m[I/voice] voice_msg num: 0[0m
[32m[I/pms] pm_task_lock[0m
[32m[I/pms] pm_alarm, alm_cnt: 80[0m
[32m[I/pms] pm_thread, recved: 0x8[0m
[32m[I/pms] pm_event, evt_cnt: 80[0m
[32m[I/pms] pm_task_unlock[0m
[21:05:40.847395] --->
[32m[I/ui] ui_switch_key suspend[0m
[32m[I/voice] voice_msg num: 0[0m
[21:06:07.503364] --->
[32m[I/pms] pm_task_lock[0m
[32m[I/pms] pm_alarm, alm_cnt: 81[0m
[32m[I/pms] pm_thread, recved: 0x8[0m
[32m[I/pms] pm_event, evt_cnt: 81[0m
[21:06:32.554899] --->
[32m[I/ui] ui_switch_key suspend[0m
[32m[I/voice] voice_msg num: 0[0m
[32m[I/pms] pm_task_unlock[0m
[21:06:58.309336] --->
[32m[I/pms] pm_task_lock[0m
[32m[I/pms] pm_alarm, alm_cnt: 82[0m
[32m[I/pms] pm_thread, recved: 0x8[0m
[32m[I/pms] pm_event, evt_cnt: 82[0m
[21:07:23.364585] --->
[32m[I/ui] ui_switch_key suspend[0m
[32m[I/voice] voice_msg num: 0[0m
[32m[I/pms] pm_task_unlock[0m
[21:07:50.420551] --->
[32m[I/pms] pm_task_lock[0m
[32m[I/pms] pm_alarm, alm_cnt: 83[0m
[32m[I/pms] pm_thread, recved: 0x8[0m
[32m[I/pms] pm_event, evt_cnt: 83[0m
[21:08:15.475000] --->
[32m[I/ui] ui_switch_key suspend[0m
[32m[I/voice] voice_msg num: 0[0m
[32m[I/pms] pm_task_unlock[0m
[21:09:07.184185] --->
[32m[I/ui] ui_switch_key suspend[0m
[32m[I/voice] voice_msg num: 0[0m
[32m[I/pms] pm_task_lock[0m
[32m[I/pms] pm_alarm, alm_cnt: 84[0m
[32m[I/pms] pm_thread, recved: 0x8[0m
[32m[I/pms] pm_event, evt_cnt: 84[0m
[32m[I/pms] pm_task_unlock[0m
[21:10:00.490812] --->
[32m[I/ui] ui_switch_key suspend[0m
[32m[I/voice] voice_msg num: 0[0m
[32m[I/pms] pm_task_lock[0m
[32m[I/pms] pm_alarm, alm_cnt: 85[0m
[32m[I/pms] pm_thread, recved: 0x8[0m
[32m[I/pms] pm_event, evt_cnt: 85[0m
[32m[I/pms] pm_task_unlock[0m
[21:10:54.498583] --->
[32m[I/ui] ui_switch_key suspend[0m
[32m[I/voice] voice_msg num: 0[0m
[32m[I/pms] pm_task_lock[0m
[32m[I/pms] pm_alarm, alm_cnt: 86[0m
[32m[I/pms] pm_thread, recved: 0x8[0m
[32m[I/pms] pm_event, evt_cnt: 86[0m
[32m[I/pms] pm_task_unlock[0m
[21:11:46.807965] --->
[32m[I/ui] ui_switch_key suspend[0m
[32m[I/voice] voice_msg num: 0[0m
[32m[I/pms] pm_task_lock[0m
[32m[I/pms] pm_alarm, alm_cnt: 87[0m
[32m[I/pms] pm_thread, recved: 0x8[0m
[32m[I/pms] pm_event, evt_cnt: 87[0m
[32m[I/pms] pm_task_unlock[0m
[21:12:38.120225] --->
[32m[I/ui] ui_switch_key suspend[0m
[32m[I/voice] voice_msg num: 0[0m
[21:13:03.373053] --->
[32m[I/pms] pm_task_lock[0m
[32m[I/pms] pm_alarm, alm_cnt: 88[0m
[32m[I/pms] pm_thread, recved: 0x8[0m
[32m[I/pms] pm_event, evt_cnt: 88[0m
[21:13:28.429349] --->
[32m[I/ui] ui_switch_key suspend[0m
[32m[I/voice] voice_msg num: 0[0m
[32m[I/pms] pm_task_unlock[0m
[21:13:56.682291] --->
[32m[I/pms] pm_task_lock[0m
[32m[I/pms] pm_alarm, alm_cnt: 89[0m
[32m[I/pms] pm_thread, recved: 0x8[0m
[32m[I/pms] pm_event, evt_cnt: 89[0m
[21:14:21.735265] --->
[32m[I/ui] ui_switch_key suspend[0m
[32m[I/voice] voice_msg num: 0[0m
[32m[I/pms] pm_task_unlock[0m
[21:14:50.391942] --->
[32m[I/pms] pm_task_lock[0m
[32m[I/pms] pm_alarm, alm_cnt: 90[0m
[32m[I/pms] pm_thread, recved: 0x8[0m
[32m[I/pms] pm_event, evt_cnt: 90[0m
[21:15:15.445037] --->
[32m[I/ui] ui_switch_key suspend[0m
[32m[I/voice] voice_msg num: 0[0m
[32m[I/pms] pm_task_unlock[0m
[21:15:42.601717] --->
[32m[I/pms] pm_task_lock[0m
[32m[I/pms] pm_alarm, alm_cnt: 91[0m
[32m[I/pms] pm_thread, recved: 0x8[0m
[32m[I/pms] pm_event, evt_cnt: 91[0m
[21:16:07.655207] --->
[32m[I/ui] ui_switch_key suspend[0m
[32m[I/voice] voice_msg num: 0[0m
[32m[I/pms] pm_task_unlock[0m
[21:17:01.162809] --->
[32m[I/ui] ui_switch_key suspend[0m
[32m[I/voice] voice_msg num: 0[0m
[32m[I/pms] pm_task_lock[0m
[32m[I/pms] pm_alarm, alm_cnt: 92[0m
[32m[I/pms] pm_thread, recved: 0x8[0m
[32m[I/pms] pm_event, evt_cnt: 92[0m
[32m[I/pms] pm_task_unlock[0m
[21:17:24.334254] --->
[32m[I/voice] voice_msg num: 9[0m
[21:17:49.338354] --->
[32m[I/pms] pm_task_lock[0m
[32m[I/pms] pm_alarm, alm_cnt: 93[0m
[32m[I/pms] pm_thread, recved: 0x8[0m
[32m[I/pms] pm_event, evt_cnt: 93[0m
[21:18:14.394158] --->
[32m[I/ui] ui_switch_key suspend[0m
[32m[I/voice] voice_msg num: 0[0m
[32m[I/pms] pm_task_unlock[0m
[21:18:16.092313] --->
[32m[I/voice] voice_msg num: 9[0m
[21:18:41.095244] --->
[32m[I/pms] pm_task_lock[0m
[32m[I/pms] pm_alarm, alm_cnt: 94[0m
[32m[I/pms] pm_thread, recved: 0x8[0m
[32m[I/pms] pm_event, evt_cnt: 94[0m
[21:19:06.148384] --->
[32m[I/ui] ui_switch_key suspend[0m
[32m[I/voice] voice_msg num: 0[0m
[32m[I/pms] pm_task_unlock[0m
[21:19:59.057587] --->
[32m[I/ui] ui_switch_key suspend[0m
[32m[I/voice] voice_msg num: 0[0m
[32m[I/pms] pm_task_lock[0m
[32m[I/pms] pm_alarm, alm_cnt: 95[0m
[32m[I/pms] pm_thread, recved: 0x8[0m
[32m[I/pms] pm_event, evt_cnt: 95[0m
[32m[I/pms] pm_task_unlock[0m
[21:20:51.264099] --->
[32m[I/ui] ui_switch_key suspend[0m
[32m[I/voice] voice_msg num: 0[0m
[32m[I/pms] pm_task_lock[0m
[32m[I/pms] pm_alarm, alm_cnt: 96[0m
[32m[I/pms] pm_thread, recved: 0x8[0m
[32m[I/pms] pm_event, evt_cnt: 96[0m
[32m[I/pms] pm_task_unlock[0m
[21:21:42.969752] --->
[32m[I/ui] ui_switch_key suspend[0m
[32m[I/voice] voice_msg num: 0[0m
[32m[I/pms] pm_task_lock[0m
[32m[I/pms] pm_alarm, alm_cnt: 97[0m
[32m[I/pms] pm_thread, recved: 0x8[0m
[32m[I/pms] pm_event, evt_cnt: 97[0m
[32m[I/pms] pm_task_unlock[0m
[21:22:35.781242] --->
[32m[I/ui] ui_switch_key suspend[0m
[32m[I/voice] voice_msg num: 0[0m
[21:23:01.036140] --->
[32m[I/pms] pm_task_lock[0m
[32m[I/pms] pm_alarm, alm_cnt: 98[0m
[32m[I/pms] pm_thread, recved: 0x8[0m
[32m[I/pms] pm_event, evt_cnt: 98[0m
[21:23:26.090762] --->
[32m[I/ui] ui_switch_key suspend[0m
[32m[I/voice] voice_msg num: 0[0m
[32m[I/pms] pm_task_unlock[0m
[21:23:52.143246] --->
[32m[I/pms] pm_task_lock[0m
[32m[I/pms] pm_alarm, alm_cnt: 99[0m
[32m[I/pms] pm_thread, recved: 0x8[0m
[32m[I/pms] pm_event, evt_cnt: 99[0m
[21:24:17.196543] --->
[32m[I/ui] ui_switch_key suspend[0m
[32m[I/voice] voice_msg num: 0[0m
[32m[I/pms] pm_task_unlock[0m
[21:24:44.549580] --->
[32m[I/pms] pm_task_lock[0m
[32m[I/pms] pm_alarm, alm_cnt: 100[0m
[32m[I/pms] pm_thread, recved: 0x8[0m
[32m[I/pms] pm_event, evt_cnt: 100[0m
[21:25:09.602031] --->
[32m[I/ui] ui_switch_key suspend[0m
[32m[I/voice] voice_msg num: 0[0m
[32m[I/pms] pm_task_unlock[0m
[21:25:39.356250] --->
[32m[I/pms] pm_task_lock[0m
[32m[I/pms] pm_alarm, alm_cnt: 101[0m
[32m[I/pms] pm_thread, recved: 0x8[0m
[32m[I/pms] pm_event, evt_cnt: 101[0m
[21:26:04.408136] --->
[32m[I/ui] ui_switch_key suspend[0m
[32m[I/voice] voice_msg num: 0[0m
[32m[I/pms] pm_task_unlock[0m
[21:26:58.016890] --->
[32m[I/ui] ui_switch_key suspend[0m
[32m[I/voice] voice_msg num: 0[0m
[32m[I/pms] pm_task_lock[0m
[32m[I/pms] pm_alarm, alm_cnt: 102[0m
[32m[I/pms] pm_thread, recved: 0x8[0m
[32m[I/pms] pm_event, evt_cnt: 102[0m
[32m[I/pms] pm_task_unlock[0m
[21:27:14.885542] --->
[32m[I/voice] voice_msg num: 9[0m
[21:27:39.888260] --->
[32m[I/pms] pm_task_lock[0m
[32m[I/pms] pm_alarm, alm_cnt: 103[0m
[32m[I/pms] pm_thread, recved: 0x8[0m
[32m[I/pms] pm_event, evt_cnt: 103[0m
[21:28:04.940241] --->
[32m[I/ui] ui_switch_key suspend[0m
[32m[I/voice] voice_msg num: 0[0m
[32m[I/pms] pm_task_unlock[0m
[21:28:59.248218] --->
[32m[I/ui] ui_switch_key suspend[0m
[32m[I/voice] voice_msg num: 0[0m
[32m[I/pms] pm_task_lock[0m
[32m[I/pms] pm_alarm, alm_cnt: 104[0m
[32m[I/pms] pm_thread, recved: 0x8[0m
[32m[I/pms] pm_event, evt_cnt: 104[0m
[32m[I/pms] pm_task_unlock[0m
[21:29:49.854550] --->
[32m[I/ui] ui_switch_key suspend[0m
[32m[I/voice] voice_msg num: 0[0m
[32m[I/pms] pm_task_lock[0m
[32m[I/pms] pm_alarm, alm_cnt: 105[0m
[32m[I/pms] pm_thread, recved: 0x8[0m
[32m[I/pms] pm_event, evt_cnt: 105[0m
[32m[I/pms] pm_task_unlock[0m
[21:30:44.161225] --->
[32m[I/ui] ui_switch_key suspend[0m
[32m[I/voice] voice_msg num: 0[0m
[32m[I/pms] pm_task_lock[0m
[32m[I/pms] pm_alarm, alm_cnt: 106[0m
[32m[I/pms] pm_thread, recved: 0x8[0m
[32m[I/pms] pm_event, evt_cnt: 106[0m
[32m[I/pms] pm_task_unlock[0m
[21:31:35.870771] --->
[32m[I/ui] ui_switch_key suspend[0m
[32m[I/voice] voice_msg num: 0[0m
[21:32:03.925352] --->
[32m[I/pms] pm_task_lock[0m
[32m[I/pms] pm_alarm, alm_cnt: 107[0m
[32m[I/pms] pm_thread, recved: 0x8[0m
[32m[I/pms] pm_event, evt_cnt: 107[0m
[21:32:28.977244] --->
[32m[I/ui] ui_switch_key suspend[0m
[32m[I/voice] voice_msg num: 0[0m
[32m[I/pms] pm_task_unlock[0m
[21:32:54.930755] --->
[32m[I/pms] pm_task_lock[0m
[32m[I/pms] pm_alarm, alm_cnt: 108[0m
[32m[I/pms] pm_thread, recved: 0x8[0m
[32m[I/pms] pm_event, evt_cnt: 108[0m
[21:33:19.984871] --->
[32m[I/ui] ui_switch_key suspend[0m
[32m[I/voice] voice_msg num: 0[0m
[32m[I/pms] pm_task_unlock[0m
[21:33:45.840031] --->
[32m[I/pms] pm_task_lock[0m
[32m[I/pms] pm_alarm, alm_cnt: 109[0m
[32m[I/pms] pm_thread, recved: 0x8[0m
[32m[I/pms] pm_event, evt_cnt: 109[0m
[21:34:10.893073] --->
[32m[I/ui] ui_switch_key suspend[0m
[32m[I/voice] voice_msg num: 0[0m
[32m[I/pms] pm_task_unlock[0m
[21:34:36.246545] --->
[32m[I/pms] pm_task_lock[0m
[32m[I/pms] pm_alarm, alm_cnt: 110[0m
[32m[I/pms] pm_thread, recved: 0x8[0m
[32m[I/pms] pm_event, evt_cnt: 110[0m
[21:35:01.301870] --->
[32m[I/ui] ui_switch_key suspend[0m
[32m[I/voice] voice_msg num: 0[0m
[32m[I/pms] pm_task_unlock[0m
[21:35:52.206629] --->
[32m[I/ui] ui_switch_key suspend[0m
[32m[I/voice] voice_msg num: 0[0m
[32m[I/pms] pm_task_lock[0m
[32m[I/pms] pm_alarm, alm_cnt: 111[0m
[32m[I/pms] pm_thread, recved: 0x8[0m
[32m[I/pms] pm_event, evt_cnt: 111[0m
[32m[I/pms] pm_task_unlock[0m
[21:36:44.913082] --->
[32m[I/ui] ui_switch_key suspend[0m
[32m[I/voice] voice_msg num: 0[0m
[32m[I/pms] pm_task_lock[0m
[32m[I/pms] pm_alarm, alm_cnt: 112[0m
[32m[I/pms] pm_thread, recved: 0x8[0m
[32m[I/pms] pm_event, evt_cnt: 112[0m
[32m[I/pms] pm_task_unlock[0m
[21:37:38.720257] --->
[32m[I/ui] ui_switch_key suspend[0m
[32m[I/voice] voice_msg num: 0[0m
[32m[I/pms] pm_task_lock[0m
[32m[I/pms] pm_alarm, alm_cnt: 113[0m
[32m[I/pms] pm_thread, recved: 0x8[0m
[32m[I/pms] pm_event, evt_cnt: 113[0m
[32m[I/pms] pm_task_unlock[0m
[21:38:29.729575] --->
[32m[I/ui] ui_switch_key suspend[0m
[32m[I/voice] voice_msg num: 0[0m
[21:38:54.885588] --->
[32m[I/pms] pm_task_lock[0m
[32m[I/pms] pm_alarm, alm_cnt: 114[0m
[32m[I/pms] pm_thread, recved: 0x8[0m
[32m[I/pms] pm_event, evt_cnt: 114[0m
[21:39:19.941370] --->
[32m[I/ui] ui_switch_key suspend[0m
[32m[I/voice] voice_msg num: 0[0m
[32m[I/pms] pm_task_unlock[0m
[21:39:46.596335] --->
[32m[I/pms] pm_task_lock[0m
[32m[I/pms] pm_alarm, alm_cnt: 115[0m
[32m[I/pms] pm_thread, recved: 0x8[0m
[32m[I/pms] pm_event, evt_cnt: 115[0m
[21:40:11.649877] --->
[32m[I/ui] ui_switch_key suspend[0m
[32m[I/voice] voice_msg num: 0[0m
[32m[I/pms] pm_task_unlock[0m
[21:40:41.406094] --->
[32m[I/pms] pm_task_lock[0m
[32m[I/pms] pm_alarm, alm_cnt: 116[0m
[32m[I/pms] pm_thread, recved: 0x8[0m
[32m[I/pms] pm_event, evt_cnt: 116[0m
[21:41:06.459542] --->
[32m[I/ui] ui_switch_key suspend[0m
[32m[I/voice] voice_msg num: 0[0m
[32m[I/pms] pm_task_unlock[0m
[21:41:58.364940] --->
[32m[I/ui] ui_switch_key suspend[0m
[32m[I/voice] voice_msg num: 0[0m
[32m[I/pms] pm_task_lock[0m
[32m[I/pms] pm_alarm, alm_cnt: 117[0m
[32m[I/pms] pm_thread, recved: 0x8[0m
[32m[I/pms] pm_event, evt_cnt: 117[0m
[32m[I/pms] pm_task_unlock[0m
[21:42:50.173746] --->
[32m[I/ui] ui_switch_key suspend[0m
[32m[I/voice] voice_msg num: 0[0m
[32m[I/pms] pm_task_lock[0m
[32m[I/pms] pm_alarm, alm_cnt: 118[0m
[32m[I/pms] pm_thread, recved: 0x8[0m
[32m[I/pms] pm_event, evt_cnt: 118[0m
[32m[I/pms] pm_task_unlock[0m
[21:43:40.483641] --->
[32m[I/ui] ui_switch_key suspend[0m
[32m[I/voice] voice_msg num: 0[0m
[32m[I/pms] pm_task_lock[0m
[32m[I/pms] pm_alarm, alm_cnt: 119[0m
[32m[I/pms] pm_thread, recved: 0x8[0m
[32m[I/pms] pm_event, evt_cnt: 119[0m
[32m[I/pms] pm_task_unlock[0m
[21:44:31.687857] --->
[32m[I/ui] ui_switch_key suspend[0m
[32m[I/voice] voice_msg num: 0[0m
[21:44:59.040209] --->
[32m[I/pms] pm_task_lock[0m
[32m[I/pms] pm_alarm, alm_cnt: 120[0m
[32m[I/pms] pm_thread, recved: 0x8[0m
[32m[I/pms] pm_event, evt_cnt: 120[0m
[21:45:24.092915] --->
[32m[I/ui] ui_switch_key suspend[0m
[32m[I/voice] voice_msg num: 0[0m
[32m[I/pms] pm_task_unlock[0m
[21:45:51.549242] --->
[32m[I/pms] pm_task_lock[0m
[32m[I/pms] pm_alarm, alm_cnt: 121[0m
[32m[I/pms] pm_thread, recved: 0x8[0m
[32m[I/pms] pm_event, evt_cnt: 121[0m
[21:46:16.605630] --->
[32m[I/ui] ui_switch_key suspend[0m
[32m[I/voice] voice_msg num: 0[0m
[32m[I/pms] pm_task_unlock[0m
[21:46:43.362916] --->
[32m[I/pms] pm_task_lock[0m
[32m[I/pms] pm_alarm, alm_cnt: 122[0m
[32m[I/pms] pm_thread, recved: 0x8[0m
[32m[I/pms] pm_event, evt_cnt: 122[0m
[21:47:08.416886] --->
[32m[I/ui] ui_switch_key suspend[0m
[32m[I/voice] voice_msg num: 0[0m
[32m[I/pms] pm_task_unlock[0m
[21:47:38.374874] --->
[32m[I/pms] pm_task_lock[0m
[32m[I/pms] pm_alarm, alm_cnt: 123[0m
[32m[I/pms] pm_thread, recved: 0x8[0m
[32m[I/pms] pm_event, evt_cnt: 123[0m
[21:48:03.426886] --->
[32m[I/ui] ui_switch_key suspend[0m
[32m[I/voice] voice_msg num: 0[0m
[32m[I/pms] pm_task_unlock[0m
[21:48:32.479896] --->
[32m[I/pms] pm_task_lock[0m
[32m[I/pms] pm_alarm, alm_cnt: 124[0m
[32m[I/pms] pm_thread, recved: 0x8[0m
[32m[I/pms] pm_event, evt_cnt: 124[0m
[21:48:57.535412] --->
[32m[I/ui] ui_switch_key suspend[0m
[32m[I/voice] voice_msg num: 0[0m
[32m[I/pms] pm_task_unlock[0m
[21:49:49.145084] --->
[32m[I/ui] ui_switch_key suspend[0m
[32m[I/voice] voice_msg num: 0[0m
[32m[I/pms] pm_task_lock[0m
[32m[I/pms] pm_alarm, alm_cnt: 125[0m
[32m[I/pms] pm_thread, recved: 0x8[0m
[32m[I/pms] pm_event, evt_cnt: 125[0m
[32m[I/pms] pm_task_unlock[0m
[21:50:42.356445] --->
[32m[I/ui] ui_switch_key suspend[0m
[32m[I/voice] voice_msg num: 0[0m
[32m[I/pms] pm_task_lock[0m
[32m[I/pms] pm_alarm, alm_cnt: 126[0m
[32m[I/pms] pm_thread, recved: 0x8[0m
[32m[I/pms] pm_event, evt_cnt: 126[0m
[32m[I/pms] pm_task_unlock[0m
[21:51:33.464640] --->
[32m[I/ui] ui_switch_key suspend[0m
[32m[I/voice] voice_msg num: 0[0m
[32m[I/pms] pm_task_lock[0m
[32m[I/pms] pm_alarm, alm_cnt: 127[0m
[32m[I/pms] pm_thread, recved: 0x8[0m
[32m[I/pms] pm_event, evt_cnt: 127[0m
[21:52:25.974406] --->
[32m[I/ui] ui_switch_key suspend[0m
[32m[I/voice] voice_msg num: 0[0m
[32m[I/pms] pm_task_unlock[0m
[21:52:53.729130] --->
[32m[I/pms] pm_task_lock[0m
[32m[I/pms] pm_alarm, alm_cnt: 128[0m
[32m[I/pms] pm_thread, recved: 0x8[0m
[32m[I/pms] pm_event, evt_cnt: 128[0m
[21:53:18.783324] --->
[32m[I/ui] ui_switch_key suspend[0m
[32m[I/voice] voice_msg num: 0[0m
[32m[I/pms] pm_task_unlock[0m
[21:53:44.938078] --->
[32m[I/pms] pm_task_lock[0m
[32m[I/pms] pm_alarm, alm_cnt: 129[0m
[32m[I/pms] pm_thread, recved: 0x8[0m
[32m[I/pms] pm_event, evt_cnt: 129[0m
[21:54:09.993970] --->
[32m[I/ui] ui_switch_key suspend[0m
[32m[I/voice] voice_msg num: 0[0m
[32m[I/pms] pm_task_unlock[0m
[21:54:36.149032] --->
[32m[I/pms] pm_task_lock[0m
[32m[I/pms] pm_alarm, alm_cnt: 130[0m
[32m[I/pms] pm_thread, recved: 0x8[0m
[32m[I/pms] pm_event, evt_cnt: 130[0m
[21:55:01.203858] --->
[32m[I/ui] ui_switch_key suspend[0m
[32m[I/voice] voice_msg num: 0[0m
[32m[I/pms] pm_task_unlock[0m
[21:55:54.111092] --->
[32m[I/ui] ui_switch_key suspend[0m
[32m[I/voice] voice_msg num: 0[0m
[32m[I/pms] pm_task_lock[0m
[32m[I/pms] pm_alarm, alm_cnt: 131[0m
[32m[I/pms] pm_thread, recved: 0x8[0m
[32m[I/pms] pm_event, evt_cnt: 131[0m
[32m[I/pms] pm_task_unlock[0m
[21:56:48.221851] --->
[32m[I/ui] ui_switch_key suspend[0m
[32m[I/voice] voice_msg num: 0[0m
[32m[I/pms] pm_task_lock[0m
[32m[I/pms] pm_alarm, alm_cnt: 132[0m
[32m[I/pms] pm_thread, recved: 0x8[0m
[32m[I/pms] pm_event, evt_cnt: 132[0m
[32m[I/pms] pm_task_unlock[0m
[21:57:38.828892] --->
[32m[I/ui] ui_switch_key suspend[0m
[32m[I/voice] voice_msg num: 0[0m
[32m[I/pms] pm_task_lock[0m
[32m[I/pms] pm_alarm, alm_cnt: 133[0m
[32m[I/pms] pm_thread, recved: 0x8[0m
[32m[I/pms] pm_event, evt_cnt: 133[0m
[32m[I/pms] pm_task_unlock[0m
[21:57:40.601399] --->
[32m[I/voice] voice_msg num: 9[0m
[21:58:30.659220] --->
[32m[I/ui] ui_switch_key suspend[0m
[32m[I/voice] voice_msg num: 0[0m
[32m[I/pms] pm_task_lock[0m
[32m[I/pms] pm_alarm, alm_cnt: 134[0m
[32m[I/pms] pm_thread, recved: 0x8[0m
[32m[I/pms] pm_event, evt_cnt: 134[0m
[21:59:22.167394] --->
[32m[I/ui] ui_switch_key suspend[0m
[32m[I/voice] voice_msg num: 0[0m
[32m[I/pms] pm_task_unlock[0m
[21:59:48.024003] --->
[32m[I/pms] pm_task_lock[0m
[32m[I/pms] pm_alarm, alm_cnt: 135[0m
[32m[I/pms] pm_thread, recved: 0x8[0m
[32m[I/pms] pm_event, evt_cnt: 135[0m
[22:00:13.077045] --->
[32m[I/ui] ui_switch_key suspend[0m
[32m[I/voice] voice_msg num: 0[0m
[32m[I/pms] pm_task_unlock[0m
[22:00:36.183779] --->
[32m[I/pms] pm_task_lock[0m
[32m[I/pms] pm_alarm, alm_cnt: 136[0m
[32m[I/pms] pm_thread, recved: 0x8[0m
[32m[I/pms] pm_event, evt_cnt: 136[0m
[32m[I/voice] voice_msg num: 9[0m
[22:01:26.244283] --->
[32m[I/ui] ui_switch_key suspend[0m
[32m[I/voice] voice_msg num: 0[0m
[32m[I/pms] pm_task_unlock[0m
[22:01:51.296590] --->
[32m[I/pms] pm_task_lock[0m
[32m[I/pms] pm_alarm, alm_cnt: 137[0m
[32m[I/pms] pm_thread, recved: 0x8[0m
[32m[I/pms] pm_event, evt_cnt: 137[0m
[22:02:16.349954] --->
[32m[I/ui] ui_switch_key suspend[0m
[32m[I/voice] voice_msg num: 0[0m
[32m[I/pms] pm_task_unlock[0m
[22:02:45.902152] --->
[32m[I/pms] pm_task_lock[0m
[32m[I/pms] pm_alarm, alm_cnt: 138[0m
[32m[I/pms] pm_thread, recved: 0x8[0m
[32m[I/pms] pm_event, evt_cnt: 138[0m
[22:03:10.955400] --->
[32m[I/ui] ui_switch_key suspend[0m
[32m[I/voice] voice_msg num: 0[0m
[32m[I/pms] pm_task_unlock[0m
[22:03:24.659837] --->
[32m[I/voice] voice_msg num: 9[0m
[22:03:49.662788] --->
[32m[I/pms] pm_task_lock[0m
[32m[I/pms] pm_alarm, alm_cnt: 139[0m
[32m[I/pms] pm_thread, recved: 0x8[0m
[32m[I/pms] pm_event, evt_cnt: 139[0m
[22:04:14.717186] --->
[32m[I/ui] ui_switch_key suspend[0m
[32m[I/voice] voice_msg num: 0[0m
[32m[I/pms] pm_task_unlock[0m
[22:04:39.974416] --->
[32m[I/pms] pm_task_lock[0m
[32m[I/pms] pm_alarm, alm_cnt: 140[0m
[32m[I/pms] pm_thread, recved: 0x8[0m
[32m[I/pms] pm_event, evt_cnt: 140[0m
[22:05:05.026975] --->
[32m[I/ui] ui_switch_key suspend[0m
[32m[I/voice] voice_msg num: 0[0m
[32m[I/pms] pm_task_unlock[0m
[22:05:34.281392] --->
[32m[I/pms] pm_task_lock[0m
[32m[I/pms] pm_alarm, alm_cnt: 141[0m
[32m[I/pms] pm_thread, recved: 0x8[0m
[32m[I/pms] pm_event, evt_cnt: 141[0m
[22:05:59.337624] --->
[32m[I/ui] ui_switch_key suspend[0m
[32m[I/voice] voice_msg num: 0[0m
[32m[I/pms] pm_task_unlock[0m
[22:06:50.551708] --->
[32m[I/ui] ui_switch_key suspend[0m
[32m[I/voice] voice_msg num: 0[0m
[32m[I/pms] pm_task_lock[0m
[32m[I/pms] pm_alarm, alm_cnt: 142[0m
[32m[I/pms] pm_thread, recved: 0x8[0m
[32m[I/pms] pm_event, evt_cnt: 142[0m
[32m[I/pms] pm_task_unlock[0m
[22:07:13.620077] --->
[32m[I/voice] voice_msg num: 9[0m
[22:07:38.623871] --->
[32m[I/pms] pm_task_lock[0m
[32m[I/pms] pm_alarm, alm_cnt: 143[0m
[32m[I/pms] pm_thread, recved: 0x8[0m
[32m[I/pms] pm_event, evt_cnt: 143[0m
[22:08:03.676409] --->
[32m[I/ui] ui_switch_key suspend[0m
[32m[I/voice] voice_msg num: 0[0m
[32m[I/pms] pm_task_unlock[0m
[22:08:28.934041] --->
[32m[I/pms] pm_task_lock[0m
[32m[I/pms] pm_alarm, alm_cnt: 144[0m
[32m[I/pms] pm_thread, recved: 0x8[0m
[32m[I/pms] pm_event, evt_cnt: 144[0m
[22:08:53.985625] --->
[32m[I/ui] ui_switch_key suspend[0m
[32m[I/voice] voice_msg num: 0[0m
[32m[I/pms] pm_task_unlock[0m
[22:09:47.591126] --->
[32m[I/ui] ui_switch_key suspend[0m
[32m[I/voice] voice_msg num: 0[0m
[32m[I/pms] pm_task_lock[0m
[32m[I/pms] pm_alarm, alm_cnt: 145[0m
[32m[I/pms] pm_thread, recved: 0x8[0m
[32m[I/pms] pm_event, evt_cnt: 145[0m
[32m[I/pms] pm_task_unlock[0m
[22:10:38.301029] --->
[32m[I/ui] ui_switch_key suspend[0m
[32m[I/voice] voice_msg num: 0[0m
[32m[I/pms] pm_task_lock[0m
[32m[I/pms] pm_alarm, alm_cnt: 146[0m
[32m[I/pms] pm_thread, recved: 0x8[0m
[32m[I/pms] pm_event, evt_cnt: 146[0m
[32m[I/pms] pm_task_unlock[0m
[22:11:32.711817] --->
[32m[I/ui] ui_switch_key suspend[0m
[32m[I/voice] voice_msg num: 0[0m
[32m[I/pms] pm_task_lock[0m
[32m[I/pms] pm_alarm, alm_cnt: 147[0m
[32m[I/pms] pm_thread, recved: 0x8[0m
[32m[I/pms] pm_event, evt_cnt: 147[0m
[32m[I/pms] pm_task_unlock[0m
[22:12:27.225174] --->
[32m[I/ui] ui_switch_key suspend[0m
[32m[I/voice] voice_msg num: 0[0m
[32m[I/pms] pm_task_lock[0m
[32m[I/pms] pm_alarm, alm_cnt: 148[0m
[32m[I/pms] pm_thread, recved: 0x8[0m
[32m[I/pms] pm_event, evt_cnt: 148[0m
[22:13:21.031617] --->
[32m[I/ui] ui_switch_key suspend[0m
[32m[I/voice] voice_msg num: 0[0m
[32m[I/pms] pm_task_unlock[0m
[22:13:50.386639] --->
[32m[I/pms] pm_task_lock[0m
[32m[I/pms] pm_alarm, alm_cnt: 149[0m
[32m[I/pms] pm_thread, recved: 0x8[0m
[32m[I/pms] pm_event, evt_cnt: 149[0m
[22:14:15.439721] --->
[32m[I/ui] ui_switch_key suspend[0m
[32m[I/voice] voice_msg num: 0[0m
[32m[I/pms] pm_task_unlock[0m
[22:14:40.794710] --->
[32m[I/pms] pm_task_lock[0m
[32m[I/pms] pm_alarm, alm_cnt: 150[0m
[32m[I/pms] pm_thread, recved: 0x8[0m
[32m[I/pms] pm_event, evt_cnt: 150[0m
[22:15:05.848672] --->
[32m[I/ui] ui_switch_key suspend[0m
[32m[I/voice] voice_msg num: 0[0m
[32m[I/pms] pm_task_unlock[0m
[22:15:35.102816] --->
[32m[I/pms] pm_task_lock[0m
[32m[I/pms] pm_alarm, alm_cnt: 151[0m
[32m[I/pms] pm_thread, recved: 0x8[0m
[32m[I/pms] pm_event, evt_cnt: 151[0m
[22:16:00.158391] --->
[32m[I/ui] ui_switch_key suspend[0m
[32m[I/voice] voice_msg num: 0[0m
[32m[I/pms] pm_task_unlock[0m
[22:16:50.470041] --->
[32m[I/ui] ui_switch_key suspend[0m
[32m[I/voice] voice_msg num: 0[0m
[32m[I/pms] pm_task_lock[0m
[32m[I/pms] pm_alarm, alm_cnt: 152[0m
[32m[I/pms] pm_thread, recved: 0x8[0m
[32m[I/pms] pm_event, evt_cnt: 152[0m
[32m[I/pms] pm_task_unlock[0m
[22:17:42.581500] --->
[32m[I/ui] ui_switch_key suspend[0m
[32m[I/voice] voice_msg num: 0[0m
[32m[I/pms] pm_task_lock[0m
[32m[I/pms] pm_alarm, alm_cnt: 153[0m
[32m[I/pms] pm_thread, recved: 0x8[0m
[32m[I/pms] pm_event, evt_cnt: 153[0m
[32m[I/pms] pm_task_unlock[0m
[22:18:36.691115] --->
[32m[I/ui] ui_switch_key suspend[0m
[32m[I/voice] voice_msg num: 0[0m
[32m[I/pms] pm_task_lock[0m
[32m[I/pms] pm_alarm, alm_cnt: 154[0m
[32m[I/pms] pm_thread, recved: 0x8[0m
[32m[I/pms] pm_event, evt_cnt: 154[0m
[32m[I/pms] pm_task_unlock[0m
[22:19:27.398977] --->
[32m[I/ui] ui_switch_key suspend[0m
[32m[I/voice] voice_msg num: 0[0m
[32m[I/pms] pm_task_lock[0m
[32m[I/pms] pm_alarm, alm_cnt: 155[0m
[32m[I/pms] pm_thread, recved: 0x8[0m
[32m[I/pms] pm_event, evt_cnt: 155[0m
[22:20:20.111568] --->
[32m[I/ui] ui_switch_key suspend[0m
[32m[I/voice] voice_msg num: 0[0m
[32m[I/pms] pm_task_unlock[0m
[22:20:46.169011] --->
[32m[I/pms] pm_task_lock[0m
[32m[I/pms] pm_alarm, alm_cnt: 156[0m
[32m[I/pms] pm_thread, recved: 0x8[0m
[32m[I/pms] pm_event, evt_cnt: 156[0m
[22:21:11.225438] --->
[32m[I/ui] ui_switch_key suspend[0m
[32m[I/voice] voice_msg num: 0[0m
[32m[I/pms] pm_task_unlock[0m
[22:21:36.382546] --->
[32m[I/pms] pm_task_lock[0m
[32m[I/pms] pm_alarm, alm_cnt: 157[0m
[32m[I/pms] pm_thread, recved: 0x8[0m
[32m[I/pms] pm_event, evt_cnt: 157[0m
[22:22:01.435411] --->
[32m[I/ui] ui_switch_key suspend[0m
[32m[I/voice] voice_msg num: 0[0m
[32m[I/pms] pm_task_unlock[0m
[22:22:31.490614] --->
[32m[I/pms] pm_task_lock[0m
[32m[I/pms] pm_alarm, alm_cnt: 158[0m
[32m[I/pms] pm_thread, recved: 0x8[0m
[32m[I/pms] pm_event, evt_cnt: 158[0m
[22:22:56.543383] --->
[32m[I/ui] ui_switch_key suspend[0m
[32m[I/voice] voice_msg num: 0[0m
[32m[I/pms] pm_task_unlock[0m
[22:23:26.397639] --->
[32m[I/pms] pm_task_lock[0m
[32m[I/pms] pm_alarm, alm_cnt: 159[0m
[32m[I/pms] pm_thread, recved: 0x8[0m
[32m[I/pms] pm_event, evt_cnt: 159[0m
[22:23:51.451733] --->
[32m[I/ui] ui_switch_key suspend[0m
[32m[I/voice] voice_msg num: 0[0m
[32m[I/pms] pm_task_unlock[0m
[22:24:46.456913] --->
[32m[I/ui] ui_switch_key suspend[0m
[32m[I/voice] voice_msg num: 0[0m
[32m[I/pms] pm_task_lock[0m
[32m[I/pms] pm_alarm, alm_cnt: 160[0m
[32m[I/pms] pm_thread, recved: 0x8[0m
[32m[I/pms] pm_event, evt_cnt: 160[0m
[32m[I/pms] pm_task_unlock[0m
[22:25:39.862769] --->
[32m[I/ui] ui_switch_key suspend[0m
[32m[I/voice] voice_msg num: 0[0m
[32m[I/pms] pm_task_lock[0m
[32m[I/pms] pm_alarm, alm_cnt: 161[0m
[32m[I/pms] pm_thread, recved: 0x8[0m
[32m[I/pms] pm_event, evt_cnt: 161[0m
[32m[I/pms] pm_task_unlock[0m
[22:26:34.770945] --->
[32m[I/ui] ui_switch_key suspend[0m
[32m[I/voice] voice_msg num: 0[0m
[32m[I/pms] pm_task_lock[0m
[32m[I/pms] pm_alarm, alm_cnt: 162[0m
[32m[I/pms] pm_thread, recved: 0x8[0m
[32m[I/pms] pm_event, evt_cnt: 162[0m
[32m[I/pms] pm_task_unlock[0m
[22:26:51.739404] --->
[32m[I/voice] voice_msg num: 9[0m
[22:27:41.799022] --->
[32m[I/ui] ui_switch_key suspend[0m
[32m[I/voice] voice_msg num: 0[0m
[32m[I/pms] pm_task_lock[0m
[32m[I/pms] pm_alarm, alm_cnt: 163[0m
[32m[I/pms] pm_thread, recved: 0x8[0m
[32m[I/pms] pm_event, evt_cnt: 163[0m
[32m[I/pms] pm_task_unlock[0m
[22:28:36.910092] --->
[32m[I/ui] ui_switch_key suspend[0m
[32m[I/voice] voice_msg num: 0[0m
[32m[I/pms] pm_task_lock[0m
[32m[I/pms] pm_alarm, alm_cnt: 164[0m
[32m[I/pms] pm_thread, recved: 0x8[0m
[32m[I/pms] pm_event, evt_cnt: 164[0m
[32m[I/pms] pm_task_unlock[0m
[22:29:30.114327] --->
[32m[I/ui] ui_switch_key suspend[0m
[32m[I/voice] voice_msg num: 0[0m
[32m[I/pms] pm_task_lock[0m
[32m[I/pms] pm_alarm, alm_cnt: 165[0m
[32m[I/pms] pm_thread, recved: 0x8[0m
[32m[I/pms] pm_event, evt_cnt: 165[0m
[32m[I/pms] pm_task_unlock[0m
[22:30:24.022658] --->
[32m[I/ui] ui_switch_key suspend[0m
[32m[I/voice] voice_msg num: 0[0m
[32m[I/pms] pm_task_lock[0m
[32m[I/pms] pm_alarm, alm_cnt: 166[0m
[32m[I/pms] pm_thread, recved: 0x8[0m
[32m[I/pms] pm_event, evt_cnt: 166[0m
[22:31:15.533287] --->
[32m[I/ui] ui_switch_key suspend[0m
[32m[I/voice] voice_msg num: 0[0m
[32m[I/pms] pm_task_unlock[0m
[22:31:41.087797] --->
[32m[I/pms] pm_task_lock[0m
[32m[I/pms] pm_alarm, alm_cnt: 167[0m
[32m[I/pms] pm_thread, recved: 0x8[0m
[32m[I/pms] pm_event, evt_cnt: 167[0m
[22:32:06.143854] --->
[32m[I/ui] ui_switch_key suspend[0m
[32m[I/voice] voice_msg num: 0[0m
[32m[I/pms] pm_task_unlock[0m
[22:32:32.197353] --->
[32m[I/pms] pm_task_lock[0m
[32m[I/pms] pm_alarm, alm_cnt: 168[0m
[32m[I/pms] pm_thread, recved: 0x8[0m
[32m[I/pms] pm_event, evt_cnt: 168[0m
[22:32:57.249250] --->
[32m[I/ui] ui_switch_key suspend[0m
[32m[I/voice] voice_msg num: 0[0m
[32m[I/pms] pm_task_unlock[0m
[22:33:26.901915] --->
[32m[I/pms] pm_task_lock[0m
[32m[I/pms] pm_alarm, alm_cnt: 169[0m
[32m[I/pms] pm_thread, recved: 0x8[0m
[32m[I/pms] pm_event, evt_cnt: 169[0m
[22:33:51.953876] --->
[32m[I/ui] ui_switch_key suspend[0m
[32m[I/voice] voice_msg num: 0[0m
[32m[I/pms] pm_task_unlock[0m
[22:34:43.660347] --->
[32m[I/ui] ui_switch_key suspend[0m
[32m[I/voice] voice_msg num: 0[0m
[32m[I/pms] pm_task_lock[0m
[32m[I/pms] pm_alarm, alm_cnt: 170[0m
[32m[I/pms] pm_thread, recved: 0x8[0m
[32m[I/pms] pm_event, evt_cnt: 170[0m
[32m[I/pms] pm_task_unlock[0m
[22:35:06.730882] --->
[32m[I/voice] voice_msg num: 9[0m
[22:35:31.735859] --->
[32m[I/pms] pm_task_lock[0m
[32m[I/pms] pm_alarm, alm_cnt: 171[0m
[32m[I/pms] pm_thread, recved: 0x8[0m
[32m[I/pms] pm_event, evt_cnt: 171[0m
[22:35:56.787795] --->
[32m[I/ui] ui_switch_key suspend[0m
[32m[I/voice] voice_msg num: 0[0m
[32m[I/pms] pm_task_unlock[0m
[22:36:26.442216] --->
[32m[I/pms] pm_task_lock[0m
[32m[I/pms] pm_alarm, alm_cnt: 172[0m
[32m[I/pms] pm_thread, recved: 0x8[0m
[32m[I/pms] pm_event, evt_cnt: 172[0m
[22:36:51.497673] --->
[32m[I/ui] ui_switch_key suspend[0m
[32m[I/voice] voice_msg num: 0[0m
[32m[I/pms] pm_task_unlock[0m
[22:37:11.498512] --->
[32m[I/voice] voice_msg num: 9[0m
[22:37:36.504344] --->
[32m[I/pms] pm_task_lock[0m
[32m[I/pms] pm_alarm, alm_cnt: 173[0m
[32m[I/pms] pm_thread, recved: 0x8[0m
[32m[I/pms] pm_event, evt_cnt: 173[0m
[22:38:01.560778] --->
[32m[I/ui] ui_switch_key suspend[0m
[32m[I/voice] voice_msg num: 0[0m
[32m[I/pms] pm_task_unlock[0m
[22:38:30.717546] --->
[32m[I/pms] pm_task_lock[0m
[32m[I/pms] pm_alarm, alm_cnt: 174[0m
[32m[I/pms] pm_thread, recved: 0x8[0m
[32m[I/pms] pm_event, evt_cnt: 174[0m
[22:38:55.769454] --->
[32m[I/ui] ui_switch_key suspend[0m
[32m[I/voice] voice_msg num: 0[0m
[32m[I/pms] pm_task_unlock[0m
[22:39:21.222155] --->
[32m[I/pms] pm_task_lock[0m
[32m[I/pms] pm_alarm, alm_cnt: 175[0m
[32m[I/pms] pm_thread, recved: 0x8[0m
[32m[I/pms] pm_event, evt_cnt: 175[0m
[22:39:46.278177] --->
[32m[I/ui] ui_switch_key suspend[0m
[32m[I/voice] voice_msg num: 0[0m
[32m[I/pms] pm_task_unlock[0m
[22:40:36.786667] --->
[32m[I/ui] ui_switch_key suspend[0m
[32m[I/voice] voice_msg num: 0[0m
[32m[I/pms] pm_task_lock[0m
[32m[I/pms] pm_alarm, alm_cnt: 176[0m
[32m[I/pms] pm_thread, recved: 0x8[0m
[32m[I/pms] pm_event, evt_cnt: 176[0m
[32m[I/pms] pm_task_unlock[0m
[22:41:28.692643] --->
[32m[I/ui] ui_switch_key suspend[0m
[32m[I/voice] voice_msg num: 0[0m
[32m[I/pms] pm_task_lock[0m
[32m[I/pms] pm_alarm, alm_cnt: 177[0m
[32m[I/pms] pm_thread, recved: 0x8[0m
[32m[I/pms] pm_event, evt_cnt: 177[0m
[32m[I/pms] pm_task_unlock[0m
[22:41:51.861042] --->
[32m[I/voice] voice_msg num: 9[0m
[22:42:41.916360] --->
[32m[I/ui] ui_switch_key suspend[0m
[32m[I/voice] voice_msg num: 0[0m
[32m[I/pms] pm_task_lock[0m
[32m[I/pms] pm_alarm, alm_cnt: 178[0m
[32m[I/pms] pm_thread, recved: 0x8[0m
[32m[I/pms] pm_event, evt_cnt: 178[0m
[32m[I/pms] pm_task_unlock[0m
[22:43:35.722961] --->
[32m[I/ui] ui_switch_key suspend[0m
[32m[I/voice] voice_msg num: 0[0m
[32m[I/pms] pm_task_lock[0m
[32m[I/pms] pm_alarm, alm_cnt: 179[0m
[32m[I/pms] pm_thread, recved: 0x8[0m
[32m[I/pms] pm_event, evt_cnt: 179[0m
[32m[I/pms] pm_task_unlock[0m
[22:44:28.230984] --->
[32m[I/ui] ui_switch_key suspend[0m
[32m[I/voice] voice_msg num: 0[0m
[32m[I/pms] pm_task_lock[0m
[32m[I/pms] pm_alarm, alm_cnt: 180[0m
[32m[I/pms] pm_thread, recved: 0x8[0m
[32m[I/pms] pm_event, evt_cnt: 180[0m
[32m[I/pms] pm_task_unlock[0m
[22:45:22.540163] --->
[32m[I/ui] ui_switch_key suspend[0m
[32m[I/voice] voice_msg num: 0[0m
[32m[I/pms] pm_task_lock[0m
[32m[I/pms] pm_alarm, alm_cnt: 181[0m
[32m[I/pms] pm_thread, recved: 0x8[0m
[32m[I/pms] pm_event, evt_cnt: 181[0m
[32m[I/pms] pm_task_unlock[0m
[22:46:17.648657] --->
[32m[I/ui] ui_switch_key suspend[0m
[32m[I/voice] voice_msg num: 0[0m
[22:46:43.501488] --->
[32m[I/pms] pm_task_lock[0m
[32m[I/pms] pm_alarm, alm_cnt: 182[0m
[32m[I/pms] pm_thread, recved: 0x8[0m
[32m[I/pms] pm_event, evt_cnt: 182[0m
[22:47:08.557587] --->
[32m[I/ui] ui_switch_key suspend[0m
[32m[I/voice] voice_msg num: 0[0m
[32m[I/pms] pm_task_unlock[0m
[22:47:35.813641] --->
[32m[I/pms] pm_task_lock[0m
[32m[I/pms] pm_alarm, alm_cnt: 183[0m
[32m[I/pms] pm_thread, recved: 0x8[0m
[32m[I/pms] pm_event, evt_cnt: 183[0m
[22:48:00.866208] --->
[32m[I/ui] ui_switch_key suspend[0m
[32m[I/voice] voice_msg num: 0[0m
[32m[I/pms] pm_task_unlock[0m
[22:48:27.020972] --->
[32m[I/pms] pm_task_lock[0m
[32m[I/pms] pm_alarm, alm_cnt: 184[0m
[32m[I/pms] pm_thread, recved: 0x8[0m
[32m[I/pms] pm_event, evt_cnt: 184[0m
[22:48:52.076472] --->
[32m[I/ui] ui_switch_key suspend[0m
[32m[I/voice] voice_msg num: 0[0m
[32m[I/pms] pm_task_unlock[0m
[22:49:19.032184] --->
[32m[I/pms] pm_task_lock[0m
[32m[I/pms] pm_alarm, alm_cnt: 185[0m
[32m[I/pms] pm_thread, recved: 0x8[0m
[32m[I/pms] pm_event, evt_cnt: 185[0m
[22:49:44.087118] --->
[32m[I/ui] ui_switch_key suspend[0m
[32m[I/voice] voice_msg num: 0[0m
[32m[I/pms] pm_task_unlock[0m
[22:50:38.097322] --->
[32m[I/ui] ui_switch_key suspend[0m
[32m[I/voice] voice_msg num: 0[0m
[32m[I/pms] pm_task_lock[0m
[32m[I/pms] pm_alarm, alm_cnt: 186[0m
[32m[I/pms] pm_thread, recved: 0x8[0m
[32m[I/pms] pm_event, evt_cnt: 186[0m
[32m[I/pms] pm_task_unlock[0m
[22:51:28.405408] --->
[32m[I/ui] ui_switch_key suspend[0m
[32m[I/voice] voice_msg num: 0[0m
[32m[I/pms] pm_task_lock[0m
[32m[I/pms] pm_alarm, alm_cnt: 187[0m
[32m[I/pms] pm_thread, recved: 0x8[0m
[32m[I/pms] pm_event, evt_cnt: 187[0m
[32m[I/pms] pm_task_unlock[0m
[22:52:19.010736] --->
[32m[I/ui] ui_switch_key suspend[0m
[32m[I/voice] voice_msg num: 0[0m
[32m[I/pms] pm_task_lock[0m
[32m[I/pms] pm_alarm, alm_cnt: 188[0m
[32m[I/pms] pm_thread, recved: 0x8[0m
[32m[I/pms] pm_event, evt_cnt: 188[0m
[22:53:10.623223] --->
[32m[I/ui] ui_switch_key suspend[0m
[32m[I/voice] voice_msg num: 0[0m
[32m[I/pms] pm_task_unlock[0m
[22:53:39.280036] --->
[32m[I/pms] pm_task_lock[0m
[32m[I/pms] pm_alarm, alm_cnt: 189[0m
[32m[I/pms] pm_thread, recved: 0x8[0m
[32m[I/pms] pm_event, evt_cnt: 189[0m
[22:54:04.336585] --->
[32m[I/ui] ui_switch_key suspend[0m
[32m[I/voice] voice_msg num: 0[0m
[32m[I/pms] pm_task_unlock[0m
[22:54:33.893746] --->
[32m[I/pms] pm_task_lock[0m
[32m[I/pms] pm_alarm, alm_cnt: 190[0m
[32m[I/pms] pm_thread, recved: 0x8[0m
[32m[I/pms] pm_event, evt_cnt: 190[0m
[22:54:58.946611] --->
[32m[I/ui] ui_switch_key suspend[0m
[32m[I/voice] voice_msg num: 0[0m
[32m[I/pms] pm_task_unlock[0m
[22:55:25.800124] --->
[32m[I/pms] pm_task_lock[0m
[32m[I/pms] pm_alarm, alm_cnt: 191[0m
[32m[I/pms] pm_thread, recved: 0x8[0m
[32m[I/pms] pm_event, evt_cnt: 191[0m
[22:55:50.855710] --->
[32m[I/ui] ui_switch_key suspend[0m
[32m[I/voice] voice_msg num: 0[0m
[32m[I/pms] pm_task_unlock[0m
[22:56:16.810994] --->
[32m[I/pms] pm_task_lock[0m
[32m[I/pms] pm_alarm, alm_cnt: 192[0m
[32m[I/pms] pm_thread, recved: 0x8[0m
[32m[I/pms] pm_event, evt_cnt: 192[0m
[22:56:41.866729] --->
[32m[I/ui] ui_switch_key suspend[0m
[32m[I/voice] voice_msg num: 0[0m
[32m[I/pms] pm_task_unlock[0m
[22:57:33.076008] --->
[32m[I/ui] ui_switch_key suspend[0m
[32m[I/voice] voice_msg num: 0[0m
[32m[I/pms] pm_task_lock[0m
[32m[I/pms] pm_alarm, alm_cnt: 193[0m
[32m[I/pms] pm_thread, recved: 0x8[0m
[32m[I/pms] pm_event, evt_cnt: 193[0m
[32m[I/pms] pm_task_unlock[0m
[22:58:25.984028] --->
[32m[I/ui] ui_switch_key suspend[0m
[32m[I/voice] voice_msg num: 0[0m
[32m[I/pms] pm_task_lock[0m
[32m[I/pms] pm_alarm, alm_cnt: 194[0m
[32m[I/pms] pm_thread, recved: 0x8[0m
[32m[I/pms] pm_event, evt_cnt: 194[0m
[32m[I/pms] pm_task_unlock[0m
[22:59:17.993145] --->
[32m[I/ui] ui_switch_key suspend[0m
[32m[I/voice] voice_msg num: 0[0m
[32m[I/pms] pm_task_lock[0m
[32m[I/pms] pm_alarm, alm_cnt: 195[0m
[32m[I/pms] pm_thread, recved: 0x8[0m
[32m[I/pms] pm_event, evt_cnt: 195[0m
[23:00:11.903487] --->
[32m[I/ui] ui_switch_key suspend[0m
[32m[I/voice] voice_msg num: 0[0m
[32m[I/pms] pm_task_unlock[0m
[23:00:38.457553] --->
[32m[I/pms] pm_task_lock[0m
[32m[I/pms] pm_alarm, alm_cnt: 196[0m
[32m[I/pms] pm_thread, recved: 0x8[0m
[32m[I/pms] pm_event, evt_cnt: 196[0m
[23:01:03.510601] --->
[32m[I/ui] ui_switch_key suspend[0m
[32m[I/voice] voice_msg num: 0[0m
[32m[I/pms] pm_task_unlock[0m
[23:01:14.214177] --->
[32m[I/voice] voice_msg num: 9[0m
[23:01:39.219893] --->
[32m[I/pms] pm_task_lock[0m
[32m[I/pms] pm_alarm, alm_cnt: 197[0m
[32m[I/pms] pm_thread, recved: 0x8[0m
[32m[I/pms] pm_event, evt_cnt: 197[0m
[23:02:04.278315] --->
[32m[I/ui] ui_switch_key suspend[0m
[32m[I/voice] voice_msg num: 0[0m
[32m[I/pms] pm_task_unlock[0m
[23:02:32.734220] --->
[32m[I/pms] pm_task_lock[0m
[32m[I/pms] pm_alarm, alm_cnt: 198[0m
[32m[I/pms] pm_thread, recved: 0x8[0m
[32m[I/pms] pm_event, evt_cnt: 198[0m
[23:02:57.788442] --->
[32m[I/ui] ui_switch_key suspend[0m
[32m[I/voice] voice_msg num: 0[0m
[32m[I/pms] pm_task_unlock[0m
[23:03:27.543243] --->
[32m[I/pms] pm_task_lock[0m
[32m[I/pms] pm_alarm, alm_cnt: 199[0m
[32m[I/pms] pm_thread, recved: 0x8[0m
[32m[I/pms] pm_event, evt_cnt: 199[0m
[23:03:52.596643] --->
[32m[I/ui] ui_switch_key suspend[0m
[32m[I/voice] voice_msg num: 0[0m
[32m[I/pms] pm_task_unlock[0m
[23:04:22.053188] --->
[32m[I/pms] pm_task_lock[0m
[32m[I/pms] pm_alarm, alm_cnt: 200[0m
[32m[I/pms] pm_thread, recved: 0x8[0m
[32m[I/pms] pm_event, evt_cnt: 200[0m
[23:04:47.109718] --->
[32m[I/ui] ui_switch_key suspend[0m
[32m[I/voice] voice_msg num: 0[0m
[32m[I/pms] pm_task_unlock[0m
[23:05:03.911203] --->
[32m[I/voice] voice_msg num: 9[0m
[23:05:28.915176] --->
[32m[I/pms] pm_task_lock[0m
[32m[I/pms] pm_alarm, alm_cnt: 201[0m
[32m[I/pms] pm_thread, recved: 0x8[0m
[32m[I/pms] pm_event, evt_cnt: 201[0m
[23:05:53.970890] --->
[32m[I/ui] ui_switch_key suspend[0m
[32m[I/voice] voice_msg num: 0[0m
[32m[I/pms] pm_task_unlock[0m
[23:06:13.671076] --->
[32m[I/pms] pm_task_lock[0m
[32m[I/pms] pm_alarm, alm_cnt: 202[0m
[32m[I/pms] pm_thread, recved: 0x8[0m
[32m[I/pms] pm_event, evt_cnt: 202[0m
[32m[I/voice] voice_msg num: 9[0m
[23:07:03.730654] --->
[32m[I/ui] ui_switch_key suspend[0m
[32m[I/voice] voice_msg num: 0[0m
[32m[I/pms] pm_task_unlock[0m
[23:07:32.184734] --->
[32m[I/pms] pm_task_lock[0m
[32m[I/pms] pm_alarm, alm_cnt: 203[0m
[32m[I/pms] pm_thread, recved: 0x8[0m
[32m[I/pms] pm_event, evt_cnt: 203[0m
[23:07:57.239446] --->
[32m[I/ui] ui_switch_key suspend[0m
[32m[I/voice] voice_msg num: 0[0m
[32m[I/pms] pm_task_unlock[0m
[23:08:10.940289] --->
[32m[I/voice] voice_msg num: 9[0m
[23:08:35.945220] --->
[32m[I/pms] pm_task_lock[0m
[32m[I/pms] pm_alarm, alm_cnt: 204[0m
[32m[I/pms] pm_thread, recved: 0x8[0m
[32m[I/pms] pm_event, evt_cnt: 204[0m
[23:09:01.002043] --->
[32m[I/ui] ui_switch_key suspend[0m
[32m[I/voice] voice_msg num: 0[0m
[32m[I/pms] pm_task_unlock[0m
[23:09:21.003140] --->
[32m[I/pms] pm_task_lock[0m
[32m[I/pms] pm_alarm, alm_cnt: 205[0m
[32m[I/pms] pm_thread, recved: 0x8[0m
[32m[I/pms] pm_event, evt_cnt: 205[0m
[32m[I/voice] voice_msg num: 9[0m
[23:10:11.059933] --->
[32m[I/ui] ui_switch_key suspend[0m
[32m[I/voice] voice_msg num: 0[0m
[32m[I/pms] pm_task_unlock[0m
[23:10:24.564071] --->
[32m[I/pms] pm_task_lock[0m
[32m[I/pms] pm_alarm, alm_cnt: 206[0m
[32m[I/pms] pm_thread, recved: 0x8[0m
[32m[I/pms] pm_event, evt_cnt: 206[0m
[32m[I/voice] voice_msg num: 9[0m
[23:11:14.619495] --->
[32m[I/ui] ui_switch_key suspend[0m
[32m[I/voice] voice_msg num: 0[0m
[32m[I/pms] pm_task_unlock[0m
[32m[I/pms] pm_task_lock[0m
[32m[I/pms] pm_alarm, alm_cnt: 207[0m
[32m[I/pms] pm_thread, recved: 0x8[0m
[32m[I/pms] pm_event, evt_cnt: 207[0m
[32m[I/pms] pm_task_unlock[0m
[23:12:06.027577] --->
[32m[I/ui] ui_switch_key suspend[0m
[32m[I/voice] voice_msg num: 0[0m
[23:12:29.126922] --->
[32m[I/pms] pm_task_lock[0m
[32m[I/pms] pm_alarm, alm_cnt: 208[0m
[32m[I/pms] pm_thread, recved: 0x8[0m
[32m[I/pms] pm_event, evt_cnt: 208[0m
[32m[I/voice] voice_msg num: 9[0m
[23:13:19.186088] --->
[32m[I/ui] ui_switch_key suspend[0m
[32m[I/voice] voice_msg num: 0[0m
[32m[I/pms] pm_task_unlock[0m
[32m[I/pms] pm_task_lock[0m
[32m[I/pms] pm_alarm, alm_cnt: 209[0m
[32m[I/pms] pm_thread, recved: 0x8[0m
[32m[I/pms] pm_event, evt_cnt: 209[0m
[32m[I/pms] pm_task_unlock[0m
[23:14:09.794316] --->
[32m[I/ui] ui_switch_key suspend[0m
[32m[I/voice] voice_msg num: 0[0m
[23:14:35.451404] --->
[32m[I/pms] pm_task_lock[0m
[32m[I/pms] pm_alarm, alm_cnt: 210[0m
[32m[I/pms] pm_thread, recved: 0x8[0m
[32m[I/pms] pm_event, evt_cnt: 210[0m
[23:15:00.505459] --->
[32m[I/ui] ui_switch_key suspend[0m
[32m[I/voice] voice_msg num: 0[0m
[32m[I/pms] pm_task_unlock[0m
[23:15:28.658113] --->
[32m[I/pms] pm_task_lock[0m
[32m[I/pms] pm_alarm, alm_cnt: 211[0m
[32m[I/pms] pm_thread, recved: 0x8[0m
[32m[I/pms] pm_event, evt_cnt: 211[0m
[23:15:53.710941] --->
[32m[I/ui] ui_switch_key suspend[0m
[32m[I/voice] voice_msg num: 0[0m
[32m[I/pms] pm_task_unlock[0m
[23:16:20.465566] --->
[32m[I/pms] pm_task_lock[0m
[32m[I/pms] pm_alarm, alm_cnt: 212[0m
[32m[I/pms] pm_thread, recved: 0x8[0m
[32m[I/pms] pm_event, evt_cnt: 212[0m
[23:16:45.519785] --->
[32m[I/ui] ui_switch_key suspend[0m
[32m[I/voice] voice_msg num: 0[0m
[32m[I/pms] pm_task_unlock[0m
[23:17:12.576558] --->
[32m[I/pms] pm_task_lock[0m
[32m[I/pms] pm_alarm, alm_cnt: 213[0m
[32m[I/pms] pm_thread, recved: 0x8[0m
[32m[I/pms] pm_event, evt_cnt: 213[0m
[23:17:37.631460] --->
[32m[I/ui] ui_switch_key suspend[0m
[32m[I/voice] voice_msg num: 0[0m
[32m[I/pms] pm_task_unlock[0m
[23:18:30.637344] --->
[32m[I/ui] ui_switch_key suspend[0m
[32m[I/voice] voice_msg num: 0[0m
[32m[I/pms] pm_task_lock[0m
[32m[I/pms] pm_alarm, alm_cnt: 214[0m
[32m[I/pms] pm_thread, recved: 0x8[0m
[32m[I/pms] pm_event, evt_cnt: 214[0m
[32m[I/pms] pm_task_unlock[0m
[23:19:22.546637] --->
[32m[I/ui] ui_switch_key suspend[0m
[32m[I/voice] voice_msg num: 0[0m
[32m[I/pms] pm_task_lock[0m
[32m[I/pms] pm_alarm, alm_cnt: 215[0m
[32m[I/pms] pm_thread, recved: 0x8[0m
[32m[I/pms] pm_event, evt_cnt: 215[0m
[32m[I/pms] pm_task_unlock[0m
[23:19:51.916146] --->
[32m[I/voice] voice_msg num: 9[0m
[23:20:16.918893] --->
[32m[I/pms] pm_task_lock[0m
[32m[I/pms] pm_alarm, alm_cnt: 216[0m
[32m[I/pms] pm_thread, recved: 0x8[0m
[32m[I/pms] pm_event, evt_cnt: 216[0m
[23:20:41.970316] --->
[32m[I/ui] ui_switch_key suspend[0m
[32m[I/voice] voice_msg num: 0[0m
[32m[I/pms] pm_task_unlock[0m
[23:21:09.726504] --->
[32m[I/pms] pm_task_lock[0m
[32m[I/pms] pm_alarm, alm_cnt: 217[0m
[32m[I/pms] pm_thread, recved: 0x8[0m
[32m[I/pms] pm_event, evt_cnt: 217[0m
[23:21:34.779647] --->
[32m[I/ui] ui_switch_key suspend[0m
[32m[I/voice] voice_msg num: 0[0m
[32m[I/pms] pm_task_unlock[0m
[23:22:27.988540] --->
[32m[I/ui] ui_switch_key suspend[0m
[32m[I/voice] voice_msg num: 0[0m
[32m[I/pms] pm_task_lock[0m
[32m[I/pms] pm_alarm, alm_cnt: 218[0m
[32m[I/pms] pm_thread, recved: 0x8[0m
[32m[I/pms] pm_event, evt_cnt: 218[0m
[32m[I/pms] pm_task_unlock[0m
[23:22:47.959236] --->
[32m[I/voice] voice_msg num: 9[0m
[23:23:12.964800] --->
[32m[I/pms] pm_task_lock[0m
[32m[I/pms] pm_alarm, alm_cnt: 219[0m
[32m[I/pms] pm_thread, recved: 0x8[0m
[32m[I/pms] pm_event, evt_cnt: 219[0m
[23:23:38.019163] --->
[32m[I/ui] ui_switch_key suspend[0m
[32m[I/voice] voice_msg num: 0[0m
[32m[I/pms] pm_task_unlock[0m
[23:24:30.325871] --->
[32m[I/ui] ui_switch_key suspend[0m
[32m[I/voice] voice_msg num: 0[0m
[32m[I/pms] pm_task_lock[0m
[32m[I/pms] pm_alarm, alm_cnt: 220[0m
[32m[I/pms] pm_thread, recved: 0x8[0m
[32m[I/pms] pm_event, evt_cnt: 220[0m
[32m[I/pms] pm_task_unlock[0m
[23:25:23.033127] --->
[32m[I/ui] ui_switch_key suspend[0m
[32m[I/voice] voice_msg num: 0[0m
[32m[I/pms] pm_task_lock[0m
[32m[I/pms] pm_alarm, alm_cnt: 221[0m
[32m[I/pms] pm_thread, recved: 0x8[0m
[32m[I/pms] pm_event, evt_cnt: 221[0m
[32m[I/pms] pm_task_unlock[0m
[23:26:16.644821] --->
[32m[I/ui] ui_switch_key suspend[0m
[32m[I/voice] voice_msg num: 0[0m
[32m[I/pms] pm_task_lock[0m
[32m[I/pms] pm_alarm, alm_cnt: 222[0m
[32m[I/pms] pm_thread, recved: 0x8[0m
[32m[I/pms] pm_event, evt_cnt: 222[0m
[32m[I/pms] pm_task_unlock[0m
[23:26:36.713684] --->
[32m[I/voice] voice_msg num: 9[0m
[23:27:26.769974] --->
[32m[I/ui] ui_switch_key suspend[0m
[32m[I/voice] voice_msg num: 0[0m
[32m[I/pms] pm_task_lock[0m
[32m[I/pms] pm_alarm, alm_cnt: 223[0m
[32m[I/pms] pm_thread, recved: 0x8[0m
[32m[I/pms] pm_event, evt_cnt: 223[0m
[32m[I/pms] pm_task_unlock[0m
[23:28:20.777859] --->
[32m[I/ui] ui_switch_key suspend[0m
[32m[I/voice] voice_msg num: 0[0m
[32m[I/pms] pm_task_lock[0m
[32m[I/pms] pm_alarm, alm_cnt: 224[0m
[32m[I/pms] pm_thread, recved: 0x8[0m
[32m[I/pms] pm_event, evt_cnt: 224[0m
[32m[I/pms] pm_task_unlock[0m
[23:29:11.485958] --->
[32m[I/ui] ui_switch_key suspend[0m
[32m[I/voice] voice_msg num: 0[0m
[32m[I/pms] pm_task_lock[0m
[32m[I/pms] pm_alarm, alm_cnt: 225[0m
[32m[I/pms] pm_thread, recved: 0x8[0m
[32m[I/pms] pm_event, evt_cnt: 225[0m
[32m[I/pms] pm_task_unlock[0m
[23:30:05.596735] --->
[32m[I/ui] ui_switch_key suspend[0m
[32m[I/voice] voice_msg num: 0[0m
[32m[I/pms] pm_task_lock[0m
[32m[I/pms] pm_alarm, alm_cnt: 226[0m
[32m[I/pms] pm_thread, recved: 0x8[0m
[32m[I/pms] pm_event, evt_cnt: 226[0m
[23:30:59.705397] --->
[32m[I/ui] ui_switch_key suspend[0m
[32m[I/voice] voice_msg num: 0[0m
[32m[I/pms] pm_task_unlock[0m
[23:31:24.757996] --->
[32m[I/pms] pm_task_lock[0m
[32m[I/pms] pm_alarm, alm_cnt: 227[0m
[32m[I/pms] pm_thread, recved: 0x8[0m
[32m[I/pms] pm_event, evt_cnt: 227[0m
[23:31:49.812085] --->
[32m[I/ui] ui_switch_key suspend[0m
[32m[I/voice] voice_msg num: 0[0m
[32m[I/pms] pm_task_unlock[0m
[23:32:17.667316] --->
[32m[I/pms] pm_task_lock[0m
[32m[I/pms] pm_alarm, alm_cnt: 228[0m
[32m[I/pms] pm_thread, recved: 0x8[0m
[32m[I/pms] pm_event, evt_cnt: 228[0m
[23:32:42.722250] --->
[32m[I/ui] ui_switch_key suspend[0m
[32m[I/voice] voice_msg num: 0[0m
[32m[I/pms] pm_task_unlock[0m
[23:33:12.475549] --->
[32m[I/pms] pm_task_lock[0m
[32m[I/pms] pm_alarm, alm_cnt: 229[0m
[32m[I/pms] pm_thread, recved: 0x8[0m
[32m[I/pms] pm_event, evt_cnt: 229[0m
[23:33:37.530299] --->
[32m[I/ui] ui_switch_key suspend[0m
[32m[I/voice] voice_msg num: 0[0m
[32m[I/pms] pm_task_unlock[0m
[23:34:29.039646] --->
[32m[I/pms] pm_task_lock[0m
[32m[I/pms] pm_alarm, alm_cnt: 230[0m
[32m[I/pms] pm_thread, recved: 0x8[0m
[32m[I/pms] pm_event, evt_cnt: 230[0m
[32m[I/ui] ui_switch_key suspend[0m
[32m[I/voice] voice_msg num: 0[0m
[32m[I/pms] pm_task_unlock[0m
[23:35:19.744990] --->
[32m[I/ui] ui_switch_key suspend[0m
[32m[I/voice] voice_msg num: 0[0m
[32m[I/pms] pm_task_lock[0m
[32m[I/pms] pm_alarm, alm_cnt: 231[0m
[32m[I/pms] pm_thread, recved: 0x8[0m
[32m[I/pms] pm_event, evt_cnt: 231[0m
[32m[I/pms] pm_task_unlock[0m
[23:36:11.352040] --->
[32m[I/ui] ui_switch_key suspend[0m
[32m[I/voice] voice_msg num: 0[0m
[32m[I/pms] pm_task_lock[0m
[32m[I/pms] pm_alarm, alm_cnt: 232[0m
[32m[I/pms] pm_thread, recved: 0x8[0m
[32m[I/pms] pm_event, evt_cnt: 232[0m
[32m[I/pms] pm_task_unlock[0m
[23:37:05.858703] --->
[32m[I/ui] ui_switch_key suspend[0m
[32m[I/voice] voice_msg num: 0[0m
[32m[I/pms] pm_task_lock[0m
[32m[I/pms] pm_alarm, alm_cnt: 233[0m
[32m[I/pms] pm_thread, recved: 0x8[0m
[32m[I/pms] pm_event, evt_cnt: 233[0m
[23:37:28.966972] --->
[32m[I/voice] voice_msg num: 9[0m
[23:38:19.021447] --->
[32m[I/ui] ui_switch_key suspend[0m
[32m[I/voice] voice_msg num: 0[0m
[32m[I/pms] pm_task_unlock[0m
[32m[I/pms] pm_task_lock[0m
[32m[I/pms] pm_alarm, alm_cnt: 234[0m
[32m[I/pms] pm_thread, recved: 0x8[0m
[32m[I/pms] pm_event, evt_cnt: 234[0m
[32m[I/pms] pm_task_unlock[0m
[23:39:11.626104] --->
[32m[I/ui] ui_switch_key suspend[0m
[32m[I/voice] voice_msg num: 0[0m
[32m[I/pms] pm_task_lock[0m
[32m[I/pms] pm_alarm, alm_cnt: 235[0m
[32m[I/pms] pm_thread, recved: 0x8[0m
[32m[I/pms] pm_event, evt_cnt: 235[0m
[32m[I/pms] pm_task_unlock[0m
[23:40:05.633298] --->
[32m[I/ui] ui_switch_key suspend[0m
[32m[I/voice] voice_msg num: 0[0m
[32m[I/pms] pm_task_lock[0m
[32m[I/pms] pm_alarm, alm_cnt: 236[0m
[32m[I/pms] pm_thread, recved: 0x8[0m
[32m[I/pms] pm_event, evt_cnt: 236[0m
[23:40:35.185676] --->
[32m[I/pms] pm_task_unlock[0m
[23:41:00.242585] --->
[32m[I/ui] ui_switch_key suspend[0m
[32m[I/voice] voice_msg num: 0[0m
[23:41:10.945891] --->
[32m[I/pms] pm_task_lock[0m
[32m[I/pms] pm_alarm, alm_cnt: 237[0m
[32m[I/pms] pm_thread, recved: 0x8[0m
[32m[I/pms] pm_event, evt_cnt: 237[0m
[32m[I/voice] voice_msg num: 9[0m
[23:42:01.003208] --->
[32m[I/ui] ui_switch_key suspend[0m
[32m[I/voice] voice_msg num: 0[0m
[32m[I/pms] pm_task_unlock[0m
[23:42:29.558268] --->
[32m[I/pms] pm_task_lock[0m
[32m[I/pms] pm_alarm, alm_cnt: 238[0m
[32m[I/pms] pm_thread, recved: 0x8[0m
[32m[I/pms] pm_event, evt_cnt: 238[0m
[23:42:54.613402] --->
[32m[I/ui] ui_switch_key suspend[0m
[32m[I/voice] voice_msg num: 0[0m
[32m[I/pms] pm_task_unlock[0m
[23:43:24.271100] --->
[32m[I/pms] pm_task_lock[0m
[32m[I/pms] pm_alarm, alm_cnt: 239[0m
[32m[I/pms] pm_thread, recved: 0x8[0m
[32m[I/pms] pm_event, evt_cnt: 239[0m
[23:43:49.326565] --->
[32m[I/ui] ui_switch_key suspend[0m
[32m[I/voice] voice_msg num: 0[0m
[32m[I/pms] pm_task_unlock[0m
[23:44:16.279384] --->
[32m[I/pms] pm_task_lock[0m
[32m[I/pms] pm_alarm, alm_cnt: 240[0m
[32m[I/pms] pm_thread, recved: 0x8[0m
[32m[I/pms] pm_event, evt_cnt: 240[0m
[23:44:41.332335] --->
[32m[I/ui] ui_switch_key suspend[0m
[32m[I/voice] voice_msg num: 0[0m
[32m[I/pms] pm_task_unlock[0m
[23:44:55.132591] --->
[32m[I/voice] voice_msg num: 9[0m
[23:45:20.136964] --->
[32m[I/pms] pm_task_lock[0m
[32m[I/pms] pm_alarm, alm_cnt: 241[0m
[32m[I/pms] pm_thread, recved: 0x8[0m
[32m[I/pms] pm_event, evt_cnt: 241[0m
[23:45:45.193141] --->
[32m[I/ui] ui_switch_key suspend[0m
[32m[I/voice] voice_msg num: 0[0m
[32m[I/pms] pm_task_unlock[0m
[23:46:14.347175] --->
[32m[I/pms] pm_task_lock[0m
[32m[I/pms] pm_alarm, alm_cnt: 242[0m
[32m[I/pms] pm_thread, recved: 0x8[0m
[32m[I/pms] pm_event, evt_cnt: 242[0m
[23:46:39.398792] --->
[32m[I/ui] ui_switch_key suspend[0m
[32m[I/voice] voice_msg num: 0[0m
[32m[I/pms] pm_task_unlock[0m
[23:47:08.652443] --->
[32m[I/pms] pm_task_lock[0m
[32m[I/pms] pm_alarm, alm_cnt: 243[0m
[32m[I/pms] pm_thread, recved: 0x8[0m
[32m[I/pms] pm_event, evt_cnt: 243[0m
[23:47:33.706897] --->
[32m[I/ui] ui_switch_key suspend[0m
[32m[I/voice] voice_msg num: 0[0m
[32m[I/pms] pm_task_unlock[0m
[23:48:02.664990] --->
[32m[I/pms] pm_task_lock[0m
[32m[I/pms] pm_alarm, alm_cnt: 244[0m
[32m[I/pms] pm_thread, recved: 0x8[0m
[32m[I/pms] pm_event, evt_cnt: 244[0m
[23:48:27.717493] --->
[32m[I/ui] ui_switch_key suspend[0m
[32m[I/voice] voice_msg num: 0[0m
[32m[I/pms] pm_task_unlock[0m
[23:49:20.128521] --->
[32m[I/ui] ui_switch_key suspend[0m
[32m[I/voice] voice_msg num: 0[0m
[32m[I/pms] pm_task_lock[0m
[32m[I/pms] pm_alarm, alm_cnt: 245[0m
[32m[I/pms] pm_thread, recved: 0x8[0m
[32m[I/pms] pm_event, evt_cnt: 245[0m
[32m[I/pms] pm_task_unlock[0m
[23:50:14.736303] --->
[32m[I/ui] ui_switch_key suspend[0m
[32m[I/voice] voice_msg num: 0[0m
[32m[I/pms] pm_task_lock[0m
[32m[I/pms] pm_alarm, alm_cnt: 246[0m
[32m[I/pms] pm_thread, recved: 0x8[0m
[32m[I/pms] pm_event, evt_cnt: 246[0m
[32m[I/pms] pm_task_unlock[0m
[23:51:06.543618] --->
[32m[I/ui] ui_switch_key suspend[0m
[32m[I/voice] voice_msg num: 0[0m
[32m[I/pms] pm_task_lock[0m
[32m[I/pms] pm_alarm, alm_cnt: 247[0m
[32m[I/pms] pm_thread, recved: 0x8[0m
[32m[I/pms] pm_event, evt_cnt: 247[0m
[32m[I/pms] pm_task_unlock[0m
[23:51:20.412125] --->
[32m[I/voice] voice_msg num: 9[0m
[23:52:10.469309] --->
[32m[I/ui] ui_switch_key suspend[0m
[32m[I/voice] voice_msg num: 0[0m
[32m[I/pms] pm_task_lock[0m
[32m[I/pms] pm_alarm, alm_cnt: 248[0m
[32m[I/pms] pm_thread, recved: 0x8[0m
[32m[I/pms] pm_event, evt_cnt: 248[0m
[32m[I/pms] pm_task_unlock[0m
[23:53:05.174878] --->
[32m[I/ui] ui_switch_key suspend[0m
[32m[I/voice] voice_msg num: 0[0m
[32m[I/pms] pm_task_lock[0m
[32m[I/pms] pm_alarm, alm_cnt: 249[0m
[32m[I/pms] pm_thread, recved: 0x8[0m
[32m[I/pms] pm_event, evt_cnt: 249[0m
[32m[I/pms] pm_task_unlock[0m
[23:53:57.883457] --->
[32m[I/ui] ui_switch_key suspend[0m
[32m[I/voice] voice_msg num: 0[0m
[32m[I/pms] pm_task_lock[0m
[32m[I/pms] pm_alarm, alm_cnt: 250[0m
[32m[I/pms] pm_thread, recved: 0x8[0m
[32m[I/pms] pm_event, evt_cnt: 250[0m
[23:54:48.889902] --->
[32m[I/ui] ui_switch_key suspend[0m
[32m[I/voice] voice_msg num: 0[0m
[32m[I/pms] pm_task_unlock[0m
[23:55:15.846538] --->
[32m[I/pms] pm_task_lock[0m
[32m[I/pms] pm_alarm, alm_cnt: 251[0m
[32m[I/pms] pm_thread, recved: 0x8[0m
[32m[I/pms] pm_event, evt_cnt: 251[0m
[23:55:40.903567] --->
[32m[I/ui] ui_switch_key suspend[0m
[32m[I/voice] voice_msg num: 0[0m
[32m[I/pms] pm_task_unlock[0m
[23:56:10.058240] --->
[32m[I/pms] pm_task_lock[0m
[32m[I/pms] pm_alarm, alm_cnt: 252[0m
[32m[I/pms] pm_thread, recved: 0x8[0m
[32m[I/pms] pm_event, evt_cnt: 252[0m
[23:56:35.112891] --->
[32m[I/ui] ui_switch_key suspend[0m
[32m[I/voice] voice_msg num: 0[0m
[32m[I/pms] pm_task_unlock[0m
[23:57:04.069017] --->
[32m[I/pms] pm_task_lock[0m
[32m[I/pms] pm_alarm, alm_cnt: 253[0m
[32m[I/pms] pm_thread, recved: 0x8[0m
[32m[I/pms] pm_event, evt_cnt: 253[0m
[23:57:29.123066] --->
[32m[I/ui] ui_switch_key suspend[0m
[32m[I/voice] voice_msg num: 0[0m
[32m[I/pms] pm_task_unlock[0m
[23:57:58.477744] --->
[32m[I/pms] pm_task_lock[0m
[32m[I/pms] pm_alarm, alm_cnt: 254[0m
[32m[I/pms] pm_thread, recved: 0x8[0m
[32m[I/pms] pm_event, evt_cnt: 254[0m
[23:58:23.531350] --->
[32m[I/ui] ui_switch_key suspend[0m
[32m[I/voice] voice_msg num: 0[0m
[32m[I/pms] pm_task_unlock[0m
[23:59:15.139386] --->
[32m[I/ui] ui_switch_key suspend[0m
[32m[I/voice] voice_msg num: 0[0m
[32m[I/pms] pm_task_lock[0m
[32m[I/pms] pm_alarm, alm_cnt: 255[0m
[32m[I/pms] pm_thread, recved: 0x8[0m
[32m[I/pms] pm_event, evt_cnt: 255[0m
[32m[I/pms] pm_task_unlock[0m
[00:00:09.146115] --->
[32m[I/ui] ui_switch_key suspend[0m
[32m[I/voice] voice_msg num: 0[0m
[32m[I/pms] pm_task_lock[0m
[32m[I/pms] pm_alarm, alm_cnt: 256[0m
[32m[I/pms] pm_thread, recved: 0x8[0m
[32m[I/pms] pm_event, evt_cnt: 256[0m
[32m[I/pms] pm_task_unlock[0m
[00:00:59.356457] --->
[32m[I/ui] ui_switch_key suspend[0m
[32m[I/voice] voice_msg num: 0[0m
[32m[I/pms] pm_task_lock[0m
[32m[I/pms] pm_alarm, alm_cnt: 257[0m
[32m[I/pms] pm_thread, recved: 0x8[0m
[32m[I/pms] pm_event, evt_cnt: 257[0m
[32m[I/pms] pm_task_unlock[0m
[00:01:53.163983] --->
[32m[I/ui] ui_switch_key suspend[0m
[32m[I/voice] voice_msg num: 0[0m
[00:02:22.620766] --->
[32m[I/pms] pm_task_lock[0m
[32m[I/pms] pm_alarm, alm_cnt: 258[0m
[32m[I/pms] pm_thread, recved: 0x8[0m
[32m[I/pms] pm_event, evt_cnt: 258[0m
[00:02:47.675372] --->
[32m[I/ui] ui_switch_key suspend[0m
[32m[I/voice] voice_msg num: 0[0m
[32m[I/pms] pm_task_unlock[0m
[00:03:16.895195] --->
[32m[I/pms] pm_task_lock[0m
[32m[I/pms] pm_alarm, alm_cnt: 259[0m
[32m[I/pms] pm_thread, recved: 0x8[0m
[32m[I/pms] pm_event, evt_cnt: 259[0m
[32m[I/voice] voice_msg num: 9[0m
[00:04:06.951201] --->
[32m[I/ui] ui_switch_key suspend[0m
[32m[I/voice] voice_msg num: 0[0m
[32m[I/pms] pm_task_unlock[0m
[32m[I/pms] pm_task_lock[0m
[32m[I/pms] pm_alarm, alm_cnt: 260[0m
[32m[I/pms] pm_thread, recved: 0x8[0m
[32m[I/pms] pm_event, evt_cnt: 260[0m
[32m[I/pms] pm_task_unlock[0m
[00:04:08.718806] --->
[32m[I/voice] voice_msg num: 9[0m
[00:04:58.779473] --->
[32m[I/ui] ui_switch_key suspend[0m
[32m[I/voice] voice_msg num: 0[0m
[32m[I/pms] pm_task_lock[0m
[32m[I/pms] pm_alarm, alm_cnt: 261[0m
[32m[I/pms] pm_thread, recved: 0x8[0m
[32m[I/pms] pm_event, evt_cnt: 261[0m
[32m[I/pms] pm_task_unlock[0m
[00:05:00.548927] --->
[32m[I/voice] voice_msg num: 9[0m
[00:05:50.604836] --->
[32m[I/ui] ui_switch_key suspend[0m
[32m[I/voice] voice_msg num: 0[0m
[00:06:15.960397] --->
[32m[I/pms] pm_task_lock[0m
[32m[I/pms] pm_alarm, alm_cnt: 262[0m
[32m[I/pms] pm_thread, recved: 0x8[0m
[32m[I/pms] pm_event, evt_cnt: 262[0m
[00:06:41.014733] --->
[32m[I/ui] ui_switch_key suspend[0m
[32m[I/voice] voice_msg num: 0[0m
[32m[I/pms] pm_task_unlock[0m
[00:07:06.468132] --->
[32m[I/pms] pm_task_lock[0m
[32m[I/pms] pm_alarm, alm_cnt: 263[0m
[32m[I/pms] pm_thread, recved: 0x8[0m
[32m[I/pms] pm_event, evt_cnt: 263[0m
[00:07:31.523293] --->
[32m[I/ui] ui_switch_key suspend[0m
[32m[I/voice] voice_msg num: 0[0m
[32m[I/pms] pm_task_unlock[0m
[00:07:56.776662] --->
[32m[I/pms] pm_task_lock[0m
[32m[I/pms] pm_alarm, alm_cnt: 264[0m
[32m[I/pms] pm_thread, recved: 0x8[0m
[32m[I/pms] pm_event, evt_cnt: 264[0m
[00:08:21.832533] --->
[32m[I/ui] ui_switch_key suspend[0m
[32m[I/voice] voice_msg num: 0[0m
[32m[I/pms] pm_task_unlock[0m
[00:09:13.939034] --->
[32m[I/ui] ui_switch_key suspend[0m
[32m[I/voice] voice_msg num: 0[0m
[32m[I/pms] pm_task_lock[0m
[32m[I/pms] pm_alarm, alm_cnt: 265[0m
[32m[I/pms] pm_thread, recved: 0x8[0m
[32m[I/pms] pm_event, evt_cnt: 265[0m
[32m[I/pms] pm_task_unlock[0m
[00:10:07.345246] --->
[32m[I/ui] ui_switch_key suspend[0m
[32m[I/voice] voice_msg num: 0[0m
[32m[I/pms] pm_task_lock[0m
[32m[I/pms] pm_alarm, alm_cnt: 266[0m
[32m[I/pms] pm_thread, recved: 0x8[0m
[32m[I/pms] pm_event, evt_cnt: 266[0m
[32m[I/pms] pm_task_unlock[0m
[00:10:59.055473] --->
[32m[I/ui] ui_switch_key suspend[0m
[32m[I/voice] voice_msg num: 0[0m
[32m[I/pms] pm_task_lock[0m
[32m[I/pms] pm_alarm, alm_cnt: 267[0m
[32m[I/pms] pm_thread, recved: 0x8[0m
[32m[I/pms] pm_event, evt_cnt: 267[0m
[32m[I/pms] pm_task_unlock[0m
[00:11:53.267633] --->
[32m[I/ui] ui_switch_key suspend[0m
[32m[I/voice] voice_msg num: 0[0m
[32m[I/pms] pm_task_lock[0m
[32m[I/pms] pm_alarm, alm_cnt: 268[0m
[32m[I/pms] pm_thread, recved: 0x8[0m
[32m[I/pms] pm_event, evt_cnt: 268[0m
[00:12:47.879133] --->
[32m[I/ui] ui_switch_key suspend[0m
[32m[I/voice] voice_msg num: 0[0m
[32m[I/pms] pm_task_unlock[0m
[00:13:17.435998] --->
[32m[I/pms] pm_task_lock[0m
[32m[I/pms] pm_alarm, alm_cnt: 269[0m
[32m[I/pms] pm_thread, recved: 0x8[0m
[32m[I/pms] pm_event, evt_cnt: 269[0m
[00:13:42.492023] --->
[32m[I/ui] ui_switch_key suspend[0m
[32m[I/voice] voice_msg num: 0[0m
[32m[I/pms] pm_task_unlock[0m
[00:14:11.747719] --->
[32m[I/pms] pm_task_lock[0m
[32m[I/pms] pm_alarm, alm_cnt: 270[0m
[32m[I/pms] pm_thread, recved: 0x8[0m
[32m[I/pms] pm_event, evt_cnt: 270[0m
[00:14:36.801973] --->
[32m[I/ui] ui_switch_key suspend[0m
[32m[I/voice] voice_msg num: 0[0m
[32m[I/pms] pm_task_unlock[0m
[00:15:02.359223] --->
[32m[I/pms] pm_task_lock[0m
[32m[I/pms] pm_alarm, alm_cnt: 271[0m
[32m[I/pms] pm_thread, recved: 0x8[0m
[32m[I/pms] pm_event, evt_cnt: 271[0m
[00:15:27.412330] --->
[32m[I/ui] ui_switch_key suspend[0m
[32m[I/voice] voice_msg num: 0[0m
[32m[I/pms] pm_task_unlock[0m
[00:15:55.268237] --->
[32m[I/pms] pm_task_lock[0m
[32m[I/pms] pm_alarm, alm_cnt: 272[0m
[32m[I/pms] pm_thread, recved: 0x8[0m
[32m[I/pms] pm_event, evt_cnt: 272[0m
[00:16:20.321322] --->
[32m[I/ui] ui_switch_key suspend[0m
[32m[I/voice] voice_msg num: 0[0m
[32m[I/pms] pm_task_unlock[0m
[00:16:34.139004] --->
[32m[I/voice] voice_msg num: 9[0m
[00:16:59.139710] --->
[32m[I/pms] pm_task_lock[0m
[32m[I/pms] pm_alarm, alm_cnt: 273[0m
[32m[I/pms] pm_thread, recved: 0x8[0m
[32m[I/pms] pm_event, evt_cnt: 273[0m
[00:17:24.195553] --->
[32m[I/ui] ui_switch_key suspend[0m
[32m[I/voice] voice_msg num: 0[0m
[32m[I/pms] pm_task_unlock[0m
[00:17:51.950363] --->
[32m[I/pms] pm_task_lock[0m
[32m[I/pms] pm_alarm, alm_cnt: 274[0m
[32m[I/pms] pm_thread, recved: 0x8[0m
[32m[I/pms] pm_event, evt_cnt: 274[0m
[00:18:17.002306] --->
[32m[I/ui] ui_switch_key suspend[0m
[32m[I/voice] voice_msg num: 0[0m
[32m[I/pms] pm_task_unlock[0m
[00:19:07.308715] --->
[32m[I/ui] ui_switch_key suspend[0m
[32m[I/voice] voice_msg num: 0[0m
[32m[I/pms] pm_task_lock[0m
[32m[I/pms] pm_alarm, alm_cnt: 275[0m
[32m[I/pms] pm_thread, recved: 0x8[0m
[32m[I/pms] pm_event, evt_cnt: 275[0m
[32m[I/pms] pm_task_unlock[0m
[00:19:57.920587] --->
[32m[I/ui] ui_switch_key suspend[0m
[32m[I/voice] voice_msg num: 0[0m
[32m[I/pms] pm_task_lock[0m
[32m[I/pms] pm_alarm, alm_cnt: 276[0m
[32m[I/pms] pm_thread, recved: 0x8[0m
[32m[I/pms] pm_event, evt_cnt: 276[0m
[32m[I/pms] pm_task_unlock[0m
[00:20:48.328735] --->
[32m[I/ui] ui_switch_key suspend[0m
[32m[I/voice] voice_msg num: 0[0m
[32m[I/pms] pm_task_lock[0m
[32m[I/pms] pm_alarm, alm_cnt: 277[0m
[32m[I/pms] pm_thread, recved: 0x8[0m
[32m[I/pms] pm_event, evt_cnt: 277[0m
[00:21:17.625968] --->
[32m[I/voice] voice_msg num: 9[0m
[00:22:07.683133] --->
[32m[I/ui] ui_switch_key suspend[0m
[32m[I/voice] voice_msg num: 0[0m
[32m[I/pms] pm_alarm, alm_cnt: 278[0m
[32m[I/pms] pm_thread, recved: 0x8[0m
[32m[I/pms] pm_event, evt_cnt: 278[0m
[32m[I/pms] pm_task_unlock[0m
[00:23:00.295065] --->
[32m[I/ui] ui_switch_key suspend[0m
[32m[I/voice] voice_msg num: 0[0m
[32m[I/pms] pm_task_lock[0m
[32m[I/pms] pm_alarm, alm_cnt: 279[0m
[32m[I/pms] pm_thread, recved: 0x8[0m
[32m[I/pms] pm_event, evt_cnt: 279[0m
[32m[I/pms] pm_task_unlock[0m
[00:23:55.304501] --->
[32m[I/ui] ui_switch_key suspend[0m
[32m[I/voice] voice_msg num: 0[0m
[32m[I/pms] pm_task_lock[0m
[32m[I/pms] pm_alarm, alm_cnt: 280[0m
[32m[I/pms] pm_thread, recved: 0x8[0m
[32m[I/pms] pm_event, evt_cnt: 280[0m
[32m[I/pms] pm_task_unlock[0m
[00:24:15.273398] --->
[32m[I/voice] voice_msg num: 9[0m
[00:25:05.333748] --->
[32m[I/ui] ui_switch_key suspend[0m
[32m[I/voice] voice_msg num: 0[0m
[32m[I/pms] pm_task_lock[0m
[32m[I/pms] pm_alarm, alm_cnt: 281[0m
[32m[I/pms] pm_thread, recved: 0x8[0m
[32m[I/pms] pm_event, evt_cnt: 281[0m
[32m[I/pms] pm_task_unlock[0m
[00:25:58.544176] --->
[32m[I/ui] ui_switch_key suspend[0m
[32m[I/voice] voice_msg num: 0[0m
[32m[I/pms] pm_task_lock[0m
[32m[I/pms] pm_alarm, alm_cnt: 282[0m
[32m[I/pms] pm_thread, recved: 0x8[0m
[32m[I/pms] pm_event, evt_cnt: 282[0m
[32m[I/pms] pm_task_unlock[0m
[00:26:51.352865] --->
[32m[I/ui] ui_switch_key suspend[0m
[32m[I/voice] voice_msg num: 0[0m
[32m[I/pms] pm_task_lock[0m
[32m[I/pms] pm_alarm, alm_cnt: 283[0m
[32m[I/pms] pm_thread, recved: 0x8[0m
[32m[I/pms] pm_event, evt_cnt: 283[0m
[32m[I/pms] pm_task_unlock[0m
[00:27:41.460037] --->
[32m[I/ui] ui_switch_key suspend[0m
[32m[I/voice] voice_msg num: 0[0m
[00:28:10.714085] --->
[32m[I/pms] pm_task_lock[0m
[32m[I/pms] pm_alarm, alm_cnt: 284[0m
[32m[I/pms] pm_thread, recved: 0x8[0m
[32m[I/pms] pm_event, evt_cnt: 284[0m
[00:28:35.769194] --->
[32m[I/ui] ui_switch_key suspend[0m
[32m[I/voice] voice_msg num: 0[0m
[32m[I/pms] pm_task_unlock[0m
[00:29:02.017872] --->
[32m[I/pms] pm_task_lock[0m
[32m[I/pms] pm_alarm, alm_cnt: 285[0m
[32m[I/pms] pm_thread, recved: 0x8[0m
[32m[I/pms] pm_event, evt_cnt: 285[0m
[32m[I/voice] voice_msg num: 9[0m
[00:29:52.074725] --->
[32m[I/ui] ui_switch_key suspend[0m
[32m[I/voice] voice_msg num: 0[0m
[32m[I/pms] pm_task_unlock[0m
[32m[I/pms] pm_task_lock[0m
[32m[I/pms] pm_alarm, alm_cnt: 286[0m
[32m[I/pms] pm_thread, recved: 0x8[0m
[32m[I/pms] pm_event, evt_cnt: 286[0m
[32m[I/pms] pm_task_unlock[0m
[00:30:45.781953] --->
[32m[I/ui] ui_switch_key suspend[0m
[32m[I/voice] voice_msg num: 0[0m
[32m[I/pms] pm_task_lock[0m
[32m[I/pms] pm_alarm, alm_cnt: 287[0m
[32m[I/pms] pm_thread, recved: 0x8[0m
[32m[I/pms] pm_event, evt_cnt: 287[0m
[32m[I/pms] pm_task_unlock[0m
[00:30:59.548975] --->
[32m[I/voice] voice_msg num: 9[0m
[00:31:49.606504] --->
[32m[I/ui] ui_switch_key suspend[0m
[32m[I/voice] voice_msg num: 0[0m
[32m[I/pms] pm_task_lock[0m
[32m[I/pms] pm_alarm, alm_cnt: 288[0m
[32m[I/pms] pm_thread, recved: 0x8[0m
[32m[I/pms] pm_event, evt_cnt: 288[0m
[32m[I/pms] pm_task_unlock[0m
[00:31:51.373112] --->
[32m[I/voice] voice_msg num: 9[0m
[00:32:41.431024] --->
[32m[I/ui] ui_switch_key suspend[0m
[32m[I/voice] voice_msg num: 0[0m
[32m[I/pms] pm_task_lock[0m
[32m[I/pms] pm_alarm, alm_cnt: 289[0m
[32m[I/pms] pm_thread, recved: 0x8[0m
[32m[I/pms] pm_event, evt_cnt: 289[0m
[00:32:48.984928] --->
[32m[I/voice] voice_msg num: 9[0m
[00:33:39.044114] --->
[32m[I/ui] ui_switch_key suspend[0m
[32m[I/voice] voice_msg num: 0[0m
[32m[I/pms] pm_task_unlock[0m
[00:33:40.745668] --->
[32m[I/pms] pm_task_lock[0m
[32m[I/pms] pm_alarm, alm_cnt: 290[0m
[32m[I/pms] pm_thread, recved: 0x8[0m
[32m[I/pms] pm_event, evt_cnt: 290[0m
[32m[I/voice] voice_msg num: 9[0m
[00:34:30.801631] --->
[32m[I/ui] ui_switch_key suspend[0m
[32m[I/voice] voice_msg num: 0[0m
[32m[I/pms] pm_task_unlock[0m
[00:34:32.474961] --->
[32m[I/voice] voice_msg num: 9[0m
[00:34:57.477017] --->
[32m[I/pms] pm_task_lock[0m
[32m[I/pms] pm_alarm, alm_cnt: 291[0m
[32m[I/pms] pm_thread, recved: 0x8[0m
[32m[I/pms] pm_event, evt_cnt: 291[0m
[00:35:22.528837] --->
[32m[I/ui] ui_switch_key suspend[0m
[32m[I/voice] voice_msg num: 0[0m
[32m[I/pms] pm_task_unlock[0m
[00:35:52.383457] --->
[32m[I/pms] pm_task_lock[0m
[32m[I/pms] pm_alarm, alm_cnt: 292[0m
[32m[I/pms] pm_thread, recved: 0x8[0m
[32m[I/pms] pm_event, evt_cnt: 292[0m
[00:36:17.439026] --->
[32m[I/ui] ui_switch_key suspend[0m
[32m[I/voice] voice_msg num: 0[0m
[32m[I/pms] pm_task_unlock[0m
[00:36:45.493930] --->
[32m[I/pms] pm_task_lock[0m
[32m[I/pms] pm_alarm, alm_cnt: 293[0m
[32m[I/pms] pm_thread, recved: 0x8[0m
[32m[I/pms] pm_event, evt_cnt: 293[0m
[00:37:10.548862] --->
[32m[I/ui] ui_switch_key suspend[0m
[32m[I/voice] voice_msg num: 0[0m
[32m[I/pms] pm_task_unlock[0m
[00:37:40.506124] --->
[32m[I/pms] pm_task_lock[0m
[32m[I/pms] pm_alarm, alm_cnt: 294[0m
[32m[I/pms] pm_thread, recved: 0x8[0m
[32m[I/pms] pm_event, evt_cnt: 294[0m
[00:38:05.558942] --->
[32m[I/ui] ui_switch_key suspend[0m
[32m[I/voice] voice_msg num: 0[0m
[32m[I/pms] pm_task_unlock[0m
[00:38:28.658727] --->
[32m[I/voice] voice_msg num: 9[0m
[00:38:53.661267] --->
[32m[I/pms] pm_task_lock[0m
[32m[I/pms] pm_alarm, alm_cnt: 295[0m
[32m[I/pms] pm_thread, recved: 0x8[0m
[32m[I/pms] pm_event, evt_cnt: 295[0m
[00:39:18.719921] --->
[32m[I/ui] ui_switch_key suspend[0m
[32m[I/voice] voice_msg num: 0[0m
[32m[I/pms] pm_task_unlock[0m
[00:39:44.275685] --->
[32m[I/pms] pm_task_lock[0m
[32m[I/pms] pm_alarm, alm_cnt: 296[0m
[32m[I/pms] pm_thread, recved: 0x8[0m
[32m[I/pms] pm_event, evt_cnt: 296[0m
[00:40:09.330596] --->
[32m[I/ui] ui_switch_key suspend[0m
[32m[I/voice] voice_msg num: 0[0m
[32m[I/pms] pm_task_unlock[0m
[00:40:38.384498] --->
[32m[I/pms] pm_task_lock[0m
[32m[I/pms] pm_alarm, alm_cnt: 297[0m
[32m[I/pms] pm_thread, recved: 0x8[0m
[32m[I/pms] pm_event, evt_cnt: 297[0m
[00:41:03.443530] --->
[32m[I/ui] ui_switch_key suspend[0m
[32m[I/voice] voice_msg num: 0[0m
[32m[I/pms] pm_task_unlock[0m
[00:41:29.346121] --->
[32m[I/voice] voice_msg num: 9[0m
[00:41:54.346705] --->
[32m[I/pms] pm_task_lock[0m
[32m[I/pms] pm_alarm, alm_cnt: 298[0m
[32m[I/pms] pm_thread, recved: 0x8[0m
[32m[I/pms] pm_event, evt_cnt: 298[0m
[00:42:19.402304] --->
[32m[I/ui] ui_switch_key suspend[0m
[32m[I/voice] voice_msg num: 0[0m
[32m[I/pms] pm_task_unlock[0m
[00:42:21.140254] --->
[32m[I/voice] voice_msg num: 9[0m
[00:42:46.142710] --->
[32m[I/pms] pm_task_lock[0m
[32m[I/pms] pm_alarm, alm_cnt: 299[0m
[32m[I/pms] pm_thread, recved: 0x8[0m
[32m[I/pms] pm_event, evt_cnt: 299[0m
[00:43:11.197520] --->
[32m[I/ui] ui_switch_key suspend[0m
[32m[I/voice] voice_msg num: 0[0m
[32m[I/pms] pm_task_unlock[0m
[00:43:13.051860] --->
[32m[I/voice] voice_msg num: 9[0m
[00:43:38.052979] --->
[32m[I/pms] pm_task_lock[0m
[32m[I/pms] pm_alarm, alm_cnt: 300[0m
[32m[I/pms] pm_thread, recved: 0x8[0m
[32m[I/pms] pm_event, evt_cnt: 300[0m
[00:44:03.109159] --->
[32m[I/ui] ui_switch_key suspend[0m
[32m[I/voice] voice_msg num: 0[0m
[32m[I/pms] pm_task_unlock[0m
[00:44:07.208051] --->
[32m[I/voice] voice_msg num: 9[0m
[00:44:57.263089] --->
[32m[I/ui] ui_switch_key suspend[0m
[32m[I/voice] voice_msg num: 0[0m
[32m[I/pms] pm_task_lock[0m
[32m[I/pms] pm_alarm, alm_cnt: 301[0m
[32m[I/pms] pm_thread, recved: 0x8[0m
[32m[I/pms] pm_event, evt_cnt: 301[0m
[32m[I/pms] pm_task_unlock[0m
[00:44:59.033123] --->
[32m[I/voice] voice_msg num: 9[0m
[00:45:49.092065] --->
[32m[I/ui] ui_switch_key suspend[0m
[32m[I/voice] voice_msg num: 0[0m
[32m[I/pms] pm_task_lock[0m
[32m[I/pms] pm_alarm, alm_cnt: 302[0m
[32m[I/pms] pm_thread, recved: 0x8[0m
[32m[I/pms] pm_event, evt_cnt: 302[0m
[32m[I/pms] pm_task_unlock[0m
[00:45:59.856753] --->
[32m[I/voice] voice_msg num: 9[0m
[00:46:49.914897] --->
[32m[I/ui] ui_switch_key suspend[0m
[32m[I/voice] voice_msg num: 0[0m
[32m[I/pms] pm_task_lock[0m
[32m[I/pms] pm_alarm, alm_cnt: 303[0m
[32m[I/pms] pm_thread, recved: 0x8[0m
[32m[I/pms] pm_event, evt_cnt: 303[0m
[32m[I/pms] pm_task_unlock[0m
[00:47:41.322157] --->
[32m[I/ui] ui_switch_key suspend[0m
[32m[I/voice] voice_msg num: 0[0m
[32m[I/pms] pm_task_lock[0m
[32m[I/pms] pm_alarm, alm_cnt: 304[0m
[32m[I/pms] pm_thread, recved: 0x8[0m
[32m[I/pms] pm_event, evt_cnt: 304[0m
[32m[I/pms] pm_task_unlock[0m
[00:48:35.528856] --->
[32m[I/voice] voice_msg num: 9[0m
[32m[I/ui] ui_switch_key suspend[0m
[32m[I/voice] voice_msg num: 0[0m
[32m[I/pms] pm_task_lock[0m
[32m[I/pms] pm_alarm, alm_cnt: 305[0m
[32m[I/pms] pm_thread, recved: 0x8[0m
[32m[I/pms] pm_event, evt_cnt: 305[0m
[00:49:27.339842] --->
[32m[I/ui] ui_switch_key suspend[0m
[32m[I/voice] voice_msg num: 0[0m
[32m[I/pms] pm_task_unlock[0m
[00:49:54.295862] --->
[32m[I/pms] pm_task_lock[0m
[32m[I/pms] pm_alarm, alm_cnt: 306[0m
[32m[I/pms] pm_thread, recved: 0x8[0m
[32m[I/pms] pm_event, evt_cnt: 306[0m
[00:50:19.350615] --->
[32m[I/ui] ui_switch_key suspend[0m
[32m[I/voice] voice_msg num: 0[0m
[32m[I/pms] pm_task_unlock[0m
[00:50:46.504259] --->
[32m[I/pms] pm_task_lock[0m
[32m[I/pms] pm_alarm, alm_cnt: 307[0m
[32m[I/pms] pm_thread, recved: 0x8[0m
[32m[I/pms] pm_event, evt_cnt: 307[0m
[00:51:11.557359] --->
[32m[I/ui] ui_switch_key suspend[0m
[32m[I/voice] voice_msg num: 0[0m
[32m[I/pms] pm_task_unlock[0m
[00:51:37.610174] --->
[32m[I/pms] pm_task_lock[0m
[32m[I/pms] pm_alarm, alm_cnt: 308[0m
[32m[I/pms] pm_thread, recved: 0x8[0m
[32m[I/pms] pm_event, evt_cnt: 308[0m
[00:52:02.663755] --->
[32m[I/ui] ui_switch_key suspend[0m
[32m[I/voice] voice_msg num: 0[0m
[32m[I/pms] pm_task_unlock[0m
[00:52:54.271161] --->
[32m[I/ui] ui_switch_key suspend[0m
[32m[I/voice] voice_msg num: 0[0m
[32m[I/pms] pm_task_lock[0m
[32m[I/pms] pm_alarm, alm_cnt: 309[0m
[32m[I/pms] pm_thread, recved: 0x8[0m
[32m[I/pms] pm_event, evt_cnt: 309[0m
[32m[I/pms] pm_task_unlock[0m
[00:53:47.682006] --->
[32m[I/ui] ui_switch_key suspend[0m
[32m[I/voice] voice_msg num: 0[0m
[32m[I/pms] pm_task_lock[0m
[32m[I/pms] pm_alarm, alm_cnt: 310[0m
[32m[I/pms] pm_thread, recved: 0x8[0m
[32m[I/pms] pm_event, evt_cnt: 310[0m
[32m[I/pms] pm_task_unlock[0m
[00:54:41.894791] --->
[32m[I/ui] ui_switch_key suspend[0m
[32m[I/voice] voice_msg num: 0[0m
[32m[I/pms] pm_task_lock[0m
[32m[I/pms] pm_alarm, alm_cnt: 311[0m
[32m[I/pms] pm_thread, recved: 0x8[0m
[32m[I/pms] pm_event, evt_cnt: 311[0m
[32m[I/pms] pm_task_unlock[0m
[00:55:05.064250] --->
[32m[I/voice] voice_msg num: 9[0m
[00:55:30.065905] --->
[32m[I/pms] pm_task_lock[0m
[32m[I/pms] pm_alarm, alm_cnt: 312[0m
[32m[I/pms] pm_thread, recved: 0x8[0m
[32m[I/pms] pm_event, evt_cnt: 312[0m
[00:55:55.119956] --->
[32m[I/ui] ui_switch_key suspend[0m
[32m[I/voice] voice_msg num: 0[0m
[32m[I/pms] pm_task_unlock[0m
[00:56:49.729894] --->
[32m[I/ui] ui_switch_key suspend[0m
[32m[I/voice] voice_msg num: 0[0m
[32m[I/pms] pm_task_lock[0m
[32m[I/pms] pm_alarm, alm_cnt: 313[0m
[32m[I/pms] pm_thread, recved: 0x8[0m
[32m[I/pms] pm_event, evt_cnt: 313[0m
[32m[I/pms] pm_task_unlock[0m
[00:57:40.736667] --->
[32m[I/ui] ui_switch_key suspend[0m
[32m[I/voice] voice_msg num: 0[0m
[32m[I/pms] pm_task_lock[0m
[32m[I/pms] pm_alarm, alm_cnt: 314[0m
[32m[I/pms] pm_thread, recved: 0x8[0m
[32m[I/pms] pm_event, evt_cnt: 314[0m
[32m[I/pms] pm_task_unlock[0m
[00:58:32.344942] --->
[32m[I/ui] ui_switch_key suspend[0m
[32m[I/voice] voice_msg num: 0[0m
[32m[I/pms] pm_task_lock[0m
[32m[I/pms] pm_alarm, alm_cnt: 315[0m
[32m[I/pms] pm_thread, recved: 0x8[0m
[32m[I/pms] pm_event, evt_cnt: 315[0m
[32m[I/pms] pm_task_unlock[0m
[00:59:25.054810] --->
[32m[I/ui] ui_switch_key suspend[0m
[32m[I/voice] voice_msg num: 0[0m
[00:59:50.509754] --->
[32m[I/pms] pm_task_lock[0m
[32m[I/pms] pm_alarm, alm_cnt: 316[0m
[32m[I/pms] pm_thread, recved: 0x8[0m
[32m[I/pms] pm_event, evt_cnt: 316[0m
[01:00:15.562079] --->
[32m[I/ui] ui_switch_key suspend[0m
[32m[I/voice] voice_msg num: 0[0m
[32m[I/pms] pm_task_unlock[0m
[01:00:40.616369] --->
[32m[I/pms] pm_task_lock[0m
[32m[I/pms] pm_alarm, alm_cnt: 317[0m
[32m[I/pms] pm_thread, recved: 0x8[0m
[32m[I/pms] pm_event, evt_cnt: 317[0m
[01:01:05.671692] --->
[32m[I/ui] ui_switch_key suspend[0m
[32m[I/voice] voice_msg num: 0[0m
[32m[I/pms] pm_task_unlock[0m
[01:01:31.926567] --->
[32m[I/pms] pm_task_lock[0m
[32m[I/pms] pm_alarm, alm_cnt: 318[0m
[32m[I/pms] pm_thread, recved: 0x8[0m
[32m[I/pms] pm_event, evt_cnt: 318[0m
[01:01:56.980393] --->
[32m[I/ui] ui_switch_key suspend[0m
[32m[I/voice] voice_msg num: 0[0m
[32m[I/pms] pm_task_unlock[0m
[01:02:49.188254] --->
[32m[I/ui] ui_switch_key suspend[0m
[32m[I/voice] voice_msg num: 0[0m
[32m[I/pms] pm_task_lock[0m
[32m[I/pms] pm_alarm, alm_cnt: 319[0m
[32m[I/pms] pm_thread, recved: 0x8[0m
[32m[I/pms] pm_event, evt_cnt: 319[0m
[32m[I/pms] pm_task_unlock[0m
[01:03:41.497325] --->
[32m[I/ui] ui_switch_key suspend[0m
[32m[I/voice] voice_msg num: 0[0m
[32m[I/pms] pm_task_lock[0m
[32m[I/pms] pm_alarm, alm_cnt: 320[0m
[32m[I/pms] pm_thread, recved: 0x8[0m
[32m[I/pms] pm_event, evt_cnt: 320[0m
[32m[I/pms] pm_task_unlock[0m
[01:04:01.463907] --->
[32m[I/voice] voice_msg num: 9[0m
[01:04:26.465935] --->
[32m[I/pms] pm_task_lock[0m
[32m[I/pms] pm_alarm, alm_cnt: 321[0m
[32m[I/pms] pm_thread, recved: 0x8[0m
[32m[I/pms] pm_event, evt_cnt: 321[0m
[01:04:51.520689] --->
[32m[I/ui] ui_switch_key suspend[0m
[32m[I/voice] voice_msg num: 0[0m
[32m[I/pms] pm_task_unlock[0m
[01:05:01.819194] --->
[32m[I/voice] voice_msg num: 9[0m
[01:05:26.824329] --->
[32m[I/pms] pm_task_lock[0m
[32m[I/pms] pm_alarm, alm_cnt: 322[0m
[32m[I/pms] pm_thread, recved: 0x8[0m
[32m[I/pms] pm_event, evt_cnt: 322[0m
[01:05:51.877538] --->
[32m[I/ui] ui_switch_key suspend[0m
[32m[I/voice] voice_msg num: 0[0m
[32m[I/pms] pm_task_unlock[0m
[01:06:46.188080] --->
[32m[I/ui] ui_switch_key suspend[0m
[32m[I/voice] voice_msg num: 0[0m
[32m[I/pms] pm_task_lock[0m
[32m[I/pms] pm_alarm, alm_cnt: 323[0m
[32m[I/pms] pm_thread, recved: 0x8[0m
[32m[I/pms] pm_event, evt_cnt: 323[0m
[32m[I/pms] pm_task_unlock[0m
[01:07:37.396433] --->
[32m[I/ui] ui_switch_key suspend[0m
[32m[I/voice] voice_msg num: 0[0m
[32m[I/pms] pm_task_lock[0m
[32m[I/pms] pm_alarm, alm_cnt: 324[0m
[32m[I/pms] pm_thread, recved: 0x8[0m
[32m[I/pms] pm_event, evt_cnt: 324[0m
[32m[I/pms] pm_task_unlock[0m
[01:08:29.904297] --->
[32m[I/ui] ui_switch_key suspend[0m
[32m[I/voice] voice_msg num: 0[0m
[32m[I/pms] pm_task_lock[0m
[32m[I/pms] pm_alarm, alm_cnt: 325[0m
[32m[I/pms] pm_thread, recved: 0x8[0m
[32m[I/pms] pm_event, evt_cnt: 325[0m
[32m[I/pms] pm_task_unlock[0m
[01:09:22.209424] --->
[32m[I/ui] ui_switch_key suspend[0m
[32m[I/voice] voice_msg num: 0[0m
[01:09:48.963236] --->
[32m[I/pms] pm_task_lock[0m
[32m[I/pms] pm_alarm, alm_cnt: 326[0m
[32m[I/pms] pm_thread, recved: 0x8[0m
[32m[I/pms] pm_event, evt_cnt: 326[0m
[01:10:14.019741] --->
[32m[I/ui] ui_switch_key suspend[0m
[32m[I/voice] voice_msg num: 0[0m
[32m[I/pms] pm_task_unlock[0m
[01:10:39.174456] --->
[32m[I/pms] pm_task_lock[0m
[32m[I/pms] pm_alarm, alm_cnt: 327[0m
[32m[I/pms] pm_thread, recved: 0x8[0m
[32m[I/pms] pm_event, evt_cnt: 327[0m
[01:11:04.228280] --->
[32m[I/ui] ui_switch_key suspend[0m
[32m[I/voice] voice_msg num: 0[0m
[32m[I/pms] pm_task_unlock[0m
[01:11:31.384555] --->
[32m[I/pms] pm_task_lock[0m
[32m[I/pms] pm_alarm, alm_cnt: 328[0m
[32m[I/pms] pm_thread, recved: 0x8[0m
[32m[I/pms] pm_event, evt_cnt: 328[0m
[01:11:56.437283] --->
[32m[I/ui] ui_switch_key suspend[0m
[32m[I/voice] voice_msg num: 0[0m
[32m[I/pms] pm_task_unlock[0m
[01:12:24.794153] --->
[32m[I/pms] pm_task_lock[0m
[32m[I/pms] pm_alarm, alm_cnt: 329[0m
[32m[I/pms] pm_thread, recved: 0x8[0m
[32m[I/pms] pm_event, evt_cnt: 329[0m
[01:12:49.852526] --->
[32m[I/ui] ui_switch_key suspend[0m
[32m[I/voice] voice_msg num: 0[0m
[32m[I/pms] pm_task_unlock[0m
[01:13:40.757667] --->
[32m[I/ui] ui_switch_key suspend[0m
[32m[I/voice] voice_msg num: 0[0m
[32m[I/pms] pm_task_lock[0m
[32m[I/pms] pm_alarm, alm_cnt: 330[0m
[32m[I/pms] pm_thread, recved: 0x8[0m
[32m[I/pms] pm_event, evt_cnt: 330[0m
[32m[I/pms] pm_task_unlock[0m
[01:14:32.366142] --->
[32m[I/ui] ui_switch_key suspend[0m
[32m[I/voice] voice_msg num: 0[0m
[32m[I/pms] pm_task_lock[0m
[32m[I/pms] pm_alarm, alm_cnt: 331[0m
[32m[I/pms] pm_thread, recved: 0x8[0m
[32m[I/pms] pm_event, evt_cnt: 331[0m
[32m[I/pms] pm_task_unlock[0m
[01:15:25.274610] --->
[32m[I/ui] ui_switch_key suspend[0m
[32m[I/voice] voice_msg num: 0[0m
[32m[I/pms] pm_task_lock[0m
[32m[I/pms] pm_alarm, alm_cnt: 332[0m
[32m[I/pms] pm_thread, recved: 0x8[0m
[32m[I/pms] pm_event, evt_cnt: 332[0m
[32m[I/pms] pm_task_unlock[0m
[01:16:18.483112] --->
[32m[I/ui] ui_switch_key suspend[0m
[32m[I/voice] voice_msg num: 0[0m
[01:16:46.538120] --->
[32m[I/pms] pm_task_lock[0m
[32m[I/pms] pm_alarm, alm_cnt: 333[0m
[32m[I/pms] pm_thread, recved: 0x8[0m
[32m[I/pms] pm_event, evt_cnt: 333[0m
[01:17:11.591476] --->
[32m[I/ui] ui_switch_key suspend[0m
[32m[I/voice] voice_msg num: 0[0m
[32m[I/pms] pm_task_unlock[0m
[01:17:40.148025] --->
[32m[I/pms] pm_task_lock[0m
[32m[I/pms] pm_alarm, alm_cnt: 334[0m
[32m[I/pms] pm_thread, recved: 0x8[0m
[32m[I/pms] pm_event, evt_cnt: 334[0m
[01:18:05.203759] --->
[32m[I/ui] ui_switch_key suspend[0m
[32m[I/voice] voice_msg num: 0[0m
[32m[I/pms] pm_task_unlock[0m
[01:18:31.758390] --->
[32m[I/pms] pm_task_lock[0m
[32m[I/pms] pm_alarm, alm_cnt: 335[0m
[32m[I/pms] pm_thread, recved: 0x8[0m
[32m[I/pms] pm_event, evt_cnt: 335[0m
[01:18:56.811274] --->
[32m[I/ui] ui_switch_key suspend[0m
[32m[I/voice] voice_msg num: 0[0m
[32m[I/pms] pm_task_unlock[0m
[01:19:13.712833] --->
[32m[I/voice] voice_msg num: 9[0m
[01:19:38.714675] --->
[32m[I/pms] pm_task_lock[0m
[32m[I/pms] pm_alarm, alm_cnt: 336[0m
[32m[I/pms] pm_thread, recved: 0x8[0m
[32m[I/pms] pm_event, evt_cnt: 336[0m
[01:20:03.769990] --->
[32m[I/ui] ui_switch_key suspend[0m
[32m[I/voice] voice_msg num: 0[0m
[32m[I/pms] pm_task_unlock[0m
[01:20:08.561316] --->
[32m[I/voice] voice_msg num: 9[0m
[01:20:33.564321] --->
[32m[I/pms] pm_task_lock[0m
[32m[I/pms] pm_alarm, alm_cnt: 337[0m
[32m[I/pms] pm_thread, recved: 0x8[0m
[32m[I/pms] pm_event, evt_cnt: 337[0m
[01:20:58.615905] --->
[32m[I/ui] ui_switch_key suspend[0m
[32m[I/voice] voice_msg num: 0[0m
[32m[I/pms] pm_task_unlock[0m
[01:21:27.771380] --->
[32m[I/pms] pm_task_lock[0m
[32m[I/pms] pm_alarm, alm_cnt: 338[0m
[32m[I/pms] pm_thread, recved: 0x8[0m
[32m[I/pms] pm_event, evt_cnt: 338[0m
[01:21:52.824271] --->
[32m[I/ui] ui_switch_key suspend[0m
[32m[I/voice] voice_msg num: 0[0m
[32m[I/pms] pm_task_unlock[0m
[01:22:18.981554] --->
[32m[I/pms] pm_task_lock[0m
[32m[I/pms] pm_alarm, alm_cnt: 339[0m
[32m[I/pms] pm_thread, recved: 0x8[0m
[32m[I/pms] pm_event, evt_cnt: 339[0m
[01:22:44.034237] --->
[32m[I/ui] ui_switch_key suspend[0m
[32m[I/voice] voice_msg num: 0[0m
[32m[I/pms] pm_task_unlock[0m
[01:23:34.845135] --->
[32m[I/ui] ui_switch_key suspend[0m
[32m[I/voice] voice_msg num: 0[0m
[32m[I/pms] pm_task_lock[0m
[32m[I/pms] pm_alarm, alm_cnt: 340[0m
[32m[I/pms] pm_thread, recved: 0x8[0m
[32m[I/pms] pm_event, evt_cnt: 340[0m
[32m[I/pms] pm_task_unlock[0m
[01:24:28.254499] --->
[32m[I/ui] ui_switch_key suspend[0m
[32m[I/voice] voice_msg num: 0[0m
[32m[I/pms] pm_task_lock[0m
[32m[I/pms] pm_alarm, alm_cnt: 341[0m
[32m[I/pms] pm_thread, recved: 0x8[0m
[32m[I/pms] pm_event, evt_cnt: 341[0m
[32m[I/pms] pm_task_unlock[0m
[01:25:21.163042] --->
[32m[I/ui] ui_switch_key suspend[0m
[32m[I/voice] voice_msg num: 0[0m
[32m[I/pms] pm_task_lock[0m
[32m[I/pms] pm_alarm, alm_cnt: 342[0m
[32m[I/pms] pm_thread, recved: 0x8[0m
[32m[I/pms] pm_event, evt_cnt: 342[0m
[32m[I/pms] pm_task_unlock[0m
[01:26:14.973659] --->
[32m[I/ui] ui_switch_key suspend[0m
[32m[I/voice] voice_msg num: 0[0m
[32m[I/pms] pm_task_lock[0m
[32m[I/pms] pm_alarm, alm_cnt: 343[0m
[32m[I/pms] pm_thread, recved: 0x8[0m
[32m[I/pms] pm_event, evt_cnt: 343[0m
[01:27:08.977584] --->
[32m[I/ui] ui_switch_key suspend[0m
[32m[I/voice] voice_msg num: 0[0m
[32m[I/pms] pm_task_unlock[0m
[01:27:38.731847] --->
[32m[I/pms] pm_task_lock[0m
[32m[I/pms] pm_alarm, alm_cnt: 344[0m
[32m[I/pms] pm_thread, recved: 0x8[0m
[32m[I/pms] pm_event, evt_cnt: 344[0m
[01:28:03.788045] --->
[32m[I/ui] ui_switch_key suspend[0m
[32m[I/voice] voice_msg num: 0[0m
[32m[I/pms] pm_task_unlock[0m
[01:28:26.960872] --->
[32m[I/pms] pm_task_lock[0m
[32m[I/pms] pm_alarm, alm_cnt: 345[0m
[32m[I/pms] pm_thread, recved: 0x8[0m
[32m[I/pms] pm_event, evt_cnt: 345[0m
[32m[I/voice] voice_msg num: 9[0m
[01:29:17.017619] --->
[32m[I/ui] ui_switch_key suspend[0m
[32m[I/voice] voice_msg num: 0[0m
[32m[I/pms] pm_task_unlock[0m
[32m[I/pms] pm_task_lock[0m
[32m[I/pms] pm_alarm, alm_cnt: 346[0m
[32m[I/pms] pm_thread, recved: 0x8[0m
[32m[I/pms] pm_event, evt_cnt: 346[0m
[32m[I/pms] pm_task_unlock[0m
[01:30:11.623602] --->
[32m[I/ui] ui_switch_key suspend[0m
[32m[I/voice] voice_msg num: 0[0m
[01:30:40.278342] --->
[32m[I/pms] pm_task_lock[0m
[32m[I/pms] pm_alarm, alm_cnt: 347[0m
[32m[I/pms] pm_thread, recved: 0x8[0m
[32m[I/pms] pm_event, evt_cnt: 347[0m
[01:31:05.331269] --->
[32m[I/ui] ui_switch_key suspend[0m
[32m[I/voice] voice_msg num: 0[0m
[32m[I/pms] pm_task_unlock[0m
[01:31:19.033564] --->
[32m[I/pms] pm_task_lock[0m
[32m[I/pms] pm_alarm, alm_cnt: 348[0m
[32m[I/pms] pm_thread, recved: 0x8[0m
[32m[I/pms] pm_event, evt_cnt: 348[0m
[32m[I/voice] voice_msg num: 9[0m
[01:32:09.089273] --->
[32m[I/ui] ui_switch_key suspend[0m
[32m[I/voice] voice_msg num: 0[0m
[32m[I/pms] pm_task_unlock[0m
[01:32:16.228505] --->
[32m[I/pms] pm_task_lock[0m
[32m[I/pms] pm_alarm, alm_cnt: 349[0m
[32m[I/pms] pm_thread, recved: 0x8[0m
[32m[I/pms] pm_event, evt_cnt: 349[0m
[32m[I/voice] voice_msg num: 9[0m
[01:33:06.284177] --->
[32m[I/ui] ui_switch_key suspend[0m
[32m[I/voice] voice_msg num: 0[0m
[32m[I/pms] pm_task_unlock[0m
[01:33:25.984476] --->
[32m[I/pms] pm_task_lock[0m
[32m[I/pms] pm_alarm, alm_cnt: 350[0m
[32m[I/pms] pm_thread, recved: 0x8[0m
[32m[I/pms] pm_event, evt_cnt: 350[0m
[32m[I/voice] voice_msg num: 9[0m
[01:34:16.038473] --->
[32m[I/ui] ui_switch_key suspend[0m
[32m[I/voice] voice_msg num: 0[0m
[32m[I/pms] pm_task_unlock[0m
[32m[I/pms] pm_task_lock[0m
[32m[I/pms] pm_alarm, alm_cnt: 351[0m
[32m[I/pms] pm_thread, recved: 0x8[0m
[32m[I/pms] pm_event, evt_cnt: 351[0m
[32m[I/pms] pm_task_unlock[0m
[01:34:23.605647] --->
[32m[I/voice] voice_msg num: 9[0m
[01:35:13.664542] --->
[32m[I/ui] ui_switch_key suspend[0m
[32m[I/voice] voice_msg num: 0[0m
[32m[I/pms] pm_task_lock[0m
[32m[I/pms] pm_alarm, alm_cnt: 352[0m
[32m[I/pms] pm_thread, recved: 0x8[0m
[32m[I/pms] pm_event, evt_cnt: 352[0m
[32m[I/pms] pm_task_unlock[0m
[01:36:06.971246] --->
[32m[I/ui] ui_switch_key suspend[0m
[32m[I/voice] voice_msg num: 0[0m
[01:36:34.727909] --->
[32m[I/pms] pm_task_lock[0m
[32m[I/pms] pm_alarm, alm_cnt: 353[0m
[32m[I/pms] pm_thread, recved: 0x8[0m
[32m[I/pms] pm_event, evt_cnt: 353[0m
[01:36:59.783186] --->
[32m[I/ui] ui_switch_key suspend[0m
[32m[I/voice] voice_msg num: 0[0m
[32m[I/pms] pm_task_unlock[0m
[01:37:25.740113] --->
[32m[I/pms] pm_task_lock[0m
[32m[I/pms] pm_alarm, alm_cnt: 354[0m
[32m[I/pms] pm_thread, recved: 0x8[0m
[32m[I/pms] pm_event, evt_cnt: 354[0m
[01:37:50.795103] --->
[32m[I/ui] ui_switch_key suspend[0m
[32m[I/voice] voice_msg num: 0[0m
[32m[I/pms] pm_task_unlock[0m
[01:38:18.651950] --->
[32m[I/pms] pm_task_lock[0m
[32m[I/pms] pm_alarm, alm_cnt: 355[0m
[32m[I/pms] pm_thread, recved: 0x8[0m
[32m[I/pms] pm_event, evt_cnt: 355[0m
[01:38:43.705268] --->
[32m[I/ui] ui_switch_key suspend[0m
[32m[I/voice] voice_msg num: 0[0m
[32m[I/pms] pm_task_unlock[0m
[01:39:10.762213] --->
[32m[I/pms] pm_task_lock[0m
[32m[I/pms] pm_alarm, alm_cnt: 356[0m
[32m[I/pms] pm_thread, recved: 0x8[0m
[32m[I/pms] pm_event, evt_cnt: 356[0m
[01:39:35.818699] --->
[32m[I/ui] ui_switch_key suspend[0m
[32m[I/voice] voice_msg num: 0[0m
[32m[I/pms] pm_task_unlock[0m
[01:40:30.426849] --->
[32m[I/ui] ui_switch_key suspend[0m
[32m[I/voice] voice_msg num: 0[0m
[32m[I/pms] pm_task_lock[0m
[32m[I/pms] pm_alarm, alm_cnt: 357[0m
[32m[I/pms] pm_thread, recved: 0x8[0m
[32m[I/pms] pm_event, evt_cnt: 357[0m
[32m[I/pms] pm_task_unlock[0m
[01:41:24.536527] --->
[32m[I/ui] ui_switch_key suspend[0m
[32m[I/voice] voice_msg num: 0[0m
[32m[I/pms] pm_task_lock[0m
[32m[I/pms] pm_alarm, alm_cnt: 358[0m
[32m[I/pms] pm_thread, recved: 0x8[0m
[32m[I/pms] pm_event, evt_cnt: 358[0m
[32m[I/pms] pm_task_unlock[0m
[01:42:15.744537] --->
[32m[I/ui] ui_switch_key suspend[0m
[32m[I/voice] voice_msg num: 0[0m
[32m[I/pms] pm_task_lock[0m
[32m[I/pms] pm_alarm, alm_cnt: 359[0m
[32m[I/pms] pm_thread, recved: 0x8[0m
[32m[I/pms] pm_event, evt_cnt: 359[0m
[32m[I/pms] pm_task_unlock[0m
[01:43:10.755949] --->
[32m[I/ui] ui_switch_key suspend[0m
[32m[I/voice] voice_msg num: 0[0m
[32m[I/pms] pm_task_lock[0m
[32m[I/pms] pm_alarm, alm_cnt: 360[0m
[32m[I/pms] pm_thread, recved: 0x8[0m
[32m[I/pms] pm_event, evt_cnt: 360[0m
[32m[I/pms] pm_task_unlock[0m
[01:44:05.761928] --->
[32m[I/ui] ui_switch_key suspend[0m
[32m[I/voice] voice_msg num: 0[0m
[32m[I/pms] pm_task_lock[0m
[32m[I/pms] pm_alarm, alm_cnt: 361[0m
[32m[I/pms] pm_thread, recved: 0x8[0m
[32m[I/pms] pm_event, evt_cnt: 361[0m
[01:44:58.571075] --->
[32m[I/ui] ui_switch_key suspend[0m
[32m[I/voice] voice_msg num: 0[0m
[32m[I/pms] pm_task_unlock[0m
[01:45:26.127285] --->
[32m[I/pms] pm_task_lock[0m
[32m[I/pms] pm_alarm, alm_cnt: 362[0m
[32m[I/pms] pm_thread, recved: 0x8[0m
[32m[I/pms] pm_event, evt_cnt: 362[0m
[01:45:51.179637] --->
[32m[I/ui] ui_switch_key suspend[0m
[32m[I/voice] voice_msg num: 0[0m
[32m[I/pms] pm_task_unlock[0m
[01:46:17.636257] --->
[32m[I/pms] pm_task_lock[0m
[32m[I/pms] pm_alarm, alm_cnt: 363[0m
[32m[I/pms] pm_thread, recved: 0x8[0m
[32m[I/pms] pm_event, evt_cnt: 363[0m
[01:46:42.692139] --->
[32m[I/ui] ui_switch_key suspend[0m
[32m[I/voice] voice_msg num: 0[0m
[32m[I/pms] pm_task_unlock[0m
[01:47:11.647880] --->
[32m[I/pms] pm_task_lock[0m
[32m[I/pms] pm_alarm, alm_cnt: 364[0m
[32m[I/pms] pm_thread, recved: 0x8[0m
[32m[I/pms] pm_event, evt_cnt: 364[0m
[01:47:36.701070] --->
[32m[I/ui] ui_switch_key suspend[0m
[32m[I/voice] voice_msg num: 0[0m
[32m[I/pms] pm_task_unlock[0m
[01:48:03.855197] --->
[32m[I/pms] pm_task_lock[0m
[32m[I/pms] pm_alarm, alm_cnt: 365[0m
[32m[I/pms] pm_thread, recved: 0x8[0m
[32m[I/pms] pm_event, evt_cnt: 365[0m
[01:48:28.911572] --->
[32m[I/ui] ui_switch_key suspend[0m
[32m[I/voice] voice_msg num: 0[0m
[32m[I/pms] pm_task_unlock[0m
[01:48:55.011929] --->
[32m[I/voice] voice_msg num: 9[0m
[01:49:20.012198] --->
[32m[I/pms] pm_task_lock[0m
[32m[I/pms] pm_alarm, alm_cnt: 366[0m
[32m[I/pms] pm_thread, recved: 0x8[0m
[32m[I/pms] pm_event, evt_cnt: 366[0m
[01:49:45.066566] --->
[32m[I/ui] ui_switch_key suspend[0m
[32m[I/voice] voice_msg num: 0[0m
[32m[I/pms] pm_task_unlock[0m
[01:50:13.419681] --->
[32m[I/pms] pm_task_lock[0m
[32m[I/pms] pm_alarm, alm_cnt: 367[0m
[32m[I/pms] pm_thread, recved: 0x8[0m
[32m[I/pms] pm_event, evt_cnt: 367[0m
[01:50:38.473596] --->
[32m[I/ui] ui_switch_key suspend[0m
[32m[I/voice] voice_msg num: 0[0m
[32m[I/pms] pm_task_unlock[0m
[01:50:52.173176] --->
[32m[I/voice] voice_msg num: 9[0m
[01:51:17.176037] --->
[32m[I/pms] pm_task_lock[0m
[32m[I/pms] pm_alarm, alm_cnt: 368[0m
[32m[I/pms] pm_thread, recved: 0x8[0m
[32m[I/pms] pm_event, evt_cnt: 368[0m
[01:51:42.230143] --->
[32m[I/ui] ui_switch_key suspend[0m
[32m[I/voice] voice_msg num: 0[0m
[32m[I/pms] pm_task_unlock[0m
[01:52:10.986649] --->
[32m[I/pms] pm_task_lock[0m
[32m[I/pms] pm_alarm, alm_cnt: 369[0m
[32m[I/pms] pm_thread, recved: 0x8[0m
[32m[I/pms] pm_event, evt_cnt: 369[0m
[01:52:36.043415] --->
[32m[I/ui] ui_switch_key suspend[0m
[32m[I/voice] voice_msg num: 0[0m
[32m[I/pms] pm_task_unlock[0m
[01:53:04.496597] --->
[32m[I/pms] pm_task_lock[0m
[32m[I/pms] pm_alarm, alm_cnt: 370[0m
[32m[I/pms] pm_thread, recved: 0x8[0m
[32m[I/pms] pm_event, evt_cnt: 370[0m
[01:53:29.551989] --->
[32m[I/ui] ui_switch_key suspend[0m
[32m[I/voice] voice_msg num: 0[0m
[32m[I/pms] pm_task_unlock[0m
[01:53:52.654495] --->
[32m[I/voice] voice_msg num: 9[0m
[01:54:17.659084] --->
[32m[I/pms] pm_task_lock[0m
[32m[I/pms] pm_alarm, alm_cnt: 371[0m
[32m[I/pms] pm_thread, recved: 0x8[0m
[32m[I/pms] pm_event, evt_cnt: 371[0m
[01:54:42.715374] --->
[32m[I/ui] ui_switch_key suspend[0m
[32m[I/voice] voice_msg num: 0[0m
[32m[I/pms] pm_task_unlock[0m
[01:55:10.270385] --->
[32m[I/pms] pm_task_lock[0m
[32m[I/pms] pm_alarm, alm_cnt: 372[0m
[32m[I/pms] pm_thread, recved: 0x8[0m
[32m[I/pms] pm_event, evt_cnt: 372[0m
[01:55:35.325049] --->
[32m[I/ui] ui_switch_key suspend[0m
[32m[I/voice] voice_msg num: 0[0m
[32m[I/pms] pm_task_unlock[0m
[01:56:04.679342] --->
[32m[I/pms] pm_task_lock[0m
[32m[I/pms] pm_alarm, alm_cnt: 373[0m
[32m[I/pms] pm_thread, recved: 0x8[0m
[32m[I/pms] pm_event, evt_cnt: 373[0m
[01:56:29.734568] --->
[32m[I/ui] ui_switch_key suspend[0m
[32m[I/voice] voice_msg num: 0[0m
[32m[I/pms] pm_task_unlock[0m
[01:57:22.344725] --->
[32m[I/pms] pm_task_lock[0m
[32m[I/pms] pm_alarm, alm_cnt: 374[0m
[32m[I/pms] pm_thread, recved: 0x8[0m
[32m[I/pms] pm_event, evt_cnt: 374[0m
[32m[I/ui] ui_switch_key suspend[0m
[32m[I/voice] voice_msg num: 0[0m
[32m[I/pms] pm_task_unlock[0m
[01:57:51.684818] --->
[32m[I/voice] voice_msg num: 9[0m
[01:58:16.687275] --->
[32m[I/pms] pm_task_lock[0m
[32m[I/pms] pm_alarm, alm_cnt: 375[0m
[32m[I/pms] pm_thread, recved: 0x8[0m
[32m[I/pms] pm_event, evt_cnt: 375[0m
[01:58:41.742166] --->
[32m[I/ui] ui_switch_key suspend[0m
[32m[I/voice] voice_msg num: 0[0m
[32m[I/pms] pm_task_unlock[0m
[01:59:10.995361] --->
[32m[I/pms] pm_task_lock[0m
[32m[I/pms] pm_alarm, alm_cnt: 376[0m
[32m[I/pms] pm_thread, recved: 0x8[0m
[32m[I/pms] pm_event, evt_cnt: 376[0m
[01:59:36.047864] --->
[32m[I/ui] ui_switch_key suspend[0m
[32m[I/voice] voice_msg num: 0[0m
[32m[I/pms] pm_task_unlock[0m
[01:59:55.986255] --->
[32m[I/pms] pm_task_lock[0m
[32m[I/pms] pm_alarm, alm_cnt: 377[0m
[32m[I/pms] pm_thread, recved: 0x8[0m
[32m[I/pms] pm_event, evt_cnt: 377[0m
[32m[I/voice] voice_msg num: 9[0m
[02:00:46.040016] --->
[32m[I/ui] ui_switch_key suspend[0m
[32m[I/voice] voice_msg num: 0[0m
[32m[I/pms] pm_task_unlock[0m
[02:00:47.778149] --->
[32m[I/voice] voice_msg num: 9[0m
[02:01:12.784295] --->
[32m[I/pms] pm_task_lock[0m
[32m[I/pms] pm_alarm, alm_cnt: 378[0m
[32m[I/pms] pm_thread, recved: 0x8[0m
[32m[I/pms] pm_event, evt_cnt: 378[0m
[02:01:37.839547] --->
[32m[I/ui] ui_switch_key suspend[0m
[32m[I/voice] voice_msg num: 0[0m
[32m[I/pms] pm_task_unlock[0m
[02:02:06.794010] --->
[32m[I/pms] pm_task_lock[0m
[32m[I/pms] pm_alarm, alm_cnt: 379[0m
[32m[I/pms] pm_thread, recved: 0x8[0m
[32m[I/pms] pm_event, evt_cnt: 379[0m
[02:02:31.847114] --->
[32m[I/ui] ui_switch_key suspend[0m
[32m[I/voice] voice_msg num: 0[0m
[32m[I/pms] pm_task_unlock[0m
[02:02:48.349586] --->
[32m[I/voice] voice_msg num: 9[0m
[02:03:13.352251] --->
[32m[I/pms] pm_task_lock[0m
[32m[I/pms] pm_alarm, alm_cnt: 380[0m
[32m[I/pms] pm_thread, recved: 0x8[0m
[32m[I/pms] pm_event, evt_cnt: 380[0m
[02:03:38.406054] --->
[32m[I/ui] ui_switch_key suspend[0m
[32m[I/voice] voice_msg num: 0[0m
[32m[I/pms] pm_task_unlock[0m
[02:04:06.761429] --->
[32m[I/pms] pm_task_lock[0m
[32m[I/pms] pm_alarm, alm_cnt: 381[0m
[32m[I/pms] pm_thread, recved: 0x8[0m
[32m[I/pms] pm_event, evt_cnt: 381[0m
[02:04:31.815185] --->
[32m[I/ui] ui_switch_key suspend[0m
[32m[I/voice] voice_msg num: 0[0m
[32m[I/pms] pm_task_unlock[0m
[02:05:00.368093] --->
[32m[I/pms] pm_task_lock[0m
[32m[I/pms] pm_alarm, alm_cnt: 382[0m
[32m[I/pms] pm_thread, recved: 0x8[0m
[32m[I/pms] pm_event, evt_cnt: 382[0m
[02:05:25.422521] --->
[32m[I/ui] ui_switch_key suspend[0m
[32m[I/voice] voice_msg num: 0[0m
[32m[I/pms] pm_task_unlock[0m
[02:05:53.178226] --->
[32m[I/pms] pm_task_lock[0m
[32m[I/pms] pm_alarm, alm_cnt: 383[0m
[32m[I/pms] pm_thread, recved: 0x8[0m
[32m[I/pms] pm_event, evt_cnt: 383[0m
[02:06:18.229736] --->
[32m[I/ui] ui_switch_key suspend[0m
[32m[I/voice] voice_msg num: 0[0m
[32m[I/pms] pm_task_unlock[0m
[02:07:10.742426] --->
[32m[I/ui] ui_switch_key suspend[0m
[32m[I/voice] voice_msg num: 0[0m
[32m[I/pms] pm_task_lock[0m
[32m[I/pms] pm_alarm, alm_cnt: 384[0m
[32m[I/pms] pm_thread, recved: 0x8[0m
[32m[I/pms] pm_event, evt_cnt: 384[0m
[32m[I/pms] pm_task_unlock[0m
[02:08:02.748226] --->
[32m[I/ui] ui_switch_key suspend[0m
[32m[I/voice] voice_msg num: 0[0m
[32m[I/pms] pm_task_lock[0m
[32m[I/pms] pm_alarm, alm_cnt: 385[0m
[32m[I/pms] pm_thread, recved: 0x8[0m
[32m[I/pms] pm_event, evt_cnt: 385[0m
[32m[I/pms] pm_task_unlock[0m
[02:08:54.459035] --->
[32m[I/ui] ui_switch_key suspend[0m
[32m[I/voice] voice_msg num: 0[0m
[32m[I/pms] pm_task_lock[0m
[32m[I/pms] pm_alarm, alm_cnt: 386[0m
[32m[I/pms] pm_thread, recved: 0x8[0m
[32m[I/pms] pm_event, evt_cnt: 386[0m
[32m[I/pms] pm_task_unlock[0m
[02:09:47.469736] --->
[32m[I/ui] ui_switch_key suspend[0m
[32m[I/voice] voice_msg num: 0[0m
[02:10:15.223157] --->
[32m[I/pms] pm_task_lock[0m
[32m[I/pms] pm_alarm, alm_cnt: 387[0m
[32m[I/pms] pm_thread, recved: 0x8[0m
[32m[I/pms] pm_event, evt_cnt: 387[0m
[02:10:40.275475] --->
[32m[I/ui] ui_switch_key suspend[0m
[32m[I/voice] voice_msg num: 0[0m
[32m[I/pms] pm_task_unlock[0m
[02:11:07.727988] --->
[32m[I/pms] pm_task_lock[0m
[32m[I/pms] pm_alarm, alm_cnt: 388[0m
[32m[I/pms] pm_thread, recved: 0x8[0m
[32m[I/pms] pm_event, evt_cnt: 388[0m
[02:11:32.783520] --->
[32m[I/ui] ui_switch_key suspend[0m
[32m[I/voice] voice_msg num: 0[0m
[32m[I/pms] pm_task_unlock[0m
[02:11:34.606625] --->
[32m[I/voice] voice_msg num: 9[0m
[02:11:59.610924] --->
[32m[I/pms] pm_task_lock[0m
[32m[I/pms] pm_alarm, alm_cnt: 389[0m
[32m[I/pms] pm_thread, recved: 0x8[0m
[32m[I/pms] pm_event, evt_cnt: 389[0m
[02:12:24.663908] --->
[32m[I/ui] ui_switch_key suspend[0m
[32m[I/voice] voice_msg num: 0[0m
[32m[I/pms] pm_task_unlock[0m
[02:12:52.817314] --->
[32m[I/pms] pm_task_lock[0m
[32m[I/pms] pm_alarm, alm_cnt: 390[0m
[32m[I/pms] pm_thread, recved: 0x8[0m
[32m[I/pms] pm_event, evt_cnt: 390[0m
[02:13:17.873105] --->
[32m[I/ui] ui_switch_key suspend[0m
[32m[I/voice] voice_msg num: 0[0m
[32m[I/pms] pm_task_unlock[0m
[02:14:09.277432] --->
[32m[I/ui] ui_switch_key suspend[0m
[32m[I/voice] voice_msg num: 0[0m
[32m[I/pms] pm_task_lock[0m
[32m[I/pms] pm_alarm, alm_cnt: 391[0m
[32m[I/pms] pm_thread, recved: 0x8[0m
[32m[I/pms] pm_event, evt_cnt: 391[0m
[32m[I/pms] pm_task_unlock[0m
[02:15:01.688622] --->
[32m[I/ui] ui_switch_key suspend[0m
[32m[I/voice] voice_msg num: 0[0m
[32m[I/pms] pm_task_lock[0m
[32m[I/pms] pm_alarm, alm_cnt: 392[0m
[32m[I/pms] pm_thread, recved: 0x8[0m
[32m[I/pms] pm_event, evt_cnt: 392[0m
[32m[I/pms] pm_task_unlock[0m
[02:15:55.594024] --->
[32m[I/ui] ui_switch_key suspend[0m
[32m[I/voice] voice_msg num: 0[0m
[32m[I/pms] pm_task_lock[0m
[32m[I/pms] pm_alarm, alm_cnt: 393[0m
[32m[I/pms] pm_thread, recved: 0x8[0m
[32m[I/pms] pm_event, evt_cnt: 393[0m
[32m[I/pms] pm_task_unlock[0m
[02:16:47.501899] --->
[32m[I/ui] ui_switch_key suspend[0m
[32m[I/voice] voice_msg num: 0[0m
[32m[I/pms] pm_task_lock[0m
[32m[I/pms] pm_alarm, alm_cnt: 394[0m
[32m[I/pms] pm_thread, recved: 0x8[0m
[32m[I/pms] pm_event, evt_cnt: 394[0m
[02:17:37.609024] --->
[32m[I/ui] ui_switch_key suspend[0m
[32m[I/voice] voice_msg num: 0[0m
[32m[I/pms] pm_task_unlock[0m
[02:17:51.409109] --->
[32m[I/pms] pm_task_lock[0m
[32m[I/pms] pm_alarm, alm_cnt: 395[0m
[32m[I/pms] pm_thread, recved: 0x8[0m
[32m[I/pms] pm_event, evt_cnt: 395[0m
[32m[I/voice] voice_msg num: 9[0m
[02:18:41.466745] --->
[32m[I/ui] ui_switch_key suspend[0m
[32m[I/voice] voice_msg num: 0[0m
[32m[I/pms] pm_task_unlock[0m
[02:19:01.164834] --->
[32m[I/pms] pm_task_lock[0m
[32m[I/pms] pm_alarm, alm_cnt: 396[0m
[32m[I/pms] pm_thread, recved: 0x8[0m
[32m[I/pms] pm_event, evt_cnt: 396[0m
[32m[I/voice] voice_msg num: 9[0m
[02:19:51.224034] --->
[32m[I/ui] ui_switch_key suspend[0m
[32m[I/voice] voice_msg num: 0[0m
[32m[I/pms] pm_task_unlock[0m
[32m[I/pms] pm_task_lock[0m
[32m[I/pms] pm_alarm, alm_cnt: 397[0m
[32m[I/pms] pm_thread, recved: 0x8[0m
[32m[I/pms] pm_event, evt_cnt: 397[0m
[32m[I/pms] pm_task_unlock[0m
[02:20:05.093965] --->
[32m[I/voice] voice_msg num: 9[0m
[02:20:55.151348] --->
[32m[I/ui] ui_switch_key suspend[0m
[32m[I/voice] voice_msg num: 0[0m
[32m[I/pms] pm_task_lock[0m
[32m[I/pms] pm_alarm, alm_cnt: 398[0m
[32m[I/pms] pm_thread, recved: 0x8[0m
[32m[I/pms] pm_event, evt_cnt: 398[0m
[32m[I/pms] pm_task_unlock[0m
[02:21:12.018959] --->
[32m[I/voice] voice_msg num: 9[0m
[02:22:02.072717] --->
[32m[I/ui] ui_switch_key suspend[0m
[32m[I/voice] voice_msg num: 0[0m
[32m[I/pms] pm_task_lock[0m
[32m[I/pms] pm_alarm, alm_cnt: 399[0m
[32m[I/pms] pm_thread, recved: 0x8[0m
[32m[I/pms] pm_event, evt_cnt: 399[0m
[32m[I/pms] pm_task_unlock[0m
[02:22:12.741363] --->
[32m[I/voice] voice_msg num: 9[0m
[02:23:02.794377] --->
[32m[I/ui] ui_switch_key suspend[0m
[32m[I/voice] voice_msg num: 0[0m
[32m[I/pms] pm_task_lock[0m
[32m[I/pms] pm_alarm, alm_cnt: 400[0m
[32m[I/pms] pm_thread, recved: 0x8[0m
[32m[I/pms] pm_event, evt_cnt: 400[0m
[32m[I/pms] pm_task_unlock[0m
[02:23:57.101010] --->
[32m[I/ui] ui_switch_key suspend[0m
[32m[I/voice] voice_msg num: 0[0m
[32m[I/pms] pm_task_lock[0m
[32m[I/pms] pm_alarm, alm_cnt: 401[0m
[32m[I/pms] pm_thread, recved: 0x8[0m
[32m[I/pms] pm_event, evt_cnt: 401[0m
[32m[I/pms] pm_task_unlock[0m
[02:24:48.206773] --->
[32m[I/ui] ui_switch_key suspend[0m
[32m[I/voice] voice_msg num: 0[0m
[32m[I/pms] pm_task_lock[0m
[32m[I/pms] pm_alarm, alm_cnt: 402[0m
[32m[I/pms] pm_thread, recved: 0x8[0m
[32m[I/pms] pm_event, evt_cnt: 402[0m
[32m[I/pms] pm_task_unlock[0m
[02:25:40.709903] --->
[32m[I/ui] ui_switch_key suspend[0m
[32m[I/voice] voice_msg num: 0[0m
[02:26:06.264121] --->
[32m[I/pms] pm_task_lock[0m
[32m[I/pms] pm_alarm, alm_cnt: 403[0m
[32m[I/pms] pm_thread, recved: 0x8[0m
[32m[I/pms] pm_event, evt_cnt: 403[0m
[02:26:31.316359] --->
[32m[I/ui] ui_switch_key suspend[0m
[32m[I/voice] voice_msg num: 0[0m
[32m[I/pms] pm_task_unlock[0m
[02:26:45.084135] --->
[32m[I/pms] pm_task_lock[0m
[32m[I/pms] pm_alarm, alm_cnt: 404[0m
[32m[I/pms] pm_thread, recved: 0x8[0m
[32m[I/pms] pm_event, evt_cnt: 404[0m
[32m[I/voice] voice_msg num: 9[0m
[02:27:35.137113] --->
[32m[I/ui] ui_switch_key suspend[0m
[32m[I/voice] voice_msg num: 0[0m
[32m[I/pms] pm_task_unlock[0m
[02:28:00.289073] --->
[32m[I/pms] pm_task_lock[0m
[32m[I/pms] pm_alarm, alm_cnt: 405[0m
[32m[I/pms] pm_thread, recved: 0x8[0m
[32m[I/pms] pm_event, evt_cnt: 405[0m
[02:28:25.342598] --->
[32m[I/ui] ui_switch_key suspend[0m
[32m[I/voice] voice_msg num: 0[0m
[32m[I/pms] pm_task_unlock[0m
[02:28:51.497021] --->
[32m[I/pms] pm_task_lock[0m
[32m[I/pms] pm_alarm, alm_cnt: 406[0m
[32m[I/pms] pm_thread, recved: 0x8[0m
[32m[I/pms] pm_event, evt_cnt: 406[0m
[02:29:16.553506] --->
[32m[I/ui] ui_switch_key suspend[0m
[32m[I/voice] voice_msg num: 0[0m
[32m[I/pms] pm_task_unlock[0m
[02:29:44.710717] --->
[32m[I/pms] pm_task_lock[0m
[32m[I/pms] pm_alarm, alm_cnt: 407[0m
[32m[I/pms] pm_thread, recved: 0x8[0m
[32m[I/pms] pm_event, evt_cnt: 407[0m
[02:30:09.763334] --->
[32m[I/ui] ui_switch_key suspend[0m
[32m[I/voice] voice_msg num: 0[0m
[32m[I/pms] pm_task_unlock[0m
[02:30:38.817433] --->
[32m[I/pms] pm_task_lock[0m
[32m[I/pms] pm_alarm, alm_cnt: 408[0m
[32m[I/pms] pm_thread, recved: 0x8[0m
[32m[I/pms] pm_event, evt_cnt: 408[0m
[02:31:03.872752] --->
[32m[I/ui] ui_switch_key suspend[0m
[32m[I/voice] voice_msg num: 0[0m
[32m[I/pms] pm_task_unlock[0m
[02:31:56.676146] --->
[32m[I/ui] ui_switch_key suspend[0m
[32m[I/voice] voice_msg num: 0[0m
[32m[I/pms] pm_task_lock[0m
[32m[I/pms] pm_alarm, alm_cnt: 409[0m
[32m[I/pms] pm_thread, recved: 0x8[0m
[32m[I/pms] pm_event, evt_cnt: 409[0m
[32m[I/pms] pm_task_unlock[0m
[02:32:51.285507] --->
[32m[I/ui] ui_switch_key suspend[0m
[32m[I/voice] voice_msg num: 0[0m
[32m[I/pms] pm_task_lock[0m
[32m[I/pms] pm_alarm, alm_cnt: 410[0m
[32m[I/pms] pm_thread, recved: 0x8[0m
[32m[I/pms] pm_event, evt_cnt: 410[0m
[32m[I/pms] pm_task_unlock[0m
[02:33:43.493218] --->
[32m[I/ui] ui_switch_key suspend[0m
[32m[I/voice] voice_msg num: 0[0m
[32m[I/pms] pm_task_lock[0m
[32m[I/pms] pm_alarm, alm_cnt: 411[0m
[32m[I/pms] pm_thread, recved: 0x8[0m
[32m[I/pms] pm_event, evt_cnt: 411[0m
[32m[I/pms] pm_task_unlock[0m
[02:33:45.262915] --->
[32m[I/voice] voice_msg num: 9[0m
[02:34:35.321069] --->
[32m[I/ui] ui_switch_key suspend[0m
[32m[I/voice] voice_msg num: 0[0m
[02:35:03.879447] --->
[32m[I/pms] pm_task_lock[0m
[32m[I/pms] pm_alarm, alm_cnt: 412[0m
[32m[I/pms] pm_thread, recved: 0x8[0m
[32m[I/pms] pm_event, evt_cnt: 412[0m
[02:35:28.932419] --->
[32m[I/ui] ui_switch_key suspend[0m
[32m[I/voice] voice_msg num: 0[0m
[32m[I/pms] pm_task_unlock[0m
[02:35:30.634835] --->
[32m[I/voice] voice_msg num: 9[0m
[02:35:55.637120] --->
[32m[I/pms] pm_task_lock[0m
[32m[I/pms] pm_alarm, alm_cnt: 413[0m
[32m[I/pms] pm_thread, recved: 0x8[0m
[32m[I/pms] pm_event, evt_cnt: 413[0m
[02:36:20.692879] --->
[32m[I/ui] ui_switch_key suspend[0m
[32m[I/voice] voice_msg num: 0[0m
[32m[I/pms] pm_task_unlock[0m
[02:36:49.748328] --->
[32m[I/pms] pm_task_lock[0m
[32m[I/pms] pm_alarm, alm_cnt: 414[0m
[32m[I/pms] pm_thread, recved: 0x8[0m
[32m[I/pms] pm_event, evt_cnt: 414[0m
[02:37:14.804150] --->
[32m[I/ui] ui_switch_key suspend[0m
[32m[I/voice] voice_msg num: 0[0m
[32m[I/pms] pm_task_unlock[0m
[02:37:41.757636] --->
[32m[I/pms] pm_task_lock[0m
[32m[I/pms] pm_alarm, alm_cnt: 415[0m
[32m[I/pms] pm_thread, recved: 0x8[0m
[32m[I/pms] pm_event, evt_cnt: 415[0m
[02:38:06.811004] --->
[32m[I/ui] ui_switch_key suspend[0m
[32m[I/voice] voice_msg num: 0[0m
[32m[I/pms] pm_task_unlock[0m
[02:38:36.865346] --->
[32m[I/pms] pm_task_lock[0m
[32m[I/pms] pm_alarm, alm_cnt: 416[0m
[32m[I/pms] pm_thread, recved: 0x8[0m
[32m[I/pms] pm_event, evt_cnt: 416[0m
[02:39:01.916638] --->
[32m[I/ui] ui_switch_key suspend[0m
[32m[I/voice] voice_msg num: 0[0m
[32m[I/pms] pm_task_unlock[0m
[02:39:52.920757] --->
[32m[I/ui] ui_switch_key suspend[0m
[32m[I/voice] voice_msg num: 0[0m
[32m[I/pms] pm_task_lock[0m
[32m[I/pms] pm_alarm, alm_cnt: 417[0m
[32m[I/pms] pm_thread, recved: 0x8[0m
[32m[I/pms] pm_event, evt_cnt: 417[0m
[32m[I/pms] pm_task_unlock[0m
[02:39:54.790754] --->
[32m[I/voice] voice_msg num: 9[0m
[02:40:44.851050] --->
[32m[I/ui] ui_switch_key suspend[0m
[32m[I/voice] voice_msg num: 0[0m
[32m[I/pms] pm_task_lock[0m
[32m[I/pms] pm_alarm, alm_cnt: 418[0m
[32m[I/pms] pm_thread, recved: 0x8[0m
[32m[I/pms] pm_event, evt_cnt: 418[0m
[32m[I/pms] pm_task_unlock[0m
[02:41:38.061110] --->
[32m[I/ui] ui_switch_key suspend[0m
[32m[I/voice] voice_msg num: 0[0m
[32m[I/pms] pm_task_lock[0m
[32m[I/pms] pm_alarm, alm_cnt: 419[0m
[32m[I/pms] pm_thread, recved: 0x8[0m
[32m[I/pms] pm_event, evt_cnt: 419[0m
[32m[I/pms] pm_task_unlock[0m
[02:42:33.067994] --->
[32m[I/ui] ui_switch_key suspend[0m
[32m[I/voice] voice_msg num: 0[0m
[32m[I/pms] pm_task_lock[0m
[32m[I/pms] pm_alarm, alm_cnt: 420[0m
[32m[I/pms] pm_thread, recved: 0x8[0m
[32m[I/pms] pm_event, evt_cnt: 420[0m
[02:43:26.878988] --->
[32m[I/ui] ui_switch_key suspend[0m
[32m[I/voice] voice_msg num: 0[0m
[32m[I/pms] pm_task_unlock[0m
[02:43:55.431314] --->
[32m[I/pms] pm_task_lock[0m
[32m[I/pms] pm_alarm, alm_cnt: 421[0m
[32m[I/pms] pm_thread, recved: 0x8[0m
[32m[I/pms] pm_event, evt_cnt: 421[0m
[02:44:20.486202] --->
[32m[I/ui] ui_switch_key suspend[0m
[32m[I/voice] voice_msg num: 0[0m
[32m[I/pms] pm_task_unlock[0m
[02:44:46.938460] --->
[32m[I/pms] pm_task_lock[0m
[32m[I/pms] pm_alarm, alm_cnt: 422[0m
[32m[I/pms] pm_thread, recved: 0x8[0m
[32m[I/pms] pm_event, evt_cnt: 422[0m
[02:45:11.993180] --->
[32m[I/ui] ui_switch_key suspend[0m
[32m[I/voice] voice_msg num: 0[0m
[32m[I/pms] pm_task_unlock[0m
[02:45:37.548111] --->
[32m[I/pms] pm_task_lock[0m
[32m[I/pms] pm_alarm, alm_cnt: 423[0m
[32m[I/pms] pm_thread, recved: 0x8[0m
[32m[I/pms] pm_event, evt_cnt: 423[0m
[02:46:02.600502] --->
[32m[I/ui] ui_switch_key suspend[0m
[32m[I/voice] voice_msg num: 0[0m
[32m[I/pms] pm_task_unlock[0m
[02:46:04.301800] --->
[32m[I/voice] voice_msg num: 9[0m
[02:46:54.362493] --->
[32m[I/ui] ui_switch_key suspend[0m
[32m[I/voice] voice_msg num: 0[0m
[32m[I/pms] pm_task_lock[0m
[32m[I/pms] pm_alarm, alm_cnt: 424[0m
[32m[I/pms] pm_thread, recved: 0x8[0m
[32m[I/pms] pm_event, evt_cnt: 424[0m
[32m[I/pms] pm_task_unlock[0m
[02:47:48.369767] --->
[32m[I/ui] ui_switch_key suspend[0m
[32m[I/voice] voice_msg num: 0[0m
[32m[I/pms] pm_task_lock[0m
[32m[I/pms] pm_alarm, alm_cnt: 425[0m
[32m[I/pms] pm_thread, recved: 0x8[0m
[32m[I/pms] pm_event, evt_cnt: 425[0m
[32m[I/pms] pm_task_unlock[0m
[02:48:38.675617] --->
[32m[I/ui] ui_switch_key suspend[0m
[32m[I/voice] voice_msg num: 0[0m
[32m[I/pms] pm_task_lock[0m
[32m[I/pms] pm_alarm, alm_cnt: 426[0m
[32m[I/pms] pm_thread, recved: 0x8[0m
[32m[I/pms] pm_event, evt_cnt: 426[0m
[32m[I/pms] pm_task_unlock[0m
[02:49:30.980303] --->
[32m[I/ui] ui_switch_key suspend[0m
[32m[I/voice] voice_msg num: 0[0m
[32m[I/pms] pm_task_lock[0m
[32m[I/pms] pm_alarm, alm_cnt: 427[0m
[32m[I/pms] pm_thread, recved: 0x8[0m
[32m[I/pms] pm_event, evt_cnt: 427[0m
[02:50:24.790351] --->
[32m[I/ui] ui_switch_key suspend[0m
[32m[I/voice] voice_msg num: 0[0m
[32m[I/pms] pm_task_unlock[0m
[02:50:52.144099] --->
[32m[I/pms] pm_task_lock[0m
[32m[I/pms] pm_alarm, alm_cnt: 428[0m
[32m[I/pms] pm_thread, recved: 0x8[0m
[32m[I/pms] pm_event, evt_cnt: 428[0m
[02:51:17.198176] --->
[32m[I/ui] ui_switch_key suspend[0m
[32m[I/voice] voice_msg num: 0[0m
[32m[I/pms] pm_task_unlock[0m
[02:51:45.753144] --->
[32m[I/pms] pm_task_lock[0m
[32m[I/pms] pm_alarm, alm_cnt: 429[0m
[32m[I/pms] pm_thread, recved: 0x8[0m
[32m[I/pms] pm_event, evt_cnt: 429[0m
[02:52:10.807351] --->
[32m[I/ui] ui_switch_key suspend[0m
[32m[I/voice] voice_msg num: 0[0m
[32m[I/pms] pm_task_unlock[0m
[02:52:36.561532] --->
[32m[I/pms] pm_task_lock[0m
[32m[I/pms] pm_alarm, alm_cnt: 430[0m
[32m[I/pms] pm_thread, recved: 0x8[0m
[32m[I/pms] pm_event, evt_cnt: 430[0m
[02:53:01.615979] --->
[32m[I/ui] ui_switch_key suspend[0m
[32m[I/voice] voice_msg num: 0[0m
[32m[I/pms] pm_task_unlock[0m
[02:53:51.727270] --->
[32m[I/pms] pm_task_lock[0m
[32m[I/pms] pm_alarm, alm_cnt: 431[0m
[32m[I/pms] pm_thread, recved: 0x8[0m
[32m[I/pms] pm_event, evt_cnt: 431[0m
[32m[I/ui] ui_switch_key suspend[0m
[32m[I/voice] voice_msg num: 0[0m
[32m[I/pms] pm_task_unlock[0m
[02:54:43.537566] --->
[32m[I/ui] ui_switch_key suspend[0m
[32m[I/voice] voice_msg num: 0[0m
[32m[I/pms] pm_task_lock[0m
[32m[I/pms] pm_alarm, alm_cnt: 432[0m
[32m[I/pms] pm_thread, recved: 0x8[0m
[32m[I/pms] pm_event, evt_cnt: 432[0m
[32m[I/pms] pm_task_unlock[0m
[02:55:33.847694] --->
[32m[I/ui] ui_switch_key suspend[0m
[32m[I/voice] voice_msg num: 0[0m
[32m[I/pms] pm_task_lock[0m
[32m[I/pms] pm_alarm, alm_cnt: 433[0m
[32m[I/pms] pm_thread, recved: 0x8[0m
[32m[I/pms] pm_event, evt_cnt: 433[0m
[32m[I/pms] pm_task_unlock[0m
[02:56:28.457808] --->
[32m[I/ui] ui_switch_key suspend[0m
[32m[I/voice] voice_msg num: 0[0m
[32m[I/pms] pm_task_lock[0m
[32m[I/pms] pm_alarm, alm_cnt: 434[0m
[32m[I/pms] pm_thread, recved: 0x8[0m
[32m[I/pms] pm_event, evt_cnt: 434[0m
[02:57:23.367388] --->
[32m[I/ui] ui_switch_key suspend[0m
[32m[I/voice] voice_msg num: 0[0m
[32m[I/pms] pm_task_unlock[0m
[02:57:51.224536] --->
[32m[I/pms] pm_task_lock[0m
[32m[I/pms] pm_alarm, alm_cnt: 435[0m
[32m[I/pms] pm_thread, recved: 0x8[0m
[32m[I/pms] pm_event, evt_cnt: 435[0m
[02:58:16.279821] --->
[32m[I/ui] ui_switch_key suspend[0m
[32m[I/voice] voice_msg num: 0[0m
[32m[I/pms] pm_task_unlock[0m
[02:58:44.033132] --->
[32m[I/pms] pm_task_lock[0m
[32m[I/pms] pm_alarm, alm_cnt: 436[0m
[32m[I/pms] pm_thread, recved: 0x8[0m
[32m[I/pms] pm_event, evt_cnt: 436[0m
[02:59:09.089264] --->
[32m[I/ui] ui_switch_key suspend[0m
[32m[I/voice] voice_msg num: 0[0m
[32m[I/pms] pm_task_unlock[0m
[02:59:36.141479] --->
[32m[I/pms] pm_task_lock[0m
[32m[I/pms] pm_alarm, alm_cnt: 437[0m
[32m[I/pms] pm_thread, recved: 0x8[0m
[32m[I/pms] pm_event, evt_cnt: 437[0m
[03:00:01.195415] --->
[32m[I/ui] ui_switch_key suspend[0m
[32m[I/voice] voice_msg num: 0[0m
[32m[I/pms] pm_task_unlock[0m
[03:00:29.648636] --->
[32m[I/pms] pm_task_lock[0m
[32m[I/pms] pm_alarm, alm_cnt: 438[0m
[32m[I/pms] pm_thread, recved: 0x8[0m
[32m[I/pms] pm_event, evt_cnt: 438[0m
[03:00:54.704036] --->
[32m[I/ui] ui_switch_key suspend[0m
[32m[I/voice] voice_msg num: 0[0m
[32m[I/pms] pm_task_unlock[0m
[03:01:46.808851] --->
[32m[I/ui] ui_switch_key suspend[0m
[32m[I/voice] voice_msg num: 0[0m
[32m[I/pms] pm_task_lock[0m
[32m[I/pms] pm_alarm, alm_cnt: 439[0m
[32m[I/pms] pm_thread, recved: 0x8[0m
[32m[I/pms] pm_event, evt_cnt: 439[0m
[32m[I/pms] pm_task_unlock[0m
[03:02:37.812715] --->
[32m[I/ui] ui_switch_key suspend[0m
[32m[I/voice] voice_msg num: 0[0m
[32m[I/pms] pm_task_lock[0m
[32m[I/pms] pm_alarm, alm_cnt: 440[0m
[32m[I/pms] pm_thread, recved: 0x8[0m
[32m[I/pms] pm_event, evt_cnt: 440[0m
[32m[I/pms] pm_task_unlock[0m
[03:03:29.922128] --->
[32m[I/ui] ui_switch_key suspend[0m
[32m[I/voice] voice_msg num: 0[0m
[32m[I/pms] pm_task_lock[0m
[32m[I/pms] pm_alarm, alm_cnt: 441[0m
[32m[I/pms] pm_thread, recved: 0x8[0m
[32m[I/pms] pm_event, evt_cnt: 441[0m
[32m[I/pms] pm_task_unlock[0m
[03:03:37.490070] --->
[32m[I/voice] voice_msg num: 9[0m
[03:04:27.543235] --->
[32m[I/ui] ui_switch_key suspend[0m
[32m[I/voice] voice_msg num: 0[0m
[32m[I/pms] pm_task_lock[0m
[32m[I/pms] pm_alarm, alm_cnt: 442[0m
[32m[I/pms] pm_thread, recved: 0x8[0m
[32m[I/pms] pm_event, evt_cnt: 442[0m
[32m[I/pms] pm_task_unlock[0m
[03:05:21.650290] --->
[32m[I/ui] ui_switch_key suspend[0m
[32m[I/voice] voice_msg num: 0[0m
[32m[I/pms] pm_task_lock[0m
[32m[I/pms] pm_alarm, alm_cnt: 443[0m
[32m[I/pms] pm_thread, recved: 0x8[0m
[32m[I/pms] pm_event, evt_cnt: 443[0m
[03:06:14.559546] --->
[32m[I/ui] ui_switch_key suspend[0m
[32m[I/voice] voice_msg num: 0[0m
[32m[I/pms] pm_task_unlock[0m
[03:06:42.116740] --->
[32m[I/pms] pm_task_lock[0m
[32m[I/pms] pm_alarm, alm_cnt: 444[0m
[32m[I/pms] pm_thread, recved: 0x8[0m
[32m[I/pms] pm_event, evt_cnt: 444[0m
[03:07:07.171007] --->
[32m[I/ui] ui_switch_key suspend[0m
[32m[I/voice] voice_msg num: 0[0m
[32m[I/pms] pm_task_unlock[0m
[03:07:37.025098] --->
[32m[I/pms] pm_task_lock[0m
[32m[I/pms] pm_alarm, alm_cnt: 445[0m
[32m[I/pms] pm_thread, recved: 0x8[0m
[32m[I/pms] pm_event, evt_cnt: 445[0m
[03:08:02.078285] --->
[32m[I/ui] ui_switch_key suspend[0m
[32m[I/voice] voice_msg num: 0[0m
[32m[I/pms] pm_task_unlock[0m
[03:08:31.831835] --->
[32m[I/pms] pm_task_lock[0m
[32m[I/pms] pm_alarm, alm_cnt: 446[0m
[32m[I/pms] pm_thread, recved: 0x8[0m
[32m[I/pms] pm_event, evt_cnt: 446[0m
[03:08:56.884472] --->
[32m[I/ui] ui_switch_key suspend[0m
[32m[I/voice] voice_msg num: 0[0m
[32m[I/pms] pm_task_unlock[0m
[03:09:24.237607] --->
[32m[I/pms] pm_task_lock[0m
[32m[I/pms] pm_alarm, alm_cnt: 447[0m
[32m[I/pms] pm_thread, recved: 0x8[0m
[32m[I/pms] pm_event, evt_cnt: 447[0m
[03:09:49.291938] --->
[32m[I/ui] ui_switch_key suspend[0m
[32m[I/voice] voice_msg num: 0[0m
[32m[I/pms] pm_task_unlock[0m
[03:10:41.400731] --->
[32m[I/ui] ui_switch_key suspend[0m
[32m[I/voice] voice_msg num: 0[0m
[32m[I/pms] pm_task_lock[0m
[32m[I/pms] pm_alarm, alm_cnt: 448[0m
[32m[I/pms] pm_thread, recved: 0x8[0m
[32m[I/pms] pm_event, evt_cnt: 448[0m
[32m[I/pms] pm_task_unlock[0m
[03:11:32.306209] --->
[32m[I/ui] ui_switch_key suspend[0m
[32m[I/voice] voice_msg num: 0[0m
[32m[I/pms] pm_task_lock[0m
[32m[I/pms] pm_alarm, alm_cnt: 449[0m
[32m[I/pms] pm_thread, recved: 0x8[0m
[32m[I/pms] pm_event, evt_cnt: 449[0m
[32m[I/pms] pm_task_unlock[0m
[03:12:25.616872] --->
[32m[I/ui] ui_switch_key suspend[0m
[32m[I/voice] voice_msg num: 0[0m
[32m[I/pms] pm_task_lock[0m
[32m[I/pms] pm_alarm, alm_cnt: 450[0m
[32m[I/pms] pm_thread, recved: 0x8[0m
[32m[I/pms] pm_event, evt_cnt: 450[0m
[32m[I/pms] pm_task_unlock[0m
[03:13:16.626912] --->
[32m[I/ui] ui_switch_key suspend[0m
[32m[I/voice] voice_msg num: 0[0m
[32m[I/pms] pm_task_lock[0m
[32m[I/pms] pm_alarm, alm_cnt: 451[0m
[32m[I/pms] pm_thread, recved: 0x8[0m
[32m[I/pms] pm_event, evt_cnt: 451[0m
[03:14:10.730943] --->
[32m[I/ui] ui_switch_key suspend[0m
[32m[I/voice] voice_msg num: 0[0m
[32m[I/pms] pm_task_unlock[0m
[03:14:38.988312] --->
[32m[I/pms] pm_task_lock[0m
[32m[I/pms] pm_alarm, alm_cnt: 452[0m
[32m[I/pms] pm_thread, recved: 0x8[0m
[32m[I/pms] pm_event, evt_cnt: 452[0m
[03:15:04.043778] --->
[32m[I/ui] ui_switch_key suspend[0m
[32m[I/voice] voice_msg num: 0[0m
[32m[I/pms] pm_task_unlock[0m
[03:15:32.596059] --->
[32m[I/pms] pm_task_lock[0m
[32m[I/pms] pm_alarm, alm_cnt: 453[0m
[32m[I/pms] pm_thread, recved: 0x8[0m
[32m[I/pms] pm_event, evt_cnt: 453[0m
[03:15:57.649134] --->
[32m[I/ui] ui_switch_key suspend[0m
[32m[I/voice] voice_msg num: 0[0m
[32m[I/pms] pm_task_unlock[0m
[03:16:25.901963] --->
[32m[I/pms] pm_task_lock[0m
[32m[I/pms] pm_alarm, alm_cnt: 454[0m
[32m[I/pms] pm_thread, recved: 0x8[0m
[32m[I/pms] pm_event, evt_cnt: 454[0m
[03:16:50.954168] --->
[32m[I/ui] ui_switch_key suspend[0m
[32m[I/voice] voice_msg num: 0[0m
[32m[I/pms] pm_task_unlock[0m
[03:17:20.809169] --->
[32m[I/pms] pm_task_lock[0m
[32m[I/pms] pm_alarm, alm_cnt: 455[0m
[32m[I/pms] pm_thread, recved: 0x8[0m
[32m[I/pms] pm_event, evt_cnt: 455[0m
[03:17:45.867559] --->
[32m[I/ui] ui_switch_key suspend[0m
[32m[I/voice] voice_msg num: 0[0m
[32m[I/pms] pm_task_unlock[0m
[03:18:36.878214] --->
[32m[I/ui] ui_switch_key suspend[0m
[32m[I/voice] voice_msg num: 0[0m
[32m[I/pms] pm_task_lock[0m
[32m[I/pms] pm_alarm, alm_cnt: 456[0m
[32m[I/pms] pm_thread, recved: 0x8[0m
[32m[I/pms] pm_event, evt_cnt: 456[0m
[32m[I/pms] pm_task_unlock[0m
[03:19:27.489605] --->
[32m[I/ui] ui_switch_key suspend[0m
[32m[I/voice] voice_msg num: 0[0m
[32m[I/pms] pm_task_lock[0m
[32m[I/pms] pm_alarm, alm_cnt: 457[0m
[32m[I/pms] pm_thread, recved: 0x8[0m
[32m[I/pms] pm_event, evt_cnt: 457[0m
[32m[I/pms] pm_task_unlock[0m
[03:20:18.597644] --->
[32m[I/ui] ui_switch_key suspend[0m
[32m[I/voice] voice_msg num: 0[0m
[32m[I/pms] pm_task_lock[0m
[32m[I/pms] pm_alarm, alm_cnt: 458[0m
[32m[I/pms] pm_thread, recved: 0x8[0m
[32m[I/pms] pm_event, evt_cnt: 458[0m
[32m[I/pms] pm_task_unlock[0m
[03:21:11.706192] --->
[32m[I/ui] ui_switch_key suspend[0m
[32m[I/voice] voice_msg num: 0[0m
[03:21:39.061864] --->
[32m[I/pms] pm_task_lock[0m
[32m[I/pms] pm_alarm, alm_cnt: 459[0m
[32m[I/pms] pm_thread, recved: 0x8[0m
[32m[I/pms] pm_event, evt_cnt: 459[0m
[03:22:04.117661] --->
[32m[I/ui] ui_switch_key suspend[0m
[32m[I/voice] voice_msg num: 0[0m
[32m[I/pms] pm_task_unlock[0m
[03:22:29.771240] --->
[32m[I/pms] pm_task_lock[0m
[32m[I/pms] pm_alarm, alm_cnt: 460[0m
[32m[I/pms] pm_thread, recved: 0x8[0m
[32m[I/pms] pm_event, evt_cnt: 460[0m
[03:22:54.825701] --->
[32m[I/ui] ui_switch_key suspend[0m
[32m[I/voice] voice_msg num: 0[0m
[32m[I/pms] pm_task_unlock[0m
[03:23:24.281511] --->
[32m[I/pms] pm_task_lock[0m
[32m[I/pms] pm_alarm, alm_cnt: 461[0m
[32m[I/pms] pm_thread, recved: 0x8[0m
[32m[I/pms] pm_event, evt_cnt: 461[0m
[03:23:49.338282] --->
[32m[I/ui] ui_switch_key suspend[0m
[32m[I/voice] voice_msg num: 0[0m
[32m[I/pms] pm_task_unlock[0m
[03:24:18.491498] --->
[32m[I/pms] pm_task_lock[0m
[32m[I/pms] pm_alarm, alm_cnt: 462[0m
[32m[I/pms] pm_thread, recved: 0x8[0m
[32m[I/pms] pm_event, evt_cnt: 462[0m
[03:24:43.544998] --->
[32m[I/ui] ui_switch_key suspend[0m
[32m[I/voice] voice_msg num: 0[0m
[32m[I/pms] pm_task_unlock[0m
[03:25:12.802320] --->
[32m[I/pms] pm_task_lock[0m
[32m[I/pms] pm_alarm, alm_cnt: 463[0m
[32m[I/pms] pm_thread, recved: 0x8[0m
[32m[I/pms] pm_event, evt_cnt: 463[0m
[03:25:37.857557] --->
[32m[I/ui] ui_switch_key suspend[0m
[32m[I/voice] voice_msg num: 0[0m
[32m[I/pms] pm_task_unlock[0m
[03:26:29.765696] --->
[32m[I/ui] ui_switch_key suspend[0m
[32m[I/voice] voice_msg num: 0[0m
[32m[I/pms] pm_task_lock[0m
[32m[I/pms] pm_alarm, alm_cnt: 464[0m
[32m[I/pms] pm_thread, recved: 0x8[0m
[32m[I/pms] pm_event, evt_cnt: 464[0m
[32m[I/pms] pm_task_unlock[0m
[03:27:24.577163] --->
[32m[I/ui] ui_switch_key suspend[0m
[32m[I/voice] voice_msg num: 0[0m
[32m[I/pms] pm_task_lock[0m
[32m[I/pms] pm_alarm, alm_cnt: 465[0m
[32m[I/pms] pm_thread, recved: 0x8[0m
[32m[I/pms] pm_event, evt_cnt: 465[0m
[32m[I/pms] pm_task_unlock[0m
[03:28:16.587804] --->
[32m[I/ui] ui_switch_key suspend[0m
[32m[I/voice] voice_msg num: 0[0m
[32m[I/pms] pm_task_lock[0m
[32m[I/pms] pm_alarm, alm_cnt: 466[0m
[32m[I/pms] pm_thread, recved: 0x8[0m
[32m[I/pms] pm_event, evt_cnt: 466[0m
[32m[I/pms] pm_task_unlock[0m
[03:29:11.194478] --->
[32m[I/ui] ui_switch_key suspend[0m
[32m[I/voice] voice_msg num: 0[0m
[32m[I/pms] pm_task_lock[0m
[32m[I/pms] pm_alarm, alm_cnt: 467[0m
[32m[I/pms] pm_thread, recved: 0x8[0m
[32m[I/pms] pm_event, evt_cnt: 467[0m
[03:30:04.202810] --->
[32m[I/ui] ui_switch_key suspend[0m
[32m[I/voice] voice_msg num: 0[0m
[32m[I/pms] pm_task_unlock[0m
[03:30:30.960019] --->
[32m[I/pms] pm_task_lock[0m
[32m[I/pms] pm_alarm, alm_cnt: 468[0m
[32m[I/pms] pm_thread, recved: 0x8[0m
[32m[I/pms] pm_event, evt_cnt: 468[0m
[03:30:56.014633] --->
[32m[I/ui] ui_switch_key suspend[0m
[32m[I/voice] voice_msg num: 0[0m
[32m[I/pms] pm_task_unlock[0m
[03:31:21.071132] --->
[32m[I/pms] pm_task_lock[0m
[32m[I/pms] pm_alarm, alm_cnt: 469[0m
[32m[I/pms] pm_thread, recved: 0x8[0m
[32m[I/pms] pm_event, evt_cnt: 469[0m
[03:31:46.127937] --->
[32m[I/ui] ui_switch_key suspend[0m
[32m[I/voice] voice_msg num: 0[0m
[32m[I/pms] pm_task_unlock[0m
[03:32:15.282013] --->
[32m[I/pms] pm_task_lock[0m
[32m[I/pms] pm_alarm, alm_cnt: 470[0m
[32m[I/pms] pm_thread, recved: 0x8[0m
[32m[I/pms] pm_event, evt_cnt: 470[0m
[03:32:40.334895] --->
[32m[I/ui] ui_switch_key suspend[0m
[32m[I/voice] voice_msg num: 0[0m
[32m[I/pms] pm_task_unlock[0m
[03:33:09.087148] --->
[32m[I/pms] pm_task_lock[0m
[32m[I/pms] pm_alarm, alm_cnt: 471[0m
[32m[I/pms] pm_thread, recved: 0x8[0m
[32m[I/pms] pm_event, evt_cnt: 471[0m
[03:33:34.140893] --->
[32m[I/ui] ui_switch_key suspend[0m
[32m[I/voice] voice_msg num: 0[0m
[32m[I/pms] pm_task_unlock[0m
[03:34:26.750404] --->
[32m[I/ui] ui_switch_key suspend[0m
[32m[I/voice] voice_msg num: 0[0m
[32m[I/pms] pm_task_lock[0m
[32m[I/pms] pm_alarm, alm_cnt: 472[0m
[32m[I/pms] pm_thread, recved: 0x8[0m
[32m[I/pms] pm_event, evt_cnt: 472[0m
[32m[I/pms] pm_task_unlock[0m
[03:35:18.859400] --->
[32m[I/ui] ui_switch_key suspend[0m
[32m[I/voice] voice_msg num: 0[0m
[32m[I/pms] pm_task_lock[0m
[32m[I/pms] pm_alarm, alm_cnt: 473[0m
[32m[I/pms] pm_thread, recved: 0x8[0m
[32m[I/pms] pm_event, evt_cnt: 473[0m
[32m[I/pms] pm_task_unlock[0m
[03:36:11.064721] --->
[32m[I/ui] ui_switch_key suspend[0m
[32m[I/voice] voice_msg num: 0[0m
[32m[I/pms] pm_task_lock[0m
[32m[I/pms] pm_alarm, alm_cnt: 474[0m
[32m[I/pms] pm_thread, recved: 0x8[0m
[32m[I/pms] pm_event, evt_cnt: 474[0m
[32m[I/pms] pm_task_unlock[0m
[03:37:03.468216] --->
[32m[I/ui] ui_switch_key suspend[0m
[32m[I/voice] voice_msg num: 0[0m
[03:37:33.020325] --->
[32m[I/pms] pm_task_lock[0m
[32m[I/pms] pm_alarm, alm_cnt: 475[0m
[32m[I/pms] pm_thread, recved: 0x8[0m
[32m[I/pms] pm_event, evt_cnt: 475[0m
[03:37:58.072274] --->
[32m[I/ui] ui_switch_key suspend[0m
[32m[I/voice] voice_msg num: 0[0m
[32m[I/pms] pm_task_unlock[0m
[03:38:23.728208] --->
[32m[I/pms] pm_task_lock[0m
[32m[I/pms] pm_alarm, alm_cnt: 476[0m
[32m[I/pms] pm_thread, recved: 0x8[0m
[32m[I/pms] pm_event, evt_cnt: 476[0m
[03:38:48.783843] --->
[32m[I/ui] ui_switch_key suspend[0m
[32m[I/voice] voice_msg num: 0[0m
[32m[I/pms] pm_task_unlock[0m
[03:39:16.838874] --->
[32m[I/pms] pm_task_lock[0m
[32m[I/pms] pm_alarm, alm_cnt: 477[0m
[32m[I/pms] pm_thread, recved: 0x8[0m
[32m[I/pms] pm_event, evt_cnt: 477[0m
[03:39:41.890654] --->
[32m[I/ui] ui_switch_key suspend[0m
[32m[I/voice] voice_msg num: 0[0m
[32m[I/pms] pm_task_unlock[0m
[03:40:08.145399] --->
[32m[I/pms] pm_task_lock[0m
[32m[I/pms] pm_alarm, alm_cnt: 478[0m
[32m[I/pms] pm_thread, recved: 0x8[0m
[32m[I/pms] pm_event, evt_cnt: 478[0m
[03:40:33.197134] --->
[32m[I/ui] ui_switch_key suspend[0m
[32m[I/voice] voice_msg num: 0[0m
[32m[I/pms] pm_task_unlock[0m
[03:41:23.306661] --->
[32m[I/ui] ui_switch_key suspend[0m
[32m[I/voice] voice_msg num: 0[0m
[32m[I/pms] pm_task_lock[0m
[32m[I/pms] pm_alarm, alm_cnt: 479[0m
[32m[I/pms] pm_thread, recved: 0x8[0m
[32m[I/pms] pm_event, evt_cnt: 479[0m
[32m[I/pms] pm_task_unlock[0m
[03:42:14.014027] --->
[32m[I/ui] ui_switch_key suspend[0m
[32m[I/voice] voice_msg num: 0[0m
[32m[I/pms] pm_task_lock[0m
[32m[I/pms] pm_alarm, alm_cnt: 480[0m
[32m[I/pms] pm_thread, recved: 0x8[0m
[32m[I/pms] pm_event, evt_cnt: 480[0m
[32m[I/pms] pm_task_unlock[0m
[03:43:07.426989] --->
[32m[I/ui] ui_switch_key suspend[0m
[32m[I/voice] voice_msg num: 0[0m
[32m[I/pms] pm_task_lock[0m
[32m[I/pms] pm_alarm, alm_cnt: 481[0m
[32m[I/pms] pm_thread, recved: 0x8[0m
[32m[I/pms] pm_event, evt_cnt: 481[0m
[32m[I/pms] pm_task_unlock[0m
[03:43:30.489580] --->
[32m[I/voice] voice_msg num: 9[0m
[03:44:20.548035] --->
[32m[I/ui] ui_switch_key suspend[0m
[32m[I/voice] voice_msg num: 0[0m
[32m[I/pms] pm_task_lock[0m
[32m[I/pms] pm_alarm, alm_cnt: 482[0m
[32m[I/pms] pm_thread, recved: 0x8[0m
[32m[I/pms] pm_event, evt_cnt: 482[0m
[32m[I/pms] pm_task_unlock[0m
[03:45:13.554254] --->
[32m[I/ui] ui_switch_key suspend[0m
[32m[I/voice] voice_msg num: 0[0m
[32m[I/pms] pm_task_lock[0m
[32m[I/pms] pm_alarm, alm_cnt: 483[0m
[32m[I/pms] pm_thread, recved: 0x8[0m
[32m[I/pms] pm_event, evt_cnt: 483[0m
[32m[I/pms] pm_task_unlock[0m
[03:46:08.165851] --->
[32m[I/ui] ui_switch_key suspend[0m
[32m[I/voice] voice_msg num: 0[0m
[32m[I/pms] pm_task_lock[0m
[32m[I/pms] pm_alarm, alm_cnt: 484[0m
[32m[I/pms] pm_thread, recved: 0x8[0m
[32m[I/pms] pm_event, evt_cnt: 484[0m
[32m[I/pms] pm_task_unlock[0m
[03:46:58.573692] --->
[32m[I/ui] ui_switch_key suspend[0m
[32m[I/voice] voice_msg num: 0[0m
[03:47:27.927805] --->
[32m[I/pms] pm_task_lock[0m
[32m[I/pms] pm_alarm, alm_cnt: 485[0m
[32m[I/pms] pm_thread, recved: 0x8[0m
[32m[I/pms] pm_event, evt_cnt: 485[0m
[03:47:52.981278] --->
[32m[I/ui] ui_switch_key suspend[0m
[32m[I/voice] voice_msg num: 0[0m
[32m[I/pms] pm_task_unlock[0m
[03:48:21.536253] --->
[32m[I/pms] pm_task_lock[0m
[32m[I/pms] pm_alarm, alm_cnt: 486[0m
[32m[I/pms] pm_thread, recved: 0x8[0m
[32m[I/pms] pm_event, evt_cnt: 486[0m
[03:48:46.589566] --->
[32m[I/ui] ui_switch_key suspend[0m
[32m[I/voice] voice_msg num: 0[0m
[32m[I/pms] pm_task_unlock[0m
[03:49:14.845910] --->
[32m[I/pms] pm_task_lock[0m
[32m[I/pms] pm_alarm, alm_cnt: 487[0m
[32m[I/pms] pm_thread, recved: 0x8[0m
[32m[I/pms] pm_event, evt_cnt: 487[0m
[03:49:39.898542] --->
[32m[I/ui] ui_switch_key suspend[0m
[32m[I/voice] voice_msg num: 0[0m
[32m[I/pms] pm_task_unlock[0m
[03:50:09.050431] --->
[32m[I/pms] pm_task_lock[0m
[32m[I/pms] pm_alarm, alm_cnt: 488[0m
[32m[I/pms] pm_thread, recved: 0x8[0m
[32m[I/pms] pm_event, evt_cnt: 488[0m
[03:50:34.104753] --->
[32m[I/ui] ui_switch_key suspend[0m
[32m[I/voice] voice_msg num: 0[0m
[32m[I/pms] pm_task_unlock[0m
[03:51:02.356864] --->
[32m[I/pms] pm_task_lock[0m
[32m[I/pms] pm_alarm, alm_cnt: 489[0m
[32m[I/pms] pm_thread, recved: 0x8[0m
[32m[I/pms] pm_event, evt_cnt: 489[0m
[03:51:27.412216] --->
[32m[I/ui] ui_switch_key suspend[0m
[32m[I/voice] voice_msg num: 0[0m
[32m[I/pms] pm_task_unlock[0m
[03:52:19.917141] --->
[32m[I/ui] ui_switch_key suspend[0m
[32m[I/voice] voice_msg num: 0[0m
[32m[I/pms] pm_task_lock[0m
[32m[I/pms] pm_alarm, alm_cnt: 490[0m
[32m[I/pms] pm_thread, recved: 0x8[0m
[32m[I/pms] pm_event, evt_cnt: 490[0m
[32m[I/pms] pm_task_unlock[0m
[03:53:14.426045] --->
[32m[I/ui] ui_switch_key suspend[0m
[32m[I/voice] voice_msg num: 0[0m
[32m[I/pms] pm_task_lock[0m
[32m[I/pms] pm_alarm, alm_cnt: 491[0m
[32m[I/pms] pm_thread, recved: 0x8[0m
[32m[I/pms] pm_event, evt_cnt: 491[0m
[32m[I/pms] pm_task_unlock[0m
[03:54:05.133388] --->
[32m[I/ui] ui_switch_key suspend[0m
[32m[I/voice] voice_msg num: 0[0m
[32m[I/pms] pm_task_lock[0m
[32m[I/pms] pm_alarm, alm_cnt: 492[0m
[32m[I/pms] pm_thread, recved: 0x8[0m
[32m[I/pms] pm_event, evt_cnt: 492[0m
[32m[I/pms] pm_task_unlock[0m
[03:54:57.741419] --->
[32m[I/ui] ui_switch_key suspend[0m
[32m[I/voice] voice_msg num: 0[0m
[32m[I/pms] pm_task_lock[0m
[32m[I/pms] pm_alarm, alm_cnt: 493[0m
[32m[I/pms] pm_thread, recved: 0x8[0m
[32m[I/pms] pm_event, evt_cnt: 493[0m
[03:55:51.653824] --->
[32m[I/ui] ui_switch_key suspend[0m
[32m[I/voice] voice_msg num: 0[0m
[32m[I/pms] pm_task_unlock[0m
[03:56:21.209123] --->
[32m[I/pms] pm_task_lock[0m
[32m[I/pms] pm_alarm, alm_cnt: 494[0m
[32m[I/pms] pm_thread, recved: 0x8[0m
[32m[I/pms] pm_event, evt_cnt: 494[0m
[03:56:46.262687] --->
[32m[I/ui] ui_switch_key suspend[0m
[32m[I/voice] voice_msg num: 0[0m
[32m[I/pms] pm_task_unlock[0m
[03:57:15.115249] --->
[32m[I/pms] pm_task_lock[0m
[32m[I/pms] pm_alarm, alm_cnt: 495[0m
[32m[I/pms] pm_thread, recved: 0x8[0m
[32m[I/pms] pm_event, evt_cnt: 495[0m
[03:57:40.171780] --->
[32m[I/ui] ui_switch_key suspend[0m
[32m[I/voice] voice_msg num: 0[0m
[32m[I/pms] pm_task_unlock[0m
[03:58:08.726215] --->
[32m[I/pms] pm_task_lock[0m
[32m[I/pms] pm_alarm, alm_cnt: 496[0m
[32m[I/pms] pm_thread, recved: 0x8[0m
[32m[I/pms] pm_event, evt_cnt: 496[0m
[03:58:33.779340] --->
[32m[I/ui] ui_switch_key suspend[0m
[32m[I/voice] voice_msg num: 0[0m
[32m[I/pms] pm_task_unlock[0m
[03:59:01.134582] --->
[32m[I/pms] pm_task_lock[0m
[32m[I/pms] pm_alarm, alm_cnt: 497[0m
[32m[I/pms] pm_thread, recved: 0x8[0m
[32m[I/pms] pm_event, evt_cnt: 497[0m
[03:59:26.189813] --->
[32m[I/ui] ui_switch_key suspend[0m
[32m[I/voice] voice_msg num: 0[0m
[32m[I/pms] pm_task_unlock[0m
[03:59:55.247055] --->
[32m[I/pms] pm_task_lock[0m
[32m[I/pms] pm_alarm, alm_cnt: 498[0m
[32m[I/pms] pm_thread, recved: 0x8[0m
[32m[I/pms] pm_event, evt_cnt: 498[0m
[04:00:20.303331] --->
[32m[I/ui] ui_switch_key suspend[0m
[32m[I/voice] voice_msg num: 0[0m
[32m[I/pms] pm_task_unlock[0m
[04:01:13.710855] --->
[32m[I/ui] ui_switch_key suspend[0m
[32m[I/voice] voice_msg num: 0[0m
[32m[I/pms] pm_task_lock[0m
[32m[I/pms] pm_alarm, alm_cnt: 499[0m
[32m[I/pms] pm_thread, recved: 0x8[0m
[32m[I/pms] pm_event, evt_cnt: 499[0m
[32m[I/pms] pm_task_unlock[0m
[04:02:07.820354] --->
[32m[I/ui] ui_switch_key suspend[0m
[32m[I/voice] voice_msg num: 0[0m
[32m[I/pms] pm_task_lock[0m
[32m[I/pms] pm_alarm, alm_cnt: 500[0m
[32m[I/pms] pm_thread, recved: 0x8[0m
[32m[I/pms] pm_event, evt_cnt: 500[0m
[32m[I/pms] pm_task_unlock[0m
[04:03:01.024553] --->
[32m[I/ui] ui_switch_key suspend[0m
[32m[I/voice] voice_msg num: 0[0m
[32m[I/pms] pm_task_lock[0m
[32m[I/pms] pm_alarm, alm_cnt: 501[0m
[32m[I/pms] pm_thread, recved: 0x8[0m
[32m[I/pms] pm_event, evt_cnt: 501[0m
[32m[I/pms] pm_task_unlock[0m
[04:03:14.896559] --->
[32m[I/voice] voice_msg num: 9[0m
[04:04:04.951016] --->
[32m[I/ui] ui_switch_key suspend[0m
[32m[I/voice] voice_msg num: 0[0m
[32m[I/pms] pm_task_lock[0m
[32m[I/pms] pm_alarm, alm_cnt: 502[0m
[32m[I/pms] pm_thread, recved: 0x8[0m
[32m[I/pms] pm_event, evt_cnt: 502[0m
[32m[I/pms] pm_task_unlock[0m
[04:04:56.660065] --->
[32m[I/ui] ui_switch_key suspend[0m
[32m[I/voice] voice_msg num: 0[0m
[32m[I/pms] pm_task_lock[0m
[32m[I/pms] pm_alarm, alm_cnt: 503[0m
[32m[I/pms] pm_thread, recved: 0x8[0m
[32m[I/pms] pm_event, evt_cnt: 503[0m
[32m[I/pms] pm_task_unlock[0m
[04:05:49.168419] --->
[32m[I/ui] ui_switch_key suspend[0m
[32m[I/voice] voice_msg num: 0[0m
[32m[I/pms] pm_task_lock[0m
[32m[I/pms] pm_alarm, alm_cnt: 504[0m
[32m[I/pms] pm_thread, recved: 0x8[0m
[32m[I/pms] pm_event, evt_cnt: 504[0m
[04:06:41.573582] --->
[32m[I/ui] ui_switch_key suspend[0m
[32m[I/voice] voice_msg num: 0[0m
[32m[I/pms] pm_task_unlock[0m
[04:07:10.926156] --->
[32m[I/pms] pm_task_lock[0m
[32m[I/pms] pm_alarm, alm_cnt: 505[0m
[32m[I/pms] pm_thread, recved: 0x8[0m
[32m[I/pms] pm_event, evt_cnt: 505[0m
[04:07:35.977513] --->
[32m[I/ui] ui_switch_key suspend[0m
[32m[I/voice] voice_msg num: 0[0m
[32m[I/pms] pm_task_unlock[0m
[04:08:02.932105] --->
[32m[I/pms] pm_task_lock[0m
[32m[I/pms] pm_alarm, alm_cnt: 506[0m
[32m[I/pms] pm_thread, recved: 0x8[0m
[32m[I/pms] pm_event, evt_cnt: 506[0m
[04:08:27.984138] --->
[32m[I/ui] ui_switch_key suspend[0m
[32m[I/voice] voice_msg num: 0[0m
[32m[I/pms] pm_task_unlock[0m
[04:08:56.439041] --->
[32m[I/pms] pm_task_lock[0m
[32m[I/pms] pm_alarm, alm_cnt: 507[0m
[32m[I/pms] pm_thread, recved: 0x8[0m
[32m[I/pms] pm_event, evt_cnt: 507[0m
[04:09:21.494694] --->
[32m[I/ui] ui_switch_key suspend[0m
[32m[I/voice] voice_msg num: 0[0m
[32m[I/pms] pm_task_unlock[0m
[04:09:48.747104] --->
[32m[I/pms] pm_task_lock[0m
[32m[I/pms] pm_alarm, alm_cnt: 508[0m
[32m[I/pms] pm_thread, recved: 0x8[0m
[32m[I/pms] pm_event, evt_cnt: 508[0m
[04:10:13.798927] --->
[32m[I/ui] ui_switch_key suspend[0m
[32m[I/voice] voice_msg num: 0[0m
[32m[I/pms] pm_task_unlock[0m
[04:11:05.503822] --->
[32m[I/ui] ui_switch_key suspend[0m
[32m[I/voice] voice_msg num: 0[0m
[32m[I/pms] pm_task_lock[0m
[32m[I/pms] pm_alarm, alm_cnt: 509[0m
[32m[I/pms] pm_thread, recved: 0x8[0m
[32m[I/pms] pm_event, evt_cnt: 509[0m
[32m[I/pms] pm_task_unlock[0m
[04:11:07.374094] --->
[32m[I/voice] voice_msg num: 9[0m
[04:11:57.433163] --->
[32m[I/ui] ui_switch_key suspend[0m
[32m[I/voice] voice_msg num: 0[0m
[32m[I/pms] pm_task_lock[0m
[32m[I/pms] pm_alarm, alm_cnt: 510[0m
[32m[I/pms] pm_thread, recved: 0x8[0m
[32m[I/pms] pm_event, evt_cnt: 510[0m
[32m[I/pms] pm_task_unlock[0m
[04:12:02.304748] --->
[32m[I/voice] voice_msg num: 9[0m
[04:12:52.363179] --->
[32m[I/ui] ui_switch_key suspend[0m
[32m[I/voice] voice_msg num: 0[0m
[32m[I/pms] pm_task_lock[0m
[32m[I/pms] pm_alarm, alm_cnt: 511[0m
[32m[I/pms] pm_thread, recved: 0x8[0m
[32m[I/pms] pm_event, evt_cnt: 511[0m
[32m[I/pms] pm_task_unlock[0m
[04:13:45.871867] --->
[32m[I/ui] ui_switch_key suspend[0m
[32m[I/voice] voice_msg num: 0[0m
[32m[I/pms] pm_task_lock[0m
[32m[I/pms] pm_alarm, alm_cnt: 512[0m
[32m[I/pms] pm_thread, recved: 0x8[0m
[32m[I/pms] pm_event, evt_cnt: 512[0m
[04:14:38.476045] --->
[32m[I/ui] ui_switch_key suspend[0m
[32m[I/voice] voice_msg num: 0[0m
[32m[I/pms] pm_task_unlock[0m
[04:15:04.232710] --->
[32m[I/pms] pm_task_lock[0m
[32m[I/pms] pm_alarm, alm_cnt: 513[0m
[32m[I/pms] pm_thread, recved: 0x8[0m
[32m[I/pms] pm_event, evt_cnt: 513[0m
[04:15:29.288223] --->
[32m[I/ui] ui_switch_key suspend[0m
[32m[I/voice] voice_msg num: 0[0m
[32m[I/pms] pm_task_unlock[0m
[04:15:58.242547] --->
[32m[I/pms] pm_task_lock[0m
[32m[I/pms] pm_alarm, alm_cnt: 514[0m
[32m[I/pms] pm_thread, recved: 0x8[0m
[32m[I/pms] pm_event, evt_cnt: 514[0m
[04:16:23.297928] --->
[32m[I/ui] ui_switch_key suspend[0m
[32m[I/voice] voice_msg num: 0[0m
[32m[I/pms] pm_task_unlock[0m
[04:16:52.052890] --->
[32m[I/pms] pm_task_lock[0m
[32m[I/pms] pm_alarm, alm_cnt: 515[0m
[32m[I/pms] pm_thread, recved: 0x8[0m
[32m[I/pms] pm_event, evt_cnt: 515[0m
[04:17:17.108008] --->
[32m[I/ui] ui_switch_key suspend[0m
[32m[I/voice] voice_msg num: 0[0m
[32m[I/pms] pm_task_unlock[0m
[04:17:46.865027] --->
[32m[I/pms] pm_task_lock[0m
[32m[I/pms] pm_alarm, alm_cnt: 516[0m
[32m[I/pms] pm_thread, recved: 0x8[0m
[32m[I/pms] pm_event, evt_cnt: 516[0m
[04:18:11.921191] --->
[32m[I/ui] ui_switch_key suspend[0m
[32m[I/voice] voice_msg num: 0[0m
[32m[I/pms] pm_task_unlock[0m
[04:19:04.426403] --->
[32m[I/ui] ui_switch_key suspend[0m
[32m[I/voice] voice_msg num: 0[0m
[32m[I/pms] pm_task_lock[0m
[32m[I/pms] pm_alarm, alm_cnt: 517[0m
[32m[I/pms] pm_thread, recved: 0x8[0m
[32m[I/pms] pm_event, evt_cnt: 517[0m
[32m[I/pms] pm_task_unlock[0m
[04:19:55.232933] --->
[32m[I/ui] ui_switch_key suspend[0m
[32m[I/voice] voice_msg num: 0[0m
[32m[I/pms] pm_task_lock[0m
[32m[I/pms] pm_alarm, alm_cnt: 518[0m
[32m[I/pms] pm_thread, recved: 0x8[0m
[32m[I/pms] pm_event, evt_cnt: 518[0m
[32m[I/pms] pm_task_unlock[0m
[04:20:49.345072] --->
[32m[I/ui] ui_switch_key suspend[0m
[32m[I/voice] voice_msg num: 0[0m
[32m[I/pms] pm_task_lock[0m
[32m[I/pms] pm_alarm, alm_cnt: 519[0m
[32m[I/pms] pm_thread, recved: 0x8[0m
[32m[I/pms] pm_event, evt_cnt: 519[0m
[32m[I/pms] pm_task_unlock[0m
[04:21:39.753915] --->
[32m[I/ui] ui_switch_key suspend[0m
[32m[I/voice] voice_msg num: 0[0m
[04:22:09.010824] --->
[32m[I/pms] pm_task_lock[0m
[32m[I/pms] pm_alarm, alm_cnt: 520[0m
[32m[I/pms] pm_thread, recved: 0x8[0m
[32m[I/pms] pm_event, evt_cnt: 520[0m
[04:22:34.063329] --->
[32m[I/ui] ui_switch_key suspend[0m
[32m[I/voice] voice_msg num: 0[0m
[32m[I/pms] pm_task_unlock[0m
[04:23:01.519262] --->
[32m[I/pms] pm_task_lock[0m
[32m[I/pms] pm_alarm, alm_cnt: 521[0m
[32m[I/pms] pm_thread, recved: 0x8[0m
[32m[I/pms] pm_event, evt_cnt: 521[0m
[04:23:26.571079] --->
[32m[I/ui] ui_switch_key suspend[0m
[32m[I/voice] voice_msg num: 0[0m
[32m[I/pms] pm_task_unlock[0m
[04:23:55.226565] --->
[32m[I/pms] pm_task_lock[0m
[32m[I/pms] pm_alarm, alm_cnt: 522[0m
[32m[I/pms] pm_thread, recved: 0x8[0m
[32m[I/pms] pm_event, evt_cnt: 522[0m
[04:24:20.279468] --->
[32m[I/ui] ui_switch_key suspend[0m
[32m[I/voice] voice_msg num: 0[0m
[32m[I/pms] pm_task_unlock[0m
[04:24:46.431727] --->
[32m[I/pms] pm_task_lock[0m
[32m[I/pms] pm_alarm, alm_cnt: 523[0m
[32m[I/pms] pm_thread, recved: 0x8[0m
[32m[I/pms] pm_event, evt_cnt: 523[0m
[04:25:11.485748] --->
[32m[I/ui] ui_switch_key suspend[0m
[32m[I/voice] voice_msg num: 0[0m
[32m[I/pms] pm_task_unlock[0m
[04:26:01.695659] --->
[32m[I/ui] ui_switch_key suspend[0m
[32m[I/voice] voice_msg num: 0[0m
[32m[I/pms] pm_task_lock[0m
[32m[I/pms] pm_alarm, alm_cnt: 524[0m
[32m[I/pms] pm_thread, recved: 0x8[0m
[32m[I/pms] pm_event, evt_cnt: 524[0m
[32m[I/pms] pm_task_unlock[0m
[04:26:55.901695] --->
[32m[I/ui] ui_switch_key suspend[0m
[32m[I/voice] voice_msg num: 0[0m
[32m[I/pms] pm_task_lock[0m
[32m[I/pms] pm_alarm, alm_cnt: 525[0m
[32m[I/pms] pm_thread, recved: 0x8[0m
[32m[I/pms] pm_event, evt_cnt: 525[0m
[32m[I/pms] pm_task_unlock[0m
[04:27:47.907036] --->
[32m[I/ui] ui_switch_key suspend[0m
[32m[I/voice] voice_msg num: 0[0m
[32m[I/pms] pm_task_lock[0m
[32m[I/pms] pm_alarm, alm_cnt: 526[0m
[32m[I/pms] pm_thread, recved: 0x8[0m
[32m[I/pms] pm_event, evt_cnt: 526[0m
[32m[I/pms] pm_task_unlock[0m
[04:28:42.715971] --->
[32m[I/ui] ui_switch_key suspend[0m
[32m[I/voice] voice_msg num: 0[0m
[32m[I/pms] pm_task_lock[0m
[32m[I/pms] pm_alarm, alm_cnt: 527[0m
[32m[I/pms] pm_thread, recved: 0x8[0m
[32m[I/pms] pm_event, evt_cnt: 527[0m
[32m[I/pms] pm_task_unlock[0m
[04:29:35.222476] --->
[32m[I/ui] ui_switch_key suspend[0m
[32m[I/voice] voice_msg num: 0[0m
[04:30:02.477993] --->
[32m[I/pms] pm_task_lock[0m
[32m[I/pms] pm_alarm, alm_cnt: 528[0m
[32m[I/pms] pm_thread, recved: 0x8[0m
[32m[I/pms] pm_event, evt_cnt: 528[0m
[04:30:27.534527] --->
[32m[I/ui] ui_switch_key suspend[0m
[32m[I/voice] voice_msg num: 0[0m
[32m[I/pms] pm_task_unlock[0m
[04:30:52.686837] --->
[32m[I/pms] pm_task_lock[0m
[32m[I/pms] pm_alarm, alm_cnt: 529[0m
[32m[I/pms] pm_thread, recved: 0x8[0m
[32m[I/pms] pm_event, evt_cnt: 529[0m
[04:31:17.738319] --->
[32m[I/ui] ui_switch_key suspend[0m
[32m[I/voice] voice_msg num: 0[0m
[32m[I/pms] pm_task_unlock[0m
[04:31:46.090743] --->
[32m[I/pms] pm_task_lock[0m
[32m[I/pms] pm_alarm, alm_cnt: 530[0m
[32m[I/pms] pm_thread, recved: 0x8[0m
[32m[I/pms] pm_event, evt_cnt: 530[0m
[04:32:11.145986] --->
[32m[I/ui] ui_switch_key suspend[0m
[32m[I/voice] voice_msg num: 0[0m
[32m[I/pms] pm_task_unlock[0m
[04:32:38.902255] --->
[32m[I/pms] pm_task_lock[0m
[32m[I/pms] pm_alarm, alm_cnt: 531[0m
[32m[I/pms] pm_thread, recved: 0x8[0m
[32m[I/pms] pm_event, evt_cnt: 531[0m
[04:33:03.954823] --->
[32m[I/ui] ui_switch_key suspend[0m
[32m[I/voice] voice_msg num: 0[0m
[32m[I/pms] pm_task_unlock[0m
[04:33:56.762764] --->
[32m[I/ui] ui_switch_key suspend[0m
[32m[I/voice] voice_msg num: 0[0m
[32m[I/pms] pm_task_lock[0m
[32m[I/pms] pm_alarm, alm_cnt: 532[0m
[32m[I/pms] pm_thread, recved: 0x8[0m
[32m[I/pms] pm_event, evt_cnt: 532[0m
[32m[I/pms] pm_task_unlock[0m
[04:34:47.572032] --->
[32m[I/ui] ui_switch_key suspend[0m
[32m[I/voice] voice_msg num: 0[0m
[32m[I/pms] pm_task_lock[0m
[32m[I/pms] pm_alarm, alm_cnt: 533[0m
[32m[I/pms] pm_thread, recved: 0x8[0m
[32m[I/pms] pm_event, evt_cnt: 533[0m
[32m[I/pms] pm_task_unlock[0m
[04:35:01.338925] --->
[32m[I/voice] voice_msg num: 9[0m
[04:35:51.395261] --->
[32m[I/ui] ui_switch_key suspend[0m
[32m[I/voice] voice_msg num: 0[0m
[32m[I/pms] pm_task_lock[0m
[32m[I/pms] pm_alarm, alm_cnt: 534[0m
[32m[I/pms] pm_thread, recved: 0x8[0m
[32m[I/pms] pm_event, evt_cnt: 534[0m
[32m[I/pms] pm_task_unlock[0m
[04:36:17.566109] --->
[32m[I/voice] voice_msg num: 9[0m
[04:36:42.566286] --->
[32m[I/pms] pm_task_lock[0m
[32m[I/pms] pm_alarm, alm_cnt: 535[0m
[32m[I/pms] pm_thread, recved: 0x8[0m
[32m[I/pms] pm_event, evt_cnt: 535[0m
[04:37:07.620418] --->
[32m[I/ui] ui_switch_key suspend[0m
[32m[I/voice] voice_msg num: 0[0m
[32m[I/pms] pm_task_unlock[0m
[04:37:35.972984] --->
[32m[I/pms] pm_task_lock[0m
[32m[I/pms] pm_alarm, alm_cnt: 536[0m
[32m[I/pms] pm_thread, recved: 0x8[0m
[32m[I/pms] pm_event, evt_cnt: 536[0m
[04:38:01.024598] --->
[32m[I/ui] ui_switch_key suspend[0m
[32m[I/voice] voice_msg num: 0[0m
[32m[I/pms] pm_task_unlock[0m
[04:38:55.637404] --->
[32m[I/pms] pm_task_lock[0m
[32m[I/pms] pm_alarm, alm_cnt: 537[0m
[32m[I/pms] pm_thread, recved: 0x8[0m
[32m[I/pms] pm_event, evt_cnt: 537[0m
[32m[I/ui] ui_switch_key suspend[0m
[32m[I/voice] voice_msg num: 0[0m
[32m[I/pms] pm_task_unlock[0m
[04:39:50.444562] --->
[32m[I/ui] ui_switch_key suspend[0m
[32m[I/voice] voice_msg num: 0[0m
[32m[I/pms] pm_task_lock[0m
[32m[I/pms] pm_alarm, alm_cnt: 538[0m
[32m[I/pms] pm_thread, recved: 0x8[0m
[32m[I/pms] pm_event, evt_cnt: 538[0m
[32m[I/pms] pm_task_unlock[0m
[04:40:41.550892] --->
[32m[I/ui] ui_switch_key suspend[0m
[32m[I/voice] voice_msg num: 0[0m
[32m[I/pms] pm_task_lock[0m
[32m[I/pms] pm_alarm, alm_cnt: 539[0m
[32m[I/pms] pm_thread, recved: 0x8[0m
[32m[I/pms] pm_event, evt_cnt: 539[0m
[32m[I/pms] pm_task_unlock[0m
[04:41:35.855719] --->
[32m[I/ui] ui_switch_key suspend[0m
[32m[I/voice] voice_msg num: 0[0m
[32m[I/pms] pm_task_lock[0m
[32m[I/pms] pm_alarm, alm_cnt: 540[0m
[32m[I/pms] pm_thread, recved: 0x8[0m
[32m[I/pms] pm_event, evt_cnt: 540[0m
[32m[I/ota] start new version query![0m
[32m[I/pms] sleep failed, tsk_id: 8[0m
[04:42:04.108440] --->
[32m[I/ota] psr: 0x01000000
r00: 0xdeadbeef
r01: 0x00000000
r02: 0x00000043
r03: 0x0000000a
r04: 0x20005193
r05: 0x00000000
r06: 0xffffffff
r07: 0x2000527f
r08: 0x20005180
r09: 0x00000020
r10: 0x000000ff
r11: 0xffffffff
r12: 0x00000000
lr: 0xffffffff
pc: 0x08033f22
hard fault on thread: ota_svc

thread       pri  status      sp     stack size max used left tick   error  tcb addr
------------ ---  ------- ---------- ----------  ------  ---------- ------- ----------
slog_svc      22  suspend 0x00000140 0x00000800    37%   0x00000001 EINTRPT 0x20014900
motor_tx       6  suspend 0x00000128 0x00000800    32%   0x00000004 EINTRPT 0x20014000
motor_rx       5  suspend 0x0000029c 0x00000800    34%   0x00000009 EINTRPT 0x200136c4
ota_svc       20  running 0x000000bc 0x00000800    12%   0x00000001 OK      0x200124ec
key_pad       12  suspend 0x00000094 0x00000400    24%   0x00000004 EINTRPT 0x20011fec
ui_show        7  suspend 0x0000014c 0x00000400    74%   0x00000005 EINTRPT 0x20011afc
voice_play     8  suspend 0x000000ac 0x00000200    50%   0x00000002 EINTRPT 0x20011794
iot_tx        15  suspend 0x000000bc 0x00000800    12%   0x0000000a EINTRPT 0x20010e94
iot_rx        14  suspend 0x000000d0 0x00000800    12%   0x00000001 EINTRPT 0x20010500
pm_svc        30  suspend 0x000000d4 0x00000400    43%   0x00000004 EINTRPT 0x20010004
at_clnt0       9  suspend 0x000000b4 0x00000a00    07%   0x00000005 EINTRPT 0x2000d38c
tshell        20  suspend 0x0000009c 0x00001000    04%   0x00000003 EINTRPT 0x2000b43c
ble_rx        12  suspend 0x000001e4 0x00000400    61%   0x00000008 EINTRPT 0x2000ad34
alarmsvc      10  suspend 0x000000c8 0x00000800    19%   0x00000001 EINTRPT 0x20009ad8
sys workq     23  suspend 0x00000068 0x00000800    08%   0x0000000a OK      0x20009220
tidle0        31  ready   0x00000064 0x00000400    17%   0x00000007 OK      0x20004cd0
timer          4  suspend 0x00000118 0x00000200    71%   0x00000007 EINTRPT 0x200053b8
main          10  suspend 0x00000120 0x00000800    20%   0x00000008 EINTRPT 0x20008910
bus fault:
SCB_CFSR_BFSR:0x82 PRECISERR SCB->BFAR:DEADBEEF
(0) assertion failed at function:rt_hw_hard_fault_exception, line number:428
rt_backtrace is not implemented
  \ | /
- RT -     Thread Operating System
/ | \     5.1.0 build Mar 20 2026 17:00:39
2006 - 2024 Copyright by RT-Thread team
rtc initialize success.
adc_vol, adc1 run success!
adc_vol, adc2 run success!
adc_vol, bms run success!
[32m[I/sal.skt] Socket Abstraction Layer initialize success.[0m
hwtimer, timer7 run success!
rtc clock source is set lsi!
RTC: set wkup 12000
watchdog, iwdg run success!
[32m[I/at.clnt] AT client(V1.3.1) on device usart1 initialize success.[0m
[32m[I/at.dev.ec200x] start init ec200x device.[0m
[33m[W/fs01] The version: V0452R336C01L0[0m
[32m[I/handle_bar] bar_value :2029[0m
Password for login:
[32m[I/pms] pm_svc_init...[0m
[32m[I/jmiot] iot_svc_init...[0m
[32m[I/jmiot] GPRS is not registration (Rx)[0m
[32m[I/voice] voice_svc_init...[0m
[32m[I/ui] ui_app_init...[0m
[32m[I/gkey] gkey_init...[0m
[32m[I/radar] radar_svc_init...[0m
[32m[I/radar] radar_svc_init, aeb feature not enable ![0m
[32m[I/ota] ota_svc_init...[0m
[32m[I/motor] motor_svc_init...[0m
[32m[I/slog] slog_svc_init...[0m
RTC: set alarm - a
[31m[E/at.clnt] wait AT client(usart1) connect timeout(10000 tick).[0m
[32m[I/at.dev.ec200x] ec200x device initialize retry 4...[0m
[31m[E/at.clnt] wait AT client(usart1) connect timeout(10000 tick).[0m
[32m[I/at.dev.ec200x] ec200x device initialize retry 3...[0m
[04:42:29.160763] --->
[32m[I/power_on] power_off_system[0m
   }|]]}}\\\ ]|\]\t||| 
[04:42:55.813117] --->
  \ | /
- RT -     Thread Operating System
/ | \     5.1.0 build Mar 20 2026 17:00:39
2006 - 2024 Copyright by RT-Thread team
rtc initialize success.
adc_vol, adc1 run success!
adc_vol, adc2 run success!
adc_vol, bms run success!
[32m[I/sal.skt] Socket Abstraction Layer initialize success.[0m
hwtimer, timer7 run success!
rtc clock source is set lsi!
RTC: set wkup 12000
watchdog, iwdg run success!
[32m[I/at.clnt] AT client(V1.3.1) on device usart1 initialize success.[0m
[32m[I/at.dev.ec200x] start init ec200x device.[0m
[33m[W/fs01] The version: V0452R336C01L0[0m
[32m[I/handle_bar] bar_value :2030[0m
Password for login:
[32m[I/pms] pm_svc_init...[0m
[32m[I/jmiot] iot_svc_init...[0m
[32m[I/jmiot] GPRS is not registration (Rx)[0m
[32m[I/voice] voice_svc_init...[0m
[32m[I/ui] ui_app_init...[0m
[32m[I/gkey] gkey_init...[0m
[32m[I/radar] radar_svc_init...[0m
[32m[I/radar] radar_svc_init, aeb feature not enable ![0m
[32m[I/ota] ota_svc_init...[0m
[32m[I/motor] motor_svc_init...[0m
[32m[I/slog] slog_svc_init...[0m
RTC: set alarm - a
[31m[E/at.clnt] wait AT client(usart1) connect timeout(10000 tick).[0m
[32m[I/at.dev.ec200x] ec200x device initialize retry 4...[0m
[31m[E/at.clnt] wait AT client(usart1) connect timeout(10000 tick).[0m
[32m[I/at.dev.ec200x] ec200x device initialize retry 3...[0m
[04:43:20.867592] --->
[32m[I/power_on] power_off_system[0m
     
[04:43:46.822419] --->
  \ | /
- RT -     Thread Operating System
/ | \     5.1.0 build Mar 20 2026 17:00:39
2006 - 2024 Copyright by RT-Thread team
rtc initialize success.
adc_vol, adc1 run success!
adc_vol, adc2 run success!
adc_vol, bms run success!
[32m[I/sal.skt] Socket Abstraction Layer initialize success.[0m
hwtimer, timer7 run success!
rtc clock source is set lsi!
RTC: set wkup 12000
watchdog, iwdg run success!
[32m[I/at.clnt] AT client(V1.3.1) on device usart1 initialize success.[0m
[32m[I/at.dev.ec200x] start init ec200x device.[0m
[33m[W/fs01] The version: V0452R336C01L0[0m
[32m[I/handle_bar] bar_value :2029[0m
Password for login:
[32m[I/pms] pm_svc_init...[0m
[32m[I/jmiot] iot_svc_init...[0m
[32m[I/jmiot] GPRS is not registration (Rx)[0m
[32m[I/voice] voice_svc_init...[0m
[32m[I/ui] ui_app_init...[0m
[32m[I/gkey] gkey_init...[0m
[32m[I/radar] radar_svc_init...[0m
[32m[I/radar] radar_svc_init, aeb feature not enable ![0m
[32m[I/ota] ota_svc_init...[0m
[32m[I/motor] motor_svc_init...[0m
[32m[I/slog] slog_svc_init...[0m
RTC: set alarm - a
[31m[E/at.clnt] wait AT client(usart1) connect timeout(10000 tick).[0m
[32m[I/at.dev.ec200x] ec200x device initialize retry 4...[0m
[31m[E/at.clnt] wait AT client(usart1) connect timeout(10000 tick).[0m
[32m[I/at.dev.ec200x] ec200x device initialize retry 3...[0m
[04:44:11.876610] --->
[32m[I/power_on] power_off_system[0m
[32m[I/power_on] power_off_system[0m
   |}\|\||||||\||(<| 
[04:44:39.232894] --->
  \ | /
- RT -     Thread Operating System
/ | \     5.1.0 build Mar 20 2026 17:00:39
2006 - 2024 Copyright by RT-Thread team
rtc initialize success.
adc_vol, adc1 run success!
adc_vol, adc2 run success!
adc_vol, bms run success!
[32m[I/sal.skt] Socket Abstraction Layer initialize success.[0m
hwtimer, timer7 run success!
rtc clock source is set lsi!
RTC: set wkup 12000
watchdog, iwdg run success!
[32m[I/at.clnt] AT client(V1.3.1) on device usart1 initialize success.[0m
[32m[I/at.dev.ec200x] start init ec200x device.[0m
[33m[W/fs01] The version: V0452R336C01L0[0m
[32m[I/handle_bar] bar_value :2029[0m
Password for login:
[32m[I/pms] pm_svc_init...[0m
[32m[I/jmiot] iot_svc_init...[0m
[32m[I/jmiot] GPRS is not registration (Rx)[0m
[32m[I/voice] voice_svc_init...[0m
[32m[I/ui] ui_app_init...[0m
[32m[I/gkey] gkey_init...[0m
[32m[I/radar] radar_svc_init...[0m
[32m[I/radar] radar_svc_init, aeb feature not enable ![0m
[32m[I/ota] ota_svc_init...[0m
[32m[I/motor] motor_svc_init...[0m
[32m[I/slog] slog_svc_init...[0m
RTC: set alarm - a
[31m[E/at.clnt] wait AT client(usart1) connect timeout(10000 tick).[0m
[32m[I/at.dev.ec200x] ec200x device initialize retry 4...[0m
[31m[E/at.clnt] wait AT client(usart1) connect timeout(10000 tick).[0m
[32m[I/at.dev.ec200x] ec200x device initialize retry 3...[0m
[04:45:04.285188] --->
[32m[I/power_on] power_off_system[0m
[32m[I/power_on] power_off_system[0m
   _]| |}}| 
[04:45:30.541452] --->
  \ | /
- RT -     Thread Operating System
/ | \     5.1.0 build Mar 20 2026 17:00:39
2006 - 2024 Copyright by RT-Thread team
rtc initialize success.
adc_vol, adc1 run success!
adc_vol, adc2 run success!
adc_vol, bms run success!
[32m[I/sal.skt] Socket Abstraction Layer initialize success.[0m
hwtimer, timer7 run success!
rtc clock source is set lsi!
RTC: set wkup 12000
watchdog, iwdg run success!
[32m[I/at.clnt] AT client(V1.3.1) on device usart1 initialize success.[0m
[32m[I/at.dev.ec200x] start init ec200x device.[0m
[33m[W/fs01] The version: V0452R336C01L0[0m
[32m[I/handle_bar] bar_value :2029[0m
Password for login:
[32m[I/pms] pm_svc_init...[0m
[32m[I/jmiot] iot_svc_init...[0m
[32m[I/jmiot] GPRS is not registration (Rx)[0m
[32m[I/voice] voice_svc_init...[0m
[32m[I/ui] ui_app_init...[0m
[32m[I/gkey] gkey_init...[0m
[32m[I/radar] radar_svc_init...[0m
[32m[I/radar] radar_svc_init, aeb feature not enable ![0m
[32m[I/ota] ota_svc_init...[0m
[32m[I/motor] motor_svc_init...[0m
[32m[I/slog] slog_svc_init...[0m
RTC: set alarm - a
[31m[E/at.clnt] wait AT client(usart1) connect timeout(10000 tick).[0m
[32m[I/at.dev.ec200x] ec200x device initialize retry 4...[0m
[31m[E/at.clnt] wait AT client(usart1) connect timeout(10000 tick).[0m
[32m[I/at.dev.ec200x] ec200x device initialize retry 3...[0m
[04:45:55.594096] --->
[32m[I/power_on] power_off_system[0m
   }~    
[04:46:20.850469] --->
  \ | /
- RT -     Thread Operating System
/ | \     5.1.0 build Mar 20 2026 17:00:39
2006 - 2024 Copyright by RT-Thread team
rtc initialize success.
adc_vol, adc1 run success!
adc_vol, adc2 run success!
adc_vol, bms run success!
[32m[I/sal.skt] Socket Abstraction Layer initialize success.[0m
hwtimer, timer7 run success!
rtc clock source is set lsi!
RTC: set wkup 12000
watchdog, iwdg run success!
[32m[I/at.clnt] AT client(V1.3.1) on device usart1 initialize success.[0m
[32m[I/at.dev.ec200x] start init ec200x device.[0m
[33m[W/fs01] The version: V0452R336C01L0[0m
[32m[I/handle_bar] bar_value :2029[0m
Password for login:
[32m[I/pms] pm_svc_init...[0m
[32m[I/jmiot] iot_svc_init...[0m
[32m[I/jmiot] GPRS is not registration (Rx)[0m
[32m[I/voice] voice_svc_init...[0m
[32m[I/ui] ui_app_init...[0m
[32m[I/gkey] gkey_init...[0m
[32m[I/radar] radar_svc_init...[0m
[32m[I/radar] radar_svc_init, aeb feature not enable ![0m
[32m[I/ota] ota_svc_init...[0m
[32m[I/motor] motor_svc_init...[0m
[32m[I/slog] slog_svc_init...[0m
RTC: set alarm - a
[31m[E/at.clnt] wait AT client(usart1) connect timeout(10000 tick).[0m
[32m[I/at.dev.ec200x] ec200x device initialize retry 4...[0m
[31m[E/at.clnt] wait AT client(usart1) connect timeout(10000 tick).[0m
[32m[I/at.dev.ec200x] ec200x device initialize retry 3...[0m
[04:46:45.903442] --->
[32m[I/power_on] power_off_system[0m
   }  
[04:47:11.558627] --->
  \ | /
- RT -     Thread Operating System
/ | \     5.1.0 build Mar 20 2026 17:00:39
2006 - 2024 Copyright by RT-Thread team
rtc initialize success.
adc_vol, adc1 run success!
adc_vol, adc2 run success!
adc_vol, bms run success!
[32m[I/sal.skt] Socket Abstraction Layer initialize success.[0m
hwtimer, timer7 run success!
rtc clock source is set lsi!
RTC: set wkup 12000
watchdog, iwdg run success!
[32m[I/at.clnt] AT client(V1.3.1) on device usart1 initialize success.[0m
[32m[I/at.dev.ec200x] start init ec200x device.[0m
[33m[W/fs01] The version: V0452R336C01L0[0m
[32m[I/handle_bar] bar_value :2030[0m
Password for login:
[32m[I/pms] pm_svc_init...[0m
[32m[I/jmiot] iot_svc_init...[0m
[32m[I/jmiot] GPRS is not registration (Rx)[0m
[32m[I/voice] voice_svc_init...[0m
[32m[I/ui] ui_app_init...[0m
[32m[I/gkey] gkey_init...[0m
[32m[I/radar] radar_svc_init...[0m
[32m[I/radar] radar_svc_init, aeb feature not enable ![0m
[32m[I/ota] ota_svc_init...[0m
[32m[I/motor] motor_svc_init...[0m
[32m[I/slog] slog_svc_init...[0m
RTC: set alarm - a
[31m[E/at.clnt] wait AT client(usart1) connect timeout(10000 tick).[0m
[32m[I/at.dev.ec200x] ec200x device initialize retry 4...[0m
[31m[E/at.clnt] wait AT client(usart1) connect timeout(10000 tick).[0m
[32m[I/at.dev.ec200x] ec200x device initialize retry 3...[0m
[04:47:36.610224] --->
[32m[I/power_on] power_off_system[0m
[32m[I/power_on] power_off_system[0m
   ]\||||<8
[04:48:06.565755] --->
  \ | /
- RT -     Thread Operating System
/ | \     5.1.0 build Mar 20 2026 17:00:39
2006 - 2024 Copyright by RT-Thread team
rtc initialize success.
adc_vol, adc1 run success!
adc_vol, adc2 run success!
adc_vol, bms run success!
[32m[I/sal.skt] Socket Abstraction Layer initialize success.[0m
hwtimer, timer7 run success!
rtc clock source is set lsi!
RTC: set wkup 12000
watchdog, iwdg run success!
[32m[I/at.clnt] AT client(V1.3.1) on device usart1 initialize success.[0m
[32m[I/at.dev.ec200x] start init ec200x device.[0m
[33m[W/fs01] The version: V0452R336C01L0[0m
[32m[I/handle_bar] bar_value :2030[0m
Password for login:
[32m[I/pms] pm_svc_init...[0m
[32m[I/jmiot] iot_svc_init...[0m
[32m[I/jmiot] GPRS is not registration (Rx)[0m
[32m[I/voice] voice_svc_init...[0m
[32m[I/ui] ui_app_init...[0m
[32m[I/gkey] gkey_init...[0m
[32m[I/radar] radar_svc_init...[0m
[32m[I/radar] radar_svc_init, aeb feature not enable ![0m
[32m[I/ota] ota_svc_init...[0m
[32m[I/motor] motor_svc_init...[0m
[32m[I/slog] slog_svc_init...[0m
RTC: set alarm - a
[31m[E/at.clnt] wait AT client(usart1) connect timeout(10000 tick).[0m
[32m[I/at.dev.ec200x] ec200x device initialize retry 4...[0m
[31m[E/at.clnt] wait AT client(usart1) connect timeout(10000 tick).[0m
[32m[I/at.dev.ec200x] ec200x device initialize retry 3...[0m
[04:48:31.617186] --->
[32m[I/power_on] power_off_system[0m
[32m[I/power_on] power_off_system[0m
  }      
[04:48:59.671617] --->
  \ | /
- RT -     Thread Operating System
/ | \     5.1.0 build Mar 20 2026 17:00:39
2006 - 2024 Copyright by RT-Thread team
rtc initialize success.
adc_vol, adc1 run success!
adc_vol, adc2 run success!
adc_vol, bms run success!
[32m[I/sal.skt] Socket Abstraction Layer initialize success.[0m
hwtimer, timer7 run success!
rtc clock source is set lsi!
RTC: set wkup 12000
watchdog, iwdg run success!
[32m[I/at.clnt] AT client(V1.3.1) on device usart1 initialize success.[0m
[32m[I/at.dev.ec200x] start init ec200x device.[0m
[33m[W/fs01] The version: V0452R336C01L0[0m
[32m[I/handle_bar] bar_value :2029[0m
Password for login:
[32m[I/pms] pm_svc_init...[0m
[32m[I/jmiot] iot_svc_init...[0m
[32m[I/jmiot] GPRS is not registration (Rx)[0m
[32m[I/voice] voice_svc_init...[0m
[32m[I/ui] ui_app_init...[0m
[32m[I/gkey] gkey_init...[0m
[32m[I/radar] radar_svc_init...[0m
[32m[I/radar] radar_svc_init, aeb feature not enable ![0m
[32m[I/ota] ota_svc_init...[0m
[32m[I/motor] motor_svc_init...[0m
[32m[I/slog] slog_svc_init...[0m
RTC: set alarm - a
[31m[E/at.clnt] wait AT client(usart1) connect timeout(10000 tick).[0m
[32m[I/at.dev.ec200x] ec200x device initialize retry 4...[0m
[31m[E/at.clnt] wait AT client(usart1) connect timeout(10000 tick).[0m
[32m[I/at.dev.ec200x] ec200x device initialize retry 3...[0m
[04:49:24.723831] --->
[32m[I/power_on] power_off_system[0m
   }   
[04:49:51.476876] --->
  \ | /
- RT -     Thread Operating System
/ | \     5.1.0 build Mar 20 2026 17:00:39
2006 - 2024 Copyright by RT-Thread team
rtc initialize success.
adc_vol, adc1 run success!
adc_vol, adc2 run success!
adc_vol, bms run success!
[32m[I/sal.skt] Socket Abstraction Layer initialize success.[0m
hwtimer, timer7 run success!
rtc clock source is set lsi!
RTC: set wkup 12000
watchdog, iwdg run success!
[32m[I/at.clnt] AT client(V1.3.1) on device usart1 initialize success.[0m
[32m[I/at.dev.ec200x] start init ec200x device.[0m
[33m[W/fs01] The version: V0452R336C01L0[0m
[32m[I/handle_bar] bar_value :2029[0m
Password for login:
[32m[I/pms] pm_svc_init...[0m
[32m[I/jmiot] iot_svc_init...[0m
[32m[I/jmiot] GPRS is not registration (Rx)[0m
[32m[I/voice] voice_svc_init...[0m
[32m[I/ui] ui_app_init...[0m
[32m[I/gkey] gkey_init...[0m
[32m[I/radar] radar_svc_init...[0m
[32m[I/radar] radar_svc_init, aeb feature not enable ![0m
[32m[I/ota] ota_svc_init...[0m
[32m[I/motor] motor_svc_init...[0m
[32m[I/slog] slog_svc_init...[0m
RTC: set alarm - a
[31m[E/at.clnt] wait AT client(usart1) connect timeout(10000 tick).[0m
[32m[I/at.dev.ec200x] ec200x device initialize retry 4...[0m
[31m[E/at.clnt] wait AT client(usart1) connect timeout(10000 tick).[0m
[32m[I/at.dev.ec200x] ec200x device initialize retry 3...[0m
[04:50:16.529397] --->
[32m[I/power_on] power_off_system[0m
[32m[I/power_on] power_off_system[0m
   |<| ~|c    
[04:50:45.486639] --->
  \ | /
- RT -     Thread Operating System
/ | \     5.1.0 build Mar 20 2026 17:00:39
2006 - 2024 Copyright by RT-Thread team
rtc initialize success.
adc_vol, adc1 run success!
adc_vol, adc2 run success!
adc_vol, bms run success!
[32m[I/sal.skt] Socket Abstraction Layer initialize success.[0m
hwtimer, timer7 run success!
rtc clock source is set lsi!
RTC: set wkup 12000
watchdog, iwdg run success!
[32m[I/at.clnt] AT client(V1.3.1) on device usart1 initialize success.[0m
[32m[I/at.dev.ec200x] start init ec200x device.[0m
[33m[W/fs01] The version: V0452R336C01L0[0m
[32m[I/handle_bar] bar_value :2029[0m
Password for login:
[32m[I/pms] pm_svc_init...[0m
[32m[I/jmiot] iot_svc_init...[0m
[32m[I/jmiot] GPRS is not registration (Rx)[0m
[32m[I/voice] voice_svc_init...[0m
[32m[I/ui] ui_app_init...[0m
[32m[I/gkey] gkey_init...[0m
[32m[I/radar] radar_svc_init...[0m
[32m[I/radar] radar_svc_init, aeb feature not enable ![0m
[32m[I/ota] ota_svc_init...[0m
[32m[I/motor] motor_svc_init...[0m
[32m[I/slog] slog_svc_init...[0m
RTC: set alarm - a
[31m[E/at.clnt] wait AT client(usart1) connect timeout(10000 tick).[0m
[32m[I/at.dev.ec200x] ec200x device initialize retry 4...[0m
[31m[E/at.clnt] wait AT client(usart1) connect timeout(10000 tick).[0m
[32m[I/at.dev.ec200x] ec200x device initialize retry 3...[0m
[04:51:10.541953] --->
[32m[I/power_on] power_off_system[0m
[32m[I/power_on] power_off_system[0m
   |\|t?||||||88?889x 
[04:51:39.199293] --->
  \ | /
- RT -     Thread Operating System
/ | \     5.1.0 build Mar 20 2026 17:00:39
2006 - 2024 Copyright by RT-Thread team
rtc initialize success.
adc_vol, adc1 run success!
adc_vol, adc2 run success!
adc_vol, bms run success!
[32m[I/sal.skt] Socket Abstraction Layer initialize success.[0m
hwtimer, timer7 run success!
rtc clock source is set lsi!
RTC: set wkup 12000
watchdog, iwdg run success!
[32m[I/at.clnt] AT client(V1.3.1) on device usart1 initialize success.[0m
[32m[I/at.dev.ec200x] start init ec200x device.[0m
[33m[W/fs01] The version: V0452R336C01L0[0m
[32m[I/handle_bar] bar_value :2030[0m
Password for login:
[32m[I/pms] pm_svc_init...[0m
[32m[I/jmiot] iot_svc_init...[0m
[32m[I/jmiot] GPRS is not registration (Rx)[0m
[32m[I/voice] voice_svc_init...[0m
[32m[I/ui] ui_app_init...[0m
[32m[I/gkey] gkey_init...[0m
[32m[I/radar] radar_svc_init...[0m
[32m[I/radar] radar_svc_init, aeb feature not enable ![0m
[32m[I/ota] ota_svc_init...[0m
[32m[I/motor] motor_svc_init...[0m
[32m[I/slog] slog_svc_init...[0m
RTC: set alarm - a
[31m[E/at.clnt] wait AT client(usart1) connect timeout(10000 tick).[0m
[32m[I/at.dev.ec200x] ec200x device initialize retry 4...[0m
[31m[E/at.clnt] wait AT client(usart1) connect timeout(10000 tick).[0m
[32m[I/at.dev.ec200x] ec200x device initialize retry 3...[0m
[04:52:04.254933] --->
[32m[I/power_on] power_off_system[0m
  \}}|\ ||\~ 
[04:52:33.510313] --->
  \ | /
- RT -     Thread Operating System
/ | \     5.1.0 build Mar 20 2026 17:00:39
2006 - 2024 Copyright by RT-Thread team
rtc initialize success.
adc_vol, adc1 run success!
adc_vol, adc2 run success!
adc_vol, bms run success!
[32m[I/sal.skt] Socket Abstraction Layer initialize success.[0m
hwtimer, timer7 run success!
rtc clock source is set lsi!
RTC: set wkup 12000
watchdog, iwdg run success!
[32m[I/at.clnt] AT client(V1.3.1) on device usart1 initialize success.[0m
[32m[I/at.dev.ec200x] start init ec200x device.[0m
[33m[W/fs01] The version: V0452R336C01L0[0m
[32m[I/handle_bar] bar_value :2029[0m
Password for login:
[32m[I/pms] pm_svc_init...[0m
[32m[I/jmiot] iot_svc_init...[0m
[32m[I/jmiot] GPRS is not registration (Rx)[0m
[32m[I/voice] voice_svc_init...[0m
[32m[I/ui] ui_app_init...[0m
[32m[I/gkey] gkey_init...[0m
[32m[I/radar] radar_svc_init...[0m
[32m[I/radar] radar_svc_init, aeb feature not enable ![0m
[32m[I/ota] ota_svc_init...[0m
[32m[I/motor] motor_svc_init...[0m
[32m[I/slog] slog_svc_init...[0m
RTC: set alarm - a
[31m[E/at.clnt] wait AT client(usart1) connect timeout(10000 tick).[0m
[32m[I/at.dev.ec200x] ec200x device initialize retry 4...[0m
[31m[E/at.clnt] wait AT client(usart1) connect timeout(10000 tick).[0m
[32m[I/at.dev.ec200x] ec200x device initialize retry 3...[0m
[04:52:58.566000] --->
[32m[I/power_on] power_off_system[0m
   }}]|\ _}|}\ 
[04:53:26.821154] --->
  \ | /
- RT -     Thread Operating System
/ | \     5.1.0 build Mar 20 2026 17:00:39
2006 - 2024 Copyright by RT-Thread team
rtc initialize success.
adc_vol, adc1 run success!
adc_vol, adc2 run success!
adc_vol, bms run success!
[32m[I/sal.skt] Socket Abstraction Layer initialize success.[0m
hwtimer, timer7 run success!
rtc clock source is set lsi!
RTC: set wkup 12000
watchdog, iwdg run success!
[32m[I/at.clnt] AT client(V1.3.1) on device usart1 initialize success.[0m
[32m[I/at.dev.ec200x] start init ec200x device.[0m
[33m[W/fs01] The version: V0452R336C01L0[0m
[32m[I/handle_bar] bar_value :2030[0m
Password for login:
[32m[I/pms] pm_svc_init...[0m
[32m[I/jmiot] iot_svc_init...[0m
[32m[I/jmiot] GPRS is not registration (Rx)[0m
[32m[I/voice] voice_svc_init...[0m
[32m[I/ui] ui_app_init...[0m
[32m[I/gkey] gkey_init...[0m
[32m[I/radar] radar_svc_init...[0m
[32m[I/radar] radar_svc_init, aeb feature not enable ![0m
[32m[I/ota] ota_svc_init...[0m
[32m[I/motor] motor_svc_init...[0m
[32m[I/slog] slog_svc_init...[0m
RTC: set alarm - a
[31m[E/at.clnt] wait AT client(usart1) connect timeout(10000 tick).[0m
[32m[I/at.dev.ec200x] ec200x device initialize retry 4...[0m
[31m[E/at.clnt] wait AT client(usart1) connect timeout(10000 tick).[0m
[32m[I/at.dev.ec200x] ec200x device initialize retry 3...[0m
[04:53:51.875632] --->
[32m[I/power_on] power_off_system[0m
   |}\|8T\\||\^~_|t 
[04:54:18.931756] --->
  \ | /
- RT -     Thread Operating System
/ | \     5.1.0 build Mar 20 2026 17:00:39
2006 - 2024 Copyright by RT-Thread team
rtc initialize success.
adc_vol, adc1 run success!
adc_vol, adc2 run success!
adc_vol, bms run success!
[32m[I/sal.skt] Socket Abstraction Layer initialize success.[0m
hwtimer, timer7 run success!
rtc clock source is set lsi!
RTC: set wkup 12000
watchdog, iwdg run success!
[32m[I/at.clnt] AT client(V1.3.1) on device usart1 initialize success.[0m
[32m[I/at.dev.ec200x] start init ec200x device.[0m
[33m[W/fs01] The version: V0452R336C01L0[0m
[32m[I/handle_bar] bar_value :2029[0m
Password for login:
[32m[I/pms] pm_svc_init...[0m
[32m[I/jmiot] iot_svc_init...[0m
[32m[I/jmiot] GPRS is not registration (Rx)[0m
[32m[I/voice] voice_svc_init...[0m
[32m[I/ui] ui_app_init...[0m
[32m[I/gkey] gkey_init...[0m
[32m[I/radar] radar_svc_init...[0m
[32m[I/radar] radar_svc_init, aeb feature not enable ![0m
[32m[I/ota] ota_svc_init...[0m
[32m[I/motor] motor_svc_init...[0m
[32m[I/slog] slog_svc_init...[0m
RTC: set alarm - a
[31m[E/at.clnt] wait AT client(usart1) connect timeout(10000 tick).[0m
[32m[I/at.dev.ec200x] ec200x device initialize retry 4...[0m
[31m[E/at.clnt] wait AT client(usart1) connect timeout(10000 tick).[0m
[32m[I/at.dev.ec200x] ec200x device initialize retry 3...[0m
[04:54:43.985609] --->
[32m[I/power_on] power_off_system[0m
   }|pQ88 | 80    
[04:55:11.142645] --->
  \ | /
- RT -     Thread Operating System
/ | \     5.1.0 build Mar 20 2026 17:00:39
2006 - 2024 Copyright by RT-Thread team
rtc initialize success.
adc_vol, adc1 run success!
adc_vol, adc2 run success!
adc_vol, bms run success!
[32m[I/sal.skt] Socket Abstraction Layer initialize success.[0m
hwtimer, timer7 run success!
rtc clock source is set lsi!
RTC: set wkup 12000
watchdog, iwdg run success!
[32m[I/at.clnt] AT client(V1.3.1) on device usart1 initialize success.[0m
[32m[I/at.dev.ec200x] start init ec200x device.[0m
[33m[W/fs01] The version: V0452R336C01L0[0m
[32m[I/handle_bar] bar_value :2030[0m
Password for login:
[32m[I/pms] pm_svc_init...[0m
[32m[I/jmiot] iot_svc_init...[0m
[32m[I/jmiot] GPRS is not registration (Rx)[0m
[32m[I/voice] voice_svc_init...[0m
[32m[I/ui] ui_app_init...[0m
[32m[I/gkey] gkey_init...[0m
[32m[I/radar] radar_svc_init...[0m
[32m[I/radar] radar_svc_init, aeb feature not enable ![0m
[32m[I/ota] ota_svc_init...[0m
[32m[I/motor] motor_svc_init...[0m
[32m[I/slog] slog_svc_init...[0m
RTC: set alarm - a
[31m[E/at.clnt] wait AT client(usart1) connect timeout(10000 tick).[0m
[32m[I/at.dev.ec200x] ec200x device initialize retry 4...[0m
[31m[E/at.clnt] wait AT client(usart1) connect timeout(10000 tick).[0m
[32m[I/at.dev.ec200x] ec200x device initialize retry 3...[0m
[04:55:36.195729] --->
[32m[I/power_on] power_off_system[0m
[32m[I/power_on] power_off_system[0m
  |<\}p8|908|| 
[04:56:06.049788] --->
  \ | /
- RT -     Thread Operating System
/ | \     5.1.0 build Mar 20 2026 17:00:39
2006 - 2024 Copyright by RT-Thread team
rtc initialize success.
adc_vol, adc1 run success!
adc_vol, adc2 run success!
adc_vol, bms run success!
[32m[I/sal.skt] Socket Abstraction Layer initialize success.[0m
hwtimer, timer7 run success!
rtc clock source is set lsi!
RTC: set wkup 12000
watchdog, iwdg run success!
[32m[I/at.clnt] AT client(V1.3.1) on device usart1 initialize success.[0m
[32m[I/at.dev.ec200x] start init ec200x device.[0m
[33m[W/fs01] The version: V0452R336C01L0[0m
[32m[I/handle_bar] bar_value :2031[0m
Password for login:
[32m[I/pms] pm_svc_init...[0m
[32m[I/jmiot] iot_svc_init...[0m
[32m[I/jmiot] GPRS is not registration (Rx)[0m
[32m[I/voice] voice_svc_init...[0m
[32m[I/ui] ui_app_init...[0m
[32m[I/gkey] gkey_init...[0m
[32m[I/radar] radar_svc_init...[0m
[32m[I/radar] radar_svc_init, aeb feature not enable ![0m
[32m[I/ota] ota_svc_init...[0m
[32m[I/motor] motor_svc_init...[0m
[32m[I/slog] slog_svc_init...[0m
RTC: set alarm - a
[31m[E/at.clnt] wait AT client(usart1) connect timeout(10000 tick).[0m
[32m[I/at.dev.ec200x] ec200x device initialize retry 4...[0m
[31m[E/at.clnt] wait AT client(usart1) connect timeout(10000 tick).[0m
[32m[I/at.dev.ec200x] ec200x device initialize retry 3...[0m
[04:56:31.101024] --->
[32m[I/power_on] power_off_system[0m
   |||tt~]||~||~|\~ 
[04:56:44.561849] --->
  \ | /
- RT -     Thread Operating System
/ | \     5.1.0 build Mar 20 2026 17:00:39
2006 - 2024 Copyright by RT-Thread team
rtc initialize success.
adc_vol, adc1 run success!
adc_vol, adc2 run success!
adc_vol, bms run success!
[32m[I/sal.skt] Socket Abstraction Layer initialize success.[0m
hwtimer, timer7 run success!
rtc clock source is set lsi!
RTC: set wkup 12000
watchdog, iwdg run success!
[32m[I/at.clnt] AT client(V1.3.1) on device usart1 initialize success.[0m
[32m[I/at.dev.ec200x] start init ec200x device.[0m
[33m[W/fs01] The version: V0452R336C01L0[0m
[32m[I/handle_bar] bar_value :2030[0m
Password for login:
[32m[I/pms] pm_svc_init...[0m
[32m[I/jmiot] iot_svc_init...[0m
[32m[I/jmiot] GPRS is not registration (Rx)[0m
[32m[I/voice] voice_svc_init...[0m
[32m[I/ui] ui_app_init...[0m
[32m[I/gkey] gkey_init...[0m
[32m[I/radar] radar_svc_init...[0m
[32m[I/radar] radar_svc_init, aeb feature not enable ![0m
[32m[I/ota] ota_svc_init...[0m
[32m[I/motor] motor_svc_init...[0m
[32m[I/slog] slog_svc_init...[0m
RTC: set alarm - a
[31m[E/at.clnt] wait AT client(usart1) connect timeout(10000 tick).[0m
[32m[I/at.dev.ec200x] ec200x device initialize retry 4...[0m
[32m[I/voice] voice_msg num: 9[0m
[04:57:09.564490] --->
[31m[E/at.clnt] wait AT client(usart1) connect timeout(10000 tick).[0m
[32m[I/at.dev.ec200x] ec200x device initialize retry 3...[0m
[31m[E/at.clnt] wait AT client(usart1) connect timeout(10000 tick).[0m
[32m[I/at.dev.ec200x] ec200x device initialize retry 2...[0m
[04:57:34.620522] --->
[32m[I/power_on] power_off_system[0m
   _~_\_]||ܝ| 
[04:57:45.076384] --->
  \ | /
- RT -     Thread Operating System
/ | \     5.1.0 build Mar 20 2026 17:00:39
2006 - 2024 Copyright by RT-Thread team
rtc initialize success.
adc_vol, adc1 run success!
adc_vol, adc2 run success!
adc_vol, bms run success!
[32m[I/sal.skt] Socket Abstraction Layer initialize success.[0m
hwtimer, timer7 run success!
rtc clock source is set lsi!
RTC: set wkup 12000
watchdog, iwdg run success!
[32m[I/at.clnt] AT client(V1.3.1) on device usart1 initialize success.[0m
[32m[I/at.dev.ec200x] start init ec200x device.[0m
[33m[W/fs01] The version: V0452R336C01L0[0m
[32m[I/handle_bar] bar_value :2029[0m
Password for login:
[32m[I/pms] pm_svc_init...[0m
[32m[I/jmiot] iot_svc_init...[0m
[32m[I/jmiot] GPRS is not registration (Rx)[0m
[32m[I/voice] voice_svc_init...[0m
[32m[I/ui] ui_app_init...[0m
[32m[I/gkey] gkey_init...[0m
[32m[I/radar] radar_svc_init...[0m
[32m[I/radar] radar_svc_init, aeb feature not enable ![0m
[32m[I/ota] ota_svc_init...[0m
[32m[I/motor] motor_svc_init...[0m
[32m[I/slog] slog_svc_init...[0m
RTC: set alarm - a
[32m[I/voice] voice_msg num: 9[0m
[04:58:10.080966] --->
[31m[E/at.clnt] wait AT client(usart1) connect timeout(10000 tick).[0m
[32m[I/at.dev.ec200x] ec200x device initialize retry 4...[0m
[31m[E/at.clnt] wait AT client(usart1) connect timeout(10000 tick).[0m
[32m[I/at.dev.ec200x] ec200x device initialize retry 3...[0m
[31m[E/at.clnt] wait AT client(usart1) connect timeout(10000 tick).[0m
[32m[I/at.dev.ec200x] ec200x device initialize retry 2...[0m
[04:58:35.133888] --->
[32m[I/power_on] power_off_system[0m
   |\\\\t||\ 
[04:59:03.791454] --->
  \ | /
- RT -     Thread Operating System
/ | \     5.1.0 build Mar 20 2026 17:00:39
2006 - 2024 Copyright by RT-Thread team
rtc initialize success.
adc_vol, adc1 run success!
adc_vol, adc2 run success!
adc_vol, bms run success!
[32m[I/sal.skt] Socket Abstraction Layer initialize success.[0m
hwtimer, timer7 run success!
rtc clock source is set lsi!
RTC: set wkup 12000
watchdog, iwdg run success!
[32m[I/at.clnt] AT client(V1.3.1) on device usart1 initialize success.[0m
[32m[I/at.dev.ec200x] start init ec200x device.[0m
[33m[W/fs01] The version: V0452R336C01L0[0m
[32m[I/handle_bar] bar_value :2029[0m
Password for login:
[32m[I/pms] pm_svc_init...[0m
[32m[I/jmiot] iot_svc_init...[0m
[32m[I/jmiot] GPRS is not registration (Rx)[0m
[32m[I/voice] voice_svc_init...[0m
[32m[I/ui] ui_app_init...[0m
[32m[I/gkey] gkey_init...[0m
[32m[I/radar] radar_svc_init...[0m
[32m[I/radar] radar_svc_init, aeb feature not enable ![0m
[32m[I/ota] ota_svc_init...[0m
[32m[I/motor] motor_svc_init...[0m
[32m[I/slog] slog_svc_init...[0m
RTC: set alarm - a
[31m[E/at.clnt] wait AT client(usart1) connect timeout(10000 tick).[0m
[32m[I/at.dev.ec200x] ec200x device initialize retry 4...[0m
[31m[E/at.clnt] wait AT client(usart1) connect timeout(10000 tick).[0m
[32m[I/at.dev.ec200x] ec200x device initialize retry 3...[0m
[04:59:28.846247] --->
[32m[I/power_on] power_off_system[0m
   ||<\| || 8 8| 
[04:59:57.003323] --->
  \ | /
- RT -     Thread Operating System
/ | \     5.1.0 build Mar 20 2026 17:00:39
2006 - 2024 Copyright by RT-Thread team
rtc initialize success.
adc_vol, adc1 run success!
adc_vol, adc2 run success!
adc_vol, bms run success!
[32m[I/sal.skt] Socket Abstraction Layer initialize success.[0m
hwtimer, timer7 run success!
rtc clock source is set lsi!
RTC: set wkup 12000
watchdog, iwdg run success!
[32m[I/at.clnt] AT client(V1.3.1) on device usart1 initialize success.[0m
[32m[I/at.dev.ec200x] start init ec200x device.[0m
[33m[W/fs01] The version: V0452R336C01L0[0m
[32m[I/handle_bar] bar_value :2030[0m
Password for login:
[32m[I/pms] pm_svc_init...[0m
[32m[I/jmiot] iot_svc_init...[0m
[32m[I/jmiot] GPRS is not registration (Rx)[0m
[32m[I/voice] voice_svc_init...[0m
[32m[I/ui] ui_app_init...[0m
[32m[I/gkey] gkey_init...[0m
[32m[I/radar] radar_svc_init...[0m
[32m[I/radar] radar_svc_init, aeb feature not enable ![0m
[32m[I/ota] ota_svc_init...[0m
[32m[I/motor] motor_svc_init...[0m
[32m[I/slog] slog_svc_init...[0m
RTC: set alarm - a
[31m[E/at.clnt] wait AT client(usart1) connect timeout(10000 tick).[0m
[32m[I/at.dev.ec200x] ec200x device initialize retry 4...[0m
[31m[E/at.clnt] wait AT client(usart1) connect timeout(10000 tick).[0m
[32m[I/at.dev.ec200x] ec200x device initialize retry 3...[0m
[05:00:22.056319] --->
[32m[I/power_on] power_off_system[0m
[32m[I/pms] sleep failed, tsk_id: 1[0m
[32m[I/power_on] power_off_system[0m
   }]||  x}}}\ 
[05:00:47.911139] --->
  \ | /
- RT -     Thread Operating System
/ | \     5.1.0 build Mar 20 2026 17:00:39
2006 - 2024 Copyright by RT-Thread team
rtc initialize success.
adc_vol, adc1 run success!
adc_vol, adc2 run success!
adc_vol, bms run success!
[32m[I/sal.skt] Socket Abstraction Layer initialize success.[0m
hwtimer, timer7 run success!
rtc clock source is set lsi!
RTC: set wkup 12000
watchdog, iwdg run success!
[32m[I/at.clnt] AT client(V1.3.1) on device usart1 initialize success.[0m
[32m[I/at.dev.ec200x] start init ec200x device.[0m
[33m[W/fs01] The version: V0452R336C01L0[0m
[32m[I/handle_bar] bar_value :2029[0m
Password for login:
[32m[I/pms] pm_svc_init...[0m
[32m[I/jmiot] iot_svc_init...[0m
[32m[I/jmiot] GPRS is not registration (Rx)[0m
[32m[I/voice] voice_svc_init...[0m
[32m[I/ui] ui_app_init...[0m
[32m[I/gkey] gkey_init...[0m
[32m[I/radar] radar_svc_init...[0m
[32m[I/radar] radar_svc_init, aeb feature not enable ![0m
[32m[I/ota] ota_svc_init...[0m
[32m[I/motor] motor_svc_init...[0m
[32m[I/slog] slog_svc_init...[0m
RTC: set alarm - a
[31m[E/at.clnt] wait AT client(usart1) connect timeout(10000 tick).[0m
[32m[I/at.dev.ec200x] ec200x device initialize retry 4...[0m
[31m[E/at.clnt] wait AT client(usart1) connect timeout(10000 tick).[0m
[32m[I/at.dev.ec200x] ec200x device initialize retry 3...[0m
[05:01:12.962767] --->
[32m[I/power_on] power_off_system[0m
   ~|] | 
[05:01:41.218617] --->
  \ | /
- RT -     Thread Operating System
/ | \     5.1.0 build Mar 20 2026 17:00:39
2006 - 2024 Copyright by RT-Thread team
rtc initialize success.
adc_vol, adc1 run success!
adc_vol, adc2 run success!
adc_vol, bms run success!
[32m[I/sal.skt] Socket Abstraction Layer initialize success.[0m
hwtimer, timer7 run success!
rtc clock source is set lsi!
RTC: set wkup 12000
watchdog, iwdg run success!
[32m[I/at.clnt] AT client(V1.3.1) on device usart1 initialize success.[0m
[32m[I/at.dev.ec200x] start init ec200x device.[0m
[33m[W/fs01] The version: V0452R336C01L0[0m
[32m[I/handle_bar] bar_value :2029[0m
Password for login:
[32m[I/pms] pm_svc_init...[0m
[32m[I/jmiot] iot_svc_init...[0m
[32m[I/jmiot] GPRS is not registration (Rx)[0m
[32m[I/voice] voice_svc_init...[0m
[32m[I/ui] ui_app_init...[0m
[32m[I/gkey] gkey_init...[0m
[32m[I/radar] radar_svc_init...[0m
[32m[I/radar] radar_svc_init, aeb feature not enable ![0m
[32m[I/ota] ota_svc_init...[0m
[32m[I/motor] motor_svc_init...[0m
[32m[I/slog] slog_svc_init...[0m
RTC: set alarm - a
[31m[E/at.clnt] wait AT client(usart1) connect timeout(10000 tick).[0m
[32m[I/at.dev.ec200x] ec200x device initialize retry 4...[0m
[31m[E/at.clnt] wait AT client(usart1) connect timeout(10000 tick).[0m
[32m[I/at.dev.ec200x] ec200x device initialize retry 3...[0m
[05:02:06.274385] --->
[32m[I/power_on] power_off_system[0m
   }}}  
[05:02:33.327891] --->
  \ | /
- RT -     Thread Operating System
/ | \     5.1.0 build Mar 20 2026 17:00:39
2006 - 2024 Copyright by RT-Thread team
rtc initialize success.
adc_vol, adc1 run success!
adc_vol, adc2 run success!
adc_vol, bms run success!
[32m[I/sal.skt] Socket Abstraction Layer initialize success.[0m
hwtimer, timer7 run success!
rtc clock source is set lsi!
RTC: set wkup 12000
watchdog, iwdg run success!
[32m[I/at.clnt] AT client(V1.3.1) on device usart1 initialize success.[0m
[32m[I/at.dev.ec200x] start init ec200x device.[0m
[33m[W/fs01] The version: V0452R336C01L0[0m
[32m[I/handle_bar] bar_value :2030[0m
Password for login:
[32m[I/pms] pm_svc_init...[0m
[32m[I/jmiot] iot_svc_init...[0m
[32m[I/jmiot] GPRS is not registration (Rx)[0m
[32m[I/voice] voice_svc_init...[0m
[32m[I/ui] ui_app_init...[0m
[32m[I/gkey] gkey_init...[0m
[32m[I/radar] radar_svc_init...[0m
[32m[I/radar] radar_svc_init, aeb feature not enable ![0m
[32m[I/ota] ota_svc_init...[0m
[32m[I/motor] motor_svc_init...[0m
[32m[I/slog] slog_svc_init...[0m
RTC: set alarm - a
[31m[E/at.clnt] wait AT client(usart1) connect timeout(10000 tick).[0m
[32m[I/at.dev.ec200x] ec200x device initialize retry 4...[0m
[31m[E/at.clnt] wait AT client(usart1) connect timeout(10000 tick).[0m
[32m[I/at.dev.ec200x] ec200x device initialize retry 3...[0m
[05:02:58.382358] --->
[32m[I/power_on] power_off_system[0m
   _88  
[05:02:59.844610] --->
  \ | /
- RT -     Thread Operating System
/ | \     5.1.0 build Mar 20 2026 17:00:39
2006 - 2024 Copyright by RT-Thread team
rtc initialize success.
adc_vol, adc1 run success!
adc_vol, adc2 run success!
adc_vol, bms run success!
[32m[I/sal.skt] Socket Abstraction Layer initialize success.[0m
hwtimer, timer7 run success!
rtc clock source is set lsi!
RTC: set wkup 12000
watchdog, iwdg run success!
[32m[I/at.clnt] AT client(V1.3.1) on device usart1 initialize success.[0m
[32m[I/at.dev.ec200x] start init ec200x device.[0m
[33m[W/fs01] The version: V0452R336C01L0[0m
[32m[I/handle_bar] bar_value :2029[0m
Password for login:
[32m[I/pms] pm_svc_init...[0m
[32m[I/jmiot] iot_svc_init...[0m
[32m[I/jmiot] GPRS is not registration (Rx)[0m
[32m[I/voice] voice_svc_init...[0m
[32m[I/ui] ui_app_init...[0m
[32m[I/gkey] gkey_init...[0m
[32m[I/radar] radar_svc_init...[0m
[32m[I/radar] radar_svc_init, aeb feature not enable ![0m
[32m[I/ota] ota_svc_init...[0m
[32m[I/motor] motor_svc_init...[0m
[32m[I/slog] slog_svc_init...[0m
RTC: set alarm - a
[32m[I/voice] voice_msg num: 9[0m
[05:03:24.848176] --->
[31m[E/at.clnt] wait AT client(usart1) connect timeout(10000 tick).[0m
[32m[I/at.dev.ec200x] ec200x device initialize retry 4...[0m
[31m[E/at.clnt] wait AT client(usart1) connect timeout(10000 tick).[0m
[32m[I/at.dev.ec200x] ec200x device initialize retry 3...[0m
[05:03:49.905078] --->
[32m[I/power_on] power_off_system[0m
   _90|     
[05:04:19.760028] --->
  \ | /
- RT -     Thread Operating System
/ | \     5.1.0 build Mar 20 2026 17:00:39
2006 - 2024 Copyright by RT-Thread team
rtc initialize success.
adc_vol, adc1 run success!
adc_vol, adc2 run success!
adc_vol, bms run success!
[32m[I/sal.skt] Socket Abstraction Layer initialize success.[0m
hwtimer, timer7 run success!
rtc clock source is set lsi!
RTC: set wkup 12000
watchdog, iwdg run success!
[32m[I/at.clnt] AT client(V1.3.1) on device usart1 initialize success.[0m
[32m[I/at.dev.ec200x] start init ec200x device.[0m
[33m[W/fs01] The version: V0452R336C01L0[0m
[32m[I/handle_bar] bar_value :2029[0m
Password for login:
[32m[I/pms] pm_svc_init...[0m
[32m[I/jmiot] iot_svc_init...[0m
[32m[I/jmiot] GPRS is not registration (Rx)[0m
[32m[I/voice] voice_svc_init...[0m
[32m[I/ui] ui_app_init...[0m
[32m[I/gkey] gkey_init...[0m
[32m[I/radar] radar_svc_init...[0m
[32m[I/radar] radar_svc_init, aeb feature not enable ![0m
[32m[I/ota] ota_svc_init...[0m
[32m[I/motor] motor_svc_init...[0m
[32m[I/slog] slog_svc_init...[0m
RTC: set alarm - a
[31m[E/at.clnt] wait AT client(usart1) connect timeout(10000 tick).[0m
[32m[I/at.dev.ec200x] ec200x device initialize retry 4...[0m
[31m[E/at.clnt] wait AT client(usart1) connect timeout(10000 tick).[0m
[32m[I/at.dev.ec200x] ec200x device initialize retry 3...[0m
[05:04:44.812134] --->
[32m[I/power_on] power_off_system[0m
   ݟ}pp9  
[05:05:13.763948] --->
  \ | /
- RT -     Thread Operating System
/ | \     5.1.0 build Mar 20 2026 17:00:39
2006 - 2024 Copyright by RT-Thread team
rtc initialize success.
adc_vol, adc1 run success!
adc_vol, adc2 run success!
adc_vol, bms run success!
[32m[I/sal.skt] Socket Abstraction Layer initialize success.[0m
hwtimer, timer7 run success!
rtc clock source is set lsi!
RTC: set wkup 12000
watchdog, iwdg run success!
[32m[I/at.clnt] AT client(V1.3.1) on device usart1 initialize success.[0m
[32m[I/at.dev.ec200x] start init ec200x device.[0m
[33m[W/fs01] The version: V0452R336C01L0[0m
[32m[I/handle_bar] bar_value :2030[0m
Password for login:
[32m[I/pms] pm_svc_init...[0m
[32m[I/jmiot] iot_svc_init...[0m
[32m[I/jmiot] GPRS is not registration (Rx)[0m
[32m[I/voice] voice_svc_init...[0m
[32m[I/ui] ui_app_init...[0m
[32m[I/gkey] gkey_init...[0m
[32m[I/radar] radar_svc_init...[0m
[32m[I/radar] radar_svc_init, aeb feature not enable ![0m
[32m[I/ota] ota_svc_init...[0m
[32m[I/motor] motor_svc_init...[0m
[32m[I/slog] slog_svc_init...[0m
RTC: set alarm - a
[31m[E/at.clnt] wait AT client(usart1) connect timeout(10000 tick).[0m
[32m[I/at.dev.ec200x] ec200x device initialize retry 4...[0m
[31m[E/at.clnt] wait AT client(usart1) connect timeout(10000 tick).[0m
[32m[I/at.dev.ec200x] ec200x device initialize retry 3...[0m
[05:05:38.816252] --->
[32m[I/power_on] power_off_system[0m
[32m[I/power_on] power_off_system[0m
  |||x8t<<  80   
[05:06:08.569394] --->
  \ | /
- RT -     Thread Operating System
/ | \     5.1.0 build Mar 20 2026 17:00:39
2006 - 2024 Copyright by RT-Thread team
rtc initialize success.
adc_vol, adc1 run success!
adc_vol, adc2 run success!
adc_vol, bms run success!
[32m[I/sal.skt] Socket Abstraction Layer initialize success.[0m
hwtimer, timer7 run success!
rtc clock source is set lsi!
RTC: set wkup 12000
watchdog, iwdg run success!
[32m[I/at.clnt] AT client(V1.3.1) on device usart1 initialize success.[0m
[32m[I/at.dev.ec200x] start init ec200x device.[0m
[33m[W/fs01] The version: V0452R336C01L0[0m
[32m[I/handle_bar] bar_value :2029[0m
Password for login:
[32m[I/pms] pm_svc_init...[0m
[32m[I/jmiot] iot_svc_init...[0m
[32m[I/jmiot] GPRS is not registration (Rx)[0m
[32m[I/voice] voice_svc_init...[0m
[32m[I/ui] ui_app_init...[0m
[32m[I/gkey] gkey_init...[0m
[32m[I/radar] radar_svc_init...[0m
[32m[I/radar] radar_svc_init, aeb feature not enable ![0m
[32m[I/ota] ota_svc_init...[0m
[32m[I/motor] motor_svc_init...[0m
[32m[I/slog] slog_svc_init...[0m
RTC: set alarm - a
[31m[E/at.clnt] wait AT client(usart1) connect timeout(10000 tick).[0m
[32m[I/at.dev.ec200x] ec200x device initialize retry 4...[0m
[31m[E/at.clnt] wait AT client(usart1) connect timeout(10000 tick).[0m
[32m[I/at.dev.ec200x] ec200x device initialize retry 3...[0m
[05:06:33.625681] --->
[32m[I/power_on] power_off_system[0m
[32m[I/power_on] power_off_system[0m
   \:|}||ܞ8\_|\\]| 
[05:07:01.180348] --->
  \ | /
- RT -     Thread Operating System
/ | \     5.1.0 build Mar 20 2026 17:00:39
2006 - 2024 Copyright by RT-Thread team
rtc initialize success.
adc_vol, adc1 run success!
adc_vol, adc2 run success!
adc_vol, bms run success!
[32m[I/sal.skt] Socket Abstraction Layer initialize success.[0m
hwtimer, timer7 run success!
rtc clock source is set lsi!
RTC: set wkup 12000
watchdog, iwdg run success!
[32m[I/at.clnt] AT client(V1.3.1) on device usart1 initialize success.[0m
[32m[I/at.dev.ec200x] start init ec200x device.[0m
[33m[W/fs01] The version: V0452R336C01L0[0m
[32m[I/handle_bar] bar_value :2029[0m
Password for login:
[32m[I/pms] pm_svc_init...[0m
[32m[I/jmiot] iot_svc_init...[0m
[32m[I/jmiot] GPRS is not registration (Rx)[0m
[32m[I/voice] voice_svc_init...[0m
[32m[I/ui] ui_app_init...[0m
[32m[I/gkey] gkey_init...[0m
[32m[I/radar] radar_svc_init...[0m
[32m[I/radar] radar_svc_init, aeb feature not enable ![0m
[32m[I/ota] ota_svc_init...[0m
[32m[I/motor] motor_svc_init...[0m
[32m[I/slog] slog_svc_init...[0m
RTC: set alarm - a
[31m[E/at.clnt] wait AT client(usart1) connect timeout(10000 tick).[0m
[32m[I/at.dev.ec200x] ec200x device initialize retry 4...[0m
[31m[E/at.clnt] wait AT client(usart1) connect timeout(10000 tick).[0m
[32m[I/at.dev.ec200x] ec200x device initialize retry 3...[0m
[05:07:26.234416] --->
[32m[I/power_on] power_off_system[0m
[32m[I/power_on] power_off_system[0m
   <>=~]\P \<}u\\ 
[05:07:55.089055] --->
  \ | /
- RT -     Thread Operating System
/ | \     5.1.0 build Mar 20 2026 17:00:39
2006 - 2024 Copyright by RT-Thread team
rtc initialize success.
adc_vol, adc1 run success!
adc_vol, adc2 run success!
adc_vol, bms run success!
[32m[I/sal.skt] Socket Abstraction Layer initialize success.[0m
hwtimer, timer7 run success!
rtc clock source is set lsi!
RTC: set wkup 12000
watchdog, iwdg run success!
[32m[I/at.clnt] AT client(V1.3.1) on device usart1 initialize success.[0m
[32m[I/at.dev.ec200x] start init ec200x device.[0m
[33m[W/fs01] The version: V0452R336C01L0[0m
[32m[I/handle_bar] bar_value :2030[0m
Password for login:
[32m[I/pms] pm_svc_init...[0m
[32m[I/jmiot] iot_svc_init...[0m
[32m[I/jmiot] GPRS is not registration (Rx)[0m
[32m[I/voice] voice_svc_init...[0m
[32m[I/ui] ui_app_init...[0m
[32m[I/gkey] gkey_init...[0m
[32m[I/radar] radar_svc_init...[0m
[32m[I/radar] radar_svc_init, aeb feature not enable ![0m
[32m[I/ota] ota_svc_init...[0m
[32m[I/motor] motor_svc_init...[0m
[32m[I/slog] slog_svc_init...[0m
RTC: set alarm - a
[31m[E/at.clnt] wait AT client(usart1) connect timeout(10000 tick).[0m
[32m[I/at.dev.ec200x] ec200x device initialize retry 4...[0m
[31m[E/at.clnt] wait AT client(usart1) connect timeout(10000 tick).[0m
[32m[I/at.dev.ec200x] ec200x device initialize retry 3...[0m
[05:08:20.145008] --->
[32m[I/power_on] power_off_system[0m
   |  89 8      
[05:08:48.202400] --->
  \ | /
- RT -     Thread Operating System
/ | \     5.1.0 build Mar 20 2026 17:00:39
2006 - 2024 Copyright by RT-Thread team
rtc initialize success.
adc_vol, adc1 run success!
adc_vol, adc2 run success!
adc_vol, bms run success!
[32m[I/sal.skt] Socket Abstraction Layer initialize success.[0m
hwtimer, timer7 run success!
rtc clock source is set lsi!
RTC: set wkup 12000
watchdog, iwdg run success!
[32m[I/at.clnt] AT client(V1.3.1) on device usart1 initialize success.[0m
[32m[I/at.dev.ec200x] start init ec200x device.[0m
[33m[W/fs01] The version: V0452R336C01L0[0m
[32m[I/handle_bar] bar_value :2029[0m
Password for login:
[32m[I/pms] pm_svc_init...[0m
[32m[I/jmiot] iot_svc_init...[0m
[32m[I/jmiot] GPRS is not registration (Rx)[0m
[32m[I/voice] voice_svc_init...[0m
[32m[I/ui] ui_app_init...[0m
[32m[I/gkey] gkey_init...[0m
[32m[I/radar] radar_svc_init...[0m
[32m[I/radar] radar_svc_init, aeb feature not enable ![0m
[32m[I/ota] ota_svc_init...[0m
[32m[I/motor] motor_svc_init...[0m
[32m[I/slog] slog_svc_init...[0m
RTC: set alarm - a
[31m[E/at.clnt] wait AT client(usart1) connect timeout(10000 tick).[0m
[32m[I/at.dev.ec200x] ec200x device initialize retry 4...[0m
[31m[E/at.clnt] wait AT client(usart1) connect timeout(10000 tick).[0m
[32m[I/at.dev.ec200x] ec200x device initialize retry 3...[0m
[05:09:13.257482] --->
[32m[I/power_on] power_off_system[0m
   ~}   
[05:09:40.410937] --->
  \ | /
- RT -     Thread Operating System
/ | \     5.1.0 build Mar 20 2026 17:00:39
2006 - 2024 Copyright by RT-Thread team
rtc initialize success.
adc_vol, adc1 run success!
adc_vol, adc2 run success!
adc_vol, bms run success!
[32m[I/sal.skt] Socket Abstraction Layer initialize success.[0m
hwtimer, timer7 run success!
rtc clock source is set lsi!
RTC: set wkup 12000
watchdog, iwdg run success!
[32m[I/at.clnt] AT client(V1.3.1) on device usart1 initialize success.[0m
[32m[I/at.dev.ec200x] start init ec200x device.[0m
[33m[W/fs01] The version: V0452R336C01L0[0m
[32m[I/handle_bar] bar_value :2030[0m
Password for login:
[32m[I/pms] pm_svc_init...[0m
[32m[I/jmiot] iot_svc_init...[0m
[32m[I/jmiot] GPRS is not registration (Rx)[0m
[32m[I/voice] voice_svc_init...[0m
[32m[I/ui] ui_app_init...[0m
[32m[I/gkey] gkey_init...[0m
[32m[I/radar] radar_svc_init...[0m
[32m[I/radar] radar_svc_init, aeb feature not enable ![0m
[32m[I/ota] ota_svc_init...[0m
[32m[I/motor] motor_svc_init...[0m
[32m[I/slog] slog_svc_init...[0m
RTC: set alarm - a
[31m[E/at.clnt] wait AT client(usart1) connect timeout(10000 tick).[0m
[32m[I/at.dev.ec200x] ec200x device initialize retry 4...[0m
[31m[E/at.clnt] wait AT client(usart1) connect timeout(10000 tick).[0m
[32m[I/at.dev.ec200x] ec200x device initialize retry 3...[0m
[05:10:05.467021] --->
[32m[I/power_on] power_off_system[0m
[32m[I/power_on] power_off_system[0m
   |_} ]\^]| 
[05:10:06.927186] --->
  \ | /
- RT -     Thread Operating System
/ | \     5.1.0 build Mar 20 2026 17:00:39
2006 - 2024 Copyright by RT-Thread team
rtc initialize success.
adc_vol, adc1 run success!
adc_vol, adc2 run success!
adc_vol, bms run success!
[32m[I/sal.skt] Socket Abstraction Layer initialize success.[0m
hwtimer, timer7 run success!
rtc clock source is set lsi!
RTC: set wkup 12000
watchdog, iwdg run success!
[32m[I/at.clnt] AT client(V1.3.1) on device usart1 initialize success.[0m
[32m[I/at.dev.ec200x] start init ec200x device.[0m
[33m[W/fs01] The version: V0452R336C01L0[0m
[32m[I/handle_bar] bar_value :2030[0m
Password for login:
[32m[I/pms] pm_svc_init...[0m
[32m[I/jmiot] iot_svc_init...[0m
[32m[I/jmiot] GPRS is not registration (Rx)[0m
[32m[I/voice] voice_svc_init...[0m
[32m[I/ui] ui_app_init...[0m
[32m[I/gkey] gkey_init...[0m
[32m[I/radar] radar_svc_init...[0m
[32m[I/radar] radar_svc_init, aeb feature not enable ![0m
[32m[I/ota] ota_svc_init...[0m
[32m[I/motor] motor_svc_init...[0m
[32m[I/slog] slog_svc_init...[0m
RTC: set alarm - a
[32m[I/voice] voice_msg num: 9[0m
[05:10:31.932177] --->
[31m[E/at.clnt] wait AT client(usart1) connect timeout(10000 tick).[0m
[32m[I/at.dev.ec200x] ec200x device initialize retry 4...[0m
[31m[E/at.clnt] wait AT client(usart1) connect timeout(10000 tick).[0m
[32m[I/at.dev.ec200x] ec200x device initialize retry 3...[0m
[05:10:56.985889] --->
[32m[I/power_on] power_off_system[0m
   ||\\~ ]}\||||| 
[05:11:26.638483] --->
  \ | /
- RT -     Thread Operating System
/ | \     5.1.0 build Mar 20 2026 17:00:39
2006 - 2024 Copyright by RT-Thread team
rtc initialize success.
adc_vol, adc1 run success!
adc_vol, adc2 run success!
adc_vol, bms run success!
[32m[I/sal.skt] Socket Abstraction Layer initialize success.[0m
hwtimer, timer7 run success!
rtc clock source is set lsi!
RTC: set wkup 12000
watchdog, iwdg run success!
[32m[I/at.clnt] AT client(V1.3.1) on device usart1 initialize success.[0m
[32m[I/at.dev.ec200x] start init ec200x device.[0m
[33m[W/fs01] The version: V0452R336C01L0[0m
[32m[I/handle_bar] bar_value :2029[0m
Password for login:
[32m[I/pms] pm_svc_init...[0m
[32m[I/jmiot] iot_svc_init...[0m
[32m[I/jmiot] GPRS is not registration (Rx)[0m
[32m[I/voice] voice_svc_init...[0m
[32m[I/ui] ui_app_init...[0m
[32m[I/gkey] gkey_init...[0m
[32m[I/radar] radar_svc_init...[0m
[32m[I/radar] radar_svc_init, aeb feature not enable ![0m
[32m[I/ota] ota_svc_init...[0m
[32m[I/motor] motor_svc_init...[0m
[32m[I/slog] slog_svc_init...[0m
RTC: set alarm - a
[31m[E/at.clnt] wait AT client(usart1) connect timeout(10000 tick).[0m
[32m[I/at.dev.ec200x] ec200x device initialize retry 4...[0m
[31m[E/at.clnt] wait AT client(usart1) connect timeout(10000 tick).[0m
[32m[I/at.dev.ec200x] ec200x device initialize retry 3...[0m
[05:11:51.693059] --->
[32m[I/power_on] power_off_system[0m
   |  
[05:12:20.746076] --->
  \ | /
- RT -     Thread Operating System
/ | \     5.1.0 build Mar 20 2026 17:00:39
2006 - 2024 Copyright by RT-Thread team
rtc initialize success.
adc_vol, adc1 run success!
adc_vol, adc2 run success!
adc_vol, bms run success!
[32m[I/sal.skt] Socket Abstraction Layer initialize success.[0m
hwtimer, timer7 run success!
rtc clock source is set lsi!
RTC: set wkup 12000
watchdog, iwdg run success!
[32m[I/at.clnt] AT client(V1.3.1) on device usart1 initialize success.[0m
[32m[I/at.dev.ec200x] start init ec200x device.[0m
[33m[W/fs01] The version: V0452R336C01L0[0m
[32m[I/handle_bar] bar_value :2029[0m
Password for login:
[32m[I/pms] pm_svc_init...[0m
[32m[I/jmiot] iot_svc_init...[0m
[32m[I/jmiot] GPRS is not registration (Rx)[0m
[32m[I/voice] voice_svc_init...[0m
[32m[I/ui] ui_app_init...[0m
[32m[I/gkey] gkey_init...[0m
[32m[I/radar] radar_svc_init...[0m
[32m[I/radar] radar_svc_init, aeb feature not enable ![0m
[32m[I/ota] ota_svc_init...[0m
[32m[I/motor] motor_svc_init...[0m
[32m[I/slog] slog_svc_init...[0m
RTC: set alarm - a
[31m[E/at.clnt] wait AT client(usart1) connect timeout(10000 tick).[0m
[32m[I/at.dev.ec200x] ec200x device initialize retry 4...[0m
[31m[E/at.clnt] wait AT client(usart1) connect timeout(10000 tick).[0m
[32m[I/at.dev.ec200x] ec200x device initialize retry 3...[0m
[05:12:45.800446] --->
[32m[I/power_on] power_off_system[0m
   |\|~Tp|<|?8t8| 
[05:13:12.758073] --->
  \ | /
- RT -     Thread Operating System
/ | \     5.1.0 build Mar 20 2026 17:00:39
2006 - 2024 Copyright by RT-Thread team
rtc initialize success.
adc_vol, adc1 run success!
adc_vol, adc2 run success!
adc_vol, bms run success!
[32m[I/sal.skt] Socket Abstraction Layer initialize success.[0m
hwtimer, timer7 run success!
rtc clock source is set lsi!
RTC: set wkup 12000
watchdog, iwdg run success!
[32m[I/at.clnt] AT client(V1.3.1) on device usart1 initialize success.[0m
[32m[I/at.dev.ec200x] start init ec200x device.[0m
[33m[W/fs01] The version: V0452R336C01L0[0m
[32m[I/handle_bar] bar_value :2030[0m
Password for login:
[32m[I/pms] pm_svc_init...[0m
[32m[I/jmiot] iot_svc_init...[0m
[32m[I/jmiot] GPRS is not registration (Rx)[0m
[32m[I/voice] voice_svc_init...[0m
[32m[I/ui] ui_app_init...[0m
[32m[I/gkey] gkey_init...[0m
[32m[I/radar] radar_svc_init...[0m
[32m[I/radar] radar_svc_init, aeb feature not enable ![0m
[32m[I/ota] ota_svc_init...[0m
[32m[I/motor] motor_svc_init...[0m
[32m[I/slog] slog_svc_init...[0m
RTC: set alarm - a
[31m[E/at.clnt] wait AT client(usart1) connect timeout(10000 tick).[0m
[32m[I/at.dev.ec200x] ec200x device initialize retry 4...[0m
[31m[E/at.clnt] wait AT client(usart1) connect timeout(10000 tick).[0m
[32m[I/at.dev.ec200x] ec200x device initialize retry 3...[0m
[05:13:37.812511] --->
[32m[I/power_on] power_off_system[0m
[32m[I/power_on] power_off_system[0m
  ||\|||||\|\x|8|~|\ 
[05:14:06.865471] --->
  \ | /
- RT -     Thread Operating System
/ | \     5.1.0 build Mar 20 2026 17:00:39
2006 - 2024 Copyright by RT-Thread team
rtc initialize success.
adc_vol, adc1 run success!
adc_vol, adc2 run success!
adc_vol, bms run success!
[32m[I/sal.skt] Socket Abstraction Layer initialize success.[0m
hwtimer, timer7 run success!
rtc clock source is set lsi!
RTC: set wkup 12000
watchdog, iwdg run success!
[32m[I/at.clnt] AT client(V1.3.1) on device usart1 initialize success.[0m
[32m[I/at.dev.ec200x] start init ec200x device.[0m
[33m[W/fs01] The version: V0452R336C01L0[0m
[32m[I/handle_bar] bar_value :2029[0m
Password for login:
[32m[I/pms] pm_svc_init...[0m
[32m[I/jmiot] iot_svc_init...[0m
[32m[I/jmiot] GPRS is not registration (Rx)[0m
[32m[I/voice] voice_svc_init...[0m
[32m[I/ui] ui_app_init...[0m
[32m[I/gkey] gkey_init...[0m
[32m[I/radar] radar_svc_init...[0m
[32m[I/radar] radar_svc_init, aeb feature not enable ![0m
[32m[I/ota] ota_svc_init...[0m
[32m[I/motor] motor_svc_init...[0m
[32m[I/slog] slog_svc_init...[0m
RTC: set alarm - a
[31m[E/at.clnt] wait AT client(usart1) connect timeout(10000 tick).[0m
[32m[I/at.dev.ec200x] ec200x device initialize retry 4...[0m
[31m[E/at.clnt] wait AT client(usart1) connect timeout(10000 tick).[0m
[32m[I/at.dev.ec200x] ec200x device initialize retry 3...[0m
[05:14:31.919799] --->
[32m[I/power_on] power_off_system[0m
   {|_}| |||||| 
[05:15:00.774233] --->
  \ | /
- RT -     Thread Operating System
/ | \     5.1.0 build Mar 20 2026 17:00:39
2006 - 2024 Copyright by RT-Thread team
rtc initialize success.
adc_vol, adc1 run success!
adc_vol, adc2 run success!
adc_vol, bms run success!
[32m[I/sal.skt] Socket Abstraction Layer initialize success.[0m
hwtimer, timer7 run success!
rtc clock source is set lsi!
RTC: set wkup 12000
watchdog, iwdg run success!
[32m[I/at.clnt] AT client(V1.3.1) on device usart1 initialize success.[0m
[32m[I/at.dev.ec200x] start init ec200x device.[0m
[33m[W/fs01] The version: V0452R336C01L0[0m
[32m[I/handle_bar] bar_value :2029[0m
Password for login:
[32m[I/pms] pm_svc_init...[0m
[32m[I/jmiot] iot_svc_init...[0m
[32m[I/jmiot] GPRS is not registration (Rx)[0m
[32m[I/voice] voice_svc_init...[0m
[32m[I/ui] ui_app_init...[0m
[32m[I/gkey] gkey_init...[0m
[32m[I/radar] radar_svc_init...[0m
[32m[I/radar] radar_svc_init, aeb feature not enable ![0m
[32m[I/ota] ota_svc_init...[0m
[32m[I/motor] motor_svc_init...[0m
[32m[I/slog] slog_svc_init...[0m
RTC: set alarm - a
[31m[E/at.clnt] wait AT client(usart1) connect timeout(10000 tick).[0m
[32m[I/at.dev.ec200x] ec200x device initialize retry 4...[0m
[31m[E/at.clnt] wait AT client(usart1) connect timeout(10000 tick).[0m
[32m[I/at.dev.ec200x] ec200x device initialize retry 3...[0m
[05:15:25.829490] --->
[32m[I/power_on] power_off_system[0m
       
[05:15:55.385224] --->
  \ | /
- RT -     Thread Operating System
/ | \     5.1.0 build Mar 20 2026 17:00:39
2006 - 2024 Copyright by RT-Thread team
rtc initialize success.
adc_vol, adc1 run success!
adc_vol, adc2 run success!
adc_vol, bms run success!
[32m[I/sal.skt] Socket Abstraction Layer initialize success.[0m
hwtimer, timer7 run success!
rtc clock source is set lsi!
RTC: set wkup 12000
watchdog, iwdg run success!
[32m[I/at.clnt] AT client(V1.3.1) on device usart1 initialize success.[0m
[32m[I/at.dev.ec200x] start init ec200x device.[0m
[33m[W/fs01] The version: V0452R336C01L0[0m
[32m[I/handle_bar] bar_value :2029[0m
Password for login:
[32m[I/pms] pm_svc_init...[0m
[32m[I/jmiot] iot_svc_init...[0m
[32m[I/jmiot] GPRS is not registration (Rx)[0m
[32m[I/voice] voice_svc_init...[0m
[32m[I/ui] ui_app_init...[0m
[32m[I/gkey] gkey_init...[0m
[32m[I/radar] radar_svc_init...[0m
[32m[I/radar] radar_svc_init, aeb feature not enable ![0m
[32m[I/ota] ota_svc_init...[0m
[32m[I/motor] motor_svc_init...[0m
[32m[I/slog] slog_svc_init...[0m
RTC: set alarm - a
[31m[E/at.clnt] wait AT client(usart1) connect timeout(10000 tick).[0m
[32m[I/at.dev.ec200x] ec200x device initialize retry 4...[0m
[31m[E/at.clnt] wait AT client(usart1) connect timeout(10000 tick).[0m
[32m[I/at.dev.ec200x] ec200x device initialize retry 3...[0m
[05:16:20.438910] --->
[32m[I/power_on] power_off_system[0m
[32m[I/power_on] power_off_system[0m
   ~|_}~|}|| \~~||}~\|| 
[05:16:48.495991] --->
  \ | /
- RT -     Thread Operating System
/ | \     5.1.0 build Mar 20 2026 17:00:39
2006 - 2024 Copyright by RT-Thread team
rtc initialize success.
adc_vol, adc1 run success!
adc_vol, adc2 run success!
adc_vol, bms run success!
[32m[I/sal.skt] Socket Abstraction Layer initialize success.[0m
hwtimer, timer7 run success!
rtc clock source is set lsi!
RTC: set wkup 12000
watchdog, iwdg run success!
[32m[I/at.clnt] AT client(V1.3.1) on device usart1 initialize success.[0m
[32m[I/at.dev.ec200x] start init ec200x device.[0m
[33m[W/fs01] The version: V0452R336C01L0[0m
[32m[I/handle_bar] bar_value :2029[0m
Password for login:
[32m[I/pms] pm_svc_init...[0m
[32m[I/jmiot] iot_svc_init...[0m
[32m[I/jmiot] GPRS is not registration (Rx)[0m
[32m[I/voice] voice_svc_init...[0m
[32m[I/ui] ui_app_init...[0m
[32m[I/gkey] gkey_init...[0m
[32m[I/radar] radar_svc_init...[0m
[32m[I/radar] radar_svc_init, aeb feature not enable ![0m
[32m[I/ota] ota_svc_init...[0m
[32m[I/motor] motor_svc_init...[0m
[32m[I/slog] slog_svc_init...[0m
RTC: set alarm - a
[31m[E/at.clnt] wait AT client(usart1) connect timeout(10000 tick).[0m
[32m[I/at.dev.ec200x] ec200x device initialize retry 4...[0m
[31m[E/at.clnt] wait AT client(usart1) connect timeout(10000 tick).[0m
[32m[I/at.dev.ec200x] ec200x device initialize retry 3...[0m
[05:17:13.551110] --->
[32m[I/power_on] power_off_system[0m
   \||]||||\\\||9|| 
[05:17:40.404785] --->
  \ | /
- RT -     Thread Operating System
/ | \     5.1.0 build Mar 20 2026 17:00:39
2006 - 2024 Copyright by RT-Thread team
rtc initialize success.
adc_vol, adc1 run success!
adc_vol, adc2 run success!
adc_vol, bms run success!
[32m[I/sal.skt] Socket Abstraction Layer initialize success.[0m
hwtimer, timer7 run success!
rtc clock source is set lsi!
RTC: set wkup 12000
watchdog, iwdg run success!
[32m[I/at.clnt] AT client(V1.3.1) on device usart1 initialize success.[0m
[32m[I/at.dev.ec200x] start init ec200x device.[0m
[33m[W/fs01] The version: V0452R336C01L0[0m
[32m[I/handle_bar] bar_value :2030[0m
Password for login:
[32m[I/pms] pm_svc_init...[0m
[32m[I/jmiot] iot_svc_init...[0m
[32m[I/jmiot] GPRS is not registration (Rx)[0m
[32m[I/voice] voice_svc_init...[0m
[32m[I/ui] ui_app_init...[0m
[32m[I/gkey] gkey_init...[0m
[32m[I/radar] radar_svc_init...[0m
[32m[I/radar] radar_svc_init, aeb feature not enable ![0m
[32m[I/ota] ota_svc_init...[0m
[32m[I/motor] motor_svc_init...[0m
[32m[I/slog] slog_svc_init...[0m
RTC: set alarm - a
[31m[E/at.clnt] wait AT client(usart1) connect timeout(10000 tick).[0m
[32m[I/at.dev.ec200x] ec200x device initialize retry 4...[0m
[31m[E/at.clnt] wait AT client(usart1) connect timeout(10000 tick).[0m
[32m[I/at.dev.ec200x] ec200x device initialize retry 3...[0m
[05:18:05.458622] --->
[32m[I/power_on] power_off_system[0m
   |ޞ]_|} }| 
[05:18:31.911519] --->
  \ | /
- RT -     Thread Operating System
/ | \     5.1.0 build Mar 20 2026 17:00:39
2006 - 2024 Copyright by RT-Thread team
rtc initialize success.
adc_vol, adc1 run success!
adc_vol, adc2 run success!
adc_vol, bms run success!
[32m[I/sal.skt] Socket Abstraction Layer initialize success.[0m
hwtimer, timer7 run success!
rtc clock source is set lsi!
RTC: set wkup 12000
watchdog, iwdg run success!
[32m[I/at.clnt] AT client(V1.3.1) on device usart1 initialize success.[0m
[32m[I/at.dev.ec200x] start init ec200x device.[0m
[33m[W/fs01] The version: V0452R336C01L0[0m
[32m[I/handle_bar] bar_value :2029[0m
Password for login:
[32m[I/pms] pm_svc_init...[0m
[32m[I/jmiot] iot_svc_init...[0m
[32m[I/jmiot] GPRS is not registration (Rx)[0m
[32m[I/voice] voice_svc_init...[0m
[32m[I/ui] ui_app_init...[0m
[32m[I/gkey] gkey_init...[0m
[32m[I/radar] radar_svc_init...[0m
[32m[I/radar] radar_svc_init, aeb feature not enable ![0m
[32m[I/ota] ota_svc_init...[0m
[32m[I/motor] motor_svc_init...[0m
[32m[I/slog] slog_svc_init...[0m
RTC: set alarm - a
[31m[E/at.clnt] wait AT client(usart1) connect timeout(10000 tick).[0m
[32m[I/at.dev.ec200x] ec200x device initialize retry 4...[0m
[31m[E/at.clnt] wait AT client(usart1) connect timeout(10000 tick).[0m
[32m[I/at.dev.ec200x] ec200x device initialize retry 3...[0m
[05:18:56.963604] --->
[32m[I/power_on] power_off_system[0m
   p 8     
[05:19:25.417734] --->
  \ | /
- RT -     Thread Operating System
/ | \     5.1.0 build Mar 20 2026 17:00:39
2006 - 2024 Copyright by RT-Thread team
rtc initialize success.
adc_vol, adc1 run success!
adc_vol, adc2 run success!
adc_vol, bms run success!
[32m[I/sal.skt] Socket Abstraction Layer initialize success.[0m
hwtimer, timer7 run success!
rtc clock source is set lsi!
RTC: set wkup 12000
watchdog, iwdg run success!
[32m[I/at.clnt] AT client(V1.3.1) on device usart1 initialize success.[0m
[32m[I/at.dev.ec200x] start init ec200x device.[0m
[33m[W/fs01] The version: V0452R336C01L0[0m
[32m[I/handle_bar] bar_value :2029[0m
Password for login:
[32m[I/pms] pm_svc_init...[0m
[32m[I/jmiot] iot_svc_init...[0m
[32m[I/jmiot] GPRS is not registration (Rx)[0m
[32m[I/voice] voice_svc_init...[0m
[32m[I/ui] ui_app_init...[0m
[32m[I/gkey] gkey_init...[0m
[32m[I/radar] radar_svc_init...[0m
[32m[I/radar] radar_svc_init, aeb feature not enable ![0m
[32m[I/ota] ota_svc_init...[0m
[32m[I/motor] motor_svc_init...[0m
[32m[I/slog] slog_svc_init...[0m
RTC: set alarm - a
[31m[E/at.clnt] wait AT client(usart1) connect timeout(10000 tick).[0m
[32m[I/at.dev.ec200x] ec200x device initialize retry 4...[0m
[31m[E/at.clnt] wait AT client(usart1) connect timeout(10000 tick).[0m
[32m[I/at.dev.ec200x] ec200x device initialize retry 3...[0m
[05:19:50.471452] --->
[32m[I/power_on] power_off_system[0m
  \| | 
[05:20:18.527897] --->
  \ | /
- RT -     Thread Operating System
/ | \     5.1.0 build Mar 20 2026 17:00:39
2006 - 2024 Copyright by RT-Thread team
rtc initialize success.
adc_vol, adc1 run success!
adc_vol, adc2 run success!
adc_vol, bms run success!
[32m[I/sal.skt] Socket Abstraction Layer initialize success.[0m
hwtimer, timer7 run success!
rtc clock source is set lsi!
RTC: set wkup 12000
watchdog, iwdg run success!
[32m[I/at.clnt] AT client(V1.3.1) on device usart1 initialize success.[0m
[32m[I/at.dev.ec200x] start init ec200x device.[0m
[33m[W/fs01] The version: V0452R336C01L0[0m
[32m[I/handle_bar] bar_value :2030[0m
Password for login:
[32m[I/pms] pm_svc_init...[0m
[32m[I/jmiot] iot_svc_init...[0m
[32m[I/jmiot] GPRS is not registration (Rx)[0m
[32m[I/voice] voice_svc_init...[0m
[32m[I/ui] ui_app_init...[0m
[32m[I/gkey] gkey_init...[0m
[32m[I/radar] radar_svc_init...[0m
[32m[I/radar] radar_svc_init, aeb feature not enable ![0m
[32m[I/ota] ota_svc_init...[0m
[32m[I/motor] motor_svc_init...[0m
[32m[I/slog] slog_svc_init...[0m
RTC: set alarm - a
[31m[E/at.clnt] wait AT client(usart1) connect timeout(10000 tick).[0m
[32m[I/at.dev.ec200x] ec200x device initialize retry 4...[0m
[31m[E/at.clnt] wait AT client(usart1) connect timeout(10000 tick).[0m
[32m[I/at.dev.ec200x] ec200x device initialize retry 3...[0m
[05:20:43.582669] --->
[32m[I/power_on] power_off_system[0m
   |}  
[05:21:12.239161] --->
  \ | /
- RT -     Thread Operating System
/ | \     5.1.0 build Mar 20 2026 17:00:39
2006 - 2024 Copyright by RT-Thread team
rtc initialize success.
adc_vol, adc1 run success!
adc_vol, adc2 run success!
adc_vol, bms run success!
[32m[I/sal.skt] Socket Abstraction Layer initialize success.[0m
hwtimer, timer7 run success!
rtc clock source is set lsi!
RTC: set wkup 12000
watchdog, iwdg run success!
[32m[I/at.clnt] AT client(V1.3.1) on device usart1 initialize success.[0m
[32m[I/at.dev.ec200x] start init ec200x device.[0m
[33m[W/fs01] The version: V0452R336C01L0[0m
[32m[I/handle_bar] bar_value :2029[0m
Password for login:
[32m[I/pms] pm_svc_init...[0m
[32m[I/jmiot] iot_svc_init...[0m
[32m[I/jmiot] GPRS is not registration (Rx)[0m
[32m[I/voice] voice_svc_init...[0m
[32m[I/ui] ui_app_init...[0m
[32m[I/gkey] gkey_init...[0m
[32m[I/radar] radar_svc_init...[0m
[32m[I/radar] radar_svc_init, aeb feature not enable ![0m
[32m[I/ota] ota_svc_init...[0m
[32m[I/motor] motor_svc_init...[0m
[32m[I/slog] slog_svc_init...[0m
RTC: set alarm - a
[31m[E/at.clnt] wait AT client(usart1) connect timeout(10000 tick).[0m
[32m[I/at.dev.ec200x] ec200x device initialize retry 4...[0m
[31m[E/at.clnt] wait AT client(usart1) connect timeout(10000 tick).[0m
[32m[I/at.dev.ec200x] ec200x device initialize retry 3...[0m
[05:21:37.292529] --->
[32m[I/power_on] power_off_system[0m
   ~  
[05:22:04.449061] --->
  \ | /
- RT -     Thread Operating System
/ | \     5.1.0 build Mar 20 2026 17:00:39
2006 - 2024 Copyright by RT-Thread team
rtc initialize success.
adc_vol, adc1 run success!
adc_vol, adc2 run success!
adc_vol, bms run success!
[32m[I/sal.skt] Socket Abstraction Layer initialize success.[0m
hwtimer, timer7 run success!
rtc clock source is set lsi!
RTC: set wkup 12000
watchdog, iwdg run success!
[32m[I/at.clnt] AT client(V1.3.1) on device usart1 initialize success.[0m
[32m[I/at.dev.ec200x] start init ec200x device.[0m
[33m[W/fs01] The version: V0452R336C01L0[0m
[32m[I/handle_bar] bar_value :2031[0m
Password for login:
[32m[I/pms] pm_svc_init...[0m
[32m[I/jmiot] iot_svc_init...[0m
[32m[I/jmiot] GPRS is not registration (Rx)[0m
[32m[I/voice] voice_svc_init...[0m
[32m[I/ui] ui_app_init...[0m
[32m[I/gkey] gkey_init...[0m
[32m[I/radar] radar_svc_init...[0m
[32m[I/radar] radar_svc_init, aeb feature not enable ![0m
[32m[I/ota] ota_svc_init...[0m
[32m[I/motor] motor_svc_init...[0m
[32m[I/slog] slog_svc_init...[0m
RTC: set alarm - a
[31m[E/at.clnt] wait AT client(usart1) connect timeout(10000 tick).[0m
[32m[I/at.dev.ec200x] ec200x device initialize retry 4...[0m
[31m[E/at.clnt] wait AT client(usart1) connect timeout(10000 tick).[0m
[32m[I/at.dev.ec200x] ec200x device initialize retry 3...[0m
[05:22:29.505493] --->
[32m[I/power_on] power_off_system[0m
[32m[I/power_on] power_off_system[0m
  |ߞ|}| | 
[05:22:55.958237] --->
  \ | /
- RT -     Thread Operating System
/ | \     5.1.0 build Mar 20 2026 17:00:39
2006 - 2024 Copyright by RT-Thread team
rtc initialize success.
adc_vol, adc1 run success!
adc_vol, adc2 run success!
adc_vol, bms run success!
[32m[I/sal.skt] Socket Abstraction Layer initialize success.[0m
hwtimer, timer7 run success!
rtc clock source is set lsi!
RTC: set wkup 12000
watchdog, iwdg run success!
[32m[I/at.clnt] AT client(V1.3.1) on device usart1 initialize success.[0m
[32m[I/at.dev.ec200x] start init ec200x device.[0m
[33m[W/fs01] The version: V0452R336C01L0[0m
[32m[I/handle_bar] bar_value :2030[0m
Password for login:
[32m[I/pms] pm_svc_init...[0m
[32m[I/jmiot] iot_svc_init...[0m
[32m[I/jmiot] GPRS is not registration (Rx)[0m
[32m[I/voice] voice_svc_init...[0m
[32m[I/ui] ui_app_init...[0m
[32m[I/gkey] gkey_init...[0m
[32m[I/radar] radar_svc_init...[0m
[32m[I/radar] radar_svc_init, aeb feature not enable ![0m
[32m[I/ota] ota_svc_init...[0m
[32m[I/motor] motor_svc_init...[0m
[32m[I/slog] slog_svc_init...[0m
RTC: set alarm - a
[31m[E/at.clnt] wait AT client(usart1) connect timeout(10000 tick).[0m
[32m[I/at.dev.ec200x] ec200x device initialize retry 4...[0m
[31m[E/at.clnt] wait AT client(usart1) connect timeout(10000 tick).[0m
[32m[I/at.dev.ec200x] ec200x device initialize retry 3...[0m
[05:23:21.011900] --->
[32m[I/power_on] power_off_system[0m
   \|}}_|]|\}]ޜ|\|| 
[05:23:50.969680] --->
  \ | /
- RT -     Thread Operating System
/ | \     5.1.0 build Mar 20 2026 17:00:39
2006 - 2024 Copyright by RT-Thread team
rtc initialize success.
adc_vol, adc1 run success!
adc_vol, adc2 run success!
adc_vol, bms run success!
[32m[I/sal.skt] Socket Abstraction Layer initialize success.[0m
hwtimer, timer7 run success!
rtc clock source is set lsi!
RTC: set wkup 12000
watchdog, iwdg run success!
[32m[I/at.clnt] AT client(V1.3.1) on device usart1 initialize success.[0m
[32m[I/at.dev.ec200x] start init ec200x device.[0m
[33m[W/fs01] The version: V0452R336C01L0[0m
[32m[I/handle_bar] bar_value :2029[0m
Password for login:
[32m[I/pms] pm_svc_init...[0m
[32m[I/jmiot] iot_svc_init...[0m
[32m[I/jmiot] GPRS is not registration (Rx)[0m
[32m[I/voice] voice_svc_init...[0m
[32m[I/ui] ui_app_init...[0m
[32m[I/gkey] gkey_init...[0m
[32m[I/radar] radar_svc_init...[0m
[32m[I/radar] radar_svc_init, aeb feature not enable ![0m
[32m[I/ota] ota_svc_init...[0m
[32m[I/motor] motor_svc_init...[0m
[32m[I/slog] slog_svc_init...[0m
RTC: set alarm - a
[31m[E/at.clnt] wait AT client(usart1) connect timeout(10000 tick).[0m
[32m[I/at.dev.ec200x] ec200x device initialize retry 4...[0m
[31m[E/at.clnt] wait AT client(usart1) connect timeout(10000 tick).[0m
[32m[I/at.dev.ec200x] ec200x device initialize retry 3...[0m
[05:24:16.022292] --->
[32m[I/power_on] power_off_system[0m
[32m[I/power_on] power_off_system[0m
   |  
[05:24:42.977160] --->
  \ | /
- RT -     Thread Operating System
/ | \     5.1.0 build Mar 20 2026 17:00:39
2006 - 2024 Copyright by RT-Thread team
rtc initialize success.
adc_vol, adc1 run success!
adc_vol, adc2 run success!
adc_vol, bms run success!
[32m[I/sal.skt] Socket Abstraction Layer initialize success.[0m
hwtimer, timer7 run success!
rtc clock source is set lsi!
RTC: set wkup 12000
watchdog, iwdg run success!
[32m[I/at.clnt] AT client(V1.3.1) on device usart1 initialize success.[0m
[32m[I/at.dev.ec200x] start init ec200x device.[0m
[33m[W/fs01] The version: V0452R336C01L0[0m
[32m[I/handle_bar] bar_value :2029[0m
Password for login:
[32m[I/pms] pm_svc_init...[0m
[32m[I/jmiot] iot_svc_init...[0m
[32m[I/jmiot] GPRS is not registration (Rx)[0m
[32m[I/voice] voice_svc_init...[0m
[32m[I/ui] ui_app_init...[0m
[32m[I/gkey] gkey_init...[0m
[32m[I/radar] radar_svc_init...[0m
[32m[I/radar] radar_svc_init, aeb feature not enable ![0m
[32m[I/ota] ota_svc_init...[0m
[32m[I/motor] motor_svc_init...[0m
[32m[I/slog] slog_svc_init...[0m
RTC: set alarm - a
[31m[E/at.clnt] wait AT client(usart1) connect timeout(10000 tick).[0m
[32m[I/at.dev.ec200x] ec200x device initialize retry 4...[0m
[31m[E/at.clnt] wait AT client(usart1) connect timeout(10000 tick).[0m
[32m[I/at.dev.ec200x] ec200x device initialize retry 3...[0m
[05:25:08.030016] --->
[32m[I/power_on] power_off_system[0m
[32m[I/power_on] power_off_system[0m
   }  
[05:25:33.486812] --->
  \ | /
- RT -     Thread Operating System
/ | \     5.1.0 build Mar 20 2026 17:00:39
2006 - 2024 Copyright by RT-Thread team
rtc initialize success.
adc_vol, adc1 run success!
adc_vol, adc2 run success!
adc_vol, bms run success!
[32m[I/sal.skt] Socket Abstraction Layer initialize success.[0m
hwtimer, timer7 run success!
rtc clock source is set lsi!
RTC: set wkup 12000
watchdog, iwdg run success!
[32m[I/at.clnt] AT client(V1.3.1) on device usart1 initialize success.[0m
[32m[I/at.dev.ec200x] start init ec200x device.[0m
[33m[W/fs01] The version: V0452R336C01L0[0m
[32m[I/handle_bar] bar_value :2030[0m
Password for login:
[32m[I/pms] pm_svc_init...[0m
[32m[I/jmiot] iot_svc_init...[0m
[32m[I/jmiot] GPRS is not registration (Rx)[0m
[32m[I/voice] voice_svc_init...[0m
[32m[I/ui] ui_app_init...[0m
[32m[I/gkey] gkey_init...[0m
[32m[I/radar] radar_svc_init...[0m
[32m[I/radar] radar_svc_init, aeb feature not enable ![0m
[32m[I/ota] ota_svc_init...[0m
[32m[I/motor] motor_svc_init...[0m
[32m[I/slog] slog_svc_init...[0m
RTC: set alarm - a
[31m[E/at.clnt] wait AT client(usart1) connect timeout(10000 tick).[0m
[32m[I/at.dev.ec200x] ec200x device initialize retry 4...[0m
[31m[E/at.clnt] wait AT client(usart1) connect timeout(10000 tick).[0m
[32m[I/at.dev.ec200x] ec200x device initialize retry 3...[0m
[05:25:58.538949] --->
[32m[I/power_on] power_off_system[0m
   |  
[05:26:24.794791] --->
  \ | /
- RT -     Thread Operating System
/ | \     5.1.0 build Mar 20 2026 17:00:39
2006 - 2024 Copyright by RT-Thread team
rtc initialize success.
adc_vol, adc1 run success!
adc_vol, adc2 run success!
adc_vol, bms run success!
[32m[I/sal.skt] Socket Abstraction Layer initialize success.[0m
hwtimer, timer7 run success!
rtc clock source is set lsi!
RTC: set wkup 12000
watchdog, iwdg run success!
[32m[I/at.clnt] AT client(V1.3.1) on device usart1 initialize success.[0m
[32m[I/at.dev.ec200x] start init ec200x device.[0m
[33m[W/fs01] The version: V0452R336C01L0[0m
[32m[I/handle_bar] bar_value :2029[0m
Password for login:
[32m[I/pms] pm_svc_init...[0m
[32m[I/jmiot] iot_svc_init...[0m
[32m[I/jmiot] GPRS is not registration (Rx)[0m
[32m[I/voice] voice_svc_init...[0m
[32m[I/ui] ui_app_init...[0m
[32m[I/gkey] gkey_init...[0m
[32m[I/radar] radar_svc_init...[0m
[32m[I/radar] radar_svc_init, aeb feature not enable ![0m
[32m[I/ota] ota_svc_init...[0m
[32m[I/motor] motor_svc_init...[0m
[32m[I/slog] slog_svc_init...[0m
RTC: set alarm - a
[31m[E/at.clnt] wait AT client(usart1) connect timeout(10000 tick).[0m
[32m[I/at.dev.ec200x] ec200x device initialize retry 4...[0m
[31m[E/at.clnt] wait AT client(usart1) connect timeout(10000 tick).[0m
[32m[I/at.dev.ec200x] ec200x device initialize retry 3...[0m
[05:26:49.851070] --->
[32m[I/power_on] power_off_system[0m
   ~}~\| _|}|| 
[05:27:18.304866] --->
  \ | /
- RT -     Thread Operating System
/ | \     5.1.0 build Mar 20 2026 17:00:39
2006 - 2024 Copyright by RT-Thread team
rtc initialize success.
adc_vol, adc1 run success!
adc_vol, adc2 run success!
adc_vol, bms run success!
[32m[I/sal.skt] Socket Abstraction Layer initialize success.[0m
hwtimer, timer7 run success!
rtc clock source is set lsi!
RTC: set wkup 12000
watchdog, iwdg run success!
[32m[I/at.clnt] AT client(V1.3.1) on device usart1 initialize success.[0m
[32m[I/at.dev.ec200x] start init ec200x device.[0m
[33m[W/fs01] The version: V0452R336C01L0[0m
[32m[I/handle_bar] bar_value :2029[0m
Password for login:
[32m[I/pms] pm_svc_init...[0m
[32m[I/jmiot] iot_svc_init...[0m
[32m[I/jmiot] GPRS is not registration (Rx)[0m
[32m[I/voice] voice_svc_init...[0m
[32m[I/ui] ui_app_init...[0m
[32m[I/gkey] gkey_init...[0m
[32m[I/radar] radar_svc_init...[0m
[32m[I/radar] radar_svc_init, aeb feature not enable ![0m
[32m[I/ota] ota_svc_init...[0m
[32m[I/motor] motor_svc_init...[0m
[32m[I/slog] slog_svc_init...[0m
RTC: set alarm - a
[31m[E/at.clnt] wait AT client(usart1) connect timeout(10000 tick).[0m
[32m[I/at.dev.ec200x] ec200x device initialize retry 4...[0m
[31m[E/at.clnt] wait AT client(usart1) connect timeout(10000 tick).[0m
[32m[I/at.dev.ec200x] ec200x device initialize retry 3...[0m
[05:27:43.357957] --->
[32m[I/power_on] power_off_system[0m
   |}88   
[05:28:13.414353] --->
  \ | /
- RT -     Thread Operating System
/ | \     5.1.0 build Mar 20 2026 17:00:39
2006 - 2024 Copyright by RT-Thread team
rtc initialize success.
adc_vol, adc1 run success!
adc_vol, adc2 run success!
adc_vol, bms run success!
[32m[I/sal.skt] Socket Abstraction Layer initialize success.[0m
hwtimer, timer7 run success!
rtc clock source is set lsi!
RTC: set wkup 12000
watchdog, iwdg run success!
[32m[I/at.clnt] AT client(V1.3.1) on device usart1 initialize success.[0m
[32m[I/at.dev.ec200x] start init ec200x device.[0m
[33m[W/fs01] The version: V0452R336C01L0[0m
[32m[I/handle_bar] bar_value :2030[0m
Password for login:
[32m[I/pms] pm_svc_init...[0m
[32m[I/jmiot] iot_svc_init...[0m
[32m[I/jmiot] GPRS is not registration (Rx)[0m
[32m[I/voice] voice_svc_init...[0m
[32m[I/ui] ui_app_init...[0m
[32m[I/gkey] gkey_init...[0m
[32m[I/radar] radar_svc_init...[0m
[32m[I/radar] radar_svc_init, aeb feature not enable ![0m
[32m[I/ota] ota_svc_init...[0m
[32m[I/motor] motor_svc_init...[0m
[32m[I/slog] slog_svc_init...[0m
RTC: set alarm - a
[31m[E/at.clnt] wait AT client(usart1) connect timeout(10000 tick).[0m
[32m[I/at.dev.ec200x] ec200x device initialize retry 4...[0m
[31m[E/at.clnt] wait AT client(usart1) connect timeout(10000 tick).[0m
[32m[I/at.dev.ec200x] ec200x device initialize retry 3...[0m
[05:28:38.468813] --->
[32m[I/power_on] power_off_system[0m
   }|]\]|||\|}|8\|0|| 
[05:29:04.024469] --->
  \ | /
- RT -     Thread Operating System
/ | \     5.1.0 build Mar 20 2026 17:00:39
2006 - 2024 Copyright by RT-Thread team
rtc initialize success.
adc_vol, adc1 run success!
adc_vol, adc2 run success!
adc_vol, bms run success!
[32m[I/sal.skt] Socket Abstraction Layer initialize success.[0m
hwtimer, timer7 run success!
rtc clock source is set lsi!
RTC: set wkup 12000
watchdog, iwdg run success!
[32m[I/at.clnt] AT client(V1.3.1) on device usart1 initialize success.[0m
[32m[I/at.dev.ec200x] start init ec200x device.[0m
[33m[W/fs01] The version: V0452R336C01L0[0m
[32m[I/handle_bar] bar_value :2030[0m
Password for login:
[32m[I/pms] pm_svc_init...[0m
[32m[I/jmiot] iot_svc_init...[0m
[32m[I/jmiot] GPRS is not registration (Rx)[0m
[32m[I/voice] voice_svc_init...[0m
[32m[I/ui] ui_app_init...[0m
[32m[I/gkey] gkey_init...[0m
[32m[I/radar] radar_svc_init...[0m
[32m[I/radar] radar_svc_init, aeb feature not enable ![0m
[32m[I/ota] ota_svc_init...[0m
[32m[I/motor] motor_svc_init...[0m
[32m[I/slog] slog_svc_init...[0m
RTC: set alarm - a
[31m[E/at.clnt] wait AT client(usart1) connect timeout(10000 tick).[0m
[32m[I/at.dev.ec200x] ec200x device initialize retry 4...[0m
[31m[E/at.clnt] wait AT client(usart1) connect timeout(10000 tick).[0m
[32m[I/at.dev.ec200x] ec200x device initialize retry 3...[0m
[05:29:29.076917] --->
[32m[I/power_on] power_off_system[0m
[32m[I/power_on] power_off_system[0m
   }\\]|\]}|^|\||| 
[05:29:55.529379] --->
  \ | /
- RT -     Thread Operating System
/ | \     5.1.0 build Mar 20 2026 17:00:39
2006 - 2024 Copyright by RT-Thread team
rtc initialize success.
adc_vol, adc1 run success!
adc_vol, adc2 run success!
adc_vol, bms run success!
[32m[I/sal.skt] Socket Abstraction Layer initialize success.[0m
hwtimer, timer7 run success!
rtc clock source is set lsi!
RTC: set wkup 12000
watchdog, iwdg run success!
[32m[I/at.clnt] AT client(V1.3.1) on device usart1 initialize success.[0m
[32m[I/at.dev.ec200x] start init ec200x device.[0m
[33m[W/fs01] The version: V0452R336C01L0[0m
[32m[I/handle_bar] bar_value :2029[0m
Password for login:
[32m[I/pms] pm_svc_init...[0m
[32m[I/jmiot] iot_svc_init...[0m
[32m[I/jmiot] GPRS is not registration (Rx)[0m
[32m[I/voice] voice_svc_init...[0m
[32m[I/ui] ui_app_init...[0m
[32m[I/gkey] gkey_init...[0m
[32m[I/radar] radar_svc_init...[0m
[32m[I/radar] radar_svc_init, aeb feature not enable ![0m
[32m[I/ota] ota_svc_init...[0m
[32m[I/motor] motor_svc_init...[0m
[32m[I/slog] slog_svc_init...[0m
RTC: set alarm - a
[31m[E/at.clnt] wait AT client(usart1) connect timeout(10000 tick).[0m
[32m[I/at.dev.ec200x] ec200x device initialize retry 4...[0m
[31m[E/at.clnt] wait AT client(usart1) connect timeout(10000 tick).[0m
[32m[I/at.dev.ec200x] ec200x device initialize retry 3...[0m
[05:30:20.580609] --->
[32m[I/power_on] power_off_system[0m
   }}||||| |||]]||}]\\] 
[05:30:45.633720] --->
  \ | /
- RT -     Thread Operating System
/ | \     5.1.0 build Mar 20 2026 17:00:39
2006 - 2024 Copyright by RT-Thread team
rtc initialize success.
adc_vol, adc1 run success!
adc_vol, adc2 run success!
adc_vol, bms run success!
[32m[I/sal.skt] Socket Abstraction Layer initialize success.[0m
hwtimer, timer7 run success!
rtc clock source is set lsi!
RTC: set wkup 12000
watchdog, iwdg run success!
[32m[I/at.clnt] AT client(V1.3.1) on device usart1 initialize success.[0m
[32m[I/at.dev.ec200x] start init ec200x device.[0m
[33m[W/fs01] The version: V0452R336C01L0[0m
[32m[I/handle_bar] bar_value :2029[0m
Password for login:
[32m[I/pms] pm_svc_init...[0m
[32m[I/jmiot] iot_svc_init...[0m
[32m[I/jmiot] GPRS is not registration (Rx)[0m
[32m[I/voice] voice_svc_init...[0m
[32m[I/ui] ui_app_init...[0m
[32m[I/gkey] gkey_init...[0m
[32m[I/radar] radar_svc_init...[0m
[32m[I/radar] radar_svc_init, aeb feature not enable ![0m
[32m[I/ota] ota_svc_init...[0m
[32m[I/motor] motor_svc_init...[0m
[32m[I/slog] slog_svc_init...[0m
RTC: set alarm - a
[31m[E/at.clnt] wait AT client(usart1) connect timeout(10000 tick).[0m
[32m[I/at.dev.ec200x] ec200x device initialize retry 4...[0m
[31m[E/at.clnt] wait AT client(usart1) connect timeout(10000 tick).[0m
[32m[I/at.dev.ec200x] ec200x device initialize retry 3...[0m
[05:31:10.689336] --->
[32m[I/power_on] power_off_system[0m
   \\\|}~?}}}|} 
[05:31:36.845897] --->
  \ | /
- RT -     Thread Operating System
/ | \     5.1.0 build Mar 20 2026 17:00:39
2006 - 2024 Copyright by RT-Thread team
rtc initialize success.
adc_vol, adc1 run success!
adc_vol, adc2 run success!
adc_vol, bms run success!
[32m[I/sal.skt] Socket Abstraction Layer initialize success.[0m
hwtimer, timer7 run success!
rtc clock source is set lsi!
RTC: set wkup 12000
watchdog, iwdg run success!
[32m[I/at.clnt] AT client(V1.3.1) on device usart1 initialize success.[0m
[32m[I/at.dev.ec200x] start init ec200x device.[0m
[33m[W/fs01] The version: V0452R336C01L0[0m
[32m[I/handle_bar] bar_value :2029[0m
Password for login:
[32m[I/pms] pm_svc_init...[0m
[32m[I/jmiot] iot_svc_init...[0m
[32m[I/jmiot] GPRS is not registration (Rx)[0m
[32m[I/voice] voice_svc_init...[0m
[32m[I/ui] ui_app_init...[0m
[32m[I/gkey] gkey_init...[0m
[32m[I/radar] radar_svc_init...[0m
[32m[I/radar] radar_svc_init, aeb feature not enable ![0m
[32m[I/ota] ota_svc_init...[0m
[32m[I/motor] motor_svc_init...[0m
[32m[I/slog] slog_svc_init...[0m
RTC: set alarm - a
[31m[E/at.clnt] wait AT client(usart1) connect timeout(10000 tick).[0m
[32m[I/at.dev.ec200x] ec200x device initialize retry 4...[0m
[31m[E/at.clnt] wait AT client(usart1) connect timeout(10000 tick).[0m
[32m[I/at.dev.ec200x] ec200x device initialize retry 3...[0m
[05:32:01.898482] --->
[32m[I/power_on] power_off_system[0m
[32m[I/power_on] power_off_system[0m
   }}| p 
[05:32:30.653616] --->
  \ | /
- RT -     Thread Operating System
/ | \     5.1.0 build Mar 20 2026 17:00:39
2006 - 2024 Copyright by RT-Thread team
rtc initialize success.
adc_vol, adc1 run success!
adc_vol, adc2 run success!
adc_vol, bms run success!
[32m[I/sal.skt] Socket Abstraction Layer initialize success.[0m
hwtimer, timer7 run success!
rtc clock source is set lsi!
RTC: set wkup 12000
watchdog, iwdg run success!
[32m[I/at.clnt] AT client(V1.3.1) on device usart1 initialize success.[0m
[32m[I/at.dev.ec200x] start init ec200x device.[0m
[33m[W/fs01] The version: V0452R336C01L0[0m
[32m[I/handle_bar] bar_value :2029[0m
Password for login:
[32m[I/pms] pm_svc_init...[0m
[32m[I/jmiot] iot_svc_init...[0m
[32m[I/jmiot] GPRS is not registration (Rx)[0m
[32m[I/voice] voice_svc_init...[0m
[32m[I/ui] ui_app_init...[0m
[32m[I/gkey] gkey_init...[0m
[32m[I/radar] radar_svc_init...[0m
[32m[I/radar] radar_svc_init, aeb feature not enable ![0m
[32m[I/ota] ota_svc_init...[0m
[32m[I/motor] motor_svc_init...[0m
[32m[I/slog] slog_svc_init...[0m
RTC: set alarm - a
[31m[E/at.clnt] wait AT client(usart1) connect timeout(10000 tick).[0m
[32m[I/at.dev.ec200x] ec200x device initialize retry 4...[0m
[31m[E/at.clnt] wait AT client(usart1) connect timeout(10000 tick).[0m
[32m[I/at.dev.ec200x] ec200x device initialize retry 3...[0m
[05:32:55.709502] --->
[32m[I/power_on] power_off_system[0m
   ^  
[05:33:23.766143] --->
  \ | /
- RT -     Thread Operating System
/ | \     5.1.0 build Mar 20 2026 17:00:39
2006 - 2024 Copyright by RT-Thread team
rtc initialize success.
adc_vol, adc1 run success!
adc_vol, adc2 run success!
adc_vol, bms run success!
[32m[I/sal.skt] Socket Abstraction Layer initialize success.[0m
hwtimer, timer7 run success!
rtc clock source is set lsi!
RTC: set wkup 12000
watchdog, iwdg run success!
[32m[I/at.clnt] AT client(V1.3.1) on device usart1 initialize success.[0m
[32m[I/at.dev.ec200x] start init ec200x device.[0m
[33m[W/fs01] The version: V0452R336C01L0[0m
[32m[I/handle_bar] bar_value :2029[0m
Password for login:
[32m[I/pms] pm_svc_init...[0m
[32m[I/jmiot] iot_svc_init...[0m
[32m[I/jmiot] GPRS is not registration (Rx)[0m
[32m[I/voice] voice_svc_init...[0m
[32m[I/ui] ui_app_init...[0m
[32m[I/gkey] gkey_init...[0m
[32m[I/radar] radar_svc_init...[0m
[32m[I/radar] radar_svc_init, aeb feature not enable ![0m
[32m[I/ota] ota_svc_init...[0m
[32m[I/motor] motor_svc_init...[0m
[32m[I/slog] slog_svc_init...[0m
RTC: set alarm - a
[31m[E/at.clnt] wait AT client(usart1) connect timeout(10000 tick).[0m
[32m[I/at.dev.ec200x] ec200x device initialize retry 4...[0m
[31m[E/at.clnt] wait AT client(usart1) connect timeout(10000 tick).[0m
[32m[I/at.dev.ec200x] ec200x device initialize retry 3...[0m
[05:33:48.818928] --->
[32m[I/power_on] power_off_system[0m
     
[05:33:50.276674] --->
  \ | /
- RT -     Thread Operating System
/ | \     5.1.0 build Mar 20 2026 17:00:39
2006 - 2024 Copyright by RT-Thread team
rtc initialize success.
adc_vol, adc1 run success!
adc_vol, adc2 run success!
adc_vol, bms run success!
[32m[I/sal.skt] Socket Abstraction Layer initialize success.[0m
hwtimer, timer7 run success!
rtc clock source is set lsi!
RTC: set wkup 12000
watchdog, iwdg run success!
[32m[I/at.clnt] AT client(V1.3.1) on device usart1 initialize success.[0m
[32m[I/at.dev.ec200x] start init ec200x device.[0m
[33m[W/fs01] The version: V0452R336C01L0[0m
[32m[I/handle_bar] bar_value :2029[0m
Password for login:
[32m[I/pms] pm_svc_init...[0m
[32m[I/jmiot] iot_svc_init...[0m
[32m[I/jmiot] GPRS is not registration (Rx)[0m
[32m[I/voice] voice_svc_init...[0m
[32m[I/ui] ui_app_init...[0m
[32m[I/gkey] gkey_init...[0m
[32m[I/radar] radar_svc_init...[0m
[32m[I/radar] radar_svc_init, aeb feature not enable ![0m
[32m[I/ota] ota_svc_init...[0m
[32m[I/motor] motor_svc_init...[0m
[32m[I/slog] slog_svc_init...[0m
RTC: set alarm - a
[32m[I/voice] voice_msg num: 9[0m
[05:34:15.282136] --->
[31m[E/at.clnt] wait AT client(usart1) connect timeout(10000 tick).[0m
[32m[I/at.dev.ec200x] ec200x device initialize retry 4...[0m
[31m[E/at.clnt] wait AT client(usart1) connect timeout(10000 tick).[0m
[32m[I/at.dev.ec200x] ec200x device initialize retry 3...[0m
[05:34:40.334232] --->
[32m[I/power_on] power_off_system[0m
          
[05:35:08.790955] --->
  \ | /
- RT -     Thread Operating System
/ | \     5.1.0 build Mar 20 2026 17:00:39
2006 - 2024 Copyright by RT-Thread team
rtc initialize success.
adc_vol, adc1 run success!
adc_vol, adc2 run success!
adc_vol, bms run success!
[32m[I/sal.skt] Socket Abstraction Layer initialize success.[0m
hwtimer, timer7 run success!
rtc clock source is set lsi!
RTC: set wkup 12000
watchdog, iwdg run success!
[32m[I/at.clnt] AT client(V1.3.1) on device usart1 initialize success.[0m
[32m[I/at.dev.ec200x] start init ec200x device.[0m
[33m[W/fs01] The version: V0452R336C01L0[0m
[32m[I/handle_bar] bar_value :2029[0m
Password for login:
[32m[I/pms] pm_svc_init...[0m
[32m[I/jmiot] iot_svc_init...[0m
[32m[I/jmiot] GPRS is not registration (Rx)[0m
[32m[I/voice] voice_svc_init...[0m
[32m[I/ui] ui_app_init...[0m
[32m[I/gkey] gkey_init...[0m
[32m[I/radar] radar_svc_init...[0m
[32m[I/radar] radar_svc_init, aeb feature not enable ![0m
[32m[I/ota] ota_svc_init...[0m
[32m[I/motor] motor_svc_init...[0m
[32m[I/slog] slog_svc_init...[0m
RTC: set alarm - a
[31m[E/at.clnt] wait AT client(usart1) connect timeout(10000 tick).[0m
[32m[I/at.dev.ec200x] ec200x device initialize retry 4...[0m
[31m[E/at.clnt] wait AT client(usart1) connect timeout(10000 tick).[0m
[32m[I/at.dev.ec200x] ec200x device initialize retry 3...[0m
[05:35:33.846751] --->
[32m[I/power_on] power_off_system[0m
   }     
[05:35:59.303828] --->
  \ | /
- RT -     Thread Operating System
/ | \     5.1.0 build Mar 20 2026 17:00:39
2006 - 2024 Copyright by RT-Thread team
rtc initialize success.
adc_vol, adc1 run success!
adc_vol, adc2 run success!
adc_vol, bms run success!
[32m[I/sal.skt] Socket Abstraction Layer initialize success.[0m
hwtimer, timer7 run success!
rtc clock source is set lsi!
RTC: set wkup 12000
watchdog, iwdg run success!
[32m[I/at.clnt] AT client(V1.3.1) on device usart1 initialize success.[0m
[32m[I/at.dev.ec200x] start init ec200x device.[0m
[33m[W/fs01] The version: V0452R336C01L0[0m
[32m[I/handle_bar] bar_value :2029[0m
Password for login:
[32m[I/pms] pm_svc_init...[0m
[32m[I/jmiot] iot_svc_init...[0m
[32m[I/jmiot] GPRS is not registration (Rx)[0m
[32m[I/voice] voice_svc_init...[0m
[32m[I/ui] ui_app_init...[0m
[32m[I/gkey] gkey_init...[0m
[32m[I/radar] radar_svc_init...[0m
[32m[I/radar] radar_svc_init, aeb feature not enable ![0m
[32m[I/ota] ota_svc_init...[0m
[32m[I/motor] motor_svc_init...[0m
[32m[I/slog] slog_svc_init...[0m
RTC: set alarm - a
[31m[E/at.clnt] wait AT client(usart1) connect timeout(10000 tick).[0m
[32m[I/at.dev.ec200x] ec200x device initialize retry 4...[0m
[31m[E/at.clnt] wait AT client(usart1) connect timeout(10000 tick).[0m
[32m[I/at.dev.ec200x] ec200x device initialize retry 3...[0m
[05:36:24.360380] --->
[32m[I/power_on] power_off_system[0m
   }| \}}}\||\] 
[05:36:50.212394] --->
  \ | /
- RT -     Thread Operating System
/ | \     5.1.0 build Mar 20 2026 17:00:39
2006 - 2024 Copyright by RT-Thread team
rtc initialize success.
adc_vol, adc1 run success!
adc_vol, adc2 run success!
adc_vol, bms run success!
[32m[I/sal.skt] Socket Abstraction Layer initialize success.[0m
hwtimer, timer7 run success!
rtc clock source is set lsi!
RTC: set wkup 12000
watchdog, iwdg run success!
[32m[I/at.clnt] AT client(V1.3.1) on device usart1 initialize success.[0m
[32m[I/at.dev.ec200x] start init ec200x device.[0m
[33m[W/fs01] The version: V0452R336C01L0[0m
[32m[I/handle_bar] bar_value :2030[0m
Password for login:
[32m[I/pms] pm_svc_init...[0m
[32m[I/jmiot] iot_svc_init...[0m
[32m[I/jmiot] GPRS is not registration (Rx)[0m
[32m[I/voice] voice_svc_init...[0m
[32m[I/ui] ui_app_init...[0m
[32m[I/gkey] gkey_init...[0m
[32m[I/radar] radar_svc_init...[0m
[32m[I/radar] radar_svc_init, aeb feature not enable ![0m
[32m[I/ota] ota_svc_init...[0m
[32m[I/motor] motor_svc_init...[0m
[32m[I/slog] slog_svc_init...[0m
RTC: set alarm - a
[31m[E/at.clnt] wait AT client(usart1) connect timeout(10000 tick).[0m
[32m[I/at.dev.ec200x] ec200x device initialize retry 4...[0m
[31m[E/at.clnt] wait AT client(usart1) connect timeout(10000 tick).[0m
[32m[I/at.dev.ec200x] ec200x device initialize retry 3...[0m
[05:37:15.268007] --->
[32m[I/power_on] power_off_system[0m
   |  
[05:37:42.621702] --->
  \ | /
- RT -     Thread Operating System
/ | \     5.1.0 build Mar 20 2026 17:00:39
2006 - 2024 Copyright by RT-Thread team
rtc initialize success.
adc_vol, adc1 run success!
adc_vol, adc2 run success!
adc_vol, bms run success!
[32m[I/sal.skt] Socket Abstraction Layer initialize success.[0m
hwtimer, timer7 run success!
rtc clock source is set lsi!
RTC: set wkup 12000
watchdog, iwdg run success!
[32m[I/at.clnt] AT client(V1.3.1) on device usart1 initialize success.[0m
[32m[I/at.dev.ec200x] start init ec200x device.[0m
[33m[W/fs01] The version: V0452R336C01L0[0m
[32m[I/handle_bar] bar_value :2029[0m
Password for login:
[32m[I/pms] pm_svc_init...[0m
[32m[I/jmiot] iot_svc_init...[0m
[32m[I/jmiot] GPRS is not registration (Rx)[0m
[32m[I/voice] voice_svc_init...[0m
[32m[I/ui] ui_app_init...[0m
[32m[I/gkey] gkey_init...[0m
[32m[I/radar] radar_svc_init...[0m
[32m[I/radar] radar_svc_init, aeb feature not enable ![0m
[32m[I/ota] ota_svc_init...[0m
[32m[I/motor] motor_svc_init...[0m
[32m[I/slog] slog_svc_init...[0m
RTC: set alarm - a
[31m[E/at.clnt] wait AT client(usart1) connect timeout(10000 tick).[0m
[32m[I/at.dev.ec200x] ec200x device initialize retry 4...[0m
[31m[E/at.clnt] wait AT client(usart1) connect timeout(10000 tick).[0m
[32m[I/at.dev.ec200x] ec200x device initialize retry 3...[0m
[05:38:07.677303] --->
[32m[I/power_on] power_off_system[0m
[32m[I/power_on] power_off_system[0m
   T9\ |||  888 8  
[05:38:37.532302] --->
  \ | /
- RT -     Thread Operating System
/ | \     5.1.0 build Mar 20 2026 17:00:39
2006 - 2024 Copyright by RT-Thread team
rtc initialize success.
adc_vol, adc1 run success!
adc_vol, adc2 run success!
adc_vol, bms run success!
[32m[I/sal.skt] Socket Abstraction Layer initialize success.[0m
hwtimer, timer7 run success!
rtc clock source is set lsi!
RTC: set wkup 12000
watchdog, iwdg run success!
[32m[I/at.clnt] AT client(V1.3.1) on device usart1 initialize success.[0m
[32m[I/at.dev.ec200x] start init ec200x device.[0m
[33m[W/fs01] The version: V0452R336C01L0[0m
[32m[I/handle_bar] bar_value :2029[0m
Password for login:
[32m[I/pms] pm_svc_init...[0m
[32m[I/jmiot] iot_svc_init...[0m
[32m[I/jmiot] GPRS is not registration (Rx)[0m
[32m[I/voice] voice_svc_init...[0m
[32m[I/ui] ui_app_init...[0m
[32m[I/gkey] gkey_init...[0m
[32m[I/radar] radar_svc_init...[0m
[32m[I/radar] radar_svc_init, aeb feature not enable ![0m
[32m[I/ota] ota_svc_init...[0m
[32m[I/motor] motor_svc_init...[0m
[32m[I/slog] slog_svc_init...[0m
RTC: set alarm - a
[31m[E/at.clnt] wait AT client(usart1) connect timeout(10000 tick).[0m
[32m[I/at.dev.ec200x] ec200x device initialize retry 4...[0m
[31m[E/at.clnt] wait AT client(usart1) connect timeout(10000 tick).[0m
[32m[I/at.dev.ec200x] ec200x device initialize retry 3...[0m
[05:39:02.587121] --->
[32m[I/power_on] power_off_system[0m
   }}|`   
[05:39:30.039045] --->
  \ | /
- RT -     Thread Operating System
/ | \     5.1.0 build Mar 20 2026 17:00:39
2006 - 2024 Copyright by RT-Thread team
rtc initialize success.
adc_vol, adc1 run success!
adc_vol, adc2 run success!
adc_vol, bms run success!
[32m[I/sal.skt] Socket Abstraction Layer initialize success.[0m
hwtimer, timer7 run success!
rtc clock source is set lsi!
RTC: set wkup 12000
watchdog, iwdg run success!
[32m[I/at.clnt] AT client(V1.3.1) on device usart1 initialize success.[0m
[32m[I/at.dev.ec200x] start init ec200x device.[0m
[33m[W/fs01] The version: V0452R336C01L0[0m
[32m[I/handle_bar] bar_value :2029[0m
Password for login:
[32m[I/pms] pm_svc_init...[0m
[32m[I/jmiot] iot_svc_init...[0m
[32m[I/jmiot] GPRS is not registration (Rx)[0m
[32m[I/voice] voice_svc_init...[0m
[32m[I/ui] ui_app_init...[0m
[32m[I/gkey] gkey_init...[0m
[32m[I/radar] radar_svc_init...[0m
[32m[I/radar] radar_svc_init, aeb feature not enable ![0m
[32m[I/ota] ota_svc_init...[0m
[32m[I/motor] motor_svc_init...[0m
[32m[I/slog] slog_svc_init...[0m
RTC: set alarm - a
[31m[E/at.clnt] wait AT client(usart1) connect timeout(10000 tick).[0m
[32m[I/at.dev.ec200x] ec200x device initialize retry 4...[0m
[31m[E/at.clnt] wait AT client(usart1) connect timeout(10000 tick).[0m
[32m[I/at.dev.ec200x] ec200x device initialize retry 3...[0m
[05:39:55.090222] --->
[32m[I/power_on] power_off_system[0m
   ||_||8   
[05:40:23.946564] --->
  \ | /
- RT -     Thread Operating System
/ | \     5.1.0 build Mar 20 2026 17:00:39
2006 - 2024 Copyright by RT-Thread team
rtc initialize success.
adc_vol, adc1 run success!
adc_vol, adc2 run success!
adc_vol, bms run success!
[32m[I/sal.skt] Socket Abstraction Layer initialize success.[0m
hwtimer, timer7 run success!
rtc clock source is set lsi!
RTC: set wkup 12000
watchdog, iwdg run success!
[32m[I/at.clnt] AT client(V1.3.1) on device usart1 initialize success.[0m
[32m[I/at.dev.ec200x] start init ec200x device.[0m
[33m[W/fs01] The version: V0452R336C01L0[0m
[32m[I/handle_bar] bar_value :2029[0m
Password for login:
[32m[I/pms] pm_svc_init...[0m
[32m[I/jmiot] iot_svc_init...[0m
[32m[I/jmiot] GPRS is not registration (Rx)[0m
[32m[I/voice] voice_svc_init...[0m
[32m[I/ui] ui_app_init...[0m
[32m[I/gkey] gkey_init...[0m
[32m[I/radar] radar_svc_init...[0m
[32m[I/radar] radar_svc_init, aeb feature not enable ![0m
[32m[I/ota] ota_svc_init...[0m
[32m[I/motor] motor_svc_init...[0m
[32m[I/slog] slog_svc_init...[0m
RTC: set alarm - a
[31m[E/at.clnt] wait AT client(usart1) connect timeout(10000 tick).[0m
[32m[I/at.dev.ec200x] ec200x device initialize retry 4...[0m
[31m[E/at.clnt] wait AT client(usart1) connect timeout(10000 tick).[0m
[32m[I/at.dev.ec200x] ec200x device initialize retry 3...[0m
[05:40:49.002866] --->
[32m[I/power_on] power_off_system[0m
   8\    8
[05:41:17.958129] --->
  \ | /
- RT -     Thread Operating System
/ | \     5.1.0 build Mar 20 2026 17:00:39
2006 - 2024 Copyright by RT-Thread team
rtc initialize success.
adc_vol, adc1 run success!
adc_vol, adc2 run success!
adc_vol, bms run success!
[32m[I/sal.skt] Socket Abstraction Layer initialize success.[0m
hwtimer, timer7 run success!
rtc clock source is set lsi!
RTC: set wkup 12000
watchdog, iwdg run success!
[32m[I/at.clnt] AT client(V1.3.1) on device usart1 initialize success.[0m
[32m[I/at.dev.ec200x] start init ec200x device.[0m
[33m[W/fs01] The version: V0452R336C01L0[0m
[32m[I/handle_bar] bar_value :2029[0m
Password for login:
[32m[I/pms] pm_svc_init...[0m
[32m[I/jmiot] iot_svc_init...[0m
[32m[I/jmiot] GPRS is not registration (Rx)[0m
[32m[I/voice] voice_svc_init...[0m
[32m[I/ui] ui_app_init...[0m
[32m[I/gkey] gkey_init...[0m
[32m[I/radar] radar_svc_init...[0m
[32m[I/radar] radar_svc_init, aeb feature not enable ![0m
[32m[I/ota] ota_svc_init...[0m
[32m[I/motor] motor_svc_init...[0m
[32m[I/slog] slog_svc_init...[0m
RTC: set alarm - a
[31m[E/at.clnt] wait AT client(usart1) connect timeout(10000 tick).[0m
[32m[I/at.dev.ec200x] ec200x device initialize retry 4...[0m
[31m[E/at.clnt] wait AT client(usart1) connect timeout(10000 tick).[0m
[32m[I/at.dev.ec200x] ec200x device initialize retry 3...[0m
[05:41:43.012580] --->
[32m[I/power_on] power_off_system[0m
[32m[I/power_on] power_off_system[0m
   ]  
[05:42:11.767669] --->
  \ | /
- RT -     Thread Operating System
/ | \     5.1.0 build Mar 20 2026 17:00:39
2006 - 2024 Copyright by RT-Thread team
rtc initialize success.
adc_vol, adc1 run success!
adc_vol, adc2 run success!
adc_vol, bms run success!
[32m[I/sal.skt] Socket Abstraction Layer initialize success.[0m
hwtimer, timer7 run success!
rtc clock source is set lsi!
RTC: set wkup 12000
watchdog, iwdg run success!
[32m[I/at.clnt] AT client(V1.3.1) on device usart1 initialize success.[0m
[32m[I/at.dev.ec200x] start init ec200x device.[0m
[33m[W/fs01] The version: V0452R336C01L0[0m
[32m[I/handle_bar] bar_value :2030[0m
Password for login:
[32m[I/pms] pm_svc_init...[0m
[32m[I/jmiot] iot_svc_init...[0m
[32m[I/jmiot] GPRS is not registration (Rx)[0m
[32m[I/voice] voice_svc_init...[0m
[32m[I/ui] ui_app_init...[0m
[32m[I/gkey] gkey_init...[0m
[32m[I/radar] radar_svc_init...[0m
[32m[I/radar] radar_svc_init, aeb feature not enable ![0m
[32m[I/ota] ota_svc_init...[0m
[32m[I/motor] motor_svc_init...[0m
[32m[I/slog] slog_svc_init...[0m
RTC: set alarm - a
[31m[E/at.clnt] wait AT client(usart1) connect timeout(10000 tick).[0m
[32m[I/at.dev.ec200x] ec200x device initialize retry 4...[0m
[31m[E/at.clnt] wait AT client(usart1) connect timeout(10000 tick).[0m
[32m[I/at.dev.ec200x] ec200x device initialize retry 3...[0m
[05:42:36.819699] --->
[32m[I/power_on] power_off_system[0m
   |p<888   
[05:43:04.976797] --->
  \ | /
- RT -     Thread Operating System
/ | \     5.1.0 build Mar 20 2026 17:00:39
2006 - 2024 Copyright by RT-Thread team
rtc initialize success.
adc_vol, adc1 run success!
adc_vol, adc2 run success!
adc_vol, bms run success!
[32m[I/sal.skt] Socket Abstraction Layer initialize success.[0m
hwtimer, timer7 run success!
rtc clock source is set lsi!
RTC: set wkup 12000
watchdog, iwdg run success!
[32m[I/at.clnt] AT client(V1.3.1) on device usart1 initialize success.[0m
[32m[I/at.dev.ec200x] start init ec200x device.[0m
[33m[W/fs01] The version: V0452R336C01L0[0m
[32m[I/handle_bar] bar_value :2030[0m
Password for login:
[32m[I/pms] pm_svc_init...[0m
[32m[I/jmiot] iot_svc_init...[0m
[32m[I/jmiot] GPRS is not registration (Rx)[0m
[32m[I/voice] voice_svc_init...[0m
[32m[I/ui] ui_app_init...[0m
[32m[I/gkey] gkey_init...[0m
[32m[I/radar] radar_svc_init...[0m
[32m[I/radar] radar_svc_init, aeb feature not enable ![0m
[32m[I/ota] ota_svc_init...[0m
[32m[I/motor] motor_svc_init...[0m
[32m[I/slog] slog_svc_init...[0m
RTC: set alarm - a
[31m[E/at.clnt] wait AT client(usart1) connect timeout(10000 tick).[0m
[32m[I/at.dev.ec200x] ec200x device initialize retry 4...[0m
[31m[E/at.clnt] wait AT client(usart1) connect timeout(10000 tick).[0m
[32m[I/at.dev.ec200x] ec200x device initialize retry 3...[0m
[05:43:30.028483] --->
[32m[I/power_on] power_off_system[0m
[32m[I/pms] sleep failed, tsk_id: 1[0m
[32m[I/power_on] power_off_system[0m
   }_||_ 
[05:43:56.184854] --->
  \ | /
- RT -     Thread Operating System
/ | \     5.1.0 build Mar 20 2026 17:00:39
2006 - 2024 Copyright by RT-Thread team
rtc initialize success.
adc_vol, adc1 run success!
adc_vol, adc2 run success!
adc_vol, bms run success!
[32m[I/sal.skt] Socket Abstraction Layer initialize success.[0m
hwtimer, timer7 run success!
rtc clock source is set lsi!
RTC: set wkup 12000
watchdog, iwdg run success!
[32m[I/at.clnt] AT client(V1.3.1) on device usart1 initialize success.[0m
[32m[I/at.dev.ec200x] start init ec200x device.[0m
[33m[W/fs01] The version: V0452R336C01L0[0m
[32m[I/handle_bar] bar_value :2030[0m
Password for login:
[32m[I/pms] pm_svc_init...[0m
[32m[I/jmiot] iot_svc_init...[0m
[32m[I/jmiot] GPRS is not registration (Rx)[0m
[32m[I/voice] voice_svc_init...[0m
[32m[I/ui] ui_app_init...[0m
[32m[I/gkey] gkey_init...[0m
[32m[I/radar] radar_svc_init...[0m
[32m[I/radar] radar_svc_init, aeb feature not enable ![0m
[32m[I/ota] ota_svc_init...[0m
[32m[I/motor] motor_svc_init...[0m
[32m[I/slog] slog_svc_init...[0m
RTC: set alarm - a
[31m[E/at.clnt] wait AT client(usart1) connect timeout(10000 tick).[0m
[32m[I/at.dev.ec200x] ec200x device initialize retry 4...[0m
[31m[E/at.clnt] wait AT client(usart1) connect timeout(10000 tick).[0m
[32m[I/at.dev.ec200x] ec200x device initialize retry 3...[0m
[05:44:21.237975] --->
[32m[I/power_on] power_off_system[0m
[32m[I/power_on] power_off_system[0m
   ||t}||||<|<||t|04|  |p 
[05:44:47.993683] --->
  \ | /
- RT -     Thread Operating System
/ | \     5.1.0 build Mar 20 2026 17:00:39
2006 - 2024 Copyright by RT-Thread team
rtc initialize success.
adc_vol, adc1 run success!
adc_vol, adc2 run success!
adc_vol, bms run success!
[32m[I/sal.skt] Socket Abstraction Layer initialize success.[0m
hwtimer, timer7 run success!
rtc clock source is set lsi!
RTC: set wkup 12000
watchdog, iwdg run success!
[32m[I/at.clnt] AT client(V1.3.1) on device usart1 initialize success.[0m
[32m[I/at.dev.ec200x] start init ec200x device.[0m
[33m[W/fs01] The version: V0452R336C01L0[0m
[32m[I/handle_bar] bar_value :2029[0m
Password for login:
[32m[I/pms] pm_svc_init...[0m
[32m[I/jmiot] iot_svc_init...[0m
[32m[I/jmiot] GPRS is not registration (Rx)[0m
[32m[I/voice] voice_svc_init...[0m
[32m[I/ui] ui_app_init...[0m
[32m[I/gkey] gkey_init...[0m
[32m[I/radar] radar_svc_init...[0m
[32m[I/radar] radar_svc_init, aeb feature not enable ![0m
[32m[I/ota] ota_svc_init...[0m
[32m[I/motor] motor_svc_init...[0m
[32m[I/slog] slog_svc_init...[0m
RTC: set alarm - a
[31m[E/at.clnt] wait AT client(usart1) connect timeout(10000 tick).[0m
[32m[I/at.dev.ec200x] ec200x device initialize retry 4...[0m
[31m[E/at.clnt] wait AT client(usart1) connect timeout(10000 tick).[0m
[32m[I/at.dev.ec200x] ec200x device initialize retry 3...[0m
[05:45:13.048226] --->
[32m[I/power_on] power_off_system[0m
[32m[I/power_on] power_off_system[0m
   }|p|<<|t<||99;04<    
[05:45:42.205273] --->
  \ | /
- RT -     Thread Operating System
/ | \     5.1.0 build Mar 20 2026 17:00:39
2006 - 2024 Copyright by RT-Thread team
rtc initialize success.
adc_vol, adc1 run success!
adc_vol, adc2 run success!
adc_vol, bms run success!
[32m[I/sal.skt] Socket Abstraction Layer initialize success.[0m
hwtimer, timer7 run success!
rtc clock source is set lsi!
RTC: set wkup 12000
watchdog, iwdg run success!
[32m[I/at.clnt] AT client(V1.3.1) on device usart1 initialize success.[0m
[32m[I/at.dev.ec200x] start init ec200x device.[0m
[33m[W/fs01] The version: V0452R336C01L0[0m
[32m[I/handle_bar] bar_value :2029[0m
Password for login:
[32m[I/pms] pm_svc_init...[0m
[32m[I/jmiot] iot_svc_init...[0m
[32m[I/jmiot] GPRS is not registration (Rx)[0m
[32m[I/voice] voice_svc_init...[0m
[32m[I/ui] ui_app_init...[0m
[32m[I/gkey] gkey_init...[0m
[32m[I/radar] radar_svc_init...[0m
[32m[I/radar] radar_svc_init, aeb feature not enable ![0m
[32m[I/ota] ota_svc_init...[0m
[32m[I/motor] motor_svc_init...[0m
[32m[I/slog] slog_svc_init...[0m
RTC: set alarm - a
[31m[E/at.clnt] wait AT client(usart1) connect timeout(10000 tick).[0m
[32m[I/at.dev.ec200x] ec200x device initialize retry 4...[0m
[31m[E/at.clnt] wait AT client(usart1) connect timeout(10000 tick).[0m
[32m[I/at.dev.ec200x] ec200x device initialize retry 3...[0m
[05:46:07.259538] --->
[32m[I/power_on] power_off_system[0m
[32m[I/power_on] power_off_system[0m
   8      
[05:46:33.715846] --->
  \ | /
- RT -     Thread Operating System
/ | \     5.1.0 build Mar 20 2026 17:00:39
2006 - 2024 Copyright by RT-Thread team
rtc initialize success.
adc_vol, adc1 run success!
adc_vol, adc2 run success!
adc_vol, bms run success!
[32m[I/sal.skt] Socket Abstraction Layer initialize success.[0m
hwtimer, timer7 run success!
rtc clock source is set lsi!
RTC: set wkup 12000
watchdog, iwdg run success!
[32m[I/at.clnt] AT client(V1.3.1) on device usart1 initialize success.[0m
[32m[I/at.dev.ec200x] start init ec200x device.[0m
[33m[W/fs01] The version: V0452R336C01L0[0m
[32m[I/handle_bar] bar_value :2029[0m
Password for login:
[32m[I/pms] pm_svc_init...[0m
[32m[I/jmiot] iot_svc_init...[0m
[32m[I/jmiot] GPRS is not registration (Rx)[0m
[32m[I/voice] voice_svc_init...[0m
[32m[I/ui] ui_app_init...[0m
[32m[I/gkey] gkey_init...[0m
[32m[I/radar] radar_svc_init...[0m
[32m[I/radar] radar_svc_init, aeb feature not enable ![0m
[32m[I/ota] ota_svc_init...[0m
[32m[I/motor] motor_svc_init...[0m
[32m[I/slog] slog_svc_init...[0m
RTC: set alarm - a
[31m[E/at.clnt] wait AT client(usart1) connect timeout(10000 tick).[0m
[32m[I/at.dev.ec200x] ec200x device initialize retry 4...[0m
[31m[E/at.clnt] wait AT client(usart1) connect timeout(10000 tick).[0m
[32m[I/at.dev.ec200x] ec200x device initialize retry 3...[0m
[05:46:58.769217] --->
[32m[I/power_on] power_off_system[0m
   }998\980P  
[05:47:24.922544] --->
  \ | /
- RT -     Thread Operating System
/ | \     5.1.0 build Mar 20 2026 17:00:39
2006 - 2024 Copyright by RT-Thread team
rtc initialize success.
adc_vol, adc1 run success!
adc_vol, adc2 run success!
adc_vol, bms run success!
[32m[I/sal.skt] Socket Abstraction Layer initialize success.[0m
hwtimer, timer7 run success!
rtc clock source is set lsi!
RTC: set wkup 12000
watchdog, iwdg run success!
[32m[I/at.clnt] AT client(V1.3.1) on device usart1 initialize success.[0m
[32m[I/at.dev.ec200x] start init ec200x device.[0m
[33m[W/fs01] The version: V0452R336C01L0[0m
[32m[I/handle_bar] bar_value :2029[0m
Password for login:
[32m[I/pms] pm_svc_init...[0m
[32m[I/jmiot] iot_svc_init...[0m
[32m[I/jmiot] GPRS is not registration (Rx)[0m
[32m[I/voice] voice_svc_init...[0m
[32m[I/ui] ui_app_init...[0m
[32m[I/gkey] gkey_init...[0m
[32m[I/radar] radar_svc_init...[0m
[32m[I/radar] radar_svc_init, aeb feature not enable ![0m
[32m[I/ota] ota_svc_init...[0m
[32m[I/motor] motor_svc_init...[0m
[32m[I/slog] slog_svc_init...[0m
RTC: set alarm - a
[31m[E/at.clnt] wait AT client(usart1) connect timeout(10000 tick).[0m
[32m[I/at.dev.ec200x] ec200x device initialize retry 4...[0m
[31m[E/at.clnt] wait AT client(usart1) connect timeout(10000 tick).[0m
[32m[I/at.dev.ec200x] ec200x device initialize retry 3...[0m
[05:47:49.977646] --->
[32m[I/power_on] power_off_system[0m
[32m[I/power_on] power_off_system[0m
   |] \} 
[05:48:18.532734] --->
  \ | /
- RT -     Thread Operating System
/ | \     5.1.0 build Mar 20 2026 17:00:39
2006 - 2024 Copyright by RT-Thread team
rtc initialize success.
adc_vol, adc1 run success!
adc_vol, adc2 run success!
adc_vol, bms run success!
[32m[I/sal.skt] Socket Abstraction Layer initialize success.[0m
hwtimer, timer7 run success!
rtc clock source is set lsi!
RTC: set wkup 12000
watchdog, iwdg run success!
[32m[I/at.clnt] AT client(V1.3.1) on device usart1 initialize success.[0m
[32m[I/at.dev.ec200x] start init ec200x device.[0m
[33m[W/fs01] The version: V0452R336C01L0[0m
[32m[I/handle_bar] bar_value :2029[0m
Password for login:
[32m[I/pms] pm_svc_init...[0m
[32m[I/jmiot] iot_svc_init...[0m
[32m[I/jmiot] GPRS is not registration (Rx)[0m
[32m[I/voice] voice_svc_init...[0m
[32m[I/ui] ui_app_init...[0m
[32m[I/gkey] gkey_init...[0m
[32m[I/radar] radar_svc_init...[0m
[32m[I/radar] radar_svc_init, aeb feature not enable ![0m
[32m[I/ota] ota_svc_init...[0m
[32m[I/motor] motor_svc_init...[0m
[32m[I/slog] slog_svc_init...[0m
RTC: set alarm - a
[31m[E/at.clnt] wait AT client(usart1) connect timeout(10000 tick).[0m
[32m[I/at.dev.ec200x] ec200x device initialize retry 4...[0m
[31m[E/at.clnt] wait AT client(usart1) connect timeout(10000 tick).[0m
[32m[I/at.dev.ec200x] ec200x device initialize retry 3...[0m
[05:48:43.586416] --->
[32m[I/power_on] power_off_system[0m
[32m[I/power_on] power_off_system[0m
   ||}|] \|\||~ 
[05:49:09.439327] --->
  \ | /
- RT -     Thread Operating System
/ | \     5.1.0 build Mar 20 2026 17:00:39
2006 - 2024 Copyright by RT-Thread team
rtc initialize success.
adc_vol, adc1 run success!
adc_vol, adc2 run success!
adc_vol, bms run success!
[32m[I/sal.skt] Socket Abstraction Layer initialize success.[0m
hwtimer, timer7 run success!
rtc clock source is set lsi!
RTC: set wkup 12000
watchdog, iwdg run success!
[32m[I/at.clnt] AT client(V1.3.1) on device usart1 initialize success.[0m
[32m[I/at.dev.ec200x] start init ec200x device.[0m
[33m[W/fs01] The version: V0452R336C01L0[0m
[32m[I/handle_bar] bar_value :2029[0m
Password for login:
[32m[I/pms] pm_svc_init...[0m
[32m[I/jmiot] iot_svc_init...[0m
[32m[I/jmiot] GPRS is not registration (Rx)[0m
[32m[I/voice] voice_svc_init...[0m
[32m[I/ui] ui_app_init...[0m
[32m[I/gkey] gkey_init...[0m
[32m[I/radar] radar_svc_init...[0m
[32m[I/radar] radar_svc_init, aeb feature not enable ![0m
[32m[I/ota] ota_svc_init...[0m
[32m[I/motor] motor_svc_init...[0m
[32m[I/slog] slog_svc_init...[0m
RTC: set alarm - a
[31m[E/at.clnt] wait AT client(usart1) connect timeout(10000 tick).[0m
[32m[I/at.dev.ec200x] ec200x device initialize retry 4...[0m
[31m[E/at.clnt] wait AT client(usart1) connect timeout(10000 tick).[0m
[32m[I/at.dev.ec200x] ec200x device initialize retry 3...[0m
[05:49:34.492706] --->
[32m[I/power_on] power_off_system[0m
    88 88 90   8    
[05:50:01.947593] --->
  \ | /
- RT -     Thread Operating System
/ | \     5.1.0 build Mar 20 2026 17:00:39
2006 - 2024 Copyright by RT-Thread team
rtc initialize success.
adc_vol, adc1 run success!
adc_vol, adc2 run success!
adc_vol, bms run success!
[32m[I/sal.skt] Socket Abstraction Layer initialize success.[0m
hwtimer, timer7 run success!
rtc clock source is set lsi!
RTC: set wkup 12000
watchdog, iwdg run success!
[32m[I/at.clnt] AT client(V1.3.1) on device usart1 initialize success.[0m
[32m[I/at.dev.ec200x] start init ec200x device.[0m
[33m[W/fs01] The version: V0452R336C01L0[0m
[32m[I/handle_bar] bar_value :2029[0m
Password for login:
[32m[I/pms] pm_svc_init...[0m
[32m[I/jmiot] iot_svc_init...[0m
[32m[I/jmiot] GPRS is not registration (Rx)[0m
[32m[I/voice] voice_svc_init...[0m
[32m[I/ui] ui_app_init...[0m
[32m[I/gkey] gkey_init...[0m
[32m[I/radar] radar_svc_init...[0m
[32m[I/radar] radar_svc_init, aeb feature not enable ![0m
[32m[I/ota] ota_svc_init...[0m
[32m[I/motor] motor_svc_init...[0m
[32m[I/slog] slog_svc_init...[0m
RTC: set alarm - a
[31m[E/at.clnt] wait AT client(usart1) connect timeout(10000 tick).[0m
[32m[I/at.dev.ec200x] ec200x device initialize retry 4...[0m
[31m[E/at.clnt] wait AT client(usart1) connect timeout(10000 tick).[0m
[32m[I/at.dev.ec200x] ec200x device initialize retry 3...[0m
[05:50:26.999156] --->
[32m[I/power_on] power_off_system[0m
   |}]  
[05:50:52.456638] --->
  \ | /
- RT -     Thread Operating System
/ | \     5.1.0 build Mar 20 2026 17:00:39
2006 - 2024 Copyright by RT-Thread team
rtc initialize success.
adc_vol, adc1 run success!
adc_vol, adc2 run success!
adc_vol, bms run success!
[32m[I/sal.skt] Socket Abstraction Layer initialize success.[0m
hwtimer, timer7 run success!
rtc clock source is set lsi!
RTC: set wkup 12000
watchdog, iwdg run success!
[32m[I/at.clnt] AT client(V1.3.1) on device usart1 initialize success.[0m
[32m[I/at.dev.ec200x] start init ec200x device.[0m
[33m[W/fs01] The version: V0452R336C01L0[0m
[32m[I/handle_bar] bar_value :2029[0m
Password for login:
[32m[I/pms] pm_svc_init...[0m
[32m[I/jmiot] iot_svc_init...[0m
[32m[I/jmiot] GPRS is not registration (Rx)[0m
[32m[I/voice] voice_svc_init...[0m
[32m[I/ui] ui_app_init...[0m
[32m[I/gkey] gkey_init...[0m
[32m[I/radar] radar_svc_init...[0m
[32m[I/radar] radar_svc_init, aeb feature not enable ![0m
[32m[I/ota] ota_svc_init...[0m
[32m[I/motor] motor_svc_init...[0m
[32m[I/slog] slog_svc_init...[0m
RTC: set alarm - a
[31m[E/at.clnt] wait AT client(usart1) connect timeout(10000 tick).[0m
[32m[I/at.dev.ec200x] ec200x device initialize retry 4...[0m
[31m[E/at.clnt] wait AT client(usart1) connect timeout(10000 tick).[0m
[32m[I/at.dev.ec200x] ec200x device initialize retry 3...[0m
[05:51:17.509636] --->
[32m[I/power_on] power_off_system[0m
   ||8| |         
[05:51:43.562003] --->
  \ | /
- RT -     Thread Operating System
/ | \     5.1.0 build Mar 20 2026 17:00:39
2006 - 2024 Copyright by RT-Thread team
rtc initialize success.
adc_vol, adc1 run success!
adc_vol, adc2 run success!
adc_vol, bms run success!
[32m[I/sal.skt] Socket Abstraction Layer initialize success.[0m
hwtimer, timer7 run success!
rtc clock source is set lsi!
RTC: set wkup 12000
watchdog, iwdg run success!
[32m[I/at.clnt] AT client(V1.3.1) on device usart1 initialize success.[0m
[32m[I/at.dev.ec200x] start init ec200x device.[0m
[33m[W/fs01] The version: V0452R336C01L0[0m
[32m[I/handle_bar] bar_value :2029[0m
Password for login:
[32m[I/pms] pm_svc_init...[0m
[32m[I/jmiot] iot_svc_init...[0m
[32m[I/jmiot] GPRS is not registration (Rx)[0m
[32m[I/voice] voice_svc_init...[0m
[32m[I/ui] ui_app_init...[0m
[32m[I/gkey] gkey_init...[0m
[32m[I/radar] radar_svc_init...[0m
[32m[I/radar] radar_svc_init, aeb feature not enable ![0m
[32m[I/ota] ota_svc_init...[0m
[32m[I/motor] motor_svc_init...[0m
[32m[I/slog] slog_svc_init...[0m
RTC: set alarm - a
[31m[E/at.clnt] wait AT client(usart1) connect timeout(10000 tick).[0m
[32m[I/at.dev.ec200x] ec200x device initialize retry 4...[0m
[31m[E/at.clnt] wait AT client(usart1) connect timeout(10000 tick).[0m
[32m[I/at.dev.ec200x] ec200x device initialize retry 3...[0m
[05:52:08.614808] --->
[32m[I/power_on] power_off_system[0m
   ~|}  
[05:52:36.168447] --->
  \ | /
- RT -     Thread Operating System
/ | \     5.1.0 build Mar 20 2026 17:00:39
2006 - 2024 Copyright by RT-Thread team
rtc initialize success.
adc_vol, adc1 run success!
adc_vol, adc2 run success!
adc_vol, bms run success!
[32m[I/sal.skt] Socket Abstraction Layer initialize success.[0m
hwtimer, timer7 run success!
rtc clock source is set lsi!
RTC: set wkup 12000
watchdog, iwdg run success!
[32m[I/at.clnt] AT client(V1.3.1) on device usart1 initialize success.[0m
[32m[I/at.dev.ec200x] start init ec200x device.[0m
[33m[W/fs01] The version: V0452R336C01L0[0m
[32m[I/handle_bar] bar_value :2029[0m
Password for login:
[32m[I/pms] pm_svc_init...[0m
[32m[I/jmiot] iot_svc_init...[0m
[32m[I/jmiot] GPRS is not registration (Rx)[0m
[32m[I/voice] voice_svc_init...[0m
[32m[I/ui] ui_app_init...[0m
[32m[I/gkey] gkey_init...[0m
[32m[I/radar] radar_svc_init...[0m
[32m[I/radar] radar_svc_init, aeb feature not enable ![0m
[32m[I/ota] ota_svc_init...[0m
[32m[I/motor] motor_svc_init...[0m
[32m[I/slog] slog_svc_init...[0m
RTC: set alarm - a
[31m[E/at.clnt] wait AT client(usart1) connect timeout(10000 tick).[0m
[32m[I/at.dev.ec200x] ec200x device initialize retry 4...[0m
[31m[E/at.clnt] wait AT client(usart1) connect timeout(10000 tick).[0m
[32m[I/at.dev.ec200x] ec200x device initialize retry 3...[0m
[05:53:01.220286] --->
[32m[I/power_on] power_off_system[0m
[32m[I/power_on] power_off_system[0m
   }^|~_}|] ||]]||}|| 
[05:53:27.274492] --->
  \ | /
- RT -     Thread Operating System
/ | \     5.1.0 build Mar 20 2026 17:00:39
2006 - 2024 Copyright by RT-Thread team
rtc initialize success.
adc_vol, adc1 run success!
adc_vol, adc2 run success!
adc_vol, bms run success!
[32m[I/sal.skt] Socket Abstraction Layer initialize success.[0m
hwtimer, timer7 run success!
rtc clock source is set lsi!
RTC: set wkup 12000
watchdog, iwdg run success!
[32m[I/at.clnt] AT client(V1.3.1) on device usart1 initialize success.[0m
[32m[I/at.dev.ec200x] start init ec200x device.[0m
[33m[W/fs01] The version: V0452R336C01L0[0m
[32m[I/handle_bar] bar_value :2029[0m
Password for login:
[32m[I/pms] pm_svc_init...[0m
[32m[I/jmiot] iot_svc_init...[0m
[32m[I/jmiot] GPRS is not registration (Rx)[0m
[32m[I/voice] voice_svc_init...[0m
[32m[I/ui] ui_app_init...[0m
[32m[I/gkey] gkey_init...[0m
[32m[I/radar] radar_svc_init...[0m
[32m[I/radar] radar_svc_init, aeb feature not enable ![0m
[32m[I/ota] ota_svc_init...[0m
[32m[I/motor] motor_svc_init...[0m
[32m[I/slog] slog_svc_init...[0m
RTC: set alarm - a
[31m[E/at.clnt] wait AT client(usart1) connect timeout(10000 tick).[0m
[32m[I/at.dev.ec200x] ec200x device initialize retry 4...[0m
[31m[E/at.clnt] wait AT client(usart1) connect timeout(10000 tick).[0m
[32m[I/at.dev.ec200x] ec200x device initialize retry 3...[0m
[05:53:52.330428] --->
[32m[I/power_on] power_off_system[0m
   }  
[05:54:17.885196] --->
  \ | /
- RT -     Thread Operating System
/ | \     5.1.0 build Mar 20 2026 17:00:39
2006 - 2024 Copyright by RT-Thread team
rtc initialize success.
adc_vol, adc1 run success!
adc_vol, adc2 run success!
adc_vol, bms run success!
[32m[I/sal.skt] Socket Abstraction Layer initialize success.[0m
hwtimer, timer7 run success!
rtc clock source is set lsi!
RTC: set wkup 12000
watchdog, iwdg run success!
[32m[I/at.clnt] AT client(V1.3.1) on device usart1 initialize success.[0m
[32m[I/at.dev.ec200x] start init ec200x device.[0m
[33m[W/fs01] The version: V0452R336C01L0[0m
[32m[I/handle_bar] bar_value :2030[0m
Password for login:
[32m[I/pms] pm_svc_init...[0m
[32m[I/jmiot] iot_svc_init...[0m
[32m[I/jmiot] GPRS is not registration (Rx)[0m
[32m[I/voice] voice_svc_init...[0m
[32m[I/ui] ui_app_init...[0m
[32m[I/gkey] gkey_init...[0m
[32m[I/radar] radar_svc_init...[0m
[32m[I/radar] radar_svc_init, aeb feature not enable ![0m
[32m[I/ota] ota_svc_init...[0m
[32m[I/motor] motor_svc_init...[0m
[32m[I/slog] slog_svc_init...[0m
RTC: set alarm - a
[31m[E/at.clnt] wait AT client(usart1) connect timeout(10000 tick).[0m
[32m[I/at.dev.ec200x] ec200x device initialize retry 4...[0m
[31m[E/at.clnt] wait AT client(usart1) connect timeout(10000 tick).[0m
[32m[I/at.dev.ec200x] ec200x device initialize retry 3...[0m
[05:54:42.936522] --->
[32m[I/power_on] power_off_system[0m
[32m[I/power_on] power_off_system[0m
   888 \\0   
[05:55:09.588822] --->
  \ | /
- RT -     Thread Operating System
/ | \     5.1.0 build Mar 20 2026 17:00:39
2006 - 2024 Copyright by RT-Thread team
rtc initialize success.
adc_vol, adc1 run success!
adc_vol, adc2 run success!
adc_vol, bms run success!
[32m[I/sal.skt] Socket Abstraction Layer initialize success.[0m
hwtimer, timer7 run success!
rtc clock source is set lsi!
RTC: set wkup 12000
watchdog, iwdg run success!
[32m[I/at.clnt] AT client(V1.3.1) on device usart1 initialize success.[0m
[32m[I/at.dev.ec200x] start init ec200x device.[0m
[33m[W/fs01] The version: V0452R336C01L0[0m
[32m[I/handle_bar] bar_value :2029[0m
Password for login:
[32m[I/pms] pm_svc_init...[0m
[32m[I/jmiot] iot_svc_init...[0m
[32m[I/jmiot] GPRS is not registration (Rx)[0m
[32m[I/voice] voice_svc_init...[0m
[32m[I/ui] ui_app_init...[0m
[32m[I/gkey] gkey_init...[0m
[32m[I/radar] radar_svc_init...[0m
[32m[I/radar] radar_svc_init, aeb feature not enable ![0m
[32m[I/ota] ota_svc_init...[0m
[32m[I/motor] motor_svc_init...[0m
[32m[I/slog] slog_svc_init...[0m
RTC: set alarm - a
[31m[E/at.clnt] wait AT client(usart1) connect timeout(10000 tick).[0m
[32m[I/at.dev.ec200x] ec200x device initialize retry 4...[0m
[31m[E/at.clnt] wait AT client(usart1) connect timeout(10000 tick).[0m
[32m[I/at.dev.ec200x] ec200x device initialize retry 3...[0m
[05:55:34.642992] --->
[32m[I/power_on] power_off_system[0m
   ~}t84|~  
[05:56:02.297663] --->
  \ | /
- RT -     Thread Operating System
/ | \     5.1.0 build Mar 20 2026 17:00:39
2006 - 2024 Copyright by RT-Thread team
rtc initialize success.
adc_vol, adc1 run success!
adc_vol, adc2 run success!
adc_vol, bms run success!
[32m[I/sal.skt] Socket Abstraction Layer initialize success.[0m
hwtimer, timer7 run success!
rtc clock source is set lsi!
RTC: set wkup 12000
watchdog, iwdg run success!
[32m[I/at.clnt] AT client(V1.3.1) on device usart1 initialize success.[0m
[32m[I/at.dev.ec200x] start init ec200x device.[0m
[33m[W/fs01] The version: V0452R336C01L0[0m
[32m[I/handle_bar] bar_value :2030[0m
Password for login:
[32m[I/pms] pm_svc_init...[0m
[32m[I/jmiot] iot_svc_init...[0m
[32m[I/jmiot] GPRS is not registration (Rx)[0m
[32m[I/voice] voice_svc_init...[0m
[32m[I/ui] ui_app_init...[0m
[32m[I/gkey] gkey_init...[0m
[32m[I/radar] radar_svc_init...[0m
[32m[I/radar] radar_svc_init, aeb feature not enable ![0m
[32m[I/ota] ota_svc_init...[0m
[32m[I/motor] motor_svc_init...[0m
[32m[I/slog] slog_svc_init...[0m
RTC: set alarm - a
[31m[E/at.clnt] wait AT client(usart1) connect timeout(10000 tick).[0m
[32m[I/at.dev.ec200x] ec200x device initialize retry 4...[0m
[31m[E/at.clnt] wait AT client(usart1) connect timeout(10000 tick).[0m
[32m[I/at.dev.ec200x] ec200x device initialize retry 3...[0m
[05:56:27.351947] --->
[32m[I/power_on] power_off_system[0m
   |  
[05:56:53.206045] --->
  \ | /
- RT -     Thread Operating System
/ | \     5.1.0 build Mar 20 2026 17:00:39
2006 - 2024 Copyright by RT-Thread team
rtc initialize success.
adc_vol, adc1 run success!
adc_vol, adc2 run success!
adc_vol, bms run success!
[32m[I/sal.skt] Socket Abstraction Layer initialize success.[0m
hwtimer, timer7 run success!
rtc clock source is set lsi!
RTC: set wkup 12000
watchdog, iwdg run success!
[32m[I/at.clnt] AT client(V1.3.1) on device usart1 initialize success.[0m
[32m[I/at.dev.ec200x] start init ec200x device.[0m
[33m[W/fs01] The version: V0452R336C01L0[0m
[32m[I/handle_bar] bar_value :2029[0m
Password for login:
[32m[I/pms] pm_svc_init...[0m
[32m[I/jmiot] iot_svc_init...[0m
[32m[I/jmiot] GPRS is not registration (Rx)[0m
[32m[I/voice] voice_svc_init...[0m
[32m[I/ui] ui_app_init...[0m
[32m[I/gkey] gkey_init...[0m
[32m[I/radar] radar_svc_init...[0m
[32m[I/radar] radar_svc_init, aeb feature not enable ![0m
[32m[I/ota] ota_svc_init...[0m
[32m[I/motor] motor_svc_init...[0m
[32m[I/slog] slog_svc_init...[0m
RTC: set alarm - a
[31m[E/at.clnt] wait AT client(usart1) connect timeout(10000 tick).[0m
[32m[I/at.dev.ec200x] ec200x device initialize retry 4...[0m
[31m[E/at.clnt] wait AT client(usart1) connect timeout(10000 tick).[0m
[32m[I/at.dev.ec200x] ec200x device initialize retry 3...[0m
[05:57:18.260206] --->
[32m[I/power_on] power_off_system[0m
   |||||Q~ ||\|| 
[05:57:46.916202] --->
  \ | /
- RT -     Thread Operating System
/ | \     5.1.0 build Mar 20 2026 17:00:39
2006 - 2024 Copyright by RT-Thread team
rtc initialize success.
adc_vol, adc1 run success!
adc_vol, adc2 run success!
adc_vol, bms run success!
[32m[I/sal.skt] Socket Abstraction Layer initialize success.[0m
hwtimer, timer7 run success!
rtc clock source is set lsi!
RTC: set wkup 12000
watchdog, iwdg run success!
[32m[I/at.clnt] AT client(V1.3.1) on device usart1 initialize success.[0m
[32m[I/at.dev.ec200x] start init ec200x device.[0m
[33m[W/fs01] The version: V0452R336C01L0[0m
[32m[I/handle_bar] bar_value :2029[0m
Password for login:
[32m[I/pms] pm_svc_init...[0m
[32m[I/jmiot] iot_svc_init...[0m
[32m[I/jmiot] GPRS is not registration (Rx)[0m
[32m[I/voice] voice_svc_init...[0m
[32m[I/ui] ui_app_init...[0m
[32m[I/gkey] gkey_init...[0m
[32m[I/radar] radar_svc_init...[0m
[32m[I/radar] radar_svc_init, aeb feature not enable ![0m
[32m[I/ota] ota_svc_init...[0m
[32m[I/motor] motor_svc_init...[0m
[32m[I/slog] slog_svc_init...[0m
RTC: set alarm - a
[31m[E/at.clnt] wait AT client(usart1) connect timeout(10000 tick).[0m
[32m[I/at.dev.ec200x] ec200x device initialize retry 4...[0m
[31m[E/at.clnt] wait AT client(usart1) connect timeout(10000 tick).[0m
[32m[I/at.dev.ec200x] ec200x device initialize retry 3...[0m
[05:58:11.971901] --->
[32m[I/power_on] power_off_system[0m
  }~  
[05:58:39.324163] --->
  \ | /
- RT -     Thread Operating System
/ | \     5.1.0 build Mar 20 2026 17:00:39
2006 - 2024 Copyright by RT-Thread team
rtc initialize success.
adc_vol, adc1 run success!
adc_vol, adc2 run success!
adc_vol, bms run success!
[32m[I/sal.skt] Socket Abstraction Layer initialize success.[0m
hwtimer, timer7 run success!
rtc clock source is set lsi!
RTC: set wkup 12000
watchdog, iwdg run success!
[32m[I/at.clnt] AT client(V1.3.1) on device usart1 initialize success.[0m
[32m[I/at.dev.ec200x] start init ec200x device.[0m
[33m[W/fs01] The version: V0452R336C01L0[0m
[32m[I/handle_bar] bar_value :2030[0m
Password for login:
[32m[I/pms] pm_svc_init...[0m
[32m[I/jmiot] iot_svc_init...[0m
[32m[I/jmiot] GPRS is not registration (Rx)[0m
[32m[I/voice] voice_svc_init...[0m
[32m[I/ui] ui_app_init...[0m
[32m[I/gkey] gkey_init...[0m
[32m[I/radar] radar_svc_init...[0m
[32m[I/radar] radar_svc_init, aeb feature not enable ![0m
[32m[I/ota] ota_svc_init...[0m
[32m[I/motor] motor_svc_init...[0m
[32m[I/slog] slog_svc_init...[0m
RTC: set alarm - a
[31m[E/at.clnt] wait AT client(usart1) connect timeout(10000 tick).[0m
[32m[I/at.dev.ec200x] ec200x device initialize retry 4...[0m
[31m[E/at.clnt] wait AT client(usart1) connect timeout(10000 tick).[0m
[32m[I/at.dev.ec200x] ec200x device initialize retry 3...[0m
[05:59:04.379959] --->
[32m[I/power_on] power_off_system[0m
[32m[I/power_on] power_off_system[0m
   _  
[05:59:30.931987] --->
  \ | /
- RT -     Thread Operating System
/ | \     5.1.0 build Mar 20 2026 17:00:39
2006 - 2024 Copyright by RT-Thread team
rtc initialize success.
adc_vol, adc1 run success!
adc_vol, adc2 run success!
adc_vol, bms run success!
[32m[I/sal.skt] Socket Abstraction Layer initialize success.[0m
hwtimer, timer7 run success!
rtc clock source is set lsi!
RTC: set wkup 12000
watchdog, iwdg run success!
[32m[I/at.clnt] AT client(V1.3.1) on device usart1 initialize success.[0m
[32m[I/at.dev.ec200x] start init ec200x device.[0m
[33m[W/fs01] The version: V0452R336C01L0[0m
[32m[I/handle_bar] bar_value :2029[0m
Password for login:
[32m[I/pms] pm_svc_init...[0m
[32m[I/jmiot] iot_svc_init...[0m
[32m[I/jmiot] GPRS is not registration (Rx)[0m
[32m[I/voice] voice_svc_init...[0m
[32m[I/ui] ui_app_init...[0m
[32m[I/gkey] gkey_init...[0m
[32m[I/radar] radar_svc_init...[0m
[32m[I/radar] radar_svc_init, aeb feature not enable ![0m
[32m[I/ota] ota_svc_init...[0m
[32m[I/motor] motor_svc_init...[0m
[32m[I/slog] slog_svc_init...[0m
RTC: set alarm - a
[31m[E/at.clnt] wait AT client(usart1) connect timeout(10000 tick).[0m
[32m[I/at.dev.ec200x] ec200x device initialize retry 4...[0m
[31m[E/at.clnt] wait AT client(usart1) connect timeout(10000 tick).[0m
[32m[I/at.dev.ec200x] ec200x device initialize retry 3...[0m
[05:59:55.986965] --->
[32m[I/power_on] power_off_system[0m
[32m[I/power_on] power_off_system[0m
   |  
[06:00:25.243547] --->
  \ | /
- RT -     Thread Operating System
/ | \     5.1.0 build Mar 20 2026 17:00:39
2006 - 2024 Copyright by RT-Thread team
rtc initialize success.
adc_vol, adc1 run success!
adc_vol, adc2 run success!
adc_vol, bms run success!
[32m[I/sal.skt] Socket Abstraction Layer initialize success.[0m
hwtimer, timer7 run success!
rtc clock source is set lsi!
RTC: set wkup 12000
watchdog, iwdg run success!
[32m[I/at.clnt] AT client(V1.3.1) on device usart1 initialize success.[0m
[32m[I/at.dev.ec200x] start init ec200x device.[0m
[33m[W/fs01] The version: V0452R336C01L0[0m
[32m[I/handle_bar] bar_value :2029[0m
Password for login:
[32m[I/pms] pm_svc_init...[0m
[32m[I/jmiot] iot_svc_init...[0m
[32m[I/jmiot] GPRS is not registration (Rx)[0m
[32m[I/voice] voice_svc_init...[0m
[32m[I/ui] ui_app_init...[0m
[32m[I/gkey] gkey_init...[0m
[32m[I/radar] radar_svc_init...[0m
[32m[I/radar] radar_svc_init, aeb feature not enable ![0m
[32m[I/ota] ota_svc_init...[0m
[32m[I/motor] motor_svc_init...[0m
[32m[I/slog] slog_svc_init...[0m
RTC: set alarm - a
[31m[E/at.clnt] wait AT client(usart1) connect timeout(10000 tick).[0m
[32m[I/at.dev.ec200x] ec200x device initialize retry 4...[0m
[31m[E/at.clnt] wait AT client(usart1) connect timeout(10000 tick).[0m
[32m[I/at.dev.ec200x] ec200x device initialize retry 3...[0m
[06:00:50.295917] --->
[32m[I/power_on] power_off_system[0m
     < 8       
[06:01:15.648461] --->
  \ | /
- RT -     Thread Operating System
/ | \     5.1.0 build Mar 20 2026 17:00:39
2006 - 2024 Copyright by RT-Thread team
rtc initialize success.
adc_vol, adc1 run success!
adc_vol, adc2 run success!
adc_vol, bms run success!
[32m[I/sal.skt] Socket Abstraction Layer initialize success.[0m
hwtimer, timer7 run success!
rtc clock source is set lsi!
RTC: set wkup 12000
watchdog, iwdg run success!
[32m[I/at.clnt] AT client(V1.3.1) on device usart1 initialize success.[0m
[32m[I/at.dev.ec200x] start init ec200x device.[0m
[33m[W/fs01] The version: V0452R336C01L0[0m
[32m[I/handle_bar] bar_value :2029[0m
Password for login:
[32m[I/pms] pm_svc_init...[0m
[32m[I/jmiot] iot_svc_init...[0m
[32m[I/jmiot] GPRS is not registration (Rx)[0m
[32m[I/voice] voice_svc_init...[0m
[32m[I/ui] ui_app_init...[0m
[32m[I/gkey] gkey_init...[0m
[32m[I/radar] radar_svc_init...[0m
[32m[I/radar] radar_svc_init, aeb feature not enable ![0m
[32m[I/ota] ota_svc_init...[0m
[32m[I/motor] motor_svc_init...[0m
[32m[I/slog] slog_svc_init...[0m
RTC: set alarm - a
[31m[E/at.clnt] wait AT client(usart1) connect timeout(10000 tick).[0m
[32m[I/at.dev.ec200x] ec200x device initialize retry 4...[0m
[31m[E/at.clnt] wait AT client(usart1) connect timeout(10000 tick).[0m
[32m[I/at.dev.ec200x] ec200x device initialize retry 3...[0m
[06:01:40.703969] --->
[32m[I/power_on] power_off_system[0m
[32m[I/power_on] power_off_system[0m
   }  
[06:02:09.957284] --->
  \ | /
- RT -     Thread Operating System
/ | \     5.1.0 build Mar 20 2026 17:00:39
2006 - 2024 Copyright by RT-Thread team
rtc initialize success.
adc_vol, adc1 run success!
adc_vol, adc2 run success!
adc_vol, bms run success!
[32m[I/sal.skt] Socket Abstraction Layer initialize success.[0m
hwtimer, timer7 run success!
rtc clock source is set lsi!
RTC: set wkup 12000
watchdog, iwdg run success!
[32m[I/at.clnt] AT client(V1.3.1) on device usart1 initialize success.[0m
[32m[I/at.dev.ec200x] start init ec200x device.[0m
[33m[W/fs01] The version: V0452R336C01L0[0m
[32m[I/handle_bar] bar_value :2029[0m
Password for login:
[32m[I/pms] pm_svc_init...[0m
[32m[I/jmiot] iot_svc_init...[0m
[32m[I/jmiot] GPRS is not registration (Rx)[0m
[32m[I/voice] voice_svc_init...[0m
[32m[I/ui] ui_app_init...[0m
[32m[I/gkey] gkey_init...[0m
[32m[I/radar] radar_svc_init...[0m
[32m[I/radar] radar_svc_init, aeb feature not enable ![0m
[32m[I/ota] ota_svc_init...[0m
[32m[I/motor] motor_svc_init...[0m
[32m[I/slog] slog_svc_init...[0m
RTC: set alarm - a
[31m[E/at.clnt] wait AT client(usart1) connect timeout(10000 tick).[0m
[32m[I/at.dev.ec200x] ec200x device initialize retry 4...[0m
[31m[E/at.clnt] wait AT client(usart1) connect timeout(10000 tick).[0m
[32m[I/at.dev.ec200x] ec200x device initialize retry 3...[0m
[06:02:35.010225] --->
[32m[I/power_on] power_off_system[0m
   }|8|10  
[06:03:04.563600] --->
  \ | /
- RT -     Thread Operating System
/ | \     5.1.0 build Mar 20 2026 17:00:39
2006 - 2024 Copyright by RT-Thread team
rtc initialize success.
adc_vol, adc1 run success!
adc_vol, adc2 run success!
adc_vol, bms run success!
[32m[I/sal.skt] Socket Abstraction Layer initialize success.[0m
hwtimer, timer7 run success!
rtc clock source is set lsi!
RTC: set wkup 12000
watchdog, iwdg run success!
[32m[I/at.clnt] AT client(V1.3.1) on device usart1 initialize success.[0m
[32m[I/at.dev.ec200x] start init ec200x device.[0m
[33m[W/fs01] The version: V0452R336C01L0[0m
[32m[I/handle_bar] bar_value :2029[0m
Password for login:
[32m[I/pms] pm_svc_init...[0m
[32m[I/jmiot] iot_svc_init...[0m
[32m[I/jmiot] GPRS is not registration (Rx)[0m
[32m[I/voice] voice_svc_init...[0m
[32m[I/ui] ui_app_init...[0m
[32m[I/gkey] gkey_init...[0m
[32m[I/radar] radar_svc_init...[0m
[32m[I/radar] radar_svc_init, aeb feature not enable ![0m
[32m[I/ota] ota_svc_init...[0m
[32m[I/motor] motor_svc_init...[0m
[32m[I/slog] slog_svc_init...[0m
RTC: set alarm - a
[31m[E/at.clnt] wait AT client(usart1) connect timeout(10000 tick).[0m
[32m[I/at.dev.ec200x] ec200x device initialize retry 4...[0m
[31m[E/at.clnt] wait AT client(usart1) connect timeout(10000 tick).[0m
[32m[I/at.dev.ec200x] ec200x device initialize retry 3...[0m
[06:03:29.616356] --->
[32m[I/power_on] power_off_system[0m
[32m[I/power_on] power_off_system[0m
   }|}\\||}|]| 
[06:03:55.873794] --->
  \ | /
- RT -     Thread Operating System
/ | \     5.1.0 build Mar 20 2026 17:00:39
2006 - 2024 Copyright by RT-Thread team
rtc initialize success.
adc_vol, adc1 run success!
adc_vol, adc2 run success!
adc_vol, bms run success!
[32m[I/sal.skt] Socket Abstraction Layer initialize success.[0m
hwtimer, timer7 run success!
rtc clock source is set lsi!
RTC: set wkup 12000
watchdog, iwdg run success!
[32m[I/at.clnt] AT client(V1.3.1) on device usart1 initialize success.[0m
[32m[I/at.dev.ec200x] start init ec200x device.[0m
[33m[W/fs01] The version: V0452R336C01L0[0m
[32m[I/handle_bar] bar_value :2030[0m
Password for login:
[32m[I/pms] pm_svc_init...[0m
[32m[I/jmiot] iot_svc_init...[0m
[32m[I/jmiot] GPRS is not registration (Rx)[0m
[32m[I/voice] voice_svc_init...[0m
[32m[I/ui] ui_app_init...[0m
[32m[I/gkey] gkey_init...[0m
[32m[I/radar] radar_svc_init...[0m
[32m[I/radar] radar_svc_init, aeb feature not enable ![0m
[32m[I/ota] ota_svc_init...[0m
[32m[I/motor] motor_svc_init...[0m
[32m[I/slog] slog_svc_init...[0m
RTC: set alarm - a
[31m[E/at.clnt] wait AT client(usart1) connect timeout(10000 tick).[0m
[32m[I/at.dev.ec200x] ec200x device initialize retry 4...[0m
[31m[E/at.clnt] wait AT client(usart1) connect timeout(10000 tick).[0m
[32m[I/at.dev.ec200x] ec200x device initialize retry 3...[0m
[06:04:20.925646] --->
[32m[I/power_on] power_off_system[0m
    0   
[06:04:49.680121] --->
  \ | /
- RT -     Thread Operating System
/ | \     5.1.0 build Mar 20 2026 17:00:39
2006 - 2024 Copyright by RT-Thread team
rtc initialize success.
adc_vol, adc1 run success!
adc_vol, adc2 run success!
adc_vol, bms run success!
[32m[I/sal.skt] Socket Abstraction Layer initialize success.[0m
hwtimer, timer7 run success!
rtc clock source is set lsi!
RTC: set wkup 12000
watchdog, iwdg run success!
[32m[I/at.clnt] AT client(V1.3.1) on device usart1 initialize success.[0m
[32m[I/at.dev.ec200x] start init ec200x device.[0m
[33m[W/fs01] The version: V0452R336C01L0[0m
[32m[I/handle_bar] bar_value :2030[0m
Password for login:
[32m[I/pms] pm_svc_init...[0m
[32m[I/jmiot] iot_svc_init...[0m
[32m[I/jmiot] GPRS is not registration (Rx)[0m
[32m[I/voice] voice_svc_init...[0m
[32m[I/ui] ui_app_init...[0m
[32m[I/gkey] gkey_init...[0m
[32m[I/radar] radar_svc_init...[0m
[32m[I/radar] radar_svc_init, aeb feature not enable ![0m
[32m[I/ota] ota_svc_init...[0m
[32m[I/motor] motor_svc_init...[0m
[32m[I/slog] slog_svc_init...[0m
RTC: set alarm - a
[31m[E/at.clnt] wait AT client(usart1) connect timeout(10000 tick).[0m
[32m[I/at.dev.ec200x] ec200x device initialize retry 4...[0m
[31m[E/at.clnt] wait AT client(usart1) connect timeout(10000 tick).[0m
[32m[I/at.dev.ec200x] ec200x device initialize retry 3...[0m
[06:05:14.734516] --->
[32m[I/power_on] power_off_system[0m
   ||}|~}||}|Pt8<| 
[06:05:44.286980] --->
  \ | /
- RT -     Thread Operating System
/ | \     5.1.0 build Mar 20 2026 17:00:39
2006 - 2024 Copyright by RT-Thread team
rtc initialize success.
adc_vol, adc1 run success!
adc_vol, adc2 run success!
adc_vol, bms run success!
[32m[I/sal.skt] Socket Abstraction Layer initialize success.[0m
hwtimer, timer7 run success!
rtc clock source is set lsi!
RTC: set wkup 12000
watchdog, iwdg run success!
[32m[I/at.clnt] AT client(V1.3.1) on device usart1 initialize success.[0m
[32m[I/at.dev.ec200x] start init ec200x device.[0m
[33m[W/fs01] The version: V0452R336C01L0[0m
[32m[I/handle_bar] bar_value :2030[0m
Password for login:
[32m[I/pms] pm_svc_init...[0m
[32m[I/jmiot] iot_svc_init...[0m
[32m[I/jmiot] GPRS is not registration (Rx)[0m
[32m[I/voice] voice_svc_init...[0m
[32m[I/ui] ui_app_init...[0m
[32m[I/gkey] gkey_init...[0m
[32m[I/radar] radar_svc_init...[0m
[32m[I/radar] radar_svc_init, aeb feature not enable ![0m
[32m[I/ota] ota_svc_init...[0m
[32m[I/motor] motor_svc_init...[0m
[32m[I/slog] slog_svc_init...[0m
RTC: set alarm - a
[31m[E/at.clnt] wait AT client(usart1) connect timeout(10000 tick).[0m
[32m[I/at.dev.ec200x] ec200x device initialize retry 4...[0m
[31m[E/at.clnt] wait AT client(usart1) connect timeout(10000 tick).[0m
[32m[I/at.dev.ec200x] ec200x device initialize retry 3...[0m
[06:06:09.343356] --->
[32m[I/power_on] power_off_system[0m
[32m[I/power_on] power_off_system[0m
     
[06:06:36.596203] --->
  \ | /
- RT -     Thread Operating System
/ | \     5.1.0 build Mar 20 2026 17:00:39
2006 - 2024 Copyright by RT-Thread team
rtc initialize success.
adc_vol, adc1 run success!
adc_vol, adc2 run success!
adc_vol, bms run success!
[32m[I/sal.skt] Socket Abstraction Layer initialize success.[0m
hwtimer, timer7 run success!
rtc clock source is set lsi!
RTC: set wkup 12000
watchdog, iwdg run success!
[32m[I/at.clnt] AT client(V1.3.1) on device usart1 initialize success.[0m
[32m[I/at.dev.ec200x] start init ec200x device.[0m
[33m[W/fs01] The version: V0452R336C01L0[0m
[32m[I/handle_bar] bar_value :2029[0m
Password for login:
[32m[I/pms] pm_svc_init...[0m
[32m[I/jmiot] iot_svc_init...[0m
[32m[I/jmiot] GPRS is not registration (Rx)[0m
[32m[I/voice] voice_svc_init...[0m
[32m[I/ui] ui_app_init...[0m
[32m[I/gkey] gkey_init...[0m
[32m[I/radar] radar_svc_init...[0m
[32m[I/radar] radar_svc_init, aeb feature not enable ![0m
[32m[I/ota] ota_svc_init...[0m
[32m[I/motor] motor_svc_init...[0m
[32m[I/slog] slog_svc_init...[0m
RTC: set alarm - a
[31m[E/at.clnt] wait AT client(usart1) connect timeout(10000 tick).[0m
[32m[I/at.dev.ec200x] ec200x device initialize retry 4...[0m
[31m[E/at.clnt] wait AT client(usart1) connect timeout(10000 tick).[0m
[32m[I/at.dev.ec200x] ec200x device initialize retry 3...[0m
[06:07:01.650049] --->
[32m[I/power_on] power_off_system[0m
   ||||\||\|\|| \|||||\|t| 
[06:07:29.404015] --->
  \ | /
- RT -     Thread Operating System
/ | \     5.1.0 build Mar 20 2026 17:00:39
2006 - 2024 Copyright by RT-Thread team
rtc initialize success.
adc_vol, adc1 run success!
adc_vol, adc2 run success!
adc_vol, bms run success!
[32m[I/sal.skt] Socket Abstraction Layer initialize success.[0m
hwtimer, timer7 run success!
rtc clock source is set lsi!
RTC: set wkup 12000
watchdog, iwdg run success!
[32m[I/at.clnt] AT client(V1.3.1) on device usart1 initialize success.[0m
[32m[I/at.dev.ec200x] start init ec200x device.[0m
[33m[W/fs01] The version: V0452R336C01L0[0m
[32m[I/handle_bar] bar_value :2029[0m
Password for login:
[32m[I/pms] pm_svc_init...[0m
[32m[I/jmiot] iot_svc_init...[0m
[32m[I/jmiot] GPRS is not registration (Rx)[0m
[32m[I/voice] voice_svc_init...[0m
[32m[I/ui] ui_app_init...[0m
[32m[I/gkey] gkey_init...[0m
[32m[I/radar] radar_svc_init...[0m
[32m[I/radar] radar_svc_init, aeb feature not enable ![0m
[32m[I/ota] ota_svc_init...[0m
[32m[I/motor] motor_svc_init...[0m
[32m[I/slog] slog_svc_init...[0m
RTC: set alarm - a
[31m[E/at.clnt] wait AT client(usart1) connect timeout(10000 tick).[0m
[32m[I/at.dev.ec200x] ec200x device initialize retry 4...[0m
[31m[E/at.clnt] wait AT client(usart1) connect timeout(10000 tick).[0m
[32m[I/at.dev.ec200x] ec200x device initialize retry 3...[0m
[06:07:54.458424] --->
[32m[I/power_on] power_off_system[0m
[32m[I/power_on] power_off_system[0m
   ||~}}|ݝ}| ~}}|}| 
[06:08:24.216067] --->
  \ | /
- RT -     Thread Operating System
/ | \     5.1.0 build Mar 20 2026 17:00:39
2006 - 2024 Copyright by RT-Thread team
rtc initialize success.
adc_vol, adc1 run success!
adc_vol, adc2 run success!
adc_vol, bms run success!
[32m[I/sal.skt] Socket Abstraction Layer initialize success.[0m
hwtimer, timer7 run success!
rtc clock source is set lsi!
RTC: set wkup 12000
watchdog, iwdg run success!
[32m[I/at.clnt] AT client(V1.3.1) on device usart1 initialize success.[0m
[32m[I/at.dev.ec200x] start init ec200x device.[0m
[33m[W/fs01] The version: V0452R336C01L0[0m
[32m[I/handle_bar] bar_value :2029[0m
Password for login:
[32m[I/pms] pm_svc_init...[0m
[32m[I/jmiot] iot_svc_init...[0m
[32m[I/jmiot] GPRS is not registration (Rx)[0m
[32m[I/voice] voice_svc_init...[0m
[32m[I/ui] ui_app_init...[0m
[32m[I/gkey] gkey_init...[0m
[32m[I/radar] radar_svc_init...[0m
[32m[I/radar] radar_svc_init, aeb feature not enable ![0m
[32m[I/ota] ota_svc_init...[0m
[32m[I/motor] motor_svc_init...[0m
[32m[I/slog] slog_svc_init...[0m
RTC: set alarm - a
[31m[E/at.clnt] wait AT client(usart1) connect timeout(10000 tick).[0m
[32m[I/at.dev.ec200x] ec200x device initialize retry 4...[0m
[31m[E/at.clnt] wait AT client(usart1) connect timeout(10000 tick).[0m
[32m[I/at.dev.ec200x] ec200x device initialize retry 3...[0m
[06:08:49.272540] --->
[32m[I/power_on] power_off_system[0m
[32m[I/power_on] power_off_system[0m
   ||}Y}s||}_|||| 
[06:09:18.526828] --->
  \ | /
- RT -     Thread Operating System
/ | \     5.1.0 build Mar 20 2026 17:00:39
2006 - 2024 Copyright by RT-Thread team
rtc initialize success.
adc_vol, adc1 run success!
adc_vol, adc2 run success!
adc_vol, bms run success!
[32m[I/sal.skt] Socket Abstraction Layer initialize success.[0m
hwtimer, timer7 run success!
rtc clock source is set lsi!
RTC: set wkup 12000
watchdog, iwdg run success!
[32m[I/at.clnt] AT client(V1.3.1) on device usart1 initialize success.[0m
[32m[I/at.dev.ec200x] start init ec200x device.[0m
[33m[W/fs01] The version: V0452R336C01L0[0m
[32m[I/handle_bar] bar_value :2029[0m
Password for login:
[32m[I/pms] pm_svc_init...[0m
[32m[I/jmiot] iot_svc_init...[0m
[32m[I/jmiot] GPRS is not registration (Rx)[0m
[32m[I/voice] voice_svc_init...[0m
[32m[I/ui] ui_app_init...[0m
[32m[I/gkey] gkey_init...[0m
[32m[I/radar] radar_svc_init...[0m
[32m[I/radar] radar_svc_init, aeb feature not enable ![0m
[32m[I/ota] ota_svc_init...[0m
[32m[I/motor] motor_svc_init...[0m
[32m[I/slog] slog_svc_init...[0m
RTC: set alarm - a
[31m[E/at.clnt] wait AT client(usart1) connect timeout(10000 tick).[0m
[32m[I/at.dev.ec200x] ec200x device initialize retry 4...[0m
[31m[E/at.clnt] wait AT client(usart1) connect timeout(10000 tick).[0m
[32m[I/at.dev.ec200x] ec200x device initialize retry 3...[0m
[06:09:43.580012] --->
[32m[I/power_on] power_off_system[0m
   ~|}\||||||98\ 
[06:10:12.832837] --->
  \ | /
- RT -     Thread Operating System
/ | \     5.1.0 build Mar 20 2026 17:00:39
2006 - 2024 Copyright by RT-Thread team
rtc initialize success.
adc_vol, adc1 run success!
adc_vol, adc2 run success!
adc_vol, bms run success!
[32m[I/sal.skt] Socket Abstraction Layer initialize success.[0m
hwtimer, timer7 run success!
rtc clock source is set lsi!
RTC: set wkup 12000
watchdog, iwdg run success!
[32m[I/at.clnt] AT client(V1.3.1) on device usart1 initialize success.[0m
[32m[I/at.dev.ec200x] start init ec200x device.[0m
[33m[W/fs01] The version: V0452R336C01L0[0m
[32m[I/handle_bar] bar_value :2029[0m
Password for login:
[32m[I/pms] pm_svc_init...[0m
[32m[I/jmiot] iot_svc_init...[0m
[32m[I/jmiot] GPRS is not registration (Rx)[0m
[32m[I/voice] voice_svc_init...[0m
[32m[I/ui] ui_app_init...[0m
[32m[I/gkey] gkey_init...[0m
[32m[I/radar] radar_svc_init...[0m
[32m[I/radar] radar_svc_init, aeb feature not enable ![0m
[32m[I/ota] ota_svc_init...[0m
[32m[I/motor] motor_svc_init...[0m
[32m[I/slog] slog_svc_init...[0m
RTC: set alarm - a
[31m[E/at.clnt] wait AT client(usart1) connect timeout(10000 tick).[0m
[32m[I/at.dev.ec200x] ec200x device initialize retry 4...[0m
[31m[E/at.clnt] wait AT client(usart1) connect timeout(10000 tick).[0m
[32m[I/at.dev.ec200x] ec200x device initialize retry 3...[0m
[06:10:37.885192] --->
[32m[I/power_on] power_off_system[0m
   }880   
[06:11:03.139645] --->
  \ | /
- RT -     Thread Operating System
/ | \     5.1.0 build Mar 20 2026 17:00:39
2006 - 2024 Copyright by RT-Thread team
rtc initialize success.
adc_vol, adc1 run success!
adc_vol, adc2 run success!
adc_vol, bms run success!
[32m[I/sal.skt] Socket Abstraction Layer initialize success.[0m
hwtimer, timer7 run success!
rtc clock source is set lsi!
RTC: set wkup 12000
watchdog, iwdg run success!
[32m[I/at.clnt] AT client(V1.3.1) on device usart1 initialize success.[0m
[32m[I/at.dev.ec200x] start init ec200x device.[0m
[33m[W/fs01] The version: V0452R336C01L0[0m
[32m[I/handle_bar] bar_value :2029[0m
Password for login:
[32m[I/pms] pm_svc_init...[0m
[32m[I/jmiot] iot_svc_init...[0m
[32m[I/jmiot] GPRS is not registration (Rx)[0m
[32m[I/voice] voice_svc_init...[0m
[32m[I/ui] ui_app_init...[0m
[32m[I/gkey] gkey_init...[0m
[32m[I/radar] radar_svc_init...[0m
[32m[I/radar] radar_svc_init, aeb feature not enable ![0m
[32m[I/ota] ota_svc_init...[0m
[32m[I/motor] motor_svc_init...[0m
[32m[I/slog] slog_svc_init...[0m
RTC: set alarm - a
[31m[E/at.clnt] wait AT client(usart1) connect timeout(10000 tick).[0m
[32m[I/at.dev.ec200x] ec200x device initialize retry 4...[0m
[31m[E/at.clnt] wait AT client(usart1) connect timeout(10000 tick).[0m
[32m[I/at.dev.ec200x] ec200x device initialize retry 3...[0m
[06:11:28.191175] --->
[32m[I/power_on] power_off_system[0m
   _p|\^889\8||t|  
[06:11:54.844763] --->
  \ | /
- RT -     Thread Operating System
/ | \     5.1.0 build Mar 20 2026 17:00:39
2006 - 2024 Copyright by RT-Thread team
rtc initialize success.
adc_vol, adc1 run success!
adc_vol, adc2 run success!
adc_vol, bms run success!
[32m[I/sal.skt] Socket Abstraction Layer initialize success.[0m
hwtimer, timer7 run success!
rtc clock source is set lsi!
RTC: set wkup 12000
watchdog, iwdg run success!
[32m[I/at.clnt] AT client(V1.3.1) on device usart1 initialize success.[0m
[32m[I/at.dev.ec200x] start init ec200x device.[0m
[33m[W/fs01] The version: V0452R336C01L0[0m
[32m[I/handle_bar] bar_value :2030[0m
Password for login:
[32m[I/pms] pm_svc_init...[0m
[32m[I/jmiot] iot_svc_init...[0m
[32m[I/jmiot] GPRS is not registration (Rx)[0m
[32m[I/voice] voice_svc_init...[0m
[32m[I/ui] ui_app_init...[0m
[32m[I/gkey] gkey_init...[0m
[32m[I/radar] radar_svc_init...[0m
[32m[I/radar] radar_svc_init, aeb feature not enable ![0m
[32m[I/ota] ota_svc_init...[0m
[32m[I/motor] motor_svc_init...[0m
[32m[I/slog] slog_svc_init...[0m
RTC: set alarm - a
[31m[E/at.clnt] wait AT client(usart1) connect timeout(10000 tick).[0m
[32m[I/at.dev.ec200x] ec200x device initialize retry 4...[0m
[31m[E/at.clnt] wait AT client(usart1) connect timeout(10000 tick).[0m
[32m[I/at.dev.ec200x] ec200x device initialize retry 3...[0m
[06:12:19.898197] --->
[32m[I/power_on] power_off_system[0m
   |\89|  8   
[06:12:46.451217] --->
  \ | /
- RT -     Thread Operating System
/ | \     5.1.0 build Mar 20 2026 17:00:39
2006 - 2024 Copyright by RT-Thread team
rtc initialize success.
adc_vol, adc1 run success!
adc_vol, adc2 run success!
adc_vol, bms run success!
[32m[I/sal.skt] Socket Abstraction Layer initialize success.[0m
hwtimer, timer7 run success!
rtc clock source is set lsi!
RTC: set wkup 12000
watchdog, iwdg run success!
[32m[I/at.clnt] AT client(V1.3.1) on device usart1 initialize success.[0m
[32m[I/at.dev.ec200x] start init ec200x device.[0m
[33m[W/fs01] The version: V0452R336C01L0[0m
[32m[I/handle_bar] bar_value :2029[0m
Password for login:
[32m[I/pms] pm_svc_init...[0m
[32m[I/jmiot] iot_svc_init...[0m
[32m[I/jmiot] GPRS is not registration (Rx)[0m
[32m[I/voice] voice_svc_init...[0m
[32m[I/ui] ui_app_init...[0m
[32m[I/gkey] gkey_init...[0m
[32m[I/radar] radar_svc_init...[0m
[32m[I/radar] radar_svc_init, aeb feature not enable ![0m
[32m[I/ota] ota_svc_init...[0m
[32m[I/motor] motor_svc_init...[0m
[32m[I/slog] slog_svc_init...[0m
RTC: set alarm - a
[31m[E/at.clnt] wait AT client(usart1) connect timeout(10000 tick).[0m
[32m[I/at.dev.ec200x] ec200x device initialize retry 4...[0m
[31m[E/at.clnt] wait AT client(usart1) connect timeout(10000 tick).[0m
[32m[I/at.dev.ec200x] ec200x device initialize retry 3...[0m
[06:13:11.505226] --->
[32m[I/power_on] power_off_system[0m
[32m[I/power_on] power_off_system[0m
   }t}}~p}}<}|y||\| <|up4t| 
[06:13:38.757391] --->
  \ | /
- RT -     Thread Operating System
/ | \     5.1.0 build Mar 20 2026 17:00:39
2006 - 2024 Copyright by RT-Thread team
rtc initialize success.
adc_vol, adc1 run success!
adc_vol, adc2 run success!
adc_vol, bms run success!
[32m[I/sal.skt] Socket Abstraction Layer initialize success.[0m
hwtimer, timer7 run success!
rtc clock source is set lsi!
RTC: set wkup 12000
watchdog, iwdg run success!
[32m[I/at.clnt] AT client(V1.3.1) on device usart1 initialize success.[0m
[32m[I/at.dev.ec200x] start init ec200x device.[0m
[33m[W/fs01] The version: V0452R336C01L0[0m
[32m[I/handle_bar] bar_value :2029[0m
Password for login:
[32m[I/pms] pm_svc_init...[0m
[32m[I/jmiot] iot_svc_init...[0m
[32m[I/jmiot] GPRS is not registration (Rx)[0m
[32m[I/voice] voice_svc_init...[0m
[32m[I/ui] ui_app_init...[0m
[32m[I/gkey] gkey_init...[0m
[32m[I/radar] radar_svc_init...[0m
[32m[I/radar] radar_svc_init, aeb feature not enable ![0m
[32m[I/ota] ota_svc_init...[0m
[32m[I/motor] motor_svc_init...[0m
[32m[I/slog] slog_svc_init...[0m
RTC: set alarm - a
[31m[E/at.clnt] wait AT client(usart1) connect timeout(10000 tick).[0m
[32m[I/at.dev.ec200x] ec200x device initialize retry 4...[0m
[31m[E/at.clnt] wait AT client(usart1) connect timeout(10000 tick).[0m
[32m[I/at.dev.ec200x] ec200x device initialize retry 3...[0m
[06:14:03.812085] --->
[32m[I/power_on] power_off_system[0m
   }  
[06:14:05.270666] --->
  \ | /
- RT -     Thread Operating System
/ | \     5.1.0 build Mar 20 2026 17:00:39
2006 - 2024 Copyright by RT-Thread team
rtc initialize success.
adc_vol, adc1 run success!
adc_vol, adc2 run success!
adc_vol, bms run success!
[32m[I/sal.skt] Socket Abstraction Layer initialize success.[0m
hwtimer, timer7 run success!
rtc clock source is set lsi!
RTC: set wkup 12000
watchdog, iwdg run success!
[32m[I/at.clnt] AT client(V1.3.1) on device usart1 initialize success.[0m
[32m[I/at.dev.ec200x] start init ec200x device.[0m
[33m[W/fs01] The version: V0452R336C01L0[0m
[32m[I/handle_bar] bar_value :2029[0m
Password for login:
[32m[I/pms] pm_svc_init...[0m
[32m[I/jmiot] iot_svc_init...[0m
[32m[I/jmiot] GPRS is not registration (Rx)[0m
[32m[I/voice] voice_svc_init...[0m
[32m[I/ui] ui_app_init...[0m
[32m[I/gkey] gkey_init...[0m
[32m[I/radar] radar_svc_init...[0m
[32m[I/radar] radar_svc_init, aeb feature not enable ![0m
[32m[I/ota] ota_svc_init...[0m
[32m[I/motor] motor_svc_init...[0m
[32m[I/slog] slog_svc_init...[0m
RTC: set alarm - a
[32m[I/voice] voice_msg num: 9[0m
[06:14:30.276003] --->
[31m[E/at.clnt] wait AT client(usart1) connect timeout(10000 tick).[0m
[32m[I/at.dev.ec200x] ec200x device initialize retry 4...[0m
[31m[E/at.clnt] wait AT client(usart1) connect timeout(10000 tick).[0m
[32m[I/at.dev.ec200x] ec200x device initialize retry 3...[0m
[06:14:55.331390] --->
[32m[I/power_on] power_off_system[0m
   }||}8|4| 
[06:15:25.288657] --->
  \ | /
- RT -     Thread Operating System
/ | \     5.1.0 build Mar 20 2026 17:00:39
2006 - 2024 Copyright by RT-Thread team
rtc initialize success.
adc_vol, adc1 run success!
adc_vol, adc2 run success!
adc_vol, bms run success!
[32m[I/sal.skt] Socket Abstraction Layer initialize success.[0m
hwtimer, timer7 run success!
rtc clock source is set lsi!
RTC: set wkup 12000
watchdog, iwdg run success!
[32m[I/at.clnt] AT client(V1.3.1) on device usart1 initialize success.[0m
[32m[I/at.dev.ec200x] start init ec200x device.[0m
[33m[W/fs01] The version: V0452R336C01L0[0m
[32m[I/handle_bar] bar_value :2029[0m
Password for login:
[32m[I/pms] pm_svc_init...[0m
[32m[I/jmiot] iot_svc_init...[0m
[32m[I/jmiot] GPRS is not registration (Rx)[0m
[32m[I/voice] voice_svc_init...[0m
[32m[I/ui] ui_app_init...[0m
[32m[I/gkey] gkey_init...[0m
[32m[I/radar] radar_svc_init...[0m
[32m[I/radar] radar_svc_init, aeb feature not enable ![0m
[32m[I/ota] ota_svc_init...[0m
[32m[I/motor] motor_svc_init...[0m
[32m[I/slog] slog_svc_init...[0m
RTC: set alarm - a
[31m[E/at.clnt] wait AT client(usart1) connect timeout(10000 tick).[0m
[32m[I/at.dev.ec200x] ec200x device initialize retry 4...[0m
[31m[E/at.clnt] wait AT client(usart1) connect timeout(10000 tick).[0m
[32m[I/at.dev.ec200x] ec200x device initialize retry 3...[0m
[06:15:50.344195] --->
[32m[I/power_on] power_off_system[0m
[32m[I/power_on] power_off_system[0m
  ]  
[06:16:15.398431] --->
  \ | /
- RT -     Thread Operating System
/ | \     5.1.0 build Mar 20 2026 17:00:39
2006 - 2024 Copyright by RT-Thread team
rtc initialize success.
adc_vol, adc1 run success!
adc_vol, adc2 run success!
adc_vol, bms run success!
[32m[I/sal.skt] Socket Abstraction Layer initialize success.[0m
hwtimer, timer7 run success!
rtc clock source is set lsi!
RTC: set wkup 12000
watchdog, iwdg run success!
[32m[I/at.clnt] AT client(V1.3.1) on device usart1 initialize success.[0m
[32m[I/at.dev.ec200x] start init ec200x device.[0m
[33m[W/fs01] The version: V0452R336C01L0[0m
[32m[I/handle_bar] bar_value :2030[0m
Password for login:
[32m[I/pms] pm_svc_init...[0m
[32m[I/jmiot] iot_svc_init...[0m
[32m[I/jmiot] GPRS is not registration (Rx)[0m
[32m[I/voice] voice_svc_init...[0m
[32m[I/ui] ui_app_init...[0m
[32m[I/gkey] gkey_init...[0m
[32m[I/radar] radar_svc_init...[0m
[32m[I/radar] radar_svc_init, aeb feature not enable ![0m
[32m[I/ota] ota_svc_init...[0m
[32m[I/motor] motor_svc_init...[0m
[32m[I/slog] slog_svc_init...[0m
RTC: set alarm - a
[31m[E/at.clnt] wait AT client(usart1) connect timeout(10000 tick).[0m
[32m[I/at.dev.ec200x] ec200x device initialize retry 4...[0m
[31m[E/at.clnt] wait AT client(usart1) connect timeout(10000 tick).[0m
[32m[I/at.dev.ec200x] ec200x device initialize retry 3...[0m
[06:16:40.452164] --->
[32m[I/power_on] power_off_system[0m
   ||\||Д>||\\| 
[06:17:05.809130] --->
  \ | /
- RT -     Thread Operating System
/ | \     5.1.0 build Mar 20 2026 17:00:39
2006 - 2024 Copyright by RT-Thread team
rtc initialize success.
adc_vol, adc1 run success!
adc_vol, adc2 run success!
adc_vol, bms run success!
[32m[I/sal.skt] Socket Abstraction Layer initialize success.[0m
hwtimer, timer7 run success!
rtc clock source is set lsi!
RTC: set wkup 12000
watchdog, iwdg run success!
[32m[I/at.clnt] AT client(V1.3.1) on device usart1 initialize success.[0m
[32m[I/at.dev.ec200x] start init ec200x device.[0m
[33m[W/fs01] The version: V0452R336C01L0[0m
[32m[I/handle_bar] bar_value :2029[0m
Password for login:
[32m[I/pms] pm_svc_init...[0m
[32m[I/jmiot] iot_svc_init...[0m
[32m[I/jmiot] GPRS is not registration (Rx)[0m
[32m[I/voice] voice_svc_init...[0m
[32m[I/ui] ui_app_init...[0m
[32m[I/gkey] gkey_init...[0m
[32m[I/radar] radar_svc_init...[0m
[32m[I/radar] radar_svc_init, aeb feature not enable ![0m
[32m[I/ota] ota_svc_init...[0m
[32m[I/motor] motor_svc_init...[0m
[32m[I/slog] slog_svc_init...[0m
RTC: set alarm - a
[31m[E/at.clnt] wait AT client(usart1) connect timeout(10000 tick).[0m
[32m[I/at.dev.ec200x] ec200x device initialize retry 4...[0m
[31m[E/at.clnt] wait AT client(usart1) connect timeout(10000 tick).[0m
[32m[I/at.dev.ec200x] ec200x device initialize retry 3...[0m
[06:17:30.864629] --->
[32m[I/power_on] power_off_system[0m
[32m[I/power_on] power_off_system[0m
     
[06:17:58.719057] --->
  \ | /
- RT -     Thread Operating System
/ | \     5.1.0 build Mar 20 2026 17:00:39
2006 - 2024 Copyright by RT-Thread team
rtc initialize success.
adc_vol, adc1 run success!
adc_vol, adc2 run success!
adc_vol, bms run success!
[32m[I/sal.skt] Socket Abstraction Layer initialize success.[0m
hwtimer, timer7 run success!
rtc clock source is set lsi!
RTC: set wkup 12000
watchdog, iwdg run success!
[32m[I/at.clnt] AT client(V1.3.1) on device usart1 initialize success.[0m
[32m[I/at.dev.ec200x] start init ec200x device.[0m
[33m[W/fs01] The version: V0452R336C01L0[0m
[32m[I/handle_bar] bar_value :2029[0m
Password for login:
[32m[I/pms] pm_svc_init...[0m
[32m[I/jmiot] iot_svc_init...[0m
[32m[I/jmiot] GPRS is not registration (Rx)[0m
[32m[I/voice] voice_svc_init...[0m
[32m[I/ui] ui_app_init...[0m
[32m[I/gkey] gkey_init...[0m
[32m[I/radar] radar_svc_init...[0m
[32m[I/radar] radar_svc_init, aeb feature not enable ![0m
[32m[I/ota] ota_svc_init...[0m
[32m[I/motor] motor_svc_init...[0m
[32m[I/slog] slog_svc_init...[0m
RTC: set alarm - a
[31m[E/at.clnt] wait AT client(usart1) connect timeout(10000 tick).[0m
[32m[I/at.dev.ec200x] ec200x device initialize retry 4...[0m
[31m[E/at.clnt] wait AT client(usart1) connect timeout(10000 tick).[0m
[32m[I/at.dev.ec200x] ec200x device initialize retry 3...[0m
[06:18:23.771874] --->
[32m[I/power_on] power_off_system[0m
   |\|\\|||\\|889|<~p| 
[06:18:51.326575] --->
  \ | /
- RT -     Thread Operating System
/ | \     5.1.0 build Mar 20 2026 17:00:39
2006 - 2024 Copyright by RT-Thread team
rtc initialize success.
adc_vol, adc1 run success!
adc_vol, adc2 run success!
adc_vol, bms run success!
[32m[I/sal.skt] Socket Abstraction Layer initialize success.[0m
hwtimer, timer7 run success!
rtc clock source is set lsi!
RTC: set wkup 12000
watchdog, iwdg run success!
[32m[I/at.clnt] AT client(V1.3.1) on device usart1 initialize success.[0m
[32m[I/at.dev.ec200x] start init ec200x device.[0m
[33m[W/fs01] The version: V0452R336C01L0[0m
[32m[I/handle_bar] bar_value :2029[0m
Password for login:
[32m[I/pms] pm_svc_init...[0m
[32m[I/jmiot] iot_svc_init...[0m
[32m[I/jmiot] GPRS is not registration (Rx)[0m
[32m[I/voice] voice_svc_init...[0m
[32m[I/ui] ui_app_init...[0m
[32m[I/gkey] gkey_init...[0m
[32m[I/radar] radar_svc_init...[0m
[32m[I/radar] radar_svc_init, aeb feature not enable ![0m
[32m[I/ota] ota_svc_init...[0m
[32m[I/motor] motor_svc_init...[0m
[32m[I/slog] slog_svc_init...[0m
RTC: set alarm - a
[31m[E/at.clnt] wait AT client(usart1) connect timeout(10000 tick).[0m
[32m[I/at.dev.ec200x] ec200x device initialize retry 4...[0m
[31m[E/at.clnt] wait AT client(usart1) connect timeout(10000 tick).[0m
[32m[I/at.dev.ec200x] ec200x device initialize retry 3...[0m
[06:19:16.377763] --->
[32m[I/power_on] power_off_system[0m
[32m[I/power_on] power_off_system[0m
     
[06:19:41.731722] --->
  \ | /
- RT -     Thread Operating System
/ | \     5.1.0 build Mar 20 2026 17:00:39
2006 - 2024 Copyright by RT-Thread team
rtc initialize success.
adc_vol, adc1 run success!
adc_vol, adc2 run success!
adc_vol, bms run success!
[32m[I/sal.skt] Socket Abstraction Layer initialize success.[0m
hwtimer, timer7 run success!
rtc clock source is set lsi!
RTC: set wkup 12000
watchdog, iwdg run success!
[32m[I/at.clnt] AT client(V1.3.1) on device usart1 initialize success.[0m
[32m[I/at.dev.ec200x] start init ec200x device.[0m
[33m[W/fs01] The version: V0452R336C01L0[0m
[32m[I/handle_bar] bar_value :2030[0m
Password for login:
[32m[I/pms] pm_svc_init...[0m
[32m[I/jmiot] iot_svc_init...[0m
[32m[I/jmiot] GPRS is not registration (Rx)[0m
[32m[I/voice] voice_svc_init...[0m
[32m[I/ui] ui_app_init...[0m
[32m[I/gkey] gkey_init...[0m
[32m[I/radar] radar_svc_init...[0m
[32m[I/radar] radar_svc_init, aeb feature not enable ![0m
[32m[I/ota] ota_svc_init...[0m
[32m[I/motor] motor_svc_init...[0m
[32m[I/slog] slog_svc_init...[0m
RTC: set alarm - a
[31m[E/at.clnt] wait AT client(usart1) connect timeout(10000 tick).[0m
[32m[I/at.dev.ec200x] ec200x device initialize retry 4...[0m
[31m[E/at.clnt] wait AT client(usart1) connect timeout(10000 tick).[0m
[32m[I/at.dev.ec200x] ec200x device initialize retry 3...[0m
[06:20:06.787218] --->
[32m[I/power_on] power_off_system[0m
[32m[I/power_on] power_off_system[0m
   _}|9||Ԝ8P88qp8|   
[06:20:34.141445] --->
  \ | /
- RT -     Thread Operating System
/ | \     5.1.0 build Mar 20 2026 17:00:39
2006 - 2024 Copyright by RT-Thread team
rtc initialize success.
adc_vol, adc1 run success!
adc_vol, adc2 run success!
adc_vol, bms run success!
[32m[I/sal.skt] Socket Abstraction Layer initialize success.[0m
hwtimer, timer7 run success!
rtc clock source is set lsi!
RTC: set wkup 12000
watchdog, iwdg run success!
[32m[I/at.clnt] AT client(V1.3.1) on device usart1 initialize success.[0m
[32m[I/at.dev.ec200x] start init ec200x device.[0m
[33m[W/fs01] The version: V0452R336C01L0[0m
[32m[I/handle_bar] bar_value :2029[0m
Password for login:
[32m[I/pms] pm_svc_init...[0m
[32m[I/jmiot] iot_svc_init...[0m
[32m[I/jmiot] GPRS is not registration (Rx)[0m
[32m[I/voice] voice_svc_init...[0m
[32m[I/ui] ui_app_init...[0m
[32m[I/gkey] gkey_init...[0m
[32m[I/radar] radar_svc_init...[0m
[32m[I/radar] radar_svc_init, aeb feature not enable ![0m
[32m[I/ota] ota_svc_init...[0m
[32m[I/motor] motor_svc_init...[0m
[32m[I/slog] slog_svc_init...[0m
RTC: set alarm - a
[31m[E/at.clnt] wait AT client(usart1) connect timeout(10000 tick).[0m
[32m[I/at.dev.ec200x] ec200x device initialize retry 4...[0m
[31m[E/at.clnt] wait AT client(usart1) connect timeout(10000 tick).[0m
[32m[I/at.dev.ec200x] ec200x device initialize retry 3...[0m
[06:20:59.197561] --->
[32m[I/power_on] power_off_system[0m
[32m[I/power_on] power_off_system[0m
  9\9|||t0   
[06:21:00.656189] --->
  \ | /
- RT -     Thread Operating System
/ | \     5.1.0 build Mar 20 2026 17:00:39
2006 - 2024 Copyright by RT-Thread team
rtc initialize success.
adc_vol, adc1 run success!
adc_vol, adc2 run success!
adc_vol, bms run success!
[32m[I/sal.skt] Socket Abstraction Layer initialize success.[0m
hwtimer, timer7 run success!
rtc clock source is set lsi!
RTC: set wkup 12000
watchdog, iwdg run success!
[32m[I/at.clnt] AT client(V1.3.1) on device usart1 initialize success.[0m
[32m[I/at.dev.ec200x] start init ec200x device.[0m
[33m[W/fs01] The version: V0452R336C01L0[0m
[32m[I/handle_bar] bar_value :2029[0m
Password for login:
[32m[I/pms] pm_svc_init...[0m
[32m[I/jmiot] iot_svc_init...[0m
[32m[I/jmiot] GPRS is not registration (Rx)[0m
[32m[I/voice] voice_svc_init...[0m
[32m[I/ui] ui_app_init...[0m
[32m[I/gkey] gkey_init...[0m
[32m[I/radar] radar_svc_init...[0m
[32m[I/radar] radar_svc_init, aeb feature not enable ![0m
[32m[I/ota] ota_svc_init...[0m
[32m[I/motor] motor_svc_init...[0m
[32m[I/slog] slog_svc_init...[0m
RTC: set alarm - a
[32m[I/voice] voice_msg num: 9[0m
[06:21:25.658300] --->
[31m[E/at.clnt] wait AT client(usart1) connect timeout(10000 tick).[0m
[32m[I/at.dev.ec200x] ec200x device initialize retry 4...[0m
[31m[E/at.clnt] wait AT client(usart1) connect timeout(10000 tick).[0m
[32m[I/at.dev.ec200x] ec200x device initialize retry 3...[0m
[06:21:50.713565] --->
[32m[I/power_on] power_off_system[0m
   _|||||||~_^|_}]}}|| 
[06:21:54.973514] --->
  \ | /
- RT -     Thread Operating System
/ | \     5.1.0 build Mar 20 2026 17:00:39
2006 - 2024 Copyright by RT-Thread team
rtc initialize success.
adc_vol, adc1 run success!
adc_vol, adc2 run success!
adc_vol, bms run success!
[32m[I/sal.skt] Socket Abstraction Layer initialize success.[0m
hwtimer, timer7 run success!
rtc clock source is set lsi!
RTC: set wkup 12000
watchdog, iwdg run success!
[32m[I/at.clnt] AT client(V1.3.1) on device usart1 initialize success.[0m
[32m[I/at.dev.ec200x] start init ec200x device.[0m
[33m[W/fs01] The version: V0452R336C01L0[0m
[32m[I/handle_bar] bar_value :2029[0m
Password for login:
[32m[I/pms] pm_svc_init...[0m
[32m[I/jmiot] iot_svc_init...[0m
[32m[I/jmiot] GPRS is not registration (Rx)[0m
[32m[I/voice] voice_svc_init...[0m
[32m[I/ui] ui_app_init...[0m
[32m[I/gkey] gkey_init...[0m
[32m[I/radar] radar_svc_init...[0m
[32m[I/radar] radar_svc_init, aeb feature not enable ![0m
[32m[I/ota] ota_svc_init...[0m
[32m[I/motor] motor_svc_init...[0m
[32m[I/slog] slog_svc_init...[0m
RTC: set alarm - a
[32m[I/voice] voice_msg num: 9[0m
[06:22:19.978810] --->
[31m[E/at.clnt] wait AT client(usart1) connect timeout(10000 tick).[0m
[32m[I/at.dev.ec200x] ec200x device initialize retry 4...[0m
[31m[E/at.clnt] wait AT client(usart1) connect timeout(10000 tick).[0m
[32m[I/at.dev.ec200x] ec200x device initialize retry 3...[0m
[06:22:45.033309] --->
[32m[I/power_on] power_off_system[0m
   ~<  (   
[06:23:10.888402] --->
  \ | /
- RT -     Thread Operating System
/ | \     5.1.0 build Mar 20 2026 17:00:39
2006 - 2024 Copyright by RT-Thread team
rtc initialize success.
adc_vol, adc1 run success!
adc_vol, adc2 run success!
adc_vol, bms run success!
[32m[I/sal.skt] Socket Abstraction Layer initialize success.[0m
hwtimer, timer7 run success!
rtc clock source is set lsi!
RTC: set wkup 12000
watchdog, iwdg run success!
[32m[I/at.clnt] AT client(V1.3.1) on device usart1 initialize success.[0m
[32m[I/at.dev.ec200x] start init ec200x device.[0m
[33m[W/fs01] The version: V0452R336C01L0[0m
[32m[I/handle_bar] bar_value :2030[0m
Password for login:
[32m[I/pms] pm_svc_init...[0m
[32m[I/jmiot] iot_svc_init...[0m
[32m[I/jmiot] GPRS is not registration (Rx)[0m
[32m[I/voice] voice_svc_init...[0m
[32m[I/ui] ui_app_init...[0m
[32m[I/gkey] gkey_init...[0m
[32m[I/radar] radar_svc_init...[0m
[32m[I/radar] radar_svc_init, aeb feature not enable ![0m
[32m[I/ota] ota_svc_init...[0m
[32m[I/motor] motor_svc_init...[0m
[32m[I/slog] slog_svc_init...[0m
RTC: set alarm - a
[31m[E/at.clnt] wait AT client(usart1) connect timeout(10000 tick).[0m
[32m[I/at.dev.ec200x] ec200x device initialize retry 4...[0m
[31m[E/at.clnt] wait AT client(usart1) connect timeout(10000 tick).[0m
[32m[I/at.dev.ec200x] ec200x device initialize retry 3...[0m
[06:23:35.943722] --->
[32m[I/power_on] power_off_system[0m
   ]||\||\|||9 
[06:24:02.201255] --->
  \ | /
- RT -     Thread Operating System
/ | \     5.1.0 build Mar 20 2026 17:00:39
2006 - 2024 Copyright by RT-Thread team
rtc initialize success.
adc_vol, adc1 run success!
adc_vol, adc2 run success!
adc_vol, bms run success!
[32m[I/sal.skt] Socket Abstraction Layer initialize success.[0m
hwtimer, timer7 run success!
rtc clock source is set lsi!
RTC: set wkup 12000
watchdog, iwdg run success!
[32m[I/at.clnt] AT client(V1.3.1) on device usart1 initialize success.[0m
[32m[I/at.dev.ec200x] start init ec200x device.[0m
[33m[W/fs01] The version: V0452R336C01L0[0m
[32m[I/handle_bar] bar_value :2029[0m
Password for login:
[32m[I/pms] pm_svc_init...[0m
[32m[I/jmiot] iot_svc_init...[0m
[32m[I/jmiot] GPRS is not registration (Rx)[0m
[32m[I/voice] voice_svc_init...[0m
[32m[I/ui] ui_app_init...[0m
[32m[I/gkey] gkey_init...[0m
[32m[I/radar] radar_svc_init...[0m
[32m[I/radar] radar_svc_init, aeb feature not enable ![0m
[32m[I/ota] ota_svc_init...[0m
[32m[I/motor] motor_svc_init...[0m
[32m[I/slog] slog_svc_init...[0m
RTC: set alarm - a
[31m[E/at.clnt] wait AT client(usart1) connect timeout(10000 tick).[0m
[32m[I/at.dev.ec200x] ec200x device initialize retry 4...[0m
[31m[E/at.clnt] wait AT client(usart1) connect timeout(10000 tick).[0m
[32m[I/at.dev.ec200x] ec200x device initialize retry 3...[0m
[06:24:27.254568] --->
[32m[I/power_on] power_off_system[0m
   Pc|8 pr98p|  
[06:24:54.207068] --->
  \ | /
- RT -     Thread Operating System
/ | \     5.1.0 build Mar 20 2026 17:00:39
2006 - 2024 Copyright by RT-Thread team
rtc initialize success.
adc_vol, adc1 run success!
adc_vol, adc2 run success!
adc_vol, bms run success!
[32m[I/sal.skt] Socket Abstraction Layer initialize success.[0m
hwtimer, timer7 run success!
rtc clock source is set lsi!
RTC: set wkup 12000
watchdog, iwdg run success!
[32m[I/at.clnt] AT client(V1.3.1) on device usart1 initialize success.[0m
[32m[I/at.dev.ec200x] start init ec200x device.[0m
[33m[W/fs01] The version: V0452R336C01L0[0m
[32m[I/handle_bar] bar_value :2029[0m
Password for login:
[32m[I/pms] pm_svc_init...[0m
[32m[I/jmiot] iot_svc_init...[0m
[32m[I/jmiot] GPRS is not registration (Rx)[0m
[32m[I/voice] voice_svc_init...[0m
[32m[I/ui] ui_app_init...[0m
[32m[I/gkey] gkey_init...[0m
[32m[I/radar] radar_svc_init...[0m
[32m[I/radar] radar_svc_init, aeb feature not enable ![0m
[32m[I/ota] ota_svc_init...[0m
[32m[I/motor] motor_svc_init...[0m
[32m[I/slog] slog_svc_init...[0m
RTC: set alarm - a
[31m[E/at.clnt] wait AT client(usart1) connect timeout(10000 tick).[0m
[32m[I/at.dev.ec200x] ec200x device initialize retry 4...[0m
[31m[E/at.clnt] wait AT client(usart1) connect timeout(10000 tick).[0m
[32m[I/at.dev.ec200x] ec200x device initialize retry 3...[0m
[06:25:19.260342] --->
[32m[I/power_on] power_off_system[0m
[32m[I/power_on] power_off_system[0m
   p8\8|1|| |8888 
[06:25:48.812818] --->
  \ | /
- RT -     Thread Operating System
/ | \     5.1.0 build Mar 20 2026 17:00:39
2006 - 2024 Copyright by RT-Thread team
rtc initialize success.
adc_vol, adc1 run success!
adc_vol, adc2 run success!
adc_vol, bms run success!
[32m[I/sal.skt] Socket Abstraction Layer initialize success.[0m
hwtimer, timer7 run success!
rtc clock source is set lsi!
RTC: set wkup 12000
watchdog, iwdg run success!
[32m[I/at.clnt] AT client(V1.3.1) on device usart1 initialize success.[0m
[32m[I/at.dev.ec200x] start init ec200x device.[0m
[33m[W/fs01] The version: V0452R336C01L0[0m
[32m[I/handle_bar] bar_value :2029[0m
Password for login:
[32m[I/pms] pm_svc_init...[0m
[32m[I/jmiot] iot_svc_init...[0m
[32m[I/jmiot] GPRS is not registration (Rx)[0m
[32m[I/voice] voice_svc_init...[0m
[32m[I/ui] ui_app_init...[0m
[32m[I/gkey] gkey_init...[0m
[32m[I/radar] radar_svc_init...[0m
[32m[I/radar] radar_svc_init, aeb feature not enable ![0m
[32m[I/ota] ota_svc_init...[0m
[32m[I/motor] motor_svc_init...[0m
[32m[I/slog] slog_svc_init...[0m
RTC: set alarm - a
[31m[E/at.clnt] wait AT client(usart1) connect timeout(10000 tick).[0m
[32m[I/at.dev.ec200x] ec200x device initialize retry 4...[0m
[31m[E/at.clnt] wait AT client(usart1) connect timeout(10000 tick).[0m
[32m[I/at.dev.ec200x] ec200x device initialize retry 3...[0m
[06:26:13.866145] --->
[32m[I/power_on] power_off_system[0m
[32m[I/power_on] power_off_system[0m
   \\\ܜ\@ 
[06:26:40.519794] --->
  \ | /
- RT -     Thread Operating System
/ | \     5.1.0 build Mar 20 2026 17:00:39
2006 - 2024 Copyright by RT-Thread team
rtc initialize success.
adc_vol, adc1 run success!
adc_vol, adc2 run success!
adc_vol, bms run success!
[32m[I/sal.skt] Socket Abstraction Layer initialize success.[0m
hwtimer, timer7 run success!
rtc clock source is set lsi!
RTC: set wkup 12000
watchdog, iwdg run success!
[32m[I/at.clnt] AT client(V1.3.1) on device usart1 initialize success.[0m
[32m[I/at.dev.ec200x] start init ec200x device.[0m
[33m[W/fs01] The version: V0452R336C01L0[0m
[32m[I/handle_bar] bar_value :2030[0m
Password for login:
[32m[I/pms] pm_svc_init...[0m
[32m[I/jmiot] iot_svc_init...[0m
[32m[I/jmiot] GPRS is not registration (Rx)[0m
[32m[I/voice] voice_svc_init...[0m
[32m[I/ui] ui_app_init...[0m
[32m[I/gkey] gkey_init...[0m
[32m[I/radar] radar_svc_init...[0m
[32m[I/radar] radar_svc_init, aeb feature not enable ![0m
[32m[I/ota] ota_svc_init...[0m
[32m[I/motor] motor_svc_init...[0m
[32m[I/slog] slog_svc_init...[0m
RTC: set alarm - a
[31m[E/at.clnt] wait AT client(usart1) connect timeout(10000 tick).[0m
[32m[I/at.dev.ec200x] ec200x device initialize retry 4...[0m
[31m[E/at.clnt] wait AT client(usart1) connect timeout(10000 tick).[0m
[32m[I/at.dev.ec200x] ec200x device initialize retry 3...[0m
[06:27:05.574587] --->
[32m[I/power_on] power_off_system[0m
     
[06:27:33.731180] --->
  \ | /
- RT -     Thread Operating System
/ | \     5.1.0 build Mar 20 2026 17:00:39
2006 - 2024 Copyright by RT-Thread team
rtc initialize success.
adc_vol, adc1 run success!
adc_vol, adc2 run success!
adc_vol, bms run success!
[32m[I/sal.skt] Socket Abstraction Layer initialize success.[0m
hwtimer, timer7 run success!
rtc clock source is set lsi!
RTC: set wkup 12000
watchdog, iwdg run success!
[32m[I/at.clnt] AT client(V1.3.1) on device usart1 initialize success.[0m
[32m[I/at.dev.ec200x] start init ec200x device.[0m
[33m[W/fs01] The version: V0452R336C01L0[0m
[32m[I/handle_bar] bar_value :2030[0m
Password for login:
[32m[I/pms] pm_svc_init...[0m
[32m[I/jmiot] iot_svc_init...[0m
[32m[I/jmiot] GPRS is not registration (Rx)[0m
[32m[I/voice] voice_svc_init...[0m
[32m[I/ui] ui_app_init...[0m
[32m[I/gkey] gkey_init...[0m
[32m[I/radar] radar_svc_init...[0m
[32m[I/radar] radar_svc_init, aeb feature not enable ![0m
[32m[I/ota] ota_svc_init...[0m
[32m[I/motor] motor_svc_init...[0m
[32m[I/slog] slog_svc_init...[0m
RTC: set alarm - a
[31m[E/at.clnt] wait AT client(usart1) connect timeout(10000 tick).[0m
[32m[I/at.dev.ec200x] ec200x device initialize retry 4...[0m
[31m[E/at.clnt] wait AT client(usart1) connect timeout(10000 tick).[0m
[32m[I/at.dev.ec200x] ec200x device initialize retry 3...[0m
[06:27:58.784396] --->
[32m[I/power_on] power_off_system[0m
[32m[I/pms] sleep failed, tsk_id: 1[0m
[32m[I/power_on] power_off_system[0m
   ~|<V88|||
[06:28:25.940060] --->
  \ | /
- RT -     Thread Operating System
/ | \     5.1.0 build Mar 20 2026 17:00:39
2006 - 2024 Copyright by RT-Thread team
rtc initialize success.
adc_vol, adc1 run success!
adc_vol, adc2 run success!
adc_vol, bms run success!
[32m[I/sal.skt] Socket Abstraction Layer initialize success.[0m
hwtimer, timer7 run success!
rtc clock source is set lsi!
RTC: set wkup 12000
watchdog, iwdg run success!
[32m[I/at.clnt] AT client(V1.3.1) on device usart1 initialize success.[0m
[32m[I/at.dev.ec200x] start init ec200x device.[0m
[33m[W/fs01] The version: V0452R336C01L0[0m
[32m[I/handle_bar] bar_value :2029[0m
Password for login:
[32m[I/pms] pm_svc_init...[0m
[32m[I/jmiot] iot_svc_init...[0m
[32m[I/jmiot] GPRS is not registration (Rx)[0m
[32m[I/voice] voice_svc_init...[0m
[32m[I/ui] ui_app_init...[0m
[32m[I/gkey] gkey_init...[0m
[32m[I/radar] radar_svc_init...[0m
[32m[I/radar] radar_svc_init, aeb feature not enable ![0m
[32m[I/ota] ota_svc_init...[0m
[32m[I/motor] motor_svc_init...[0m
[32m[I/slog] slog_svc_init...[0m
RTC: set alarm - a
[31m[E/at.clnt] wait AT client(usart1) connect timeout(10000 tick).[0m
[32m[I/at.dev.ec200x] ec200x device initialize retry 4...[0m
[31m[E/at.clnt] wait AT client(usart1) connect timeout(10000 tick).[0m
[32m[I/at.dev.ec200x] ec200x device initialize retry 3...[0m
[06:28:50.992438] --->
[32m[I/power_on] power_off_system[0m
[32m[I/power_on] power_off_system[0m
    88p98    
[06:29:16.549349] --->
  \ | /
- RT -     Thread Operating System
/ | \     5.1.0 build Mar 20 2026 17:00:39
2006 - 2024 Copyright by RT-Thread team
rtc initialize success.
adc_vol, adc1 run success!
adc_vol, adc2 run success!
adc_vol, bms run success!
[32m[I/sal.skt] Socket Abstraction Layer initialize success.[0m
hwtimer, timer7 run success!
rtc clock source is set lsi!
RTC: set wkup 12000
watchdog, iwdg run success!
[32m[I/at.clnt] AT client(V1.3.1) on device usart1 initialize success.[0m
[32m[I/at.dev.ec200x] start init ec200x device.[0m
[33m[W/fs01] The version: V0452R336C01L0[0m
[32m[I/handle_bar] bar_value :2030[0m
Password for login:
[32m[I/pms] pm_svc_init...[0m
[32m[I/jmiot] iot_svc_init...[0m
[32m[I/jmiot] GPRS is not registration (Rx)[0m
[32m[I/voice] voice_svc_init...[0m
[32m[I/ui] ui_app_init...[0m
[32m[I/gkey] gkey_init...[0m
[32m[I/radar] radar_svc_init...[0m
[32m[I/radar] radar_svc_init, aeb feature not enable ![0m
[32m[I/ota] ota_svc_init...[0m
[32m[I/motor] motor_svc_init...[0m
[32m[I/slog] slog_svc_init...[0m
RTC: set alarm - a
[31m[E/at.clnt] wait AT client(usart1) connect timeout(10000 tick).[0m
[32m[I/at.dev.ec200x] ec200x device initialize retry 4...[0m
[31m[E/at.clnt] wait AT client(usart1) connect timeout(10000 tick).[0m
[32m[I/at.dev.ec200x] ec200x device initialize retry 3...[0m
[06:29:41.605121] --->
[32m[I/power_on] power_off_system[0m
[32m[I/power_on] power_off_system[0m
   ~~~  
[06:29:43.065905] --->
  \ | /
- RT -     Thread Operating System
/ | \     5.1.0 build Mar 20 2026 17:00:39
2006 - 2024 Copyright by RT-Thread team
rtc initialize success.
adc_vol, adc1 run success!
adc_vol, adc2 run success!
adc_vol, bms run success!
[32m[I/sal.skt] Socket Abstraction Layer initialize success.[0m
hwtimer, timer7 run success!
rtc clock source is set lsi!
RTC: set wkup 12000
watchdog, iwdg run success!
[32m[I/at.clnt] AT client(V1.3.1) on device usart1 initialize success.[0m
[32m[I/at.dev.ec200x] start init ec200x device.[0m
[33m[W/fs01] The version: V0452R336C01L0[0m
[32m[I/handle_bar] bar_value :2029[0m
Password for login:
[32m[I/pms] pm_svc_init...[0m
[32m[I/jmiot] iot_svc_init...[0m
[32m[I/jmiot] GPRS is not registration (Rx)[0m
[32m[I/voice] voice_svc_init...[0m
[32m[I/ui] ui_app_init...[0m
[32m[I/gkey] gkey_init...[0m
[32m[I/radar] radar_svc_init...[0m
[32m[I/radar] radar_svc_init, aeb feature not enable ![0m
[32m[I/ota] ota_svc_init...[0m
[32m[I/motor] motor_svc_init...[0m
[32m[I/slog] slog_svc_init...[0m
RTC: set alarm - a
[32m[I/voice] voice_msg num: 9[0m
[06:30:08.067347] --->
[31m[E/at.clnt] wait AT client(usart1) connect timeout(10000 tick).[0m
[32m[I/at.dev.ec200x] ec200x device initialize retry 4...[0m
[31m[E/at.clnt] wait AT client(usart1) connect timeout(10000 tick).[0m
[32m[I/at.dev.ec200x] ec200x device initialize retry 3...[0m
[06:30:33.119039] --->
[32m[I/power_on] power_off_system[0m
        
[06:30:34.580402] --->
  \ | /
- RT -     Thread Operating System
/ | \     5.1.0 build Mar 20 2026 17:00:39
2006 - 2024 Copyright by RT-Thread team
rtc initialize success.
adc_vol, adc1 run success!
adc_vol, adc2 run success!
adc_vol, bms run success!
[32m[I/sal.skt] Socket Abstraction Layer initialize success.[0m
hwtimer, timer7 run success!
rtc clock source is set lsi!
RTC: set wkup 12000
watchdog, iwdg run success!
[32m[I/at.clnt] AT client(V1.3.1) on device usart1 initialize success.[0m
[32m[I/at.dev.ec200x] start init ec200x device.[0m
[33m[W/fs01] The version: V0452R336C01L0[0m
[32m[I/handle_bar] bar_value :2029[0m
Password for login:
[32m[I/pms] pm_svc_init...[0m
[32m[I/jmiot] iot_svc_init...[0m
[32m[I/jmiot] GPRS is not registration (Rx)[0m
[32m[I/voice] voice_svc_init...[0m
[32m[I/ui] ui_app_init...[0m
[32m[I/gkey] gkey_init...[0m
[32m[I/radar] radar_svc_init...[0m
[32m[I/radar] radar_svc_init, aeb feature not enable ![0m
[32m[I/ota] ota_svc_init...[0m
[32m[I/motor] motor_svc_init...[0m
[32m[I/slog] slog_svc_init...[0m
RTC: set alarm - a
[32m[I/voice] voice_msg num: 9[0m
[06:30:59.584109] --->
[31m[E/at.clnt] wait AT client(usart1) connect timeout(10000 tick).[0m
[32m[I/at.dev.ec200x] ec200x device initialize retry 4...[0m
[31m[E/at.clnt] wait AT client(usart1) connect timeout(10000 tick).[0m
[32m[I/at.dev.ec200x] ec200x device initialize retry 3...[0m
[06:31:24.639316] --->
[32m[I/power_on] power_off_system[0m
   |||8 ?98  
[06:31:53.793057] --->
  \ | /
- RT -     Thread Operating System
/ | \     5.1.0 build Mar 20 2026 17:00:39
2006 - 2024 Copyright by RT-Thread team
rtc initialize success.
adc_vol, adc1 run success!
adc_vol, adc2 run success!
adc_vol, bms run success!
[32m[I/sal.skt] Socket Abstraction Layer initialize success.[0m
hwtimer, timer7 run success!
rtc clock source is set lsi!
RTC: set wkup 12000
watchdog, iwdg run success!
[32m[I/at.clnt] AT client(V1.3.1) on device usart1 initialize success.[0m
[32m[I/at.dev.ec200x] start init ec200x device.[0m
[33m[W/fs01] The version: V0452R336C01L0[0m
[32m[I/handle_bar] bar_value :2029[0m
Password for login:
[32m[I/pms] pm_svc_init...[0m
[32m[I/jmiot] iot_svc_init...[0m
[32m[I/jmiot] GPRS is not registration (Rx)[0m
[32m[I/voice] voice_svc_init...[0m
[32m[I/ui] ui_app_init...[0m
[32m[I/gkey] gkey_init...[0m
[32m[I/radar] radar_svc_init...[0m
[32m[I/radar] radar_svc_init, aeb feature not enable ![0m
[32m[I/ota] ota_svc_init...[0m
[32m[I/motor] motor_svc_init...[0m
[32m[I/slog] slog_svc_init...[0m
RTC: set alarm - a
[31m[E/at.clnt] wait AT client(usart1) connect timeout(10000 tick).[0m
[32m[I/at.dev.ec200x] ec200x device initialize retry 4...[0m
[31m[E/at.clnt] wait AT client(usart1) connect timeout(10000 tick).[0m
[32m[I/at.dev.ec200x] ec200x device initialize retry 3...[0m
[06:32:18.845322] --->
[32m[I/power_on] power_off_system[0m
[32m[I/power_on] power_off_system[0m
   09p||9r|  
[06:32:23.305857] --->
  \ | /
- RT -     Thread Operating System
/ | \     5.1.0 build Mar 20 2026 17:00:39
2006 - 2024 Copyright by RT-Thread team
rtc initialize success.
adc_vol, adc1 run success!
adc_vol, adc2 run success!
adc_vol, bms run success!
[32m[I/sal.skt] Socket Abstraction Layer initialize success.[0m
hwtimer, timer7 run success!
rtc clock source is set lsi!
RTC: set wkup 12000
watchdog, iwdg run success!
[32m[I/at.clnt] AT client(V1.3.1) on device usart1 initialize success.[0m
[32m[I/at.dev.ec200x] start init ec200x device.[0m
[33m[W/fs01] The version: V0452R336C01L0[0m
[32m[I/handle_bar] bar_value :2030[0m
Password for login:
[32m[I/pms] pm_svc_init...[0m
[32m[I/jmiot] iot_svc_init...[0m
[32m[I/jmiot] GPRS is not registration (Rx)[0m
[32m[I/voice] voice_svc_init...[0m
[32m[I/ui] ui_app_init...[0m
[32m[I/gkey] gkey_init...[0m
[32m[I/radar] radar_svc_init...[0m
[32m[I/radar] radar_svc_init, aeb feature not enable ![0m
[32m[I/ota] ota_svc_init...[0m
[32m[I/motor] motor_svc_init...[0m
[32m[I/slog] slog_svc_init...[0m
RTC: set alarm - a
[32m[I/voice] voice_msg num: 9[0m
[06:32:48.309901] --->
[31m[E/at.clnt] wait AT client(usart1) connect timeout(10000 tick).[0m
[32m[I/at.dev.ec200x] ec200x device initialize retry 4...[0m
[31m[E/at.clnt] wait AT client(usart1) connect timeout(10000 tick).[0m
[32m[I/at.dev.ec200x] ec200x device initialize retry 3...[0m
[06:33:13.365685] --->
[32m[I/power_on] power_off_system[0m
   ]_|\|x||\||\ 
[06:33:14.823665] --->
  \ | /
- RT -     Thread Operating System
/ | \     5.1.0 build Mar 20 2026 17:00:39
2006 - 2024 Copyright by RT-Thread team
rtc initialize success.
adc_vol, adc1 run success!
adc_vol, adc2 run success!
adc_vol, bms run success!
[32m[I/sal.skt] Socket Abstraction Layer initialize success.[0m
hwtimer, timer7 run success!
rtc clock source is set lsi!
RTC: set wkup 12000
watchdog, iwdg run success!
[32m[I/at.clnt] AT client(V1.3.1) on device usart1 initialize success.[0m
[32m[I/at.dev.ec200x] start init ec200x device.[0m
[33m[W/fs01] The version: V0452R336C01L0[0m
[32m[I/handle_bar] bar_value :2030[0m
Password for login:
[32m[I/pms] pm_svc_init...[0m
[32m[I/jmiot] iot_svc_init...[0m
[32m[I/jmiot] GPRS is not registration (Rx)[0m
[32m[I/voice] voice_svc_init...[0m
[32m[I/ui] ui_app_init...[0m
[32m[I/gkey] gkey_init...[0m
[32m[I/radar] radar_svc_init...[0m
[32m[I/radar] radar_svc_init, aeb feature not enable ![0m
[32m[I/ota] ota_svc_init...[0m
[32m[I/motor] motor_svc_init...[0m
[32m[I/slog] slog_svc_init...[0m
RTC: set alarm - a
[32m[I/voice] voice_msg num: 9[0m
[06:33:39.824859] --->
[31m[E/at.clnt] wait AT client(usart1) connect timeout(10000 tick).[0m
[32m[I/at.dev.ec200x] ec200x device initialize retry 4...[0m
[31m[E/at.clnt] wait AT client(usart1) connect timeout(10000 tick).[0m
[32m[I/at.dev.ec200x] ec200x device initialize retry 3...[0m
[06:34:04.877943] --->
[32m[I/power_on] power_off_system[0m
   ~}}}|}\]}] |]]\\|| 
[06:34:34.732752] --->
  \ | /
- RT -     Thread Operating System
/ | \     5.1.0 build Mar 20 2026 17:00:39
2006 - 2024 Copyright by RT-Thread team
rtc initialize success.
adc_vol, adc1 run success!
adc_vol, adc2 run success!
adc_vol, bms run success!
[32m[I/sal.skt] Socket Abstraction Layer initialize success.[0m
hwtimer, timer7 run success!
rtc clock source is set lsi!
RTC: set wkup 12000
watchdog, iwdg run success!
[32m[I/at.clnt] AT client(V1.3.1) on device usart1 initialize success.[0m
[32m[I/at.dev.ec200x] start init ec200x device.[0m
[33m[W/fs01] The version: V0452R336C01L0[0m
[32m[I/handle_bar] bar_value :2029[0m
Password for login:
[32m[I/pms] pm_svc_init...[0m
[32m[I/jmiot] iot_svc_init...[0m
[32m[I/jmiot] GPRS is not registration (Rx)[0m
[32m[I/voice] voice_svc_init...[0m
[32m[I/ui] ui_app_init...[0m
[32m[I/gkey] gkey_init...[0m
[32m[I/radar] radar_svc_init...[0m
[32m[I/radar] radar_svc_init, aeb feature not enable ![0m
[32m[I/ota] ota_svc_init...[0m
[32m[I/motor] motor_svc_init...[0m
[32m[I/slog] slog_svc_init...[0m
RTC: set alarm - a
[31m[E/at.clnt] wait AT client(usart1) connect timeout(10000 tick).[0m
[32m[I/at.dev.ec200x] ec200x device initialize retry 4...[0m
[31m[E/at.clnt] wait AT client(usart1) connect timeout(10000 tick).[0m
[32m[I/at.dev.ec200x] ec200x device initialize retry 3...[0m
[06:34:59.784304] --->
[32m[I/power_on] power_off_system[0m
     
[06:35:29.038084] --->
  \ | /
- RT -     Thread Operating System
/ | \     5.1.0 build Mar 20 2026 17:00:39
2006 - 2024 Copyright by RT-Thread team
rtc initialize success.
adc_vol, adc1 run success!
adc_vol, adc2 run success!
adc_vol, bms run success!
[32m[I/sal.skt] Socket Abstraction Layer initialize success.[0m
hwtimer, timer7 run success!
rtc clock source is set lsi!
RTC: set wkup 12000
watchdog, iwdg run success!
[32m[I/at.clnt] AT client(V1.3.1) on device usart1 initialize success.[0m
[32m[I/at.dev.ec200x] start init ec200x device.[0m
[33m[W/fs01] The version: V0452R336C01L0[0m
[32m[I/handle_bar] bar_value :2029[0m
Password for login:
[32m[I/pms] pm_svc_init...[0m
[32m[I/jmiot] iot_svc_init...[0m
[32m[I/jmiot] GPRS is not registration (Rx)[0m
[32m[I/voice] voice_svc_init...[0m
[32m[I/ui] ui_app_init...[0m
[32m[I/gkey] gkey_init...[0m
[32m[I/radar] radar_svc_init...[0m
[32m[I/radar] radar_svc_init, aeb feature not enable ![0m
[32m[I/ota] ota_svc_init...[0m
[32m[I/motor] motor_svc_init...[0m
[32m[I/slog] slog_svc_init...[0m
RTC: set alarm - a
[31m[E/at.clnt] wait AT client(usart1) connect timeout(10000 tick).[0m
[32m[I/at.dev.ec200x] ec200x device initialize retry 4...[0m
[31m[E/at.clnt] wait AT client(usart1) connect timeout(10000 tick).[0m
[32m[I/at.dev.ec200x] ec200x device initialize retry 3...[0m
[06:35:54.094184] --->
[32m[I/power_on] power_off_system[0m
   }|}\\\|8\|9\88 
[06:36:21.449896] --->
  \ | /
- RT -     Thread Operating System
/ | \     5.1.0 build Mar 20 2026 17:00:39
2006 - 2024 Copyright by RT-Thread team
rtc initialize success.
adc_vol, adc1 run success!
adc_vol, adc2 run success!
adc_vol, bms run success!
[32m[I/sal.skt] Socket Abstraction Layer initialize success.[0m
hwtimer, timer7 run success!
rtc clock source is set lsi!
RTC: set wkup 12000
watchdog, iwdg run success!
[32m[I/at.clnt] AT client(V1.3.1) on device usart1 initialize success.[0m
[32m[I/at.dev.ec200x] start init ec200x device.[0m
[33m[W/fs01] The version: V0452R336C01L0[0m
[32m[I/handle_bar] bar_value :2029[0m
Password for login:
[32m[I/pms] pm_svc_init...[0m
[32m[I/jmiot] iot_svc_init...[0m
[32m[I/jmiot] GPRS is not registration (Rx)[0m
[32m[I/voice] voice_svc_init...[0m
[32m[I/ui] ui_app_init...[0m
[32m[I/gkey] gkey_init...[0m
[32m[I/radar] radar_svc_init...[0m
[32m[I/radar] radar_svc_init, aeb feature not enable ![0m
[32m[I/ota] ota_svc_init...[0m
[32m[I/motor] motor_svc_init...[0m
[32m[I/slog] slog_svc_init...[0m
RTC: set alarm - a
[31m[E/at.clnt] wait AT client(usart1) connect timeout(10000 tick).[0m
[32m[I/at.dev.ec200x] ec200x device initialize retry 4...[0m
[31m[E/at.clnt] wait AT client(usart1) connect timeout(10000 tick).[0m
[32m[I/at.dev.ec200x] ec200x device initialize retry 3...[0m
[06:36:46.508465] --->
[32m[I/power_on] power_off_system[0m
[32m[I/power_on] power_off_system[0m
   \\\|||}||} 
[06:37:12.662440] --->
  \ | /
- RT -     Thread Operating System
/ | \     5.1.0 build Mar 20 2026 17:00:39
2006 - 2024 Copyright by RT-Thread team
rtc initialize success.
adc_vol, adc1 run success!
adc_vol, adc2 run success!
adc_vol, bms run success!
[32m[I/sal.skt] Socket Abstraction Layer initialize success.[0m
hwtimer, timer7 run success!
rtc clock source is set lsi!
RTC: set wkup 12000
watchdog, iwdg run success!
[32m[I/at.clnt] AT client(V1.3.1) on device usart1 initialize success.[0m
[32m[I/at.dev.ec200x] start init ec200x device.[0m
[33m[W/fs01] The version: V0452R336C01L0[0m
[32m[I/handle_bar] bar_value :2030[0m
Password for login:
[32m[I/pms] pm_svc_init...[0m
[32m[I/jmiot] iot_svc_init...[0m
[32m[I/jmiot] GPRS is not registration (Rx)[0m
[32m[I/voice] voice_svc_init...[0m
[32m[I/ui] ui_app_init...[0m
[32m[I/gkey] gkey_init...[0m
[32m[I/radar] radar_svc_init...[0m
[32m[I/radar] radar_svc_init, aeb feature not enable ![0m
[32m[I/ota] ota_svc_init...[0m
[32m[I/motor] motor_svc_init...[0m
[32m[I/slog] slog_svc_init...[0m
RTC: set alarm - a
[31m[E/at.clnt] wait AT client(usart1) connect timeout(10000 tick).[0m
[32m[I/at.dev.ec200x] ec200x device initialize retry 4...[0m
[31m[E/at.clnt] wait AT client(usart1) connect timeout(10000 tick).[0m
[32m[I/at.dev.ec200x] ec200x device initialize retry 3...[0m
[06:37:37.716052] --->
[32m[I/power_on] power_off_system[0m
[32m[I/power_on] power_off_system[0m
   |_||_ |}\| 
[06:38:04.372245] --->
  \ | /
- RT -     Thread Operating System
/ | \     5.1.0 build Mar 20 2026 17:00:39
2006 - 2024 Copyright by RT-Thread team
rtc initialize success.
adc_vol, adc1 run success!
adc_vol, adc2 run success!
adc_vol, bms run success!
[32m[I/sal.skt] Socket Abstraction Layer initialize success.[0m
hwtimer, timer7 run success!
rtc clock source is set lsi!
RTC: set wkup 12000
watchdog, iwdg run success!
[32m[I/at.clnt] AT client(V1.3.1) on device usart1 initialize success.[0m
[32m[I/at.dev.ec200x] start init ec200x device.[0m
[33m[W/fs01] The version: V0452R336C01L0[0m
[32m[I/handle_bar] bar_value :2029[0m
Password for login:
[32m[I/pms] pm_svc_init...[0m
[32m[I/jmiot] iot_svc_init...[0m
[32m[I/jmiot] GPRS is not registration (Rx)[0m
[32m[I/voice] voice_svc_init...[0m
[32m[I/ui] ui_app_init...[0m
[32m[I/gkey] gkey_init...[0m
[32m[I/radar] radar_svc_init...[0m
[32m[I/radar] radar_svc_init, aeb feature not enable ![0m
[32m[I/ota] ota_svc_init...[0m
[32m[I/motor] motor_svc_init...[0m
[32m[I/slog] slog_svc_init...[0m
RTC: set alarm - a
[31m[E/at.clnt] wait AT client(usart1) connect timeout(10000 tick).[0m
[32m[I/at.dev.ec200x] ec200x device initialize retry 4...[0m
[31m[E/at.clnt] wait AT client(usart1) connect timeout(10000 tick).[0m
[32m[I/at.dev.ec200x] ec200x device initialize retry 3...[0m
[06:38:29.428559] --->
[32m[I/power_on] power_off_system[0m
     
[06:38:42.885292] --->
  \ | /
- RT -     Thread Operating System
/ | \     5.1.0 build Mar 20 2026 17:00:39
2006 - 2024 Copyright by RT-Thread team
rtc initialize success.
adc_vol, adc1 run success!
adc_vol, adc2 run success!
adc_vol, bms run success!
[32m[I/sal.skt] Socket Abstraction Layer initialize success.[0m
hwtimer, timer7 run success!
rtc clock source is set lsi!
RTC: set wkup 12000
watchdog, iwdg run success!
[32m[I/at.clnt] AT client(V1.3.1) on device usart1 initialize success.[0m
[32m[I/at.dev.ec200x] start init ec200x device.[0m
[33m[W/fs01] The version: V0452R336C01L0[0m
[32m[I/handle_bar] bar_value :2029[0m
Password for login:
[32m[I/pms] pm_svc_init...[0m
[32m[I/jmiot] iot_svc_init...[0m
[32m[I/jmiot] GPRS is not registration (Rx)[0m
[32m[I/voice] voice_svc_init...[0m
[32m[I/ui] ui_app_init...[0m
[32m[I/gkey] gkey_init...[0m
[32m[I/radar] radar_svc_init...[0m
[32m[I/radar] radar_svc_init, aeb feature not enable ![0m
[32m[I/ota] ota_svc_init...[0m
[32m[I/motor] motor_svc_init...[0m
[32m[I/slog] slog_svc_init...[0m
RTC: set alarm - a
[31m[E/at.clnt] wait AT client(usart1) connect timeout(10000 tick).[0m
[32m[I/at.dev.ec200x] ec200x device initialize retry 4...[0m
[32m[I/voice] voice_msg num: 9[0m
[06:39:07.890971] --->
[31m[E/at.clnt] wait AT client(usart1) connect timeout(10000 tick).[0m
[32m[I/at.dev.ec200x] ec200x device initialize retry 3...[0m
[31m[E/at.clnt] wait AT client(usart1) connect timeout(10000 tick).[0m
[32m[I/at.dev.ec200x] ec200x device initialize retry 2...[0m
[06:39:32.946538] --->
[32m[I/power_on] power_off_system[0m
   |}|\|\| 
[06:40:00.699663] --->
  \ | /
- RT -     Thread Operating System
/ | \     5.1.0 build Mar 20 2026 17:00:39
2006 - 2024 Copyright by RT-Thread team
rtc initialize success.
adc_vol, adc1 run success!
adc_vol, adc2 run success!
adc_vol, bms run success!
[32m[I/sal.skt] Socket Abstraction Layer initialize success.[0m
hwtimer, timer7 run success!
rtc clock source is set lsi!
RTC: set wkup 12000
watchdog, iwdg run success!
[32m[I/at.clnt] AT client(V1.3.1) on device usart1 initialize success.[0m
[32m[I/at.dev.ec200x] start init ec200x device.[0m
[33m[W/fs01] The version: V0452R336C01L0[0m
[32m[I/handle_bar] bar_value :2029[0m
Password for login:
[32m[I/pms] pm_svc_init...[0m
[32m[I/jmiot] iot_svc_init...[0m
[32m[I/jmiot] GPRS is not registration (Rx)[0m
[32m[I/voice] voice_svc_init...[0m
[32m[I/ui] ui_app_init...[0m
[32m[I/gkey] gkey_init...[0m
[32m[I/radar] radar_svc_init...[0m
[32m[I/radar] radar_svc_init, aeb feature not enable ![0m
[32m[I/ota] ota_svc_init...[0m
[32m[I/motor] motor_svc_init...[0m
[32m[I/slog] slog_svc_init...[0m
RTC: set alarm - a
[31m[E/at.clnt] wait AT client(usart1) connect timeout(10000 tick).[0m
[32m[I/at.dev.ec200x] ec200x device initialize retry 4...[0m
[31m[E/at.clnt] wait AT client(usart1) connect timeout(10000 tick).[0m
[32m[I/at.dev.ec200x] ec200x device initialize retry 3...[0m
[06:40:25.754984] --->
[32m[I/power_on] power_off_system[0m
[32m[I/power_on] power_off_system[0m
   |<|||}\8| 
[06:40:52.611621] --->
  \ | /
- RT -     Thread Operating System
/ | \     5.1.0 build Mar 20 2026 17:00:39
2006 - 2024 Copyright by RT-Thread team
rtc initialize success.
adc_vol, adc1 run success!
adc_vol, adc2 run success!
adc_vol, bms run success!
[32m[I/sal.skt] Socket Abstraction Layer initialize success.[0m
hwtimer, timer7 run success!
rtc clock source is set lsi!
RTC: set wkup 12000
watchdog, iwdg run success!
[32m[I/at.clnt] AT client(V1.3.1) on device usart1 initialize success.[0m
[32m[I/at.dev.ec200x] start init ec200x device.[0m
[33m[W/fs01] The version: V0452R336C01L0[0m
[32m[I/handle_bar] bar_value :2029[0m
Password for login:
[32m[I/pms] pm_svc_init...[0m
[32m[I/jmiot] iot_svc_init...[0m
[32m[I/jmiot] GPRS is not registration (Rx)[0m
[32m[I/voice] voice_svc_init...[0m
[32m[I/ui] ui_app_init...[0m
[32m[I/gkey] gkey_init...[0m
[32m[I/radar] radar_svc_init...[0m
[32m[I/radar] radar_svc_init, aeb feature not enable ![0m
[32m[I/ota] ota_svc_init...[0m
[32m[I/motor] motor_svc_init...[0m
[32m[I/slog] slog_svc_init...[0m
RTC: set alarm - a
[31m[E/at.clnt] wait AT client(usart1) connect timeout(10000 tick).[0m
[32m[I/at.dev.ec200x] ec200x device initialize retry 4...[0m
[31m[E/at.clnt] wait AT client(usart1) connect timeout(10000 tick).[0m
[32m[I/at.dev.ec200x] ec200x device initialize retry 3...[0m
[06:41:17.667672] --->
[32m[I/power_on] power_off_system[0m
   }}  
[06:41:45.323407] --->
  \ | /
- RT -     Thread Operating System
/ | \     5.1.0 build Mar 20 2026 17:00:39
2006 - 2024 Copyright by RT-Thread team
rtc initialize success.
adc_vol, adc1 run success!
adc_vol, adc2 run success!
adc_vol, bms run success!
[32m[I/sal.skt] Socket Abstraction Layer initialize success.[0m
hwtimer, timer7 run success!
rtc clock source is set lsi!
RTC: set wkup 12000
watchdog, iwdg run success!
[32m[I/at.clnt] AT client(V1.3.1) on device usart1 initialize success.[0m
[32m[I/at.dev.ec200x] start init ec200x device.[0m
[33m[W/fs01] The version: V0452R336C01L0[0m
[32m[I/handle_bar] bar_value :2030[0m
Password for login:
[32m[I/pms] pm_svc_init...[0m
[32m[I/jmiot] iot_svc_init...[0m
[32m[I/jmiot] GPRS is not registration (Rx)[0m
[32m[I/voice] voice_svc_init...[0m
[32m[I/ui] ui_app_init...[0m
[32m[I/gkey] gkey_init...[0m
[32m[I/radar] radar_svc_init...[0m
[32m[I/radar] radar_svc_init, aeb feature not enable ![0m
[32m[I/ota] ota_svc_init...[0m
[32m[I/motor] motor_svc_init...[0m
[32m[I/slog] slog_svc_init...[0m
RTC: set alarm - a
[31m[E/at.clnt] wait AT client(usart1) connect timeout(10000 tick).[0m
[32m[I/at.dev.ec200x] ec200x device initialize retry 4...[0m
[31m[E/at.clnt] wait AT client(usart1) connect timeout(10000 tick).[0m
[32m[I/at.dev.ec200x] ec200x device initialize retry 3...[0m
[06:42:10.379266] --->
[32m[I/power_on] power_off_system[0m
   |\8 
[06:42:37.632960] --->
  \ | /
- RT -     Thread Operating System
/ | \     5.1.0 build Mar 20 2026 17:00:39
2006 - 2024 Copyright by RT-Thread team
rtc initialize success.
adc_vol, adc1 run success!
adc_vol, adc2 run success!
adc_vol, bms run success!
[32m[I/sal.skt] Socket Abstraction Layer initialize success.[0m
hwtimer, timer7 run success!
rtc clock source is set lsi!
RTC: set wkup 12000
watchdog, iwdg run success!
[32m[I/at.clnt] AT client(V1.3.1) on device usart1 initialize success.[0m
[32m[I/at.dev.ec200x] start init ec200x device.[0m
[33m[W/fs01] The version: V0452R336C01L0[0m
[32m[I/handle_bar] bar_value :2030[0m
Password for login:
[32m[I/pms] pm_svc_init...[0m
[32m[I/jmiot] iot_svc_init...[0m
[32m[I/jmiot] GPRS is not registration (Rx)[0m
[32m[I/voice] voice_svc_init...[0m
[32m[I/ui] ui_app_init...[0m
[32m[I/gkey] gkey_init...[0m
[32m[I/radar] radar_svc_init...[0m
[32m[I/radar] radar_svc_init, aeb feature not enable ![0m
[32m[I/ota] ota_svc_init...[0m
[32m[I/motor] motor_svc_init...[0m
[32m[I/slog] slog_svc_init...[0m
RTC: set alarm - a
[31m[E/at.clnt] wait AT client(usart1) connect timeout(10000 tick).[0m
[32m[I/at.dev.ec200x] ec200x device initialize retry 4...[0m
[31m[E/at.clnt] wait AT client(usart1) connect timeout(10000 tick).[0m
[32m[I/at.dev.ec200x] ec200x device initialize retry 3...[0m
[06:43:02.686142] --->
[32m[I/power_on] power_off_system[0m
   ^}}}}||} \}]|}_ 
[06:43:30.144289] --->
  \ | /
- RT -     Thread Operating System
/ | \     5.1.0 build Mar 20 2026 17:00:39
2006 - 2024 Copyright by RT-Thread team
rtc initialize success.
adc_vol, adc1 run success!
adc_vol, adc2 run success!
adc_vol, bms run success!
[32m[I/sal.skt] Socket Abstraction Layer initialize success.[0m
hwtimer, timer7 run success!
rtc clock source is set lsi!
RTC: set wkup 12000
watchdog, iwdg run success!
[32m[I/at.clnt] AT client(V1.3.1) on device usart1 initialize success.[0m
[32m[I/at.dev.ec200x] start init ec200x device.[0m
[33m[W/fs01] The version: V0452R336C01L0[0m
[32m[I/handle_bar] bar_value :2029[0m
Password for login:
[32m[I/pms] pm_svc_init...[0m
[32m[I/jmiot] iot_svc_init...[0m
[32m[I/jmiot] GPRS is not registration (Rx)[0m
[32m[I/voice] voice_svc_init...[0m
[32m[I/ui] ui_app_init...[0m
[32m[I/gkey] gkey_init...[0m
[32m[I/radar] radar_svc_init...[0m
[32m[I/radar] radar_svc_init, aeb feature not enable ![0m
[32m[I/ota] ota_svc_init...[0m
[32m[I/motor] motor_svc_init...[0m
[32m[I/slog] slog_svc_init...[0m
RTC: set alarm - a
[31m[E/at.clnt] wait AT client(usart1) connect timeout(10000 tick).[0m
[32m[I/at.dev.ec200x] ec200x device initialize retry 4...[0m
[31m[E/at.clnt] wait AT client(usart1) connect timeout(10000 tick).[0m
[32m[I/at.dev.ec200x] ec200x device initialize retry 3...[0m
[06:43:55.195952] --->
[32m[I/power_on] power_off_system[0m
   }~}| u}} 
[06:44:22.450860] --->
  \ | /
- RT -     Thread Operating System
/ | \     5.1.0 build Mar 20 2026 17:00:39
2006 - 2024 Copyright by RT-Thread team
rtc initialize success.
adc_vol, adc1 run success!
adc_vol, adc2 run success!
adc_vol, bms run success!
[32m[I/sal.skt] Socket Abstraction Layer initialize success.[0m
hwtimer, timer7 run success!
rtc clock source is set lsi!
RTC: set wkup 12000
watchdog, iwdg run success!
[32m[I/at.clnt] AT client(V1.3.1) on device usart1 initialize success.[0m
[32m[I/at.dev.ec200x] start init ec200x device.[0m
[33m[W/fs01] The version: V0452R336C01L0[0m
[32m[I/handle_bar] bar_value :2030[0m
Password for login:
[32m[I/pms] pm_svc_init...[0m
[32m[I/jmiot] iot_svc_init...[0m
[32m[I/jmiot] GPRS is not registration (Rx)[0m
[32m[I/voice] voice_svc_init...[0m
[32m[I/ui] ui_app_init...[0m
[32m[I/gkey] gkey_init...[0m
[32m[I/radar] radar_svc_init...[0m
[32m[I/radar] radar_svc_init, aeb feature not enable ![0m
[32m[I/ota] ota_svc_init...[0m
[32m[I/motor] motor_svc_init...[0m
[32m[I/slog] slog_svc_init...[0m
RTC: set alarm - a
[31m[E/at.clnt] wait AT client(usart1) connect timeout(10000 tick).[0m
[32m[I/at.dev.ec200x] ec200x device initialize retry 4...[0m
[31m[E/at.clnt] wait AT client(usart1) connect timeout(10000 tick).[0m
[32m[I/at.dev.ec200x] ec200x device initialize retry 3...[0m
[06:44:47.506017] --->
[32m[I/power_on] power_off_system[0m
   |}|\]_\|| 
[06:45:16.658837] --->
  \ | /
- RT -     Thread Operating System
/ | \     5.1.0 build Mar 20 2026 17:00:39
2006 - 2024 Copyright by RT-Thread team
rtc initialize success.
adc_vol, adc1 run success!
adc_vol, adc2 run success!
adc_vol, bms run success!
[32m[I/sal.skt] Socket Abstraction Layer initialize success.[0m
hwtimer, timer7 run success!
rtc clock source is set lsi!
RTC: set wkup 12000
watchdog, iwdg run success!
[32m[I/at.clnt] AT client(V1.3.1) on device usart1 initialize success.[0m
[32m[I/at.dev.ec200x] start init ec200x device.[0m
[33m[W/fs01] The version: V0452R336C01L0[0m
[32m[I/handle_bar] bar_value :2029[0m
Password for login:
[32m[I/pms] pm_svc_init...[0m
[32m[I/jmiot] iot_svc_init...[0m
[32m[I/jmiot] GPRS is not registration (Rx)[0m
[32m[I/voice] voice_svc_init...[0m
[32m[I/ui] ui_app_init...[0m
[32m[I/gkey] gkey_init...[0m
[32m[I/radar] radar_svc_init...[0m
[32m[I/radar] radar_svc_init, aeb feature not enable ![0m
[32m[I/ota] ota_svc_init...[0m
[32m[I/motor] motor_svc_init...[0m
[32m[I/slog] slog_svc_init...[0m
RTC: set alarm - a
[31m[E/at.clnt] wait AT client(usart1) connect timeout(10000 tick).[0m
[32m[I/at.dev.ec200x] ec200x device initialize retry 4...[0m
[31m[E/at.clnt] wait AT client(usart1) connect timeout(10000 tick).[0m
[32m[I/at.dev.ec200x] ec200x device initialize retry 3...[0m
[06:45:41.714250] --->
[32m[I/power_on] power_off_system[0m
[32m[I/power_on] power_off_system[0m
   }}} | 
[06:46:08.566957] --->
  \ | /
- RT -     Thread Operating System
/ | \     5.1.0 build Mar 20 2026 17:00:39
2006 - 2024 Copyright by RT-Thread team
rtc initialize success.
adc_vol, adc1 run success!
adc_vol, adc2 run success!
adc_vol, bms run success!
[32m[I/sal.skt] Socket Abstraction Layer initialize success.[0m
hwtimer, timer7 run success!
rtc clock source is set lsi!
RTC: set wkup 12000
watchdog, iwdg run success!
[32m[I/at.clnt] AT client(V1.3.1) on device usart1 initialize success.[0m
[32m[I/at.dev.ec200x] start init ec200x device.[0m
[33m[W/fs01] The version: V0452R336C01L0[0m
[32m[I/handle_bar] bar_value :2030[0m
Password for login:
[32m[I/pms] pm_svc_init...[0m
[32m[I/jmiot] iot_svc_init...[0m
[32m[I/jmiot] GPRS is not registration (Rx)[0m
[32m[I/voice] voice_svc_init...[0m
[32m[I/ui] ui_app_init...[0m
[32m[I/gkey] gkey_init...[0m
[32m[I/radar] radar_svc_init...[0m
[32m[I/radar] radar_svc_init, aeb feature not enable ![0m
[32m[I/ota] ota_svc_init...[0m
[32m[I/motor] motor_svc_init...[0m
[32m[I/slog] slog_svc_init...[0m
RTC: set alarm - a
[31m[E/at.clnt] wait AT client(usart1) connect timeout(10000 tick).[0m
[32m[I/at.dev.ec200x] ec200x device initialize retry 4...[0m
[31m[E/at.clnt] wait AT client(usart1) connect timeout(10000 tick).[0m
[32m[I/at.dev.ec200x] ec200x device initialize retry 3...[0m
[06:46:33.619280] --->
[32m[I/power_on] power_off_system[0m
   }} | 
[06:46:59.675482] --->
  \ | /
- RT -     Thread Operating System
/ | \     5.1.0 build Mar 20 2026 17:00:39
2006 - 2024 Copyright by RT-Thread team
rtc initialize success.
adc_vol, adc1 run success!
adc_vol, adc2 run success!
adc_vol, bms run success!
[32m[I/sal.skt] Socket Abstraction Layer initialize success.[0m
hwtimer, timer7 run success!
rtc clock source is set lsi!
RTC: set wkup 12000
watchdog, iwdg run success!
[32m[I/at.clnt] AT client(V1.3.1) on device usart1 initialize success.[0m
[32m[I/at.dev.ec200x] start init ec200x device.[0m
[33m[W/fs01] The version: V0452R336C01L0[0m
[32m[I/handle_bar] bar_value :2030[0m
Password for login:
[32m[I/pms] pm_svc_init...[0m
[32m[I/jmiot] iot_svc_init...[0m
[32m[I/jmiot] GPRS is not registration (Rx)[0m
[32m[I/voice] voice_svc_init...[0m
[32m[I/ui] ui_app_init...[0m
[32m[I/gkey] gkey_init...[0m
[32m[I/radar] radar_svc_init...[0m
[32m[I/radar] radar_svc_init, aeb feature not enable ![0m
[32m[I/ota] ota_svc_init...[0m
[32m[I/motor] motor_svc_init...[0m
[32m[I/slog] slog_svc_init...[0m
RTC: set alarm - a
[31m[E/at.clnt] wait AT client(usart1) connect timeout(10000 tick).[0m
[32m[I/at.dev.ec200x] ec200x device initialize retry 4...[0m
[31m[E/at.clnt] wait AT client(usart1) connect timeout(10000 tick).[0m
[32m[I/at.dev.ec200x] ec200x device initialize retry 3...[0m
[06:47:24.728892] --->
[32m[I/power_on] power_off_system[0m
   ||  | |   8
[06:47:52.485168] --->
  \ | /
- RT -     Thread Operating System
/ | \     5.1.0 build Mar 20 2026 17:00:39
2006 - 2024 Copyright by RT-Thread team
rtc initialize success.
adc_vol, adc1 run success!
adc_vol, adc2 run success!
adc_vol, bms run success!
[32m[I/sal.skt] Socket Abstraction Layer initialize success.[0m
hwtimer, timer7 run success!
rtc clock source is set lsi!
RTC: set wkup 12000
watchdog, iwdg run success!
[32m[I/at.clnt] AT client(V1.3.1) on device usart1 initialize success.[0m
[32m[I/at.dev.ec200x] start init ec200x device.[0m
[33m[W/fs01] The version: V0452R336C01L0[0m
[32m[I/handle_bar] bar_value :2029[0m
Password for login:
[32m[I/pms] pm_svc_init...[0m
[32m[I/jmiot] iot_svc_init...[0m
[32m[I/jmiot] GPRS is not registration (Rx)[0m
[32m[I/voice] voice_svc_init...[0m
[32m[I/ui] ui_app_init...[0m
[32m[I/gkey] gkey_init...[0m
[32m[I/radar] radar_svc_init...[0m
[32m[I/radar] radar_svc_init, aeb feature not enable ![0m
[32m[I/ota] ota_svc_init...[0m
[32m[I/motor] motor_svc_init...[0m
[32m[I/slog] slog_svc_init...[0m
RTC: set alarm - a
[31m[E/at.clnt] wait AT client(usart1) connect timeout(10000 tick).[0m
[32m[I/at.dev.ec200x] ec200x device initialize retry 4...[0m
[31m[E/at.clnt] wait AT client(usart1) connect timeout(10000 tick).[0m
[32m[I/at.dev.ec200x] ec200x device initialize retry 3...[0m
[06:48:17.539039] --->
[32m[I/power_on] power_off_system[0m
[32m[I/power_on] power_off_system[0m
   }   
[06:48:44.093726] --->
  \ | /
- RT -     Thread Operating System
/ | \     5.1.0 build Mar 20 2026 17:00:39
2006 - 2024 Copyright by RT-Thread team
rtc initialize success.
adc_vol, adc1 run success!
adc_vol, adc2 run success!
adc_vol, bms run success!
[32m[I/sal.skt] Socket Abstraction Layer initialize success.[0m
hwtimer, timer7 run success!
rtc clock source is set lsi!
RTC: set wkup 12000
watchdog, iwdg run success!
[32m[I/at.clnt] AT client(V1.3.1) on device usart1 initialize success.[0m
[32m[I/at.dev.ec200x] start init ec200x device.[0m
[33m[W/fs01] The version: V0452R336C01L0[0m
[32m[I/handle_bar] bar_value :2029[0m
Password for login:
[32m[I/pms] pm_svc_init...[0m
[32m[I/jmiot] iot_svc_init...[0m
[32m[I/jmiot] GPRS is not registration (Rx)[0m
[32m[I/voice] voice_svc_init...[0m
[32m[I/ui] ui_app_init...[0m
[32m[I/gkey] gkey_init...[0m
[32m[I/radar] radar_svc_init...[0m
[32m[I/radar] radar_svc_init, aeb feature not enable ![0m
[32m[I/ota] ota_svc_init...[0m
[32m[I/motor] motor_svc_init...[0m
[32m[I/slog] slog_svc_init...[0m
RTC: set alarm - a
[31m[E/at.clnt] wait AT client(usart1) connect timeout(10000 tick).[0m
[32m[I/at.dev.ec200x] ec200x device initialize retry 4...[0m
[31m[E/at.clnt] wait AT client(usart1) connect timeout(10000 tick).[0m
[32m[I/at.dev.ec200x] ec200x device initialize retry 3...[0m
[06:49:09.145053] --->
[32m[I/power_on] power_off_system[0m
[32m[I/power_on] power_off_system[0m
   _|}]\~|}} 
[06:49:38.597563] --->
  \ | /
- RT -     Thread Operating System
/ | \     5.1.0 build Mar 20 2026 17:00:39
2006 - 2024 Copyright by RT-Thread team
rtc initialize success.
adc_vol, adc1 run success!
adc_vol, adc2 run success!
adc_vol, bms run success!
[32m[I/sal.skt] Socket Abstraction Layer initialize success.[0m
hwtimer, timer7 run success!
rtc clock source is set lsi!
RTC: set wkup 12000
watchdog, iwdg run success!
[32m[I/at.clnt] AT client(V1.3.1) on device usart1 initialize success.[0m
[32m[I/at.dev.ec200x] start init ec200x device.[0m
[33m[W/fs01] The version: V0452R336C01L0[0m
[32m[I/handle_bar] bar_value :2029[0m
Password for login:
[32m[I/pms] pm_svc_init...[0m
[32m[I/jmiot] iot_svc_init...[0m
[32m[I/jmiot] GPRS is not registration (Rx)[0m
[32m[I/voice] voice_svc_init...[0m
[32m[I/ui] ui_app_init...[0m
[32m[I/gkey] gkey_init...[0m
[32m[I/radar] radar_svc_init...[0m
[32m[I/radar] radar_svc_init, aeb feature not enable ![0m
[32m[I/ota] ota_svc_init...[0m
[32m[I/motor] motor_svc_init...[0m
[32m[I/slog] slog_svc_init...[0m
RTC: set alarm - a
[31m[E/at.clnt] wait AT client(usart1) connect timeout(10000 tick).[0m
[32m[I/at.dev.ec200x] ec200x device initialize retry 4...[0m
[31m[E/at.clnt] wait AT client(usart1) connect timeout(10000 tick).[0m
[32m[I/at.dev.ec200x] ec200x device initialize retry 3...[0m
[06:50:03.652709] --->
[32m[I/power_on] power_off_system[0m
   ]_M|||\|]t 
[06:50:32.211455] --->
  \ | /
- RT -     Thread Operating System
/ | \     5.1.0 build Mar 20 2026 17:00:39
2006 - 2024 Copyright by RT-Thread team
rtc initialize success.
adc_vol, adc1 run success!
adc_vol, adc2 run success!
adc_vol, bms run success!
[32m[I/sal.skt] Socket Abstraction Layer initialize success.[0m
hwtimer, timer7 run success!
rtc clock source is set lsi!
RTC: set wkup 12000
watchdog, iwdg run success!
[32m[I/at.clnt] AT client(V1.3.1) on device usart1 initialize success.[0m
[32m[I/at.dev.ec200x] start init ec200x device.[0m
[33m[W/fs01] The version: V0452R336C01L0[0m
[32m[I/handle_bar] bar_value :2030[0m
Password for login:
[32m[I/pms] pm_svc_init...[0m
[32m[I/jmiot] iot_svc_init...[0m
[32m[I/jmiot] GPRS is not registration (Rx)[0m
[32m[I/voice] voice_svc_init...[0m
[32m[I/ui] ui_app_init...[0m
[32m[I/gkey] gkey_init...[0m
[32m[I/radar] radar_svc_init...[0m
[32m[I/radar] radar_svc_init, aeb feature not enable ![0m
[32m[I/ota] ota_svc_init...[0m
[32m[I/motor] motor_svc_init...[0m
[32m[I/slog] slog_svc_init...[0m
RTC: set alarm - a
[31m[E/at.clnt] wait AT client(usart1) connect timeout(10000 tick).[0m
[32m[I/at.dev.ec200x] ec200x device initialize retry 4...[0m
[31m[E/at.clnt] wait AT client(usart1) connect timeout(10000 tick).[0m
[32m[I/at.dev.ec200x] ec200x device initialize retry 3...[0m
[06:50:57.265741] --->
[32m[I/power_on] power_off_system[0m
[32m[I/power_on] power_off_system[0m
   \|\^_||\| ||||\<~|| 
[06:51:25.117883] --->
  \ | /
- RT -     Thread Operating System
/ | \     5.1.0 build Mar 20 2026 17:00:39
2006 - 2024 Copyright by RT-Thread team
rtc initialize success.
adc_vol, adc1 run success!
adc_vol, adc2 run success!
adc_vol, bms run success!
[32m[I/sal.skt] Socket Abstraction Layer initialize success.[0m
hwtimer, timer7 run success!
rtc clock source is set lsi!
RTC: set wkup 12000
watchdog, iwdg run success!
[32m[I/at.clnt] AT client(V1.3.1) on device usart1 initialize success.[0m
[32m[I/at.dev.ec200x] start init ec200x device.[0m
[33m[W/fs01] The version: V0452R336C01L0[0m
[32m[I/handle_bar] bar_value :2029[0m
Password for login:
[32m[I/pms] pm_svc_init...[0m
[32m[I/jmiot] iot_svc_init...[0m
[32m[I/jmiot] GPRS is not registration (Rx)[0m
[32m[I/voice] voice_svc_init...[0m
[32m[I/ui] ui_app_init...[0m
[32m[I/gkey] gkey_init...[0m
[32m[I/radar] radar_svc_init...[0m
[32m[I/radar] radar_svc_init, aeb feature not enable ![0m
[32m[I/ota] ota_svc_init...[0m
[32m[I/motor] motor_svc_init...[0m
[32m[I/slog] slog_svc_init...[0m
RTC: set alarm - a
[31m[E/at.clnt] wait AT client(usart1) connect timeout(10000 tick).[0m
[32m[I/at.dev.ec200x] ec200x device initialize retry 4...[0m
[31m[E/at.clnt] wait AT client(usart1) connect timeout(10000 tick).[0m
[32m[I/at.dev.ec200x] ec200x device initialize retry 3...[0m
[06:51:50.172696] --->
[32m[I/power_on] power_off_system[0m
   \~}]ߞ}\}}||||}\ 
[06:52:16.929076] --->
  \ | /
- RT -     Thread Operating System
/ | \     5.1.0 build Mar 20 2026 17:00:39
2006 - 2024 Copyright by RT-Thread team
rtc initialize success.
adc_vol, adc1 run success!
adc_vol, adc2 run success!
adc_vol, bms run success!
[32m[I/sal.skt] Socket Abstraction Layer initialize success.[0m
hwtimer, timer7 run success!
rtc clock source is set lsi!
RTC: set wkup 12000
watchdog, iwdg run success!
[32m[I/at.clnt] AT client(V1.3.1) on device usart1 initialize success.[0m
[32m[I/at.dev.ec200x] start init ec200x device.[0m
[33m[W/fs01] The version: V0452R336C01L0[0m
[32m[I/handle_bar] bar_value :2029[0m
Password for login:
[32m[I/pms] pm_svc_init...[0m
[32m[I/jmiot] iot_svc_init...[0m
[32m[I/jmiot] GPRS is not registration (Rx)[0m
[32m[I/voice] voice_svc_init...[0m
[32m[I/ui] ui_app_init...[0m
[32m[I/gkey] gkey_init...[0m
[32m[I/radar] radar_svc_init...[0m
[32m[I/radar] radar_svc_init, aeb feature not enable ![0m
[32m[I/ota] ota_svc_init...[0m
[32m[I/motor] motor_svc_init...[0m
[32m[I/slog] slog_svc_init...[0m
RTC: set alarm - a
[31m[E/at.clnt] wait AT client(usart1) connect timeout(10000 tick).[0m
[32m[I/at.dev.ec200x] ec200x device initialize retry 4...[0m
[31m[E/at.clnt] wait AT client(usart1) connect timeout(10000 tick).[0m
[32m[I/at.dev.ec200x] ec200x device initialize retry 3...[0m
[06:52:41.985981] --->
[32m[I/power_on] power_off_system[0m
[32m[I/power_on] power_off_system[0m
   }~|}|v||<|}|988(8||  
[06:52:43.442566] --->
  \ | /
- RT -     Thread Operating System
/ | \     5.1.0 build Mar 20 2026 17:00:39
2006 - 2024 Copyright by RT-Thread team
rtc initialize success.
adc_vol, adc1 run success!
adc_vol, adc2 run success!
adc_vol, bms run success!
[32m[I/sal.skt] Socket Abstraction Layer initialize success.[0m
hwtimer, timer7 run success!
rtc clock source is set lsi!
RTC: set wkup 12000
watchdog, iwdg run success!
[32m[I/at.clnt] AT client(V1.3.1) on device usart1 initialize success.[0m
[32m[I/at.dev.ec200x] start init ec200x device.[0m
[33m[W/fs01] The version: V0452R336C01L0[0m
[32m[I/handle_bar] bar_value :2030[0m
Password for login:
[32m[I/pms] pm_svc_init...[0m
[32m[I/jmiot] iot_svc_init...[0m
[32m[I/jmiot] GPRS is not registration (Rx)[0m
[32m[I/voice] voice_svc_init...[0m
[32m[I/ui] ui_app_init...[0m
[32m[I/gkey] gkey_init...[0m
[32m[I/radar] radar_svc_init...[0m
[32m[I/radar] radar_svc_init, aeb feature not enable ![0m
[32m[I/ota] ota_svc_init...[0m
[32m[I/motor] motor_svc_init...[0m
[32m[I/slog] slog_svc_init...[0m
RTC: set alarm - a
[32m[I/voice] voice_msg num: 9[0m
[06:53:08.449023] --->
[31m[E/at.clnt] wait AT client(usart1) connect timeout(10000 tick).[0m
[32m[I/at.dev.ec200x] ec200x device initialize retry 4...[0m
[31m[E/at.clnt] wait AT client(usart1) connect timeout(10000 tick).[0m
[32m[I/at.dev.ec200x] ec200x device initialize retry 3...[0m
[06:53:33.501779] --->
[32m[I/power_on] power_off_system[0m
   898?8 ||<p8 
[06:54:00.355978] --->
  \ | /
- RT -     Thread Operating System
/ | \     5.1.0 build Mar 20 2026 17:00:39
2006 - 2024 Copyright by RT-Thread team
rtc initialize success.
adc_vol, adc1 run success!
adc_vol, adc2 run success!
adc_vol, bms run success!
[32m[I/sal.skt] Socket Abstraction Layer initialize success.[0m
hwtimer, timer7 run success!
rtc clock source is set lsi!
RTC: set wkup 12000
watchdog, iwdg run success!
[32m[I/at.clnt] AT client(V1.3.1) on device usart1 initialize success.[0m
[32m[I/at.dev.ec200x] start init ec200x device.[0m
[33m[W/fs01] The version: V0452R336C01L0[0m
[32m[I/handle_bar] bar_value :2029[0m
Password for login:
[32m[I/pms] pm_svc_init...[0m
[32m[I/jmiot] iot_svc_init...[0m
[32m[I/jmiot] GPRS is not registration (Rx)[0m
[32m[I/voice] voice_svc_init...[0m
[32m[I/ui] ui_app_init...[0m
[32m[I/gkey] gkey_init...[0m
[32m[I/radar] radar_svc_init...[0m
[32m[I/radar] radar_svc_init, aeb feature not enable ![0m
[32m[I/ota] ota_svc_init...[0m
[32m[I/motor] motor_svc_init...[0m
[32m[I/slog] slog_svc_init...[0m
RTC: set alarm - a
[31m[E/at.clnt] wait AT client(usart1) connect timeout(10000 tick).[0m
[32m[I/at.dev.ec200x] ec200x device initialize retry 4...[0m
[31m[E/at.clnt] wait AT client(usart1) connect timeout(10000 tick).[0m
[32m[I/at.dev.ec200x] ec200x device initialize retry 3...[0m
[06:54:25.407536] --->
[32m[I/power_on] power_off_system[0m
   ]_| \\ 
[06:54:52.160704] --->
  \ | /
- RT -     Thread Operating System
/ | \     5.1.0 build Mar 20 2026 17:00:39
2006 - 2024 Copyright by RT-Thread team
rtc initialize success.
adc_vol, adc1 run success!
adc_vol, adc2 run success!
adc_vol, bms run success!
[32m[I/sal.skt] Socket Abstraction Layer initialize success.[0m
hwtimer, timer7 run success!
rtc clock source is set lsi!
RTC: set wkup 12000
watchdog, iwdg run success!
[32m[I/at.clnt] AT client(V1.3.1) on device usart1 initialize success.[0m
[32m[I/at.dev.ec200x] start init ec200x device.[0m
[33m[W/fs01] The version: V0452R336C01L0[0m
[32m[I/handle_bar] bar_value :2029[0m
Password for login:
[32m[I/pms] pm_svc_init...[0m
[32m[I/jmiot] iot_svc_init...[0m
[32m[I/jmiot] GPRS is not registration (Rx)[0m
[32m[I/voice] voice_svc_init...[0m
[32m[I/ui] ui_app_init...[0m
[32m[I/gkey] gkey_init...[0m
[32m[I/radar] radar_svc_init...[0m
[32m[I/radar] radar_svc_init, aeb feature not enable ![0m
[32m[I/ota] ota_svc_init...[0m
[32m[I/motor] motor_svc_init...[0m
[32m[I/slog] slog_svc_init...[0m
RTC: set alarm - a
[31m[E/at.clnt] wait AT client(usart1) connect timeout(10000 tick).[0m
[32m[I/at.dev.ec200x] ec200x device initialize retry 4...[0m
[31m[E/at.clnt] wait AT client(usart1) connect timeout(10000 tick).[0m
[32m[I/at.dev.ec200x] ec200x device initialize retry 3...[0m
[06:55:17.214936] --->
[32m[I/power_on] power_off_system[0m
[32m[I/power_on] power_off_system[0m
   ߟ]\ |]p}|\ 
[06:55:43.070921] --->
  \ | /
- RT -     Thread Operating System
/ | \     5.1.0 build Mar 20 2026 17:00:39
2006 - 2024 Copyright by RT-Thread team
rtc initialize success.
adc_vol, adc1 run success!
adc_vol, adc2 run success!
adc_vol, bms run success!
[32m[I/sal.skt] Socket Abstraction Layer initialize success.[0m
hwtimer, timer7 run success!
rtc clock source is set lsi!
RTC: set wkup 12000
watchdog, iwdg run success!
[32m[I/at.clnt] AT client(V1.3.1) on device usart1 initialize success.[0m
[32m[I/at.dev.ec200x] start init ec200x device.[0m
[33m[W/fs01] The version: V0452R336C01L0[0m
[32m[I/handle_bar] bar_value :2030[0m
Password for login:
[32m[I/pms] pm_svc_init...[0m
[32m[I/jmiot] iot_svc_init...[0m
[32m[I/jmiot] GPRS is not registration (Rx)[0m
[32m[I/voice] voice_svc_init...[0m
[32m[I/ui] ui_app_init...[0m
[32m[I/gkey] gkey_init...[0m
[32m[I/radar] radar_svc_init...[0m
[32m[I/radar] radar_svc_init, aeb feature not enable ![0m
[32m[I/ota] ota_svc_init...[0m
[32m[I/motor] motor_svc_init...[0m
[32m[I/slog] slog_svc_init...[0m
RTC: set alarm - a
[31m[E/at.clnt] wait AT client(usart1) connect timeout(10000 tick).[0m
[32m[I/at.dev.ec200x] ec200x device initialize retry 4...[0m
[31m[E/at.clnt] wait AT client(usart1) connect timeout(10000 tick).[0m
[32m[I/at.dev.ec200x] ec200x device initialize retry 3...[0m
[06:56:08.126003] --->
[32m[I/power_on] power_off_system[0m
   ߜ]]\|X||~|8| 
[06:56:09.585615] --->
  \ | /
- RT -     Thread Operating System
/ | \     5.1.0 build Mar 20 2026 17:00:39
2006 - 2024 Copyright by RT-Thread team
rtc initialize success.
adc_vol, adc1 run success!
adc_vol, adc2 run success!
adc_vol, bms run success!
[32m[I/sal.skt] Socket Abstraction Layer initialize success.[0m
hwtimer, timer7 run success!
rtc clock source is set lsi!
RTC: set wkup 12000
watchdog, iwdg run success!
[32m[I/at.clnt] AT client(V1.3.1) on device usart1 initialize success.[0m
[32m[I/at.dev.ec200x] start init ec200x device.[0m
[33m[W/fs01] The version: V0452R336C01L0[0m
[32m[I/handle_bar] bar_value :2031[0m
Password for login:
[32m[I/pms] pm_svc_init...[0m
[32m[I/jmiot] iot_svc_init...[0m
[32m[I/jmiot] GPRS is not registration (Rx)[0m
[32m[I/voice] voice_svc_init...[0m
[32m[I/ui] ui_app_init...[0m
[32m[I/gkey] gkey_init...[0m
[32m[I/radar] radar_svc_init...[0m
[32m[I/radar] radar_svc_init, aeb feature not enable ![0m
[32m[I/ota] ota_svc_init...[0m
[32m[I/motor] motor_svc_init...[0m
[32m[I/slog] slog_svc_init...[0m
RTC: set alarm - a
[32m[I/voice] voice_msg num: 9[0m
[06:56:34.586208] --->
[31m[E/at.clnt] wait AT client(usart1) connect timeout(10000 tick).[0m
[32m[I/at.dev.ec200x] ec200x device initialize retry 4...[0m
[31m[E/at.clnt] wait AT client(usart1) connect timeout(10000 tick).[0m
[32m[I/at.dev.ec200x] ec200x device initialize retry 3...[0m
[06:56:59.642877] --->
[32m[I/power_on] power_off_system[0m
   }  
[06:57:28.397332] --->
  \ | /
- RT -     Thread Operating System
/ | \     5.1.0 build Mar 20 2026 17:00:39
2006 - 2024 Copyright by RT-Thread team
rtc initialize success.
adc_vol, adc1 run success!
adc_vol, adc2 run success!
adc_vol, bms run success!
[32m[I/sal.skt] Socket Abstraction Layer initialize success.[0m
hwtimer, timer7 run success!
rtc clock source is set lsi!
RTC: set wkup 12000
watchdog, iwdg run success!
[32m[I/at.clnt] AT client(V1.3.1) on device usart1 initialize success.[0m
[32m[I/at.dev.ec200x] start init ec200x device.[0m
[33m[W/fs01] The version: V0452R336C01L0[0m
[32m[I/handle_bar] bar_value :2029[0m
Password for login:
[32m[I/pms] pm_svc_init...[0m
[32m[I/jmiot] iot_svc_init...[0m
[32m[I/jmiot] GPRS is not registration (Rx)[0m
[32m[I/voice] voice_svc_init...[0m
[32m[I/ui] ui_app_init...[0m
[32m[I/gkey] gkey_init...[0m
[32m[I/radar] radar_svc_init...[0m
[32m[I/radar] radar_svc_init, aeb feature not enable ![0m
[32m[I/ota] ota_svc_init...[0m
[32m[I/motor] motor_svc_init...[0m
[32m[I/slog] slog_svc_init...[0m
RTC: set alarm - a
[31m[E/at.clnt] wait AT client(usart1) connect timeout(10000 tick).[0m
[32m[I/at.dev.ec200x] ec200x device initialize retry 4...[0m
[31m[E/at.clnt] wait AT client(usart1) connect timeout(10000 tick).[0m
[32m[I/at.dev.ec200x] ec200x device initialize retry 3...[0m
[06:57:53.454008] --->
[32m[I/power_on] power_off_system[0m
     
[06:57:57.709822] --->
  \ | /
- RT -     Thread Operating System
/ | \     5.1.0 build Mar 20 2026 17:00:39
2006 - 2024 Copyright by RT-Thread team
rtc initialize success.
adc_vol, adc1 run success!
adc_vol, adc2 run success!
adc_vol, bms run success!
[32m[I/sal.skt] Socket Abstraction Layer initialize success.[0m
hwtimer, timer7 run success!
rtc clock source is set lsi!
RTC: set wkup 12000
watchdog, iwdg run success!
[32m[I/at.clnt] AT client(V1.3.1) on device usart1 initialize success.[0m
[32m[I/at.dev.ec200x] start init ec200x device.[0m
[33m[W/fs01] The version: V0452R336C01L0[0m
[32m[I/handle_bar] bar_value :2029[0m
Password for login:
[32m[I/pms] pm_svc_init...[0m
[32m[I/jmiot] iot_svc_init...[0m
[32m[I/jmiot] GPRS is not registration (Rx)[0m
[32m[I/voice] voice_svc_init...[0m
[32m[I/ui] ui_app_init...[0m
[32m[I/gkey] gkey_init...[0m
[32m[I/radar] radar_svc_init...[0m
[32m[I/radar] radar_svc_init, aeb feature not enable ![0m
[32m[I/ota] ota_svc_init...[0m
[32m[I/motor] motor_svc_init...[0m
[32m[I/slog] slog_svc_init...[0m
RTC: set alarm - a
[32m[I/voice] voice_msg num: 9[0m
[06:58:22.712178] --->
[31m[E/at.clnt] wait AT client(usart1) connect timeout(10000 tick).[0m
[32m[I/at.dev.ec200x] ec200x device initialize retry 4...[0m
[31m[E/at.clnt] wait AT client(usart1) connect timeout(10000 tick).[0m
[32m[I/at.dev.ec200x] ec200x device initialize retry 3...[0m
[06:58:47.767883] --->
[32m[I/power_on] power_off_system[0m
    88    8   
[06:58:49.228803] --->
  \ | /
- RT -     Thread Operating System
/ | \     5.1.0 build Mar 20 2026 17:00:39
2006 - 2024 Copyright by RT-Thread team
rtc initialize success.
adc_vol, adc1 run success!
adc_vol, adc2 run success!
adc_vol, bms run success!
[32m[I/sal.skt] Socket Abstraction Layer initialize success.[0m
hwtimer, timer7 run success!
rtc clock source is set lsi!
RTC: set wkup 12000
watchdog, iwdg run success!
[32m[I/at.clnt] AT client(V1.3.1) on device usart1 initialize success.[0m
[32m[I/at.dev.ec200x] start init ec200x device.[0m
[33m[W/fs01] The version: V0452R336C01L0[0m
[32m[I/handle_bar] bar_value :2029[0m
Password for login:
[32m[I/pms] pm_svc_init...[0m
[32m[I/jmiot] iot_svc_init...[0m
[32m[I/jmiot] GPRS is not registration (Rx)[0m
[32m[I/voice] voice_svc_init...[0m
[32m[I/ui] ui_app_init...[0m
[32m[I/gkey] gkey_init...[0m
[32m[I/radar] radar_svc_init...[0m
[32m[I/radar] radar_svc_init, aeb feature not enable ![0m
[32m[I/ota] ota_svc_init...[0m
[32m[I/motor] motor_svc_init...[0m
[32m[I/slog] slog_svc_init...[0m
RTC: set alarm - a
[32m[I/voice] voice_msg num: 9[0m
[06:59:14.230499] --->
[31m[E/at.clnt] wait AT client(usart1) connect timeout(10000 tick).[0m
[32m[I/at.dev.ec200x] ec200x device initialize retry 4...[0m
[31m[E/at.clnt] wait AT client(usart1) connect timeout(10000 tick).[0m
[32m[I/at.dev.ec200x] ec200x device initialize retry 3...[0m
[06:59:39.283311] --->
[32m[I/power_on] power_off_system[0m
   ||~| ||||||<|]|T|T 
[06:59:43.543164] --->
  \ | /
- RT -     Thread Operating System
/ | \     5.1.0 build Mar 20 2026 17:00:39
2006 - 2024 Copyright by RT-Thread team
rtc initialize success.
adc_vol, adc1 run success!
adc_vol, adc2 run success!
adc_vol, bms run success!
[32m[I/sal.skt] Socket Abstraction Layer initialize success.[0m
hwtimer, timer7 run success!
rtc clock source is set lsi!
RTC: set wkup 12000
watchdog, iwdg run success!
[32m[I/at.clnt] AT client(V1.3.1) on device usart1 initialize success.[0m
[32m[I/at.dev.ec200x] start init ec200x device.[0m
[33m[W/fs01] The version: V0452R336C01L0[0m
[32m[I/handle_bar] bar_value :2029[0m
Password for login:
[32m[I/pms] pm_svc_init...[0m
[32m[I/jmiot] iot_svc_init...[0m
[32m[I/jmiot] GPRS is not registration (Rx)[0m
[32m[I/voice] voice_svc_init...[0m
[32m[I/ui] ui_app_init...[0m
[32m[I/gkey] gkey_init...[0m
[32m[I/radar] radar_svc_init...[0m
[32m[I/radar] radar_svc_init, aeb feature not enable ![0m
[32m[I/ota] ota_svc_init...[0m
[32m[I/motor] motor_svc_init...[0m
[32m[I/slog] slog_svc_init...[0m
RTC: set alarm - a
[32m[I/voice] voice_msg num: 9[0m
[07:00:08.547787] --->
[31m[E/at.clnt] wait AT client(usart1) connect timeout(10000 tick).[0m
[32m[I/at.dev.ec200x] ec200x device initialize retry 4...[0m
[31m[E/at.clnt] wait AT client(usart1) connect timeout(10000 tick).[0m
[32m[I/at.dev.ec200x] ec200x device initialize retry 3...[0m
[07:00:33.603273] --->
[32m[I/power_on] power_off_system[0m
   }}]}  
[07:00:37.862507] --->
  \ | /
- RT -     Thread Operating System
/ | \     5.1.0 build Mar 20 2026 17:00:39
2006 - 2024 Copyright by RT-Thread team
rtc initialize success.
adc_vol, adc1 run success!
adc_vol, adc2 run success!
adc_vol, bms run success!
[32m[I/sal.skt] Socket Abstraction Layer initialize success.[0m
hwtimer, timer7 run success!
rtc clock source is set lsi!
RTC: set wkup 12000
watchdog, iwdg run success!
[32m[I/at.clnt] AT client(V1.3.1) on device usart1 initialize success.[0m
[32m[I/at.dev.ec200x] start init ec200x device.[0m
[33m[W/fs01] The version: V0452R336C01L0[0m
[32m[I/handle_bar] bar_value :2029[0m
Password for login:
[32m[I/pms] pm_svc_init...[0m
[32m[I/jmiot] iot_svc_init...[0m
[32m[I/jmiot] GPRS is not registration (Rx)[0m
[32m[I/voice] voice_svc_init...[0m
[32m[I/ui] ui_app_init...[0m
[32m[I/gkey] gkey_init...[0m
[32m[I/radar] radar_svc_init...[0m
[32m[I/radar] radar_svc_init, aeb feature not enable ![0m
[32m[I/ota] ota_svc_init...[0m
[32m[I/motor] motor_svc_init...[0m
[32m[I/slog] slog_svc_init...[0m
RTC: set alarm - a
[32m[I/voice] voice_msg num: 9[0m
[07:01:02.865839] --->
[31m[E/at.clnt] wait AT client(usart1) connect timeout(10000 tick).[0m
[32m[I/at.dev.ec200x] ec200x device initialize retry 4...[0m
[31m[E/at.clnt] wait AT client(usart1) connect timeout(10000 tick).[0m
[32m[I/at.dev.ec200x] ec200x device initialize retry 3...[0m
[07:01:27.918069] --->
[32m[I/power_on] power_off_system[0m
   }   
[07:01:29.379836] --->
  \ | /
- RT -     Thread Operating System
/ | \     5.1.0 build Mar 20 2026 17:00:39
2006 - 2024 Copyright by RT-Thread team
rtc initialize success.
adc_vol, adc1 run success!
adc_vol, adc2 run success!
adc_vol, bms run success!
[32m[I/sal.skt] Socket Abstraction Layer initialize success.[0m
hwtimer, timer7 run success!
rtc clock source is set lsi!
RTC: set wkup 12000
watchdog, iwdg run success!
[32m[I/at.clnt] AT client(V1.3.1) on device usart1 initialize success.[0m
[32m[I/at.dev.ec200x] start init ec200x device.[0m
[33m[W/fs01] The version: V0452R336C01L0[0m
[32m[I/handle_bar] bar_value :2029[0m
Password for login:
[32m[I/pms] pm_svc_init...[0m
[32m[I/jmiot] iot_svc_init...[0m
[32m[I/jmiot] GPRS is not registration (Rx)[0m
[32m[I/voice] voice_svc_init...[0m
[32m[I/ui] ui_app_init...[0m
[32m[I/gkey] gkey_init...[0m
[32m[I/radar] radar_svc_init...[0m
[32m[I/radar] radar_svc_init, aeb feature not enable ![0m
[32m[I/ota] ota_svc_init...[0m
[32m[I/motor] motor_svc_init...[0m
[32m[I/slog] slog_svc_init...[0m
RTC: set alarm - a
[32m[I/voice] voice_msg num: 9[0m
[07:01:54.380774] --->
[31m[E/at.clnt] wait AT client(usart1) connect timeout(10000 tick).[0m
[32m[I/at.dev.ec200x] ec200x device initialize retry 4...[0m
[31m[E/at.clnt] wait AT client(usart1) connect timeout(10000 tick).[0m
[32m[I/at.dev.ec200x] ec200x device initialize retry 3...[0m
[07:02:19.433201] --->
[32m[I/power_on] power_off_system[0m
     
[07:02:44.886622] --->
  \ | /
- RT -     Thread Operating System
/ | \     5.1.0 build Mar 20 2026 17:00:39
2006 - 2024 Copyright by RT-Thread team
rtc initialize success.
adc_vol, adc1 run success!
adc_vol, adc2 run success!
adc_vol, bms run success!
[32m[I/sal.skt] Socket Abstraction Layer initialize success.[0m
hwtimer, timer7 run success!
rtc clock source is set lsi!
RTC: set wkup 12000
watchdog, iwdg run success!
[32m[I/at.clnt] AT client(V1.3.1) on device usart1 initialize success.[0m
[32m[I/at.dev.ec200x] start init ec200x device.[0m
[33m[W/fs01] The version: V0452R336C01L0[0m
[32m[I/handle_bar] bar_value :2030[0m
Password for login:
[32m[I/pms] pm_svc_init...[0m
[32m[I/jmiot] iot_svc_init...[0m
[32m[I/jmiot] GPRS is not registration (Rx)[0m
[32m[I/voice] voice_svc_init...[0m
[32m[I/ui] ui_app_init...[0m
[32m[I/gkey] gkey_init...[0m
[32m[I/radar] radar_svc_init...[0m
[32m[I/radar] radar_svc_init, aeb feature not enable ![0m
[32m[I/ota] ota_svc_init...[0m
[32m[I/motor] motor_svc_init...[0m
[32m[I/slog] slog_svc_init...[0m
RTC: set alarm - a
[31m[E/at.clnt] wait AT client(usart1) connect timeout(10000 tick).[0m
[32m[I/at.dev.ec200x] ec200x device initialize retry 4...[0m
[31m[E/at.clnt] wait AT client(usart1) connect timeout(10000 tick).[0m
[32m[I/at.dev.ec200x] ec200x device initialize retry 3...[0m
[07:03:09.940213] --->
[32m[I/power_on] power_off_system[0m
   ||]ޜ|ޜ||_ 
[07:03:39.695058] --->
  \ | /
- RT -     Thread Operating System
/ | \     5.1.0 build Mar 20 2026 17:00:39
2006 - 2024 Copyright by RT-Thread team
rtc initialize success.
adc_vol, adc1 run success!
adc_vol, adc2 run success!
adc_vol, bms run success!
[32m[I/sal.skt] Socket Abstraction Layer initialize success.[0m
hwtimer, timer7 run success!
rtc clock source is set lsi!
RTC: set wkup 12000
watchdog, iwdg run success!
[32m[I/at.clnt] AT client(V1.3.1) on device usart1 initialize success.[0m
[32m[I/at.dev.ec200x] start init ec200x device.[0m
[33m[W/fs01] The version: V0452R336C01L0[0m
[32m[I/handle_bar] bar_value :2029[0m
Password for login:
[32m[I/pms] pm_svc_init...[0m
[32m[I/jmiot] iot_svc_init...[0m
[32m[I/jmiot] GPRS is not registration (Rx)[0m
[32m[I/voice] voice_svc_init...[0m
[32m[I/ui] ui_app_init...[0m
[32m[I/gkey] gkey_init...[0m
[32m[I/radar] radar_svc_init...[0m
[32m[I/radar] radar_svc_init, aeb feature not enable ![0m
[32m[I/ota] ota_svc_init...[0m
[32m[I/motor] motor_svc_init...[0m
[32m[I/slog] slog_svc_init...[0m
RTC: set alarm - a
[31m[E/at.clnt] wait AT client(usart1) connect timeout(10000 tick).[0m
[32m[I/at.dev.ec200x] ec200x device initialize retry 4...[0m
[31m[E/at.clnt] wait AT client(usart1) connect timeout(10000 tick).[0m
[32m[I/at.dev.ec200x] ec200x device initialize retry 3...[0m
[07:04:04.749915] --->
[32m[I/power_on] power_off_system[0m
[32m[I/power_on] power_off_system[0m
   |   
[07:04:06.209706] --->
  \ | /
- RT -     Thread Operating System
/ | \     5.1.0 build Mar 20 2026 17:00:39
2006 - 2024 Copyright by RT-Thread team
rtc initialize success.
adc_vol, adc1 run success!
adc_vol, adc2 run success!
adc_vol, bms run success!
[32m[I/sal.skt] Socket Abstraction Layer initialize success.[0m
hwtimer, timer7 run success!
rtc clock source is set lsi!
RTC: set wkup 12000
watchdog, iwdg run success!
[32m[I/at.clnt] AT client(V1.3.1) on device usart1 initialize success.[0m
[32m[I/at.dev.ec200x] start init ec200x device.[0m
[33m[W/fs01] The version: V0452R336C01L0[0m
[32m[I/handle_bar] bar_value :2029[0m
Password for login:
[32m[I/pms] pm_svc_init...[0m
[32m[I/jmiot] iot_svc_init...[0m
[32m[I/jmiot] GPRS is not registration (Rx)[0m
[32m[I/voice] voice_svc_init...[0m
[32m[I/ui] ui_app_init...[0m
[32m[I/gkey] gkey_init...[0m
[32m[I/radar] radar_svc_init...[0m
[32m[I/radar] radar_svc_init, aeb feature not enable ![0m
[32m[I/ota] ota_svc_init...[0m
[32m[I/motor] motor_svc_init...[0m
[32m[I/slog] slog_svc_init...[0m
RTC: set alarm - a
[32m[I/voice] voice_msg num: 9[0m
[07:04:31.214250] --->
[31m[E/at.clnt] wait AT client(usart1) connect timeout(10000 tick).[0m
[32m[I/at.dev.ec200x] ec200x device initialize retry 4...[0m
[31m[E/at.clnt] wait AT client(usart1) connect timeout(10000 tick).[0m
[32m[I/at.dev.ec200x] ec200x device initialize retry 3...[0m
[07:04:56.267338] --->
[32m[I/power_on] power_off_system[0m
   |||||||~|09p<(t0|   
[07:05:22.224006] --->
  \ | /
- RT -     Thread Operating System
/ | \     5.1.0 build Mar 20 2026 17:00:39
2006 - 2024 Copyright by RT-Thread team
rtc initialize success.
adc_vol, adc1 run success!
adc_vol, adc2 run success!
adc_vol, bms run success!
[32m[I/sal.skt] Socket Abstraction Layer initialize success.[0m
hwtimer, timer7 run success!
rtc clock source is set lsi!
RTC: set wkup 12000
watchdog, iwdg run success!
[32m[I/at.clnt] AT client(V1.3.1) on device usart1 initialize success.[0m
[32m[I/at.dev.ec200x] start init ec200x device.[0m
[33m[W/fs01] The version: V0452R336C01L0[0m
[32m[I/handle_bar] bar_value :2029[0m
Password for login:
[32m[I/pms] pm_svc_init...[0m
[32m[I/jmiot] iot_svc_init...[0m
[32m[I/jmiot] GPRS is not registration (Rx)[0m
[32m[I/voice] voice_svc_init...[0m
[32m[I/ui] ui_app_init...[0m
[32m[I/gkey] gkey_init...[0m
[32m[I/radar] radar_svc_init...[0m
[32m[I/radar] radar_svc_init, aeb feature not enable ![0m
[32m[I/ota] ota_svc_init...[0m
[32m[I/motor] motor_svc_init...[0m
[32m[I/slog] slog_svc_init...[0m
RTC: set alarm - a
[31m[E/at.clnt] wait AT client(usart1) connect timeout(10000 tick).[0m
[32m[I/at.dev.ec200x] ec200x device initialize retry 4...[0m
[31m[E/at.clnt] wait AT client(usart1) connect timeout(10000 tick).[0m
[32m[I/at.dev.ec200x] ec200x device initialize retry 3...[0m
[07:05:47.276226] --->
[32m[I/power_on] power_off_system[0m
[32m[I/power_on] power_off_system[0m
   |\||||| 
[07:06:13.629157] --->
  \ | /
- RT -     Thread Operating System
/ | \     5.1.0 build Mar 20 2026 17:00:39
2006 - 2024 Copyright by RT-Thread team
rtc initialize success.
adc_vol, adc1 run success!
adc_vol, adc2 run success!
adc_vol, bms run success!
[32m[I/sal.skt] Socket Abstraction Layer initialize success.[0m
hwtimer, timer7 run success!
rtc clock source is set lsi!
RTC: set wkup 12000
watchdog, iwdg run success!
[32m[I/at.clnt] AT client(V1.3.1) on device usart1 initialize success.[0m
[32m[I/at.dev.ec200x] start init ec200x device.[0m
[33m[W/fs01] The version: V0452R336C01L0[0m
[32m[I/handle_bar] bar_value :2030[0m
Password for login:
[32m[I/pms] pm_svc_init...[0m
[32m[I/jmiot] iot_svc_init...[0m
[32m[I/jmiot] GPRS is not registration (Rx)[0m
[32m[I/voice] voice_svc_init...[0m
[32m[I/ui] ui_app_init...[0m
[32m[I/gkey] gkey_init...[0m
[32m[I/radar] radar_svc_init...[0m
[32m[I/radar] radar_svc_init, aeb feature not enable ![0m
[32m[I/ota] ota_svc_init...[0m
[32m[I/motor] motor_svc_init...[0m
[32m[I/slog] slog_svc_init...[0m
RTC: set alarm - a
[31m[E/at.clnt] wait AT client(usart1) connect timeout(10000 tick).[0m
[32m[I/at.dev.ec200x] ec200x device initialize retry 4...[0m
[31m[E/at.clnt] wait AT client(usart1) connect timeout(10000 tick).[0m
[32m[I/at.dev.ec200x] ec200x device initialize retry 3...[0m
[07:06:38.683849] --->
[32m[I/power_on] power_off_system[0m
[32m[I/power_on] power_off_system[0m
   _  
[07:06:40.141543] --->
  \ | /
- RT -     Thread Operating System
/ | \     5.1.0 build Mar 20 2026 17:00:39
2006 - 2024 Copyright by RT-Thread team
rtc initialize success.
adc_vol, adc1 run success!
adc_vol, adc2 run success!
adc_vol, bms run success!
[32m[I/sal.skt] Socket Abstraction Layer initialize success.[0m
hwtimer, timer7 run success!
rtc clock source is set lsi!
RTC: set wkup 12000
watchdog, iwdg run success!
[32m[I/at.clnt] AT client(V1.3.1) on device usart1 initialize success.[0m
[32m[I/at.dev.ec200x] start init ec200x device.[0m
[33m[W/fs01] The version: V0452R336C01L0[0m
[32m[I/handle_bar] bar_value :2029[0m
Password for login:
[32m[I/pms] pm_svc_init...[0m
[32m[I/jmiot] iot_svc_init...[0m
[32m[I/jmiot] GPRS is not registration (Rx)[0m
[32m[I/voice] voice_svc_init...[0m
[32m[I/ui] ui_app_init...[0m
[32m[I/gkey] gkey_init...[0m
[32m[I/radar] radar_svc_init...[0m
[32m[I/radar] radar_svc_init, aeb feature not enable ![0m
[32m[I/ota] ota_svc_init...[0m
[32m[I/motor] motor_svc_init...[0m
[32m[I/slog] slog_svc_init...[0m
RTC: set alarm - a
[32m[I/voice] voice_msg num: 9[0m
[07:07:05.146701] --->
[31m[E/at.clnt] wait AT client(usart1) connect timeout(10000 tick).[0m
[32m[I/at.dev.ec200x] ec200x device initialize retry 4...[0m
[31m[E/at.clnt] wait AT client(usart1) connect timeout(10000 tick).[0m
[32m[I/at.dev.ec200x] ec200x device initialize retry 3...[0m
[07:07:30.201671] --->
[32m[I/power_on] power_off_system[0m
   |<?|||<8|8|; 
[07:07:58.253630] --->
  \ | /
- RT -     Thread Operating System
/ | \     5.1.0 build Mar 20 2026 17:00:39
2006 - 2024 Copyright by RT-Thread team
rtc initialize success.
adc_vol, adc1 run success!
adc_vol, adc2 run success!
adc_vol, bms run success!
[32m[I/sal.skt] Socket Abstraction Layer initialize success.[0m
hwtimer, timer7 run success!
rtc clock source is set lsi!
RTC: set wkup 12000
watchdog, iwdg run success!
[32m[I/at.clnt] AT client(V1.3.1) on device usart1 initialize success.[0m
[32m[I/at.dev.ec200x] start init ec200x device.[0m
[33m[W/fs01] The version: V0452R336C01L0[0m
[32m[I/handle_bar] bar_value :2029[0m
Password for login:
[32m[I/pms] pm_svc_init...[0m
[32m[I/jmiot] iot_svc_init...[0m
[32m[I/jmiot] GPRS is not registration (Rx)[0m
[32m[I/voice] voice_svc_init...[0m
[32m[I/ui] ui_app_init...[0m
[32m[I/gkey] gkey_init...[0m
[32m[I/radar] radar_svc_init...[0m
[32m[I/radar] radar_svc_init, aeb feature not enable ![0m
[32m[I/ota] ota_svc_init...[0m
[32m[I/motor] motor_svc_init...[0m
[32m[I/slog] slog_svc_init...[0m
RTC: set alarm - a
[31m[E/at.clnt] wait AT client(usart1) connect timeout(10000 tick).[0m
[32m[I/at.dev.ec200x] ec200x device initialize retry 4...[0m
[31m[E/at.clnt] wait AT client(usart1) connect timeout(10000 tick).[0m
[32m[I/at.dev.ec200x] ec200x device initialize retry 3...[0m
[07:08:23.306242] --->
[32m[I/power_on] power_off_system[0m
   ~ޜ]||||\|\ 
[07:08:49.561001] --->
  \ | /
- RT -     Thread Operating System
/ | \     5.1.0 build Mar 20 2026 17:00:39
2006 - 2024 Copyright by RT-Thread team
rtc initialize success.
adc_vol, adc1 run success!
adc_vol, adc2 run success!
adc_vol, bms run success!
[32m[I/sal.skt] Socket Abstraction Layer initialize success.[0m
hwtimer, timer7 run success!
rtc clock source is set lsi!
RTC: set wkup 12000
watchdog, iwdg run success!
[32m[I/at.clnt] AT client(V1.3.1) on device usart1 initialize success.[0m
[32m[I/at.dev.ec200x] start init ec200x device.[0m
[33m[W/fs01] The version: V0452R336C01L0[0m
[32m[I/handle_bar] bar_value :2029[0m
Password for login:
[32m[I/pms] pm_svc_init...[0m
[32m[I/jmiot] iot_svc_init...[0m
[32m[I/jmiot] GPRS is not registration (Rx)[0m
[32m[I/voice] voice_svc_init...[0m
[32m[I/ui] ui_app_init...[0m
[32m[I/gkey] gkey_init...[0m
[32m[I/radar] radar_svc_init...[0m
[32m[I/radar] radar_svc_init, aeb feature not enable ![0m
[32m[I/ota] ota_svc_init...[0m
[32m[I/motor] motor_svc_init...[0m
[32m[I/slog] slog_svc_init...[0m
RTC: set alarm - a
[31m[E/at.clnt] wait AT client(usart1) connect timeout(10000 tick).[0m
[32m[I/at.dev.ec200x] ec200x device initialize retry 4...[0m
[31m[E/at.clnt] wait AT client(usart1) connect timeout(10000 tick).[0m
[32m[I/at.dev.ec200x] ec200x device initialize retry 3...[0m
[07:09:14.614698] --->
[32m[I/power_on] power_off_system[0m
   ||}  
[07:09:40.468099] --->
  \ | /
- RT -     Thread Operating System
/ | \     5.1.0 build Mar 20 2026 17:00:39
2006 - 2024 Copyright by RT-Thread team
rtc initialize success.
adc_vol, adc1 run success!
adc_vol, adc2 run success!
adc_vol, bms run success!
[32m[I/sal.skt] Socket Abstraction Layer initialize success.[0m
hwtimer, timer7 run success!
rtc clock source is set lsi!
RTC: set wkup 12000
watchdog, iwdg run success!
[32m[I/at.clnt] AT client(V1.3.1) on device usart1 initialize success.[0m
[32m[I/at.dev.ec200x] start init ec200x device.[0m
[33m[W/fs01] The version: V0452R336C01L0[0m
[32m[I/handle_bar] bar_value :2029[0m
Password for login:
[32m[I/pms] pm_svc_init...[0m
[32m[I/jmiot] iot_svc_init...[0m
[32m[I/jmiot] GPRS is not registration (Rx)[0m
[32m[I/voice] voice_svc_init...[0m
[32m[I/ui] ui_app_init...[0m
[32m[I/gkey] gkey_init...[0m
[32m[I/radar] radar_svc_init...[0m
[32m[I/radar] radar_svc_init, aeb feature not enable ![0m
[32m[I/ota] ota_svc_init...[0m
[32m[I/motor] motor_svc_init...[0m
[32m[I/slog] slog_svc_init...[0m
RTC: set alarm - a
[31m[E/at.clnt] wait AT client(usart1) connect timeout(10000 tick).[0m
[32m[I/at.dev.ec200x] ec200x device initialize retry 4...[0m
[31m[E/at.clnt] wait AT client(usart1) connect timeout(10000 tick).[0m
[32m[I/at.dev.ec200x] ec200x device initialize retry 3...[0m
[07:10:05.524567] --->
[32m[I/power_on] power_off_system[0m
   \]|]\||]^||\||\\\ 
[07:10:31.977374] --->
  \ | /
- RT -     Thread Operating System
/ | \     5.1.0 build Mar 20 2026 17:00:39
2006 - 2024 Copyright by RT-Thread team
rtc initialize success.
adc_vol, adc1 run success!
adc_vol, adc2 run success!
adc_vol, bms run success!
[32m[I/sal.skt] Socket Abstraction Layer initialize success.[0m
hwtimer, timer7 run success!
rtc clock source is set lsi!
RTC: set wkup 12000
watchdog, iwdg run success!
[32m[I/at.clnt] AT client(V1.3.1) on device usart1 initialize success.[0m
[32m[I/at.dev.ec200x] start init ec200x device.[0m
[33m[W/fs01] The version: V0452R336C01L0[0m
[32m[I/handle_bar] bar_value :2030[0m
Password for login:
[32m[I/pms] pm_svc_init...[0m
[32m[I/jmiot] iot_svc_init...[0m
[32m[I/jmiot] GPRS is not registration (Rx)[0m
[32m[I/voice] voice_svc_init...[0m
[32m[I/ui] ui_app_init...[0m
[32m[I/gkey] gkey_init...[0m
[32m[I/radar] radar_svc_init...[0m
[32m[I/radar] radar_svc_init, aeb feature not enable ![0m
[32m[I/ota] ota_svc_init...[0m
[32m[I/motor] motor_svc_init...[0m
[32m[I/slog] slog_svc_init...[0m
RTC: set alarm - a
[31m[E/at.clnt] wait AT client(usart1) connect timeout(10000 tick).[0m
[32m[I/at.dev.ec200x] ec200x device initialize retry 4...[0m
[31m[E/at.clnt] wait AT client(usart1) connect timeout(10000 tick).[0m
[32m[I/at.dev.ec200x] ec200x device initialize retry 3...[0m
[07:10:57.032316] --->
[32m[I/power_on] power_off_system[0m
   ~  
[07:11:25.584679] --->
  \ | /
- RT -     Thread Operating System
/ | \     5.1.0 build Mar 20 2026 17:00:39
2006 - 2024 Copyright by RT-Thread team
rtc initialize success.
adc_vol, adc1 run success!
adc_vol, adc2 run success!
adc_vol, bms run success!
[32m[I/sal.skt] Socket Abstraction Layer initialize success.[0m
hwtimer, timer7 run success!
rtc clock source is set lsi!
RTC: set wkup 12000
watchdog, iwdg run success!
[32m[I/at.clnt] AT client(V1.3.1) on device usart1 initialize success.[0m
[32m[I/at.dev.ec200x] start init ec200x device.[0m
[33m[W/fs01] The version: V0452R336C01L0[0m
[32m[I/handle_bar] bar_value :2030[0m
Password for login:
[32m[I/pms] pm_svc_init...[0m
[32m[I/jmiot] iot_svc_init...[0m
[32m[I/jmiot] GPRS is not registration (Rx)[0m
[32m[I/voice] voice_svc_init...[0m
[32m[I/ui] ui_app_init...[0m
[32m[I/gkey] gkey_init...[0m
[32m[I/radar] radar_svc_init...[0m
[32m[I/radar] radar_svc_init, aeb feature not enable ![0m
[32m[I/ota] ota_svc_init...[0m
[32m[I/motor] motor_svc_init...[0m
[32m[I/slog] slog_svc_init...[0m
RTC: set alarm - a
[31m[E/at.clnt] wait AT client(usart1) connect timeout(10000 tick).[0m
[32m[I/at.dev.ec200x] ec200x device initialize retry 4...[0m
[31m[E/at.clnt] wait AT client(usart1) connect timeout(10000 tick).[0m
[32m[I/at.dev.ec200x] ec200x device initialize retry 3...[0m
[07:11:50.637987] --->
[32m[I/power_on] power_off_system[0m
[32m[I/power_on] power_off_system[0m
   ||||\||||8 
[07:12:17.591889] --->
  \ | /
- RT -     Thread Operating System
/ | \     5.1.0 build Mar 20 2026 17:00:39
2006 - 2024 Copyright by RT-Thread team
rtc initialize success.
adc_vol, adc1 run success!
adc_vol, adc2 run success!
adc_vol, bms run success!
[32m[I/sal.skt] Socket Abstraction Layer initialize success.[0m
hwtimer, timer7 run success!
rtc clock source is set lsi!
RTC: set wkup 12000
watchdog, iwdg run success!
[32m[I/at.clnt] AT client(V1.3.1) on device usart1 initialize success.[0m
[32m[I/at.dev.ec200x] start init ec200x device.[0m
[33m[W/fs01] The version: V0452R336C01L0[0m
[32m[I/handle_bar] bar_value :2029[0m
Password for login:
[32m[I/pms] pm_svc_init...[0m
[32m[I/jmiot] iot_svc_init...[0m
[32m[I/jmiot] GPRS is not registration (Rx)[0m
[32m[I/voice] voice_svc_init...[0m
[32m[I/ui] ui_app_init...[0m
[32m[I/gkey] gkey_init...[0m
[32m[I/radar] radar_svc_init...[0m
[32m[I/radar] radar_svc_init, aeb feature not enable ![0m
[32m[I/ota] ota_svc_init...[0m
[32m[I/motor] motor_svc_init...[0m
[32m[I/slog] slog_svc_init...[0m
RTC: set alarm - a
[31m[E/at.clnt] wait AT client(usart1) connect timeout(10000 tick).[0m
[32m[I/at.dev.ec200x] ec200x device initialize retry 4...[0m
[31m[E/at.clnt] wait AT client(usart1) connect timeout(10000 tick).[0m
[32m[I/at.dev.ec200x] ec200x device initialize retry 3...[0m
[07:12:42.643422] --->
[32m[I/power_on] power_off_system[0m
[32m[I/power_on] power_off_system[0m
   }}} \} 
[07:13:10.599780] --->
  \ | /
- RT -     Thread Operating System
/ | \     5.1.0 build Mar 20 2026 17:00:39
2006 - 2024 Copyright by RT-Thread team
rtc initialize success.
adc_vol, adc1 run success!
adc_vol, adc2 run success!
adc_vol, bms run success!
[32m[I/sal.skt] Socket Abstraction Layer initialize success.[0m
hwtimer, timer7 run success!
rtc clock source is set lsi!
RTC: set wkup 12000
watchdog, iwdg run success!
[32m[I/at.clnt] AT client(V1.3.1) on device usart1 initialize success.[0m
[32m[I/at.dev.ec200x] start init ec200x device.[0m
[33m[W/fs01] The version: V0452R336C01L0[0m
[32m[I/handle_bar] bar_value :2031[0m
Password for login:
[32m[I/pms] pm_svc_init...[0m
[32m[I/jmiot] iot_svc_init...[0m
[32m[I/jmiot] GPRS is not registration (Rx)[0m
[32m[I/voice] voice_svc_init...[0m
[32m[I/ui] ui_app_init...[0m
[32m[I/gkey] gkey_init...[0m
[32m[I/radar] radar_svc_init...[0m
[32m[I/radar] radar_svc_init, aeb feature not enable ![0m
[32m[I/ota] ota_svc_init...[0m
[32m[I/motor] motor_svc_init...[0m
[32m[I/slog] slog_svc_init...[0m
RTC: set alarm - a
[31m[E/at.clnt] wait AT client(usart1) connect timeout(10000 tick).[0m
[32m[I/at.dev.ec200x] ec200x device initialize retry 4...[0m
[31m[E/at.clnt] wait AT client(usart1) connect timeout(10000 tick).[0m
[32m[I/at.dev.ec200x] ec200x device initialize retry 3...[0m
[07:13:35.651417] --->
[32m[I/power_on] power_off_system[0m
[32m[I/power_on] power_off_system[0m
  |^]\}_| ||| 
[07:14:03.006650] --->
  \ | /
- RT -     Thread Operating System
/ | \     5.1.0 build Mar 20 2026 17:00:39
2006 - 2024 Copyright by RT-Thread team
rtc initialize success.
adc_vol, adc1 run success!
adc_vol, adc2 run success!
adc_vol, bms run success!
[32m[I/sal.skt] Socket Abstraction Layer initialize success.[0m
hwtimer, timer7 run success!
rtc clock source is set lsi!
RTC: set wkup 12000
watchdog, iwdg run success!
[32m[I/at.clnt] AT client(V1.3.1) on device usart1 initialize success.[0m
[32m[I/at.dev.ec200x] start init ec200x device.[0m
[33m[W/fs01] The version: V0452R336C01L0[0m
[32m[I/handle_bar] bar_value :2030[0m
Password for login:
[32m[I/pms] pm_svc_init...[0m
[32m[I/jmiot] iot_svc_init...[0m
[32m[I/jmiot] GPRS is not registration (Rx)[0m
[32m[I/voice] voice_svc_init...[0m
[32m[I/ui] ui_app_init...[0m
[32m[I/gkey] gkey_init...[0m
[32m[I/radar] radar_svc_init...[0m
[32m[I/radar] radar_svc_init, aeb feature not enable ![0m
[32m[I/ota] ota_svc_init...[0m
[32m[I/motor] motor_svc_init...[0m
[32m[I/slog] slog_svc_init...[0m
RTC: set alarm - a
[31m[E/at.clnt] wait AT client(usart1) connect timeout(10000 tick).[0m
[32m[I/at.dev.ec200x] ec200x device initialize retry 4...[0m
[31m[E/at.clnt] wait AT client(usart1) connect timeout(10000 tick).[0m
[32m[I/at.dev.ec200x] ec200x device initialize retry 3...[0m
[07:14:28.059552] --->
[32m[I/power_on] power_off_system[0m
[32m[I/power_on] power_off_system[0m
   ||||88| |   
[07:14:53.513055] --->
  \ | /
- RT -     Thread Operating System
/ | \     5.1.0 build Mar 20 2026 17:00:39
2006 - 2024 Copyright by RT-Thread team
rtc initialize success.
adc_vol, adc1 run success!
adc_vol, adc2 run success!
adc_vol, bms run success!
[32m[I/sal.skt] Socket Abstraction Layer initialize success.[0m
hwtimer, timer7 run success!
rtc clock source is set lsi!
RTC: set wkup 12000
watchdog, iwdg run success!
[32m[I/at.clnt] AT client(V1.3.1) on device usart1 initialize success.[0m
[32m[I/at.dev.ec200x] start init ec200x device.[0m
[33m[W/fs01] The version: V0452R336C01L0[0m
[32m[I/handle_bar] bar_value :2030[0m
Password for login:
[32m[I/pms] pm_svc_init...[0m
[32m[I/jmiot] iot_svc_init...[0m
[32m[I/jmiot] GPRS is not registration (Rx)[0m
[32m[I/voice] voice_svc_init...[0m
[32m[I/ui] ui_app_init...[0m
[32m[I/gkey] gkey_init...[0m
[32m[I/radar] radar_svc_init...[0m
[32m[I/radar] radar_svc_init, aeb feature not enable ![0m
[32m[I/ota] ota_svc_init...[0m
[32m[I/motor] motor_svc_init...[0m
[32m[I/slog] slog_svc_init...[0m
RTC: set alarm - a
[31m[E/at.clnt] wait AT client(usart1) connect timeout(10000 tick).[0m
[32m[I/at.dev.ec200x] ec200x device initialize retry 4...[0m
[31m[E/at.clnt] wait AT client(usart1) connect timeout(10000 tick).[0m
[32m[I/at.dev.ec200x] ec200x device initialize retry 3...[0m
[07:15:18.566544] --->
[32m[I/power_on] power_off_system[0m
   _  
[07:15:44.518720] --->
  \ | /
- RT -     Thread Operating System
/ | \     5.1.0 build Mar 20 2026 17:00:39
2006 - 2024 Copyright by RT-Thread team
rtc initialize success.
adc_vol, adc1 run success!
adc_vol, adc2 run success!
adc_vol, bms run success!
[32m[I/sal.skt] Socket Abstraction Layer initialize success.[0m
hwtimer, timer7 run success!
rtc clock source is set lsi!
RTC: set wkup 12000
watchdog, iwdg run success!
[32m[I/at.clnt] AT client(V1.3.1) on device usart1 initialize success.[0m
[32m[I/at.dev.ec200x] start init ec200x device.[0m
[33m[W/fs01] The version: V0452R336C01L0[0m
[32m[I/handle_bar] bar_value :2030[0m
Password for login:
[32m[I/pms] pm_svc_init...[0m
[32m[I/jmiot] iot_svc_init...[0m
[32m[I/jmiot] GPRS is not registration (Rx)[0m
[32m[I/voice] voice_svc_init...[0m
[32m[I/ui] ui_app_init...[0m
[32m[I/gkey] gkey_init...[0m
[32m[I/radar] radar_svc_init...[0m
[32m[I/radar] radar_svc_init, aeb feature not enable ![0m
[32m[I/ota] ota_svc_init...[0m
[32m[I/motor] motor_svc_init...[0m
[32m[I/slog] slog_svc_init...[0m
RTC: set alarm - a
[31m[E/at.clnt] wait AT client(usart1) connect timeout(10000 tick).[0m
[32m[I/at.dev.ec200x] ec200x device initialize retry 4...[0m
[31m[E/at.clnt] wait AT client(usart1) connect timeout(10000 tick).[0m
[32m[I/at.dev.ec200x] ec200x device initialize retry 3...[0m
[07:16:09.571726] --->
[32m[I/power_on] power_off_system[0m
[32m[I/power_on] power_off_system[0m
   }}_~  
[07:16:34.824412] --->
  \ | /
- RT -     Thread Operating System
/ | \     5.1.0 build Mar 20 2026 17:00:39
2006 - 2024 Copyright by RT-Thread team
rtc initialize success.
adc_vol, adc1 run success!
adc_vol, adc2 run success!
adc_vol, bms run success!
[32m[I/sal.skt] Socket Abstraction Layer initialize success.[0m
hwtimer, timer7 run success!
rtc clock source is set lsi!
RTC: set wkup 12000
watchdog, iwdg run success!
[32m[I/at.clnt] AT client(V1.3.1) on device usart1 initialize success.[0m
[32m[I/at.dev.ec200x] start init ec200x device.[0m
[33m[W/fs01] The version: V0452R336C01L0[0m
[32m[I/handle_bar] bar_value :2030[0m
Password for login:
[32m[I/pms] pm_svc_init...[0m
[32m[I/jmiot] iot_svc_init...[0m
[32m[I/jmiot] GPRS is not registration (Rx)[0m
[32m[I/voice] voice_svc_init...[0m
[32m[I/ui] ui_app_init...[0m
[32m[I/gkey] gkey_init...[0m
[32m[I/radar] radar_svc_init...[0m
[32m[I/radar] radar_svc_init, aeb feature not enable ![0m
[32m[I/ota] ota_svc_init...[0m
[32m[I/motor] motor_svc_init...[0m
[32m[I/slog] slog_svc_init...[0m
RTC: set alarm - a
[31m[E/at.clnt] wait AT client(usart1) connect timeout(10000 tick).[0m
[32m[I/at.dev.ec200x] ec200x device initialize retry 4...[0m
[31m[E/at.clnt] wait AT client(usart1) connect timeout(10000 tick).[0m
[32m[I/at.dev.ec200x] ec200x device initialize retry 3...[0m
[07:16:59.880614] --->
[32m[I/power_on] power_off_system[0m
   ~|}\|1|||>}|1|||8t||p|}~ 
[07:17:26.237458] --->
  \ | /
- RT -     Thread Operating System
/ | \     5.1.0 build Mar 20 2026 17:00:39
2006 - 2024 Copyright by RT-Thread team
rtc initialize success.
adc_vol, adc1 run success!
adc_vol, adc2 run success!
adc_vol, bms run success!
[32m[I/sal.skt] Socket Abstraction Layer initialize success.[0m
hwtimer, timer7 run success!
rtc clock source is set lsi!
RTC: set wkup 12000
watchdog, iwdg run success!
[32m[I/at.clnt] AT client(V1.3.1) on device usart1 initialize success.[0m
[32m[I/at.dev.ec200x] start init ec200x device.[0m
[33m[W/fs01] The version: V0452R336C01L0[0m
[32m[I/handle_bar] bar_value :2030[0m
Password for login:
[32m[I/pms] pm_svc_init...[0m
[32m[I/jmiot] iot_svc_init...[0m
[32m[I/jmiot] GPRS is not registration (Rx)[0m
[32m[I/voice] voice_svc_init...[0m
[32m[I/ui] ui_app_init...[0m
[32m[I/gkey] gkey_init...[0m
[32m[I/radar] radar_svc_init...[0m
[32m[I/radar] radar_svc_init, aeb feature not enable ![0m
[32m[I/ota] ota_svc_init...[0m
[32m[I/motor] motor_svc_init...[0m
[32m[I/slog] slog_svc_init...[0m
RTC: set alarm - a
[31m[E/at.clnt] wait AT client(usart1) connect timeout(10000 tick).[0m
[32m[I/at.dev.ec200x] ec200x device initialize retry 4...[0m
[31m[E/at.clnt] wait AT client(usart1) connect timeout(10000 tick).[0m
[32m[I/at.dev.ec200x] ec200x device initialize retry 3...[0m
[07:17:51.292600] --->
[32m[I/power_on] power_off_system[0m
[32m[I/power_on] power_off_system[0m
    p   
[07:18:21.146784] --->
  \ | /
- RT -     Thread Operating System
/ | \     5.1.0 build Mar 20 2026 17:00:39
2006 - 2024 Copyright by RT-Thread team
rtc initialize success.
adc_vol, adc1 run success!
adc_vol, adc2 run success!
adc_vol, bms run success!
[32m[I/sal.skt] Socket Abstraction Layer initialize success.[0m
hwtimer, timer7 run success!
rtc clock source is set lsi!
RTC: set wkup 12000
watchdog, iwdg run success!
[32m[I/at.clnt] AT client(V1.3.1) on device usart1 initialize success.[0m
[32m[I/at.dev.ec200x] start init ec200x device.[0m
[33m[W/fs01] The version: V0452R336C01L0[0m
[32m[I/handle_bar] bar_value :2030[0m
Password for login:
[32m[I/pms] pm_svc_init...[0m
[32m[I/jmiot] iot_svc_init...[0m
[32m[I/jmiot] GPRS is not registration (Rx)[0m
[32m[I/voice] voice_svc_init...[0m
[32m[I/ui] ui_app_init...[0m
[32m[I/gkey] gkey_init...[0m
[32m[I/radar] radar_svc_init...[0m
[32m[I/radar] radar_svc_init, aeb feature not enable ![0m
[32m[I/ota] ota_svc_init...[0m
[32m[I/motor] motor_svc_init...[0m
[32m[I/slog] slog_svc_init...[0m
RTC: set alarm - a
[31m[E/at.clnt] wait AT client(usart1) connect timeout(10000 tick).[0m
[32m[I/at.dev.ec200x] ec200x device initialize retry 4...[0m
[31m[E/at.clnt] wait AT client(usart1) connect timeout(10000 tick).[0m
[32m[I/at.dev.ec200x] ec200x device initialize retry 3...[0m
[07:18:46.202553] --->
[32m[I/power_on] power_off_system[0m
   }ܟ\ߟ|\||||]|| 
[07:19:13.255388] --->
  \ | /
- RT -     Thread Operating System
/ | \     5.1.0 build Mar 20 2026 17:00:39
2006 - 2024 Copyright by RT-Thread team
rtc initialize success.
adc_vol, adc1 run success!
adc_vol, adc2 run success!
adc_vol, bms run success!
[32m[I/sal.skt] Socket Abstraction Layer initialize success.[0m
hwtimer, timer7 run success!
rtc clock source is set lsi!
RTC: set wkup 12000
watchdog, iwdg run success!
[32m[I/at.clnt] AT client(V1.3.1) on device usart1 initialize success.[0m
[32m[I/at.dev.ec200x] start init ec200x device.[0m
[33m[W/fs01] The version: V0452R336C01L0[0m
[32m[I/handle_bar] bar_value :2030[0m
Password for login:
[32m[I/pms] pm_svc_init...[0m
[32m[I/jmiot] iot_svc_init...[0m
[32m[I/jmiot] GPRS is not registration (Rx)[0m
[32m[I/voice] voice_svc_init...[0m
[32m[I/ui] ui_app_init...[0m
[32m[I/gkey] gkey_init...[0m
[32m[I/radar] radar_svc_init...[0m
[32m[I/radar] radar_svc_init, aeb feature not enable ![0m
[32m[I/ota] ota_svc_init...[0m
[32m[I/motor] motor_svc_init...[0m
[32m[I/slog] slog_svc_init...[0m
RTC: set alarm - a
[31m[E/at.clnt] wait AT client(usart1) connect timeout(10000 tick).[0m
[32m[I/at.dev.ec200x] ec200x device initialize retry 4...[0m
[31m[E/at.clnt] wait AT client(usart1) connect timeout(10000 tick).[0m
[32m[I/at.dev.ec200x] ec200x device initialize retry 3...[0m
[07:19:38.307476] --->
[32m[I/power_on] power_off_system[0m
   ~}|\ ]]}}} 
[07:20:04.865462] --->
  \ | /
- RT -     Thread Operating System
/ | \     5.1.0 build Mar 20 2026 17:00:39
2006 - 2024 Copyright by RT-Thread team
rtc initialize success.
adc_vol, adc1 run success!
adc_vol, adc2 run success!
adc_vol, bms run success!
[32m[I/sal.skt] Socket Abstraction Layer initialize success.[0m
hwtimer, timer7 run success!
rtc clock source is set lsi!
RTC: set wkup 12000
watchdog, iwdg run success!
[32m[I/at.clnt] AT client(V1.3.1) on device usart1 initialize success.[0m
[32m[I/at.dev.ec200x] start init ec200x device.[0m
[33m[W/fs01] The version: V0452R336C01L0[0m
[32m[I/handle_bar] bar_value :2029[0m
Password for login:
[32m[I/pms] pm_svc_init...[0m
[32m[I/jmiot] iot_svc_init...[0m
[32m[I/jmiot] GPRS is not registration (Rx)[0m
[32m[I/voice] voice_svc_init...[0m
[32m[I/ui] ui_app_init...[0m
[32m[I/gkey] gkey_init...[0m
[32m[I/radar] radar_svc_init...[0m
[32m[I/radar] radar_svc_init, aeb feature not enable ![0m
[32m[I/ota] ota_svc_init...[0m
[32m[I/motor] motor_svc_init...[0m
[32m[I/slog] slog_svc_init...[0m
RTC: set alarm - a
[31m[E/at.clnt] wait AT client(usart1) connect timeout(10000 tick).[0m
[32m[I/at.dev.ec200x] ec200x device initialize retry 4...[0m
[31m[E/at.clnt] wait AT client(usart1) connect timeout(10000 tick).[0m
[32m[I/at.dev.ec200x] ec200x device initialize retry 3...[0m
[07:20:29.918920] --->
[32m[I/power_on] power_off_system[0m
[32m[I/power_on] power_off_system[0m
   |}|\|~|ܟ |]\]|\]|| 
[07:20:34.180167] --->
  \ | /
- RT -     Thread Operating System
/ | \     5.1.0 build Mar 20 2026 17:00:39
2006 - 2024 Copyright by RT-Thread team
rtc initialize success.
adc_vol, adc1 run success!
adc_vol, adc2 run success!
adc_vol, bms run success!
[32m[I/sal.skt] Socket Abstraction Layer initialize success.[0m
hwtimer, timer7 run success!
rtc clock source is set lsi!
RTC: set wkup 12000
watchdog, iwdg run success!
[32m[I/at.clnt] AT client(V1.3.1) on device usart1 initialize success.[0m
[32m[I/at.dev.ec200x] start init ec200x device.[0m
[33m[W/fs01] The version: V0452R336C01L0[0m
[32m[I/handle_bar] bar_value :2031[0m
Password for login:
[32m[I/pms] pm_svc_init...[0m
[32m[I/jmiot] iot_svc_init...[0m
[32m[I/jmiot] GPRS is not registration (Rx)[0m
[32m[I/voice] voice_svc_init...[0m
[32m[I/ui] ui_app_init...[0m
[32m[I/gkey] gkey_init...[0m
[32m[I/radar] radar_svc_init...[0m
[32m[I/radar] radar_svc_init, aeb feature not enable ![0m
[32m[I/ota] ota_svc_init...[0m
[32m[I/motor] motor_svc_init...[0m
[32m[I/slog] slog_svc_init...[0m
RTC: set alarm - a
[32m[I/voice] voice_msg num: 9[0m
[07:20:59.183140] --->
[31m[E/at.clnt] wait AT client(usart1) connect timeout(10000 tick).[0m
[32m[I/at.dev.ec200x] ec200x device initialize retry 4...[0m
[31m[E/at.clnt] wait AT client(usart1) connect timeout(10000 tick).[0m
[32m[I/at.dev.ec200x] ec200x device initialize retry 3...[0m
[07:21:24.235646] --->
[32m[I/power_on] power_off_system[0m
[32m[I/power_on] power_off_system[0m
   ~   8 8   |  
[07:21:51.090086] --->
  \ | /
- RT -     Thread Operating System
/ | \     5.1.0 build Mar 20 2026 17:00:39
2006 - 2024 Copyright by RT-Thread team
rtc initialize success.
adc_vol, adc1 run success!
adc_vol, adc2 run success!
adc_vol, bms run success!
[32m[I/sal.skt] Socket Abstraction Layer initialize success.[0m
hwtimer, timer7 run success!
rtc clock source is set lsi!
RTC: set wkup 12000
watchdog, iwdg run success!
[32m[I/at.clnt] AT client(V1.3.1) on device usart1 initialize success.[0m
[32m[I/at.dev.ec200x] start init ec200x device.[0m
[33m[W/fs01] The version: V0452R336C01L0[0m
[32m[I/handle_bar] bar_value :2029[0m
Password for login:
[32m[I/pms] pm_svc_init...[0m
[32m[I/jmiot] iot_svc_init...[0m
[32m[I/jmiot] GPRS is not registration (Rx)[0m
[32m[I/voice] voice_svc_init...[0m
[32m[I/ui] ui_app_init...[0m
[32m[I/gkey] gkey_init...[0m
[32m[I/radar] radar_svc_init...[0m
[32m[I/radar] radar_svc_init, aeb feature not enable ![0m
[32m[I/ota] ota_svc_init...[0m
[32m[I/motor] motor_svc_init...[0m
[32m[I/slog] slog_svc_init...[0m
RTC: set alarm - a
[31m[E/at.clnt] wait AT client(usart1) connect timeout(10000 tick).[0m
[32m[I/at.dev.ec200x] ec200x device initialize retry 4...[0m
[31m[E/at.clnt] wait AT client(usart1) connect timeout(10000 tick).[0m
[32m[I/at.dev.ec200x] ec200x device initialize retry 3...[0m
[07:22:16.146276] --->
[32m[I/power_on] power_off_system[0m
   ||\|z|||<| 
[07:22:45.700603] --->
  \ | /
- RT -     Thread Operating System
/ | \     5.1.0 build Mar 20 2026 17:00:39
2006 - 2024 Copyright by RT-Thread team
rtc initialize success.
adc_vol, adc1 run success!
adc_vol, adc2 run success!
adc_vol, bms run success!
[32m[I/sal.skt] Socket Abstraction Layer initialize success.[0m
hwtimer, timer7 run success!
rtc clock source is set lsi!
RTC: set wkup 12000
watchdog, iwdg run success!
[32m[I/at.clnt] AT client(V1.3.1) on device usart1 initialize success.[0m
[32m[I/at.dev.ec200x] start init ec200x device.[0m
[33m[W/fs01] The version: V0452R336C01L0[0m
[32m[I/handle_bar] bar_value :2029[0m
Password for login:
[32m[I/pms] pm_svc_init...[0m
[32m[I/jmiot] iot_svc_init...[0m
[32m[I/jmiot] GPRS is not registration (Rx)[0m
[32m[I/voice] voice_svc_init...[0m
[32m[I/ui] ui_app_init...[0m
[32m[I/gkey] gkey_init...[0m
[32m[I/radar] radar_svc_init...[0m
[32m[I/radar] radar_svc_init, aeb feature not enable ![0m
[32m[I/ota] ota_svc_init...[0m
[32m[I/motor] motor_svc_init...[0m
[32m[I/slog] slog_svc_init...[0m
RTC: set alarm - a
[31m[E/at.clnt] wait AT client(usart1) connect timeout(10000 tick).[0m
[32m[I/at.dev.ec200x] ec200x device initialize retry 4...[0m
[31m[E/at.clnt] wait AT client(usart1) connect timeout(10000 tick).[0m
[32m[I/at.dev.ec200x] ec200x device initialize retry 3...[0m
[07:23:10.752070] --->
[32m[I/power_on] power_off_system[0m
[32m[I/power_on] power_off_system[0m
     pG<   
[07:23:38.008175] --->
  \ | /
- RT -     Thread Operating System
/ | \     5.1.0 build Mar 20 2026 17:00:39
2006 - 2024 Copyright by RT-Thread team
rtc initialize success.
adc_vol, adc1 run success!
adc_vol, adc2 run success!
adc_vol, bms run success!
[32m[I/sal.skt] Socket Abstraction Layer initialize success.[0m
hwtimer, timer7 run success!
rtc clock source is set lsi!
RTC: set wkup 12000
watchdog, iwdg run success!
[32m[I/at.clnt] AT client(V1.3.1) on device usart1 initialize success.[0m
[32m[I/at.dev.ec200x] start init ec200x device.[0m
[33m[W/fs01] The version: V0452R336C01L0[0m
[32m[I/handle_bar] bar_value :2029[0m
Password for login:
[32m[I/pms] pm_svc_init...[0m
[32m[I/jmiot] iot_svc_init...[0m
[32m[I/jmiot] GPRS is not registration (Rx)[0m
[32m[I/voice] voice_svc_init...[0m
[32m[I/ui] ui_app_init...[0m
[32m[I/gkey] gkey_init...[0m
[32m[I/radar] radar_svc_init...[0m
[32m[I/radar] radar_svc_init, aeb feature not enable ![0m
[32m[I/ota] ota_svc_init...[0m
[32m[I/motor] motor_svc_init...[0m
[32m[I/slog] slog_svc_init...[0m
RTC: set alarm - a
[31m[E/at.clnt] wait AT client(usart1) connect timeout(10000 tick).[0m
[32m[I/at.dev.ec200x] ec200x device initialize retry 4...[0m
[31m[E/at.clnt] wait AT client(usart1) connect timeout(10000 tick).[0m
[32m[I/at.dev.ec200x] ec200x device initialize retry 3...[0m
[07:24:03.059810] --->
[32m[I/power_on] power_off_system[0m
   ||8||   
[07:24:10.316404] --->
  \ | /
- RT -     Thread Operating System
/ | \     5.1.0 build Mar 20 2026 17:00:39
2006 - 2024 Copyright by RT-Thread team
rtc initialize success.
adc_vol, adc1 run success!
adc_vol, adc2 run success!
adc_vol, bms run success!
[32m[I/sal.skt] Socket Abstraction Layer initialize success.[0m
hwtimer, timer7 run success!
rtc clock source is set lsi!
RTC: set wkup 12000
watchdog, iwdg run success!
[32m[I/at.clnt] AT client(V1.3.1) on device usart1 initialize success.[0m
[32m[I/at.dev.ec200x] start init ec200x device.[0m
[33m[W/fs01] The version: V0452R336C01L0[0m
[32m[I/handle_bar] bar_value :2029[0m
Password for login:
[32m[I/pms] pm_svc_init...[0m
[32m[I/jmiot] iot_svc_init...[0m
[32m[I/jmiot] GPRS is not registration (Rx)[0m
[32m[I/voice] voice_svc_init...[0m
[32m[I/ui] ui_app_init...[0m
[32m[I/gkey] gkey_init...[0m
[32m[I/radar] radar_svc_init...[0m
[32m[I/radar] radar_svc_init, aeb feature not enable ![0m
[32m[I/ota] ota_svc_init...[0m
[32m[I/motor] motor_svc_init...[0m
[32m[I/slog] slog_svc_init...[0m
RTC: set alarm - a
[32m[I/voice] voice_msg num: 9[0m
[07:24:35.320681] --->
[31m[E/at.clnt] wait AT client(usart1) connect timeout(10000 tick).[0m
[32m[I/at.dev.ec200x] ec200x device initialize retry 4...[0m
[31m[E/at.clnt] wait AT client(usart1) connect timeout(10000 tick).[0m
[32m[I/at.dev.ec200x] ec200x device initialize retry 3...[0m
[07:25:00.375129] --->
[32m[I/power_on] power_off_system[0m
   }||\|}9|| 
[07:25:29.131399] --->
  \ | /
- RT -     Thread Operating System
/ | \     5.1.0 build Mar 20 2026 17:00:39
2006 - 2024 Copyright by RT-Thread team
rtc initialize success.
adc_vol, adc1 run success!
adc_vol, adc2 run success!
adc_vol, bms run success!
[32m[I/sal.skt] Socket Abstraction Layer initialize success.[0m
hwtimer, timer7 run success!
rtc clock source is set lsi!
RTC: set wkup 12000
watchdog, iwdg run success!
[32m[I/at.clnt] AT client(V1.3.1) on device usart1 initialize success.[0m
[32m[I/at.dev.ec200x] start init ec200x device.[0m
[33m[W/fs01] The version: V0452R336C01L0[0m
[32m[I/handle_bar] bar_value :2029[0m
Password for login:
[32m[I/pms] pm_svc_init...[0m
[32m[I/jmiot] iot_svc_init...[0m
[32m[I/jmiot] GPRS is not registration (Rx)[0m
[32m[I/voice] voice_svc_init...[0m
[32m[I/ui] ui_app_init...[0m
[32m[I/gkey] gkey_init...[0m
[32m[I/radar] radar_svc_init...[0m
[32m[I/radar] radar_svc_init, aeb feature not enable ![0m
[32m[I/ota] ota_svc_init...[0m
[32m[I/motor] motor_svc_init...[0m
[32m[I/slog] slog_svc_init...[0m
RTC: set alarm - a
[31m[E/at.clnt] wait AT client(usart1) connect timeout(10000 tick).[0m
[32m[I/at.dev.ec200x] ec200x device initialize retry 4...[0m
[31m[E/at.clnt] wait AT client(usart1) connect timeout(10000 tick).[0m
[32m[I/at.dev.ec200x] ec200x device initialize retry 3...[0m
[07:25:54.183343] --->
[32m[I/power_on] power_off_system[0m
   |:|\\||||\]\|| 
[07:25:55.640678] --->
  \ | /
- RT -     Thread Operating System
/ | \     5.1.0 build Mar 20 2026 17:00:39
2006 - 2024 Copyright by RT-Thread team
rtc initialize success.
adc_vol, adc1 run success!
adc_vol, adc2 run success!
adc_vol, bms run success!
[32m[I/sal.skt] Socket Abstraction Layer initialize success.[0m
hwtimer, timer7 run success!
rtc clock source is set lsi!
RTC: set wkup 12000
watchdog, iwdg run success!
[32m[I/at.clnt] AT client(V1.3.1) on device usart1 initialize success.[0m
[32m[I/at.dev.ec200x] start init ec200x device.[0m
[33m[W/fs01] The version: V0452R336C01L0[0m
[32m[I/handle_bar] bar_value :2029[0m
Password for login:
[32m[I/pms] pm_svc_init...[0m
[32m[I/jmiot] iot_svc_init...[0m
[32m[I/jmiot] GPRS is not registration (Rx)[0m
[32m[I/voice] voice_svc_init...[0m
[32m[I/ui] ui_app_init...[0m
[32m[I/gkey] gkey_init...[0m
[32m[I/radar] radar_svc_init...[0m
[32m[I/radar] radar_svc_init, aeb feature not enable ![0m
[32m[I/ota] ota_svc_init...[0m
[32m[I/motor] motor_svc_init...[0m
[32m[I/slog] slog_svc_init...[0m
RTC: set alarm - a
[32m[I/voice] voice_msg num: 9[0m
[07:26:20.643678] --->
[31m[E/at.clnt] wait AT client(usart1) connect timeout(10000 tick).[0m
[32m[I/at.dev.ec200x] ec200x device initialize retry 4...[0m
[31m[E/at.clnt] wait AT client(usart1) connect timeout(10000 tick).[0m
[32m[I/at.dev.ec200x] ec200x device initialize retry 3...[0m
[07:26:45.696039] --->
[32m[I/power_on] power_off_system[0m
   _|  
[07:26:56.156517] --->
  \ | /
- RT -     Thread Operating System
/ | \     5.1.0 build Mar 20 2026 17:00:39
2006 - 2024 Copyright by RT-Thread team
rtc initialize success.
adc_vol, adc1 run success!
adc_vol, adc2 run success!
adc_vol, bms run success!
[32m[I/sal.skt] Socket Abstraction Layer initialize success.[0m
hwtimer, timer7 run success!
rtc clock source is set lsi!
RTC: set wkup 12000
watchdog, iwdg run success!
[32m[I/at.clnt] AT client(V1.3.1) on device usart1 initialize success.[0m
[32m[I/at.dev.ec200x] start init ec200x device.[0m
[33m[W/fs01] The version: V0452R336C01L0[0m
[32m[I/handle_bar] bar_value :2029[0m
Password for login:
[32m[I/pms] pm_svc_init...[0m
[32m[I/jmiot] iot_svc_init...[0m
[32m[I/jmiot] GPRS is not registration (Rx)[0m
[32m[I/voice] voice_svc_init...[0m
[32m[I/ui] ui_app_init...[0m
[32m[I/gkey] gkey_init...[0m
[32m[I/radar] radar_svc_init...[0m
[32m[I/radar] radar_svc_init, aeb feature not enable ![0m
[32m[I/ota] ota_svc_init...[0m
[32m[I/motor] motor_svc_init...[0m
[32m[I/slog] slog_svc_init...[0m
RTC: set alarm - a
[32m[I/voice] voice_msg num: 9[0m
[07:27:21.159078] --->
[31m[E/at.clnt] wait AT client(usart1) connect timeout(10000 tick).[0m
[32m[I/at.dev.ec200x] ec200x device initialize retry 4...[0m
[31m[E/at.clnt] wait AT client(usart1) connect timeout(10000 tick).[0m
[32m[I/at.dev.ec200x] ec200x device initialize retry 3...[0m
[31m[E/at.clnt] wait AT client(usart1) connect timeout(10000 tick).[0m
[32m[I/at.dev.ec200x] ec200x device initialize retry 2...[0m
[07:27:46.212289] --->
[32m[I/power_on] power_off_system[0m
   _ }| 
[07:27:47.672354] --->
  \ | /
- RT -     Thread Operating System
/ | \     5.1.0 build Mar 20 2026 17:00:39
2006 - 2024 Copyright by RT-Thread team
rtc initialize success.
adc_vol, adc1 run success!
adc_vol, adc2 run success!
adc_vol, bms run success!
[32m[I/sal.skt] Socket Abstraction Layer initialize success.[0m
hwtimer, timer7 run success!
rtc clock source is set lsi!
RTC: set wkup 12000
watchdog, iwdg run success!
[32m[I/at.clnt] AT client(V1.3.1) on device usart1 initialize success.[0m
[32m[I/at.dev.ec200x] start init ec200x device.[0m
[33m[W/fs01] The version: V0452R336C01L0[0m
[32m[I/handle_bar] bar_value :2029[0m
Password for login:
[32m[I/pms] pm_svc_init...[0m
[32m[I/jmiot] iot_svc_init...[0m
[32m[I/jmiot] GPRS is not registration (Rx)[0m
[32m[I/voice] voice_svc_init...[0m
[32m[I/ui] ui_app_init...[0m
[32m[I/gkey] gkey_init...[0m
[32m[I/radar] radar_svc_init...[0m
[32m[I/radar] radar_svc_init, aeb feature not enable ![0m
[32m[I/ota] ota_svc_init...[0m
[32m[I/motor] motor_svc_init...[0m
[32m[I/slog] slog_svc_init...[0m
RTC: set alarm - a
[32m[I/voice] voice_msg num: 9[0m
[07:28:12.678421] --->
[31m[E/at.clnt] wait AT client(usart1) connect timeout(10000 tick).[0m
[32m[I/at.dev.ec200x] ec200x device initialize retry 4...[0m
[31m[E/at.clnt] wait AT client(usart1) connect timeout(10000 tick).[0m
[32m[I/at.dev.ec200x] ec200x device initialize retry 3...[0m
[07:28:37.731770] --->
[32m[I/power_on] power_off_system[0m
   |\\\|||~||\}||| 
[07:28:39.191519] --->
  \ | /
- RT -     Thread Operating System
/ | \     5.1.0 build Mar 20 2026 17:00:39
2006 - 2024 Copyright by RT-Thread team
rtc initialize success.
adc_vol, adc1 run success!
adc_vol, adc2 run success!
adc_vol, bms run success!
[32m[I/sal.skt] Socket Abstraction Layer initialize success.[0m
hwtimer, timer7 run success!
rtc clock source is set lsi!
RTC: set wkup 12000
watchdog, iwdg run success!
[32m[I/at.clnt] AT client(V1.3.1) on device usart1 initialize success.[0m
[32m[I/at.dev.ec200x] start init ec200x device.[0m
[33m[W/fs01] The version: V0452R336C01L0[0m
[32m[I/handle_bar] bar_value :2029[0m
Password for login:
[32m[I/pms] pm_svc_init...[0m
[32m[I/jmiot] iot_svc_init...[0m
[32m[I/jmiot] GPRS is not registration (Rx)[0m
[32m[I/voice] voice_svc_init...[0m
[32m[I/ui] ui_app_init...[0m
[32m[I/gkey] gkey_init...[0m
[32m[I/radar] radar_svc_init...[0m
[32m[I/radar] radar_svc_init, aeb feature not enable ![0m
[32m[I/ota] ota_svc_init...[0m
[32m[I/motor] motor_svc_init...[0m
[32m[I/slog] slog_svc_init...[0m
RTC: set alarm - a
[32m[I/voice] voice_msg num: 9[0m
[07:29:04.197316] --->
[31m[E/at.clnt] wait AT client(usart1) connect timeout(10000 tick).[0m
[32m[I/at.dev.ec200x] ec200x device initialize retry 4...[0m
[31m[E/at.clnt] wait AT client(usart1) connect timeout(10000 tick).[0m
[32m[I/at.dev.ec200x] ec200x device initialize retry 3...[0m
[07:29:29.252901] --->
[32m[I/power_on] power_off_system[0m
   }|  
[07:29:36.513884] --->
  \ | /
- RT -     Thread Operating System
/ | \     5.1.0 build Mar 20 2026 17:00:39
2006 - 2024 Copyright by RT-Thread team
rtc initialize success.
adc_vol, adc1 run success!
adc_vol, adc2 run success!
adc_vol, bms run success!
[32m[I/sal.skt] Socket Abstraction Layer initialize success.[0m
hwtimer, timer7 run success!
rtc clock source is set lsi!
RTC: set wkup 12000
watchdog, iwdg run success!
[32m[I/at.clnt] AT client(V1.3.1) on device usart1 initialize success.[0m
[32m[I/at.dev.ec200x] start init ec200x device.[0m
[33m[W/fs01] The version: V0452R336C01L0[0m
[32m[I/handle_bar] bar_value :2029[0m
Password for login:
[32m[I/pms] pm_svc_init...[0m
[32m[I/jmiot] iot_svc_init...[0m
[32m[I/jmiot] GPRS is not registration (Rx)[0m
[32m[I/voice] voice_svc_init...[0m
[32m[I/ui] ui_app_init...[0m
[32m[I/gkey] gkey_init...[0m
[32m[I/radar] radar_svc_init...[0m
[32m[I/radar] radar_svc_init, aeb feature not enable ![0m
[32m[I/ota] ota_svc_init...[0m
[32m[I/motor] motor_svc_init...[0m
[32m[I/slog] slog_svc_init...[0m
RTC: set alarm - a
[32m[I/voice] voice_msg num: 9[0m
[07:30:01.517401] --->
[31m[E/at.clnt] wait AT client(usart1) connect timeout(10000 tick).[0m
[32m[I/at.dev.ec200x] ec200x device initialize retry 4...[0m
[31m[E/at.clnt] wait AT client(usart1) connect timeout(10000 tick).[0m
[32m[I/at.dev.ec200x] ec200x device initialize retry 3...[0m
[07:30:26.569158] --->
[32m[I/power_on] power_off_system[0m
   |` 
[07:30:30.826837] --->
  \ | /
- RT -     Thread Operating System
/ | \     5.1.0 build Mar 20 2026 17:00:39
2006 - 2024 Copyright by RT-Thread team
rtc initialize success.
adc_vol, adc1 run success!
adc_vol, adc2 run success!
adc_vol, bms run success!
[32m[I/sal.skt] Socket Abstraction Layer initialize success.[0m
hwtimer, timer7 run success!
rtc clock source is set lsi!
RTC: set wkup 12000
watchdog, iwdg run success!
[32m[I/at.clnt] AT client(V1.3.1) on device usart1 initialize success.[0m
[32m[I/at.dev.ec200x] start init ec200x device.[0m
[33m[W/fs01] The version: V0452R336C01L0[0m
[32m[I/handle_bar] bar_value :2030[0m
Password for login:
[32m[I/pms] pm_svc_init...[0m
[32m[I/jmiot] iot_svc_init...[0m
[32m[I/jmiot] GPRS is not registration (Rx)[0m
[32m[I/voice] voice_svc_init...[0m
[32m[I/ui] ui_app_init...[0m
[32m[I/gkey] gkey_init...[0m
[32m[I/radar] radar_svc_init...[0m
[32m[I/radar] radar_svc_init, aeb feature not enable ![0m
[32m[I/ota] ota_svc_init...[0m
[32m[I/motor] motor_svc_init...[0m
[32m[I/slog] slog_svc_init...[0m
RTC: set alarm - a
[32m[I/voice] voice_msg num: 9[0m
[07:30:55.830547] --->
[31m[E/at.clnt] wait AT client(usart1) connect timeout(10000 tick).[0m
[32m[I/at.dev.ec200x] ec200x device initialize retry 4...[0m
[31m[E/at.clnt] wait AT client(usart1) connect timeout(10000 tick).[0m
[32m[I/at.dev.ec200x] ec200x device initialize retry 3...[0m
[07:31:20.883192] --->
[32m[I/power_on] power_off_system[0m
   |  
[07:31:25.141625] --->
  \ | /
- RT -     Thread Operating System
/ | \     5.1.0 build Mar 20 2026 17:00:39
2006 - 2024 Copyright by RT-Thread team
rtc initialize success.
adc_vol, adc1 run success!
adc_vol, adc2 run success!
adc_vol, bms run success!
[32m[I/sal.skt] Socket Abstraction Layer initialize success.[0m
hwtimer, timer7 run success!
rtc clock source is set lsi!
RTC: set wkup 12000
watchdog, iwdg run success!
[32m[I/at.clnt] AT client(V1.3.1) on device usart1 initialize success.[0m
[32m[I/at.dev.ec200x] start init ec200x device.[0m
[33m[W/fs01] The version: V0452R336C01L0[0m
[32m[I/handle_bar] bar_value :2030[0m
Password for login:
[32m[I/pms] pm_svc_init...[0m
[32m[I/jmiot] iot_svc_init...[0m
[32m[I/jmiot] GPRS is not registration (Rx)[0m
[32m[I/voice] voice_svc_init...[0m
[32m[I/ui] ui_app_init...[0m
[32m[I/gkey] gkey_init...[0m
[32m[I/radar] radar_svc_init...[0m
[32m[I/radar] radar_svc_init, aeb feature not enable ![0m
[32m[I/ota] ota_svc_init...[0m
[32m[I/motor] motor_svc_init...[0m
[32m[I/slog] slog_svc_init...[0m
RTC: set alarm - a
[32m[I/voice] voice_msg num: 9[0m
[07:31:50.142391] --->
[31m[E/at.clnt] wait AT client(usart1) connect timeout(10000 tick).[0m
[32m[I/at.dev.ec200x] ec200x device initialize retry 4...[0m
[31m[E/at.clnt] wait AT client(usart1) connect timeout(10000 tick).[0m
[32m[I/at.dev.ec200x] ec200x device initialize retry 3...[0m
[07:32:15.196365] --->
[32m[I/power_on] power_off_system[0m
   ||}0||||~||~~||||||||~|}||~| 
[07:32:41.149611] --->
  \ | /
- RT -     Thread Operating System
/ | \     5.1.0 build Mar 20 2026 17:00:39
2006 - 2024 Copyright by RT-Thread team
rtc initialize success.
adc_vol, adc1 run success!
adc_vol, adc2 run success!
adc_vol, bms run success!
[32m[I/sal.skt] Socket Abstraction Layer initialize success.[0m
hwtimer, timer7 run success!
rtc clock source is set lsi!
RTC: set wkup 12000
watchdog, iwdg run success!
[32m[I/at.clnt] AT client(V1.3.1) on device usart1 initialize success.[0m
[32m[I/at.dev.ec200x] start init ec200x device.[0m
[33m[W/fs01] The version: V0452R336C01L0[0m
[32m[I/handle_bar] bar_value :2030[0m
Password for login:
[32m[I/pms] pm_svc_init...[0m
[32m[I/jmiot] iot_svc_init...[0m
[32m[I/jmiot] GPRS is not registration (Rx)[0m
[32m[I/voice] voice_svc_init...[0m
[32m[I/ui] ui_app_init...[0m
[32m[I/gkey] gkey_init...[0m
[32m[I/radar] radar_svc_init...[0m
[32m[I/radar] radar_svc_init, aeb feature not enable ![0m
[32m[I/ota] ota_svc_init...[0m
[32m[I/motor] motor_svc_init...[0m
[32m[I/slog] slog_svc_init...[0m
RTC: set alarm - a
[31m[E/at.clnt] wait AT client(usart1) connect timeout(10000 tick).[0m
[32m[I/at.dev.ec200x] ec200x device initialize retry 4...[0m
[31m[E/at.clnt] wait AT client(usart1) connect timeout(10000 tick).[0m
[32m[I/at.dev.ec200x] ec200x device initialize retry 3...[0m
[07:33:06.205056] --->
[32m[I/power_on] power_off_system[0m
[32m[I/power_on] power_off_system[0m
   |||  8 
[07:33:35.462039] --->
  \ | /
- RT -     Thread Operating System
/ | \     5.1.0 build Mar 20 2026 17:00:39
2006 - 2024 Copyright by RT-Thread team
rtc initialize success.
adc_vol, adc1 run success!
adc_vol, adc2 run success!
adc_vol, bms run success!
[32m[I/sal.skt] Socket Abstraction Layer initialize success.[0m
hwtimer, timer7 run success!
rtc clock source is set lsi!
RTC: set wkup 12000
watchdog, iwdg run success!
[32m[I/at.clnt] AT client(V1.3.1) on device usart1 initialize success.[0m
[32m[I/at.dev.ec200x] start init ec200x device.[0m
[33m[W/fs01] The version: V0452R336C01L0[0m
[32m[I/handle_bar] bar_value :2029[0m
Password for login:
[32m[I/pms] pm_svc_init...[0m
[32m[I/jmiot] iot_svc_init...[0m
[32m[I/jmiot] GPRS is not registration (Rx)[0m
[32m[I/voice] voice_svc_init...[0m
[32m[I/ui] ui_app_init...[0m
[32m[I/gkey] gkey_init...[0m
[32m[I/radar] radar_svc_init...[0m
[32m[I/radar] radar_svc_init, aeb feature not enable ![0m
[32m[I/ota] ota_svc_init...[0m
[32m[I/motor] motor_svc_init...[0m
[32m[I/slog] slog_svc_init...[0m
RTC: set alarm - a
[31m[E/at.clnt] wait AT client(usart1) connect timeout(10000 tick).[0m
[32m[I/at.dev.ec200x] ec200x device initialize retry 4...[0m
[31m[E/at.clnt] wait AT client(usart1) connect timeout(10000 tick).[0m
[32m[I/at.dev.ec200x] ec200x device initialize retry 3...[0m
[07:34:00.514680] --->
[32m[I/power_on] power_off_system[0m
   |\| |~|~ 
[07:34:28.467103] --->
  \ | /
- RT -     Thread Operating System
/ | \     5.1.0 build Mar 20 2026 17:00:39
2006 - 2024 Copyright by RT-Thread team
rtc initialize success.
adc_vol, adc1 run success!
adc_vol, adc2 run success!
adc_vol, bms run success!
[32m[I/sal.skt] Socket Abstraction Layer initialize success.[0m
hwtimer, timer7 run success!
rtc clock source is set lsi!
RTC: set wkup 12000
watchdog, iwdg run success!
[32m[I/at.clnt] AT client(V1.3.1) on device usart1 initialize success.[0m
[32m[I/at.dev.ec200x] start init ec200x device.[0m
[33m[W/fs01] The version: V0452R336C01L0[0m
[32m[I/handle_bar] bar_value :2030[0m
Password for login:
[32m[I/pms] pm_svc_init...[0m
[32m[I/jmiot] iot_svc_init...[0m
[32m[I/jmiot] GPRS is not registration (Rx)[0m
[32m[I/voice] voice_svc_init...[0m
[32m[I/ui] ui_app_init...[0m
[32m[I/gkey] gkey_init...[0m
[32m[I/radar] radar_svc_init...[0m
[32m[I/radar] radar_svc_init, aeb feature not enable ![0m
[32m[I/ota] ota_svc_init...[0m
[32m[I/motor] motor_svc_init...[0m
[32m[I/slog] slog_svc_init...[0m
RTC: set alarm - a
[31m[E/at.clnt] wait AT client(usart1) connect timeout(10000 tick).[0m
[32m[I/at.dev.ec200x] ec200x device initialize retry 4...[0m
[31m[E/at.clnt] wait AT client(usart1) connect timeout(10000 tick).[0m
[32m[I/at.dev.ec200x] ec200x device initialize retry 3...[0m
[07:34:53.523907] --->
[32m[I/power_on] power_off_system[0m
[32m[I/power_on] power_off_system[0m
   |<|8\||\\ 
[07:35:23.180207] --->
  \ | /
- RT -     Thread Operating System
/ | \     5.1.0 build Mar 20 2026 17:00:39
2006 - 2024 Copyright by RT-Thread team
rtc initialize success.
adc_vol, adc1 run success!
adc_vol, adc2 run success!
adc_vol, bms run success!
[32m[I/sal.skt] Socket Abstraction Layer initialize success.[0m
hwtimer, timer7 run success!
rtc clock source is set lsi!
RTC: set wkup 12000
watchdog, iwdg run success!
[32m[I/at.clnt] AT client(V1.3.1) on device usart1 initialize success.[0m
[32m[I/at.dev.ec200x] start init ec200x device.[0m
[33m[W/fs01] The version: V0452R336C01L0[0m
[32m[I/handle_bar] bar_value :2029[0m
Password for login:
[32m[I/pms] pm_svc_init...[0m
[32m[I/jmiot] iot_svc_init...[0m
[32m[I/jmiot] GPRS is not registration (Rx)[0m
[32m[I/voice] voice_svc_init...[0m
[32m[I/ui] ui_app_init...[0m
[32m[I/gkey] gkey_init...[0m
[32m[I/radar] radar_svc_init...[0m
[32m[I/radar] radar_svc_init, aeb feature not enable ![0m
[32m[I/ota] ota_svc_init...[0m
[32m[I/motor] motor_svc_init...[0m
[32m[I/slog] slog_svc_init...[0m
RTC: set alarm - a
[31m[E/at.clnt] wait AT client(usart1) connect timeout(10000 tick).[0m
[32m[I/at.dev.ec200x] ec200x device initialize retry 4...[0m
[31m[E/at.clnt] wait AT client(usart1) connect timeout(10000 tick).[0m
[32m[I/at.dev.ec200x] ec200x device initialize retry 3...[0m
[07:35:48.236204] --->
[32m[I/power_on] power_off_system[0m
   \]\_||||\ 
[07:36:15.790606] --->
  \ | /
- RT -     Thread Operating System
/ | \     5.1.0 build Mar 20 2026 17:00:39
2006 - 2024 Copyright by RT-Thread team
rtc initialize success.
adc_vol, adc1 run success!
adc_vol, adc2 run success!
adc_vol, bms run success!
[32m[I/sal.skt] Socket Abstraction Layer initialize success.[0m
hwtimer, timer7 run success!
rtc clock source is set lsi!
RTC: set wkup 12000
watchdog, iwdg run success!
[32m[I/at.clnt] AT client(V1.3.1) on device usart1 initialize success.[0m
[32m[I/at.dev.ec200x] start init ec200x device.[0m
[33m[W/fs01] The version: V0452R336C01L0[0m
[32m[I/handle_bar] bar_value :2029[0m
Password for login:
[32m[I/pms] pm_svc_init...[0m
[32m[I/jmiot] iot_svc_init...[0m
[32m[I/jmiot] GPRS is not registration (Rx)[0m
[32m[I/voice] voice_svc_init...[0m
[32m[I/ui] ui_app_init...[0m
[32m[I/gkey] gkey_init...[0m
[32m[I/radar] radar_svc_init...[0m
[32m[I/radar] radar_svc_init, aeb feature not enable ![0m
[32m[I/ota] ota_svc_init...[0m
[32m[I/motor] motor_svc_init...[0m
[32m[I/slog] slog_svc_init...[0m
RTC: set alarm - a
[31m[E/at.clnt] wait AT client(usart1) connect timeout(10000 tick).[0m
[32m[I/at.dev.ec200x] ec200x device initialize retry 4...[0m
[31m[E/at.clnt] wait AT client(usart1) connect timeout(10000 tick).[0m
[32m[I/at.dev.ec200x] ec200x device initialize retry 3...[0m
[07:36:40.844709] --->
[32m[I/power_on] power_off_system[0m
[32m[I/power_on] power_off_system[0m
   |\||||_|||\~_\||\|~\|\|ty 
[07:37:07.397022] --->
  \ | /
- RT -     Thread Operating System
/ | \     5.1.0 build Mar 20 2026 17:00:39
2006 - 2024 Copyright by RT-Thread team
rtc initialize success.
adc_vol, adc1 run success!
adc_vol, adc2 run success!
adc_vol, bms run success!
[32m[I/sal.skt] Socket Abstraction Layer initialize success.[0m
hwtimer, timer7 run success!
rtc clock source is set lsi!
RTC: set wkup 12000
watchdog, iwdg run success!
[32m[I/at.clnt] AT client(V1.3.1) on device usart1 initialize success.[0m
[32m[I/at.dev.ec200x] start init ec200x device.[0m
[33m[W/fs01] The version: V0452R336C01L0[0m
[32m[I/handle_bar] bar_value :2029[0m
Password for login:
[32m[I/pms] pm_svc_init...[0m
[32m[I/jmiot] iot_svc_init...[0m
[32m[I/jmiot] GPRS is not registration (Rx)[0m
[32m[I/voice] voice_svc_init...[0m
[32m[I/ui] ui_app_init...[0m
[32m[I/gkey] gkey_init...[0m
[32m[I/radar] radar_svc_init...[0m
[32m[I/radar] radar_svc_init, aeb feature not enable ![0m
[32m[I/ota] ota_svc_init...[0m
[32m[I/motor] motor_svc_init...[0m
[32m[I/slog] slog_svc_init...[0m
RTC: set alarm - a
[31m[E/at.clnt] wait AT client(usart1) connect timeout(10000 tick).[0m
[32m[I/at.dev.ec200x] ec200x device initialize retry 4...[0m
[31m[E/at.clnt] wait AT client(usart1) connect timeout(10000 tick).[0m
[32m[I/at.dev.ec200x] ec200x device initialize retry 3...[0m
[07:37:32.449387] --->
[32m[I/power_on] power_off_system[0m
[32m[I/power_on] power_off_system[0m
   |^|]|||\_}\|}| 
[07:38:01.303512] --->
  \ | /
- RT -     Thread Operating System
/ | \     5.1.0 build Mar 20 2026 17:00:39
2006 - 2024 Copyright by RT-Thread team
rtc initialize success.
adc_vol, adc1 run success!
adc_vol, adc2 run success!
adc_vol, bms run success!
[32m[I/sal.skt] Socket Abstraction Layer initialize success.[0m
hwtimer, timer7 run success!
rtc clock source is set lsi!
RTC: set wkup 12000
watchdog, iwdg run success!
[32m[I/at.clnt] AT client(V1.3.1) on device usart1 initialize success.[0m
[32m[I/at.dev.ec200x] start init ec200x device.[0m
[33m[W/fs01] The version: V0452R336C01L0[0m
[32m[I/handle_bar] bar_value :2029[0m
Password for login:
[32m[I/pms] pm_svc_init...[0m
[32m[I/jmiot] iot_svc_init...[0m
[32m[I/jmiot] GPRS is not registration (Rx)[0m
[32m[I/voice] voice_svc_init...[0m
[32m[I/ui] ui_app_init...[0m
[32m[I/gkey] gkey_init...[0m
[32m[I/radar] radar_svc_init...[0m
[32m[I/radar] radar_svc_init, aeb feature not enable ![0m
[32m[I/ota] ota_svc_init...[0m
[32m[I/motor] motor_svc_init...[0m
[32m[I/slog] slog_svc_init...[0m
RTC: set alarm - a
[31m[E/at.clnt] wait AT client(usart1) connect timeout(10000 tick).[0m
[32m[I/at.dev.ec200x] ec200x device initialize retry 4...[0m
[31m[E/at.clnt] wait AT client(usart1) connect timeout(10000 tick).[0m
[32m[I/at.dev.ec200x] ec200x device initialize retry 3...[0m
[07:38:26.356684] --->
[32m[I/power_on] power_off_system[0m
   81  
[07:38:55.610126] --->
  \ | /
- RT -     Thread Operating System
/ | \     5.1.0 build Mar 20 2026 17:00:39
2006 - 2024 Copyright by RT-Thread team
rtc initialize success.
adc_vol, adc1 run success!
adc_vol, adc2 run success!
adc_vol, bms run success!
[32m[I/sal.skt] Socket Abstraction Layer initialize success.[0m
hwtimer, timer7 run success!
rtc clock source is set lsi!
RTC: set wkup 12000
watchdog, iwdg run success!
[32m[I/at.clnt] AT client(V1.3.1) on device usart1 initialize success.[0m
[32m[I/at.dev.ec200x] start init ec200x device.[0m
[33m[W/fs01] The version: V0452R336C01L0[0m
[32m[I/handle_bar] bar_value :2029[0m
Password for login:
[32m[I/pms] pm_svc_init...[0m
[32m[I/jmiot] iot_svc_init...[0m
[32m[I/jmiot] GPRS is not registration (Rx)[0m
[32m[I/voice] voice_svc_init...[0m
[32m[I/ui] ui_app_init...[0m
[32m[I/gkey] gkey_init...[0m
[32m[I/radar] radar_svc_init...[0m
[32m[I/radar] radar_svc_init, aeb feature not enable ![0m
[32m[I/ota] ota_svc_init...[0m
[32m[I/motor] motor_svc_init...[0m
[32m[I/slog] slog_svc_init...[0m
RTC: set alarm - a
[31m[E/at.clnt] wait AT client(usart1) connect timeout(10000 tick).[0m
[32m[I/at.dev.ec200x] ec200x device initialize retry 4...[0m
[31m[E/at.clnt] wait AT client(usart1) connect timeout(10000 tick).[0m
[32m[I/at.dev.ec200x] ec200x device initialize retry 3...[0m
[07:39:20.666241] --->
[32m[I/power_on] power_off_system[0m
  }|  
[07:39:50.620021] --->
  \ | /
- RT -     Thread Operating System
/ | \     5.1.0 build Mar 20 2026 17:00:39
2006 - 2024 Copyright by RT-Thread team
rtc initialize success.
adc_vol, adc1 run success!
adc_vol, adc2 run success!
adc_vol, bms run success!
[32m[I/sal.skt] Socket Abstraction Layer initialize success.[0m
hwtimer, timer7 run success!
rtc clock source is set lsi!
RTC: set wkup 12000
watchdog, iwdg run success!
[32m[I/at.clnt] AT client(V1.3.1) on device usart1 initialize success.[0m
[32m[I/at.dev.ec200x] start init ec200x device.[0m
[33m[W/fs01] The version: V0452R336C01L0[0m
[32m[I/handle_bar] bar_value :2029[0m
Password for login:
[32m[I/pms] pm_svc_init...[0m
[32m[I/jmiot] iot_svc_init...[0m
[32m[I/jmiot] GPRS is not registration (Rx)[0m
[32m[I/voice] voice_svc_init...[0m
[32m[I/ui] ui_app_init...[0m
[32m[I/gkey] gkey_init...[0m
[32m[I/radar] radar_svc_init...[0m
[32m[I/radar] radar_svc_init, aeb feature not enable ![0m
[32m[I/ota] ota_svc_init...[0m
[32m[I/motor] motor_svc_init...[0m
[32m[I/slog] slog_svc_init...[0m
RTC: set alarm - a
[31m[E/at.clnt] wait AT client(usart1) connect timeout(10000 tick).[0m
[32m[I/at.dev.ec200x] ec200x device initialize retry 4...[0m
[31m[E/at.clnt] wait AT client(usart1) connect timeout(10000 tick).[0m
[32m[I/at.dev.ec200x] ec200x device initialize retry 3...[0m
[07:40:15.676275] --->
[32m[I/power_on] power_off_system[0m
[32m[I/power_on] power_off_system[0m
   |8||  8   
[07:40:45.734070] --->
  \ | /
- RT -     Thread Operating System
/ | \     5.1.0 build Mar 20 2026 17:00:39
2006 - 2024 Copyright by RT-Thread team
rtc initialize success.
adc_vol, adc1 run success!
adc_vol, adc2 run success!
adc_vol, bms run success!
[32m[I/sal.skt] Socket Abstraction Layer initialize success.[0m
hwtimer, timer7 run success!
rtc clock source is set lsi!
RTC: set wkup 12000
watchdog, iwdg run success!
[32m[I/at.clnt] AT client(V1.3.1) on device usart1 initialize success.[0m
[32m[I/at.dev.ec200x] start init ec200x device.[0m
[33m[W/fs01] The version: V0452R336C01L0[0m
[32m[I/handle_bar] bar_value :2029[0m
Password for login:
[32m[I/pms] pm_svc_init...[0m
[32m[I/jmiot] iot_svc_init...[0m
[32m[I/jmiot] GPRS is not registration (Rx)[0m
[32m[I/voice] voice_svc_init...[0m
[32m[I/ui] ui_app_init...[0m
[32m[I/gkey] gkey_init...[0m
[32m[I/radar] radar_svc_init...[0m
[32m[I/radar] radar_svc_init, aeb feature not enable ![0m
[32m[I/ota] ota_svc_init...[0m
[32m[I/motor] motor_svc_init...[0m
[32m[I/slog] slog_svc_init...[0m
RTC: set alarm - a
[31m[E/at.clnt] wait AT client(usart1) connect timeout(10000 tick).[0m
[32m[I/at.dev.ec200x] ec200x device initialize retry 4...[0m
[31m[E/at.clnt] wait AT client(usart1) connect timeout(10000 tick).[0m
[32m[I/at.dev.ec200x] ec200x device initialize retry 3...[0m
[07:41:10.787744] --->
[32m[I/power_on] power_off_system[0m
   }  
[07:41:37.344179] --->
  \ | /
- RT -     Thread Operating System
/ | \     5.1.0 build Mar 20 2026 17:00:39
2006 - 2024 Copyright by RT-Thread team
rtc initialize success.
adc_vol, adc1 run success!
adc_vol, adc2 run success!
adc_vol, bms run success!
[32m[I/sal.skt] Socket Abstraction Layer initialize success.[0m
hwtimer, timer7 run success!
rtc clock source is set lsi!
RTC: set wkup 12000
watchdog, iwdg run success!
[32m[I/at.clnt] AT client(V1.3.1) on device usart1 initialize success.[0m
[32m[I/at.dev.ec200x] start init ec200x device.[0m
[33m[W/fs01] The version: V0452R336C01L0[0m
[32m[I/handle_bar] bar_value :2029[0m
Password for login:
[32m[I/pms] pm_svc_init...[0m
[32m[I/jmiot] iot_svc_init...[0m
[32m[I/jmiot] GPRS is not registration (Rx)[0m
[32m[I/voice] voice_svc_init...[0m
[32m[I/ui] ui_app_init...[0m
[32m[I/gkey] gkey_init...[0m
[32m[I/radar] radar_svc_init...[0m
[32m[I/radar] radar_svc_init, aeb feature not enable ![0m
[32m[I/ota] ota_svc_init...[0m
[32m[I/motor] motor_svc_init...[0m
[32m[I/slog] slog_svc_init...[0m
RTC: set alarm - a
[31m[E/at.clnt] wait AT client(usart1) connect timeout(10000 tick).[0m
[32m[I/at.dev.ec200x] ec200x device initialize retry 4...[0m
[31m[E/at.clnt] wait AT client(usart1) connect timeout(10000 tick).[0m
[32m[I/at.dev.ec200x] ec200x device initialize retry 3...[0m
[07:42:02.397719] --->
[32m[I/power_on] power_off_system[0m
[32m[I/power_on] power_off_system[0m
   |t} x 8  
[07:42:31.554457] --->
  \ | /
- RT -     Thread Operating System
/ | \     5.1.0 build Mar 20 2026 17:00:39
2006 - 2024 Copyright by RT-Thread team
rtc initialize success.
adc_vol, adc1 run success!
adc_vol, adc2 run success!
adc_vol, bms run success!
[32m[I/sal.skt] Socket Abstraction Layer initialize success.[0m
hwtimer, timer7 run success!
rtc clock source is set lsi!
RTC: set wkup 12000
watchdog, iwdg run success!
[32m[I/at.clnt] AT client(V1.3.1) on device usart1 initialize success.[0m
[32m[I/at.dev.ec200x] start init ec200x device.[0m
[33m[W/fs01] The version: V0452R336C01L0[0m
[32m[I/handle_bar] bar_value :2030[0m
Password for login:
[32m[I/pms] pm_svc_init...[0m
[32m[I/jmiot] iot_svc_init...[0m
[32m[I/jmiot] GPRS is not registration (Rx)[0m
[32m[I/voice] voice_svc_init...[0m
[32m[I/ui] ui_app_init...[0m
[32m[I/gkey] gkey_init...[0m
[32m[I/radar] radar_svc_init...[0m
[32m[I/radar] radar_svc_init, aeb feature not enable ![0m
[32m[I/ota] ota_svc_init...[0m
[32m[I/motor] motor_svc_init...[0m
[32m[I/slog] slog_svc_init...[0m
RTC: set alarm - a
[31m[E/at.clnt] wait AT client(usart1) connect timeout(10000 tick).[0m
[32m[I/at.dev.ec200x] ec200x device initialize retry 4...[0m
[31m[E/at.clnt] wait AT client(usart1) connect timeout(10000 tick).[0m
[32m[I/at.dev.ec200x] ec200x device initialize retry 3...[0m
[07:42:56.607846] --->
[32m[I/power_on] power_off_system[0m
[32m[I/power_on] power_off_system[0m
   } t<88p   
[07:43:22.661094] --->
  \ | /
- RT -     Thread Operating System
/ | \     5.1.0 build Mar 20 2026 17:00:39
2006 - 2024 Copyright by RT-Thread team
rtc initialize success.
adc_vol, adc1 run success!
adc_vol, adc2 run success!
adc_vol, bms run success!
[32m[I/sal.skt] Socket Abstraction Layer initialize success.[0m
hwtimer, timer7 run success!
rtc clock source is set lsi!
RTC: set wkup 12000
watchdog, iwdg run success!
[32m[I/at.clnt] AT client(V1.3.1) on device usart1 initialize success.[0m
[32m[I/at.dev.ec200x] start init ec200x device.[0m
[33m[W/fs01] The version: V0452R336C01L0[0m
[32m[I/handle_bar] bar_value :2030[0m
Password for login:
[32m[I/pms] pm_svc_init...[0m
[32m[I/jmiot] iot_svc_init...[0m
[32m[I/jmiot] GPRS is not registration (Rx)[0m
[32m[I/voice] voice_svc_init...[0m
[32m[I/ui] ui_app_init...[0m
[32m[I/gkey] gkey_init...[0m
[32m[I/radar] radar_svc_init...[0m
[32m[I/radar] radar_svc_init, aeb feature not enable ![0m
[32m[I/ota] ota_svc_init...[0m
[32m[I/motor] motor_svc_init...[0m
[32m[I/slog] slog_svc_init...[0m
RTC: set alarm - a
[31m[E/at.clnt] wait AT client(usart1) connect timeout(10000 tick).[0m
[32m[I/at.dev.ec200x] ec200x device initialize retry 4...[0m
[31m[E/at.clnt] wait AT client(usart1) connect timeout(10000 tick).[0m
[32m[I/at.dev.ec200x] ec200x device initialize retry 3...[0m
[07:43:47.714671] --->
[32m[I/power_on] power_off_system[0m
   }]| }]}Yܜ|] 
[07:44:15.571283] --->
  \ | /
- RT -     Thread Operating System
/ | \     5.1.0 build Mar 20 2026 17:00:39
2006 - 2024 Copyright by RT-Thread team
rtc initialize success.
adc_vol, adc1 run success!
adc_vol, adc2 run success!
adc_vol, bms run success!
[32m[I/sal.skt] Socket Abstraction Layer initialize success.[0m
hwtimer, timer7 run success!
rtc clock source is set lsi!
RTC: set wkup 12000
watchdog, iwdg run success!
[32m[I/at.clnt] AT client(V1.3.1) on device usart1 initialize success.[0m
[32m[I/at.dev.ec200x] start init ec200x device.[0m
[33m[W/fs01] The version: V0452R336C01L0[0m
[32m[I/handle_bar] bar_value :2029[0m
Password for login:
[32m[I/pms] pm_svc_init...[0m
[32m[I/jmiot] iot_svc_init...[0m
[32m[I/jmiot] GPRS is not registration (Rx)[0m
[32m[I/voice] voice_svc_init...[0m
[32m[I/ui] ui_app_init...[0m
[32m[I/gkey] gkey_init...[0m
[32m[I/radar] radar_svc_init...[0m
[32m[I/radar] radar_svc_init, aeb feature not enable ![0m
[32m[I/ota] ota_svc_init...[0m
[32m[I/motor] motor_svc_init...[0m
[32m[I/slog] slog_svc_init...[0m
RTC: set alarm - a
[31m[E/at.clnt] wait AT client(usart1) connect timeout(10000 tick).[0m
[32m[I/at.dev.ec200x] ec200x device initialize retry 4...[0m
[31m[E/at.clnt] wait AT client(usart1) connect timeout(10000 tick).[0m
[32m[I/at.dev.ec200x] ec200x device initialize retry 3...[0m
[07:44:40.626717] --->
[32m[I/power_on] power_off_system[0m
   |"  8  
[07:45:08.783326] --->
  \ | /
- RT -     Thread Operating System
/ | \     5.1.0 build Mar 20 2026 17:00:39
2006 - 2024 Copyright by RT-Thread team
rtc initialize success.
adc_vol, adc1 run success!
adc_vol, adc2 run success!
adc_vol, bms run success!
[32m[I/sal.skt] Socket Abstraction Layer initialize success.[0m
hwtimer, timer7 run success!
rtc clock source is set lsi!
RTC: set wkup 12000
watchdog, iwdg run success!
[32m[I/at.clnt] AT client(V1.3.1) on device usart1 initialize success.[0m
[32m[I/at.dev.ec200x] start init ec200x device.[0m
[33m[W/fs01] The version: V0452R336C01L0[0m
[32m[I/handle_bar] bar_value :2030[0m
Password for login:
[32m[I/pms] pm_svc_init...[0m
[32m[I/jmiot] iot_svc_init...[0m
[32m[I/jmiot] GPRS is not registration (Rx)[0m
[32m[I/voice] voice_svc_init...[0m
[32m[I/ui] ui_app_init...[0m
[32m[I/gkey] gkey_init...[0m
[32m[I/radar] radar_svc_init...[0m
[32m[I/radar] radar_svc_init, aeb feature not enable ![0m
[32m[I/ota] ota_svc_init...[0m
[32m[I/motor] motor_svc_init...[0m
[32m[I/slog] slog_svc_init...[0m
RTC: set alarm - a
[31m[E/at.clnt] wait AT client(usart1) connect timeout(10000 tick).[0m
[32m[I/at.dev.ec200x] ec200x device initialize retry 4...[0m
[31m[E/at.clnt] wait AT client(usart1) connect timeout(10000 tick).[0m
[32m[I/at.dev.ec200x] ec200x device initialize retry 3...[0m
[07:45:33.838867] --->
[32m[I/power_on] power_off_system[0m
[32m[I/pms] sleep failed, tsk_id: 1[0m
[32m[I/power_on] power_off_system[0m
     
[07:46:01.493564] --->
  \ | /
- RT -     Thread Operating System
/ | \     5.1.0 build Mar 20 2026 17:00:39
2006 - 2024 Copyright by RT-Thread team
rtc initialize success.
adc_vol, adc1 run success!
adc_vol, adc2 run success!
adc_vol, bms run success!
[32m[I/sal.skt] Socket Abstraction Layer initialize success.[0m
hwtimer, timer7 run success!
rtc clock source is set lsi!
RTC: set wkup 12000
watchdog, iwdg run success!
[32m[I/at.clnt] AT client(V1.3.1) on device usart1 initialize success.[0m
[32m[I/at.dev.ec200x] start init ec200x device.[0m
[33m[W/fs01] The version: V0452R336C01L0[0m
[32m[I/handle_bar] bar_value :2029[0m
Password for login:
[32m[I/pms] pm_svc_init...[0m
[32m[I/jmiot] iot_svc_init...[0m
[32m[I/jmiot] GPRS is not registration (Rx)[0m
[32m[I/voice] voice_svc_init...[0m
[32m[I/ui] ui_app_init...[0m
[32m[I/gkey] gkey_init...[0m
[32m[I/radar] radar_svc_init...[0m
[32m[I/radar] radar_svc_init, aeb feature not enable ![0m
[32m[I/ota] ota_svc_init...[0m
[32m[I/motor] motor_svc_init...[0m
[32m[I/slog] slog_svc_init...[0m
RTC: set alarm - a
[31m[E/at.clnt] wait AT client(usart1) connect timeout(10000 tick).[0m
[32m[I/at.dev.ec200x] ec200x device initialize retry 4...[0m
[31m[E/at.clnt] wait AT client(usart1) connect timeout(10000 tick).[0m
[32m[I/at.dev.ec200x] ec200x device initialize retry 3...[0m
[07:46:26.545965] --->
[32m[I/power_on] power_off_system[0m
   |\_\}|]| }~}]]\ 
[07:46:55.300805] --->
  \ | /
- RT -     Thread Operating System
/ | \     5.1.0 build Mar 20 2026 17:00:39
2006 - 2024 Copyright by RT-Thread team
rtc initialize success.
adc_vol, adc1 run success!
adc_vol, adc2 run success!
adc_vol, bms run success!
[32m[I/sal.skt] Socket Abstraction Layer initialize success.[0m
hwtimer, timer7 run success!
rtc clock source is set lsi!
RTC: set wkup 12000
watchdog, iwdg run success!
[32m[I/at.clnt] AT client(V1.3.1) on device usart1 initialize success.[0m
[32m[I/at.dev.ec200x] start init ec200x device.[0m
[33m[W/fs01] The version: V0452R336C01L0[0m
[32m[I/handle_bar] bar_value :2029[0m
Password for login:
[32m[I/pms] pm_svc_init...[0m
[32m[I/jmiot] iot_svc_init...[0m
[32m[I/jmiot] GPRS is not registration (Rx)[0m
[32m[I/voice] voice_svc_init...[0m
[32m[I/ui] ui_app_init...[0m
[32m[I/gkey] gkey_init...[0m
[32m[I/radar] radar_svc_init...[0m
[32m[I/radar] radar_svc_init, aeb feature not enable ![0m
[32m[I/ota] ota_svc_init...[0m
[32m[I/motor] motor_svc_init...[0m
[32m[I/slog] slog_svc_init...[0m
RTC: set alarm - a
[31m[E/at.clnt] wait AT client(usart1) connect timeout(10000 tick).[0m
[32m[I/at.dev.ec200x] ec200x device initialize retry 4...[0m
[31m[E/at.clnt] wait AT client(usart1) connect timeout(10000 tick).[0m
[32m[I/at.dev.ec200x] ec200x device initialize retry 3...[0m
[07:47:20.355955] --->
[32m[I/power_on] power_off_system[0m
   _|<\| 8   
[07:47:49.113408] --->
  \ | /
- RT -     Thread Operating System
/ | \     5.1.0 build Mar 20 2026 17:00:39
2006 - 2024 Copyright by RT-Thread team
rtc initialize success.
adc_vol, adc1 run success!
adc_vol, adc2 run success!
adc_vol, bms run success!
[32m[I/sal.skt] Socket Abstraction Layer initialize success.[0m
hwtimer, timer7 run success!
rtc clock source is set lsi!
RTC: set wkup 12000
watchdog, iwdg run success!
[32m[I/at.clnt] AT client(V1.3.1) on device usart1 initialize success.[0m
[32m[I/at.dev.ec200x] start init ec200x device.[0m
[33m[W/fs01] The version: V0452R336C01L0[0m
[32m[I/handle_bar] bar_value :2030[0m
Password for login:
[32m[I/pms] pm_svc_init...[0m
[32m[I/jmiot] iot_svc_init...[0m
[32m[I/jmiot] GPRS is not registration (Rx)[0m
[32m[I/voice] voice_svc_init...[0m
[32m[I/ui] ui_app_init...[0m
[32m[I/gkey] gkey_init...[0m
[32m[I/radar] radar_svc_init...[0m
[32m[I/radar] radar_svc_init, aeb feature not enable ![0m
[32m[I/ota] ota_svc_init...[0m
[32m[I/motor] motor_svc_init...[0m
[32m[I/slog] slog_svc_init...[0m
RTC: set alarm - a
[31m[E/at.clnt] wait AT client(usart1) connect timeout(10000 tick).[0m
[32m[I/at.dev.ec200x] ec200x device initialize retry 4...[0m
[31m[E/at.clnt] wait AT client(usart1) connect timeout(10000 tick).[0m
[32m[I/at.dev.ec200x] ec200x device initialize retry 3...[0m
[07:48:14.167272] --->
[32m[I/power_on] power_off_system[0m
   |]]|\ݜ]]|||} 
[07:48:40.823410] --->
  \ | /
- RT -     Thread Operating System
/ | \     5.1.0 build Mar 20 2026 17:00:39
2006 - 2024 Copyright by RT-Thread team
rtc initialize success.
adc_vol, adc1 run success!
adc_vol, adc2 run success!
adc_vol, bms run success!
[32m[I/sal.skt] Socket Abstraction Layer initialize success.[0m
hwtimer, timer7 run success!
rtc clock source is set lsi!
RTC: set wkup 12000
watchdog, iwdg run success!
[32m[I/at.clnt] AT client(V1.3.1) on device usart1 initialize success.[0m
[32m[I/at.dev.ec200x] start init ec200x device.[0m
[33m[W/fs01] The version: V0452R336C01L0[0m
[32m[I/handle_bar] bar_value :2030[0m
Password for login:
[32m[I/pms] pm_svc_init...[0m
[32m[I/jmiot] iot_svc_init...[0m
[32m[I/jmiot] GPRS is not registration (Rx)[0m
[32m[I/voice] voice_svc_init...[0m
[32m[I/ui] ui_app_init...[0m
[32m[I/gkey] gkey_init...[0m
[32m[I/radar] radar_svc_init...[0m
[32m[I/radar] radar_svc_init, aeb feature not enable ![0m
[32m[I/ota] ota_svc_init...[0m
[32m[I/motor] motor_svc_init...[0m
[32m[I/slog] slog_svc_init...[0m
RTC: set alarm - a
[31m[E/at.clnt] wait AT client(usart1) connect timeout(10000 tick).[0m
[32m[I/at.dev.ec200x] ec200x device initialize retry 4...[0m
[31m[E/at.clnt] wait AT client(usart1) connect timeout(10000 tick).[0m
[32m[I/at.dev.ec200x] ec200x device initialize retry 3...[0m
[07:49:05.878097] --->
[32m[I/power_on] power_off_system[0m
   |||||||||}||| 
[07:49:34.831048] --->
  \ | /
- RT -     Thread Operating System
/ | \     5.1.0 build Mar 20 2026 17:00:39
2006 - 2024 Copyright by RT-Thread team
rtc initialize success.
adc_vol, adc1 run success!
adc_vol, adc2 run success!
adc_vol, bms run success!
[32m[I/sal.skt] Socket Abstraction Layer initialize success.[0m
hwtimer, timer7 run success!
rtc clock source is set lsi!
RTC: set wkup 12000
watchdog, iwdg run success!
[32m[I/at.clnt] AT client(V1.3.1) on device usart1 initialize success.[0m
[32m[I/at.dev.ec200x] start init ec200x device.[0m
[33m[W/fs01] The version: V0452R336C01L0[0m
[32m[I/handle_bar] bar_value :2030[0m
Password for login:
[32m[I/pms] pm_svc_init...[0m
[32m[I/jmiot] iot_svc_init...[0m
[32m[I/jmiot] GPRS is not registration (Rx)[0m
[32m[I/voice] voice_svc_init...[0m
[32m[I/ui] ui_app_init...[0m
[32m[I/gkey] gkey_init...[0m
[32m[I/radar] radar_svc_init...[0m
[32m[I/radar] radar_svc_init, aeb feature not enable ![0m
[32m[I/ota] ota_svc_init...[0m
[32m[I/motor] motor_svc_init...[0m
[32m[I/slog] slog_svc_init...[0m
RTC: set alarm - a
[31m[E/at.clnt] wait AT client(usart1) connect timeout(10000 tick).[0m
[32m[I/at.dev.ec200x] ec200x device initialize retry 4...[0m
[31m[E/at.clnt] wait AT client(usart1) connect timeout(10000 tick).[0m
[32m[I/at.dev.ec200x] ec200x device initialize retry 3...[0m
[07:49:59.883003] --->
[32m[I/power_on] power_off_system[0m
[32m[I/power_on] power_off_system[0m
   }|988<||p   
[07:50:26.640261] --->
  \ | /
- RT -     Thread Operating System
/ | \     5.1.0 build Mar 20 2026 17:00:39
2006 - 2024 Copyright by RT-Thread team
rtc initialize success.
adc_vol, adc1 run success!
adc_vol, adc2 run success!
adc_vol, bms run success!
[32m[I/sal.skt] Socket Abstraction Layer initialize success.[0m
hwtimer, timer7 run success!
rtc clock source is set lsi!
RTC: set wkup 12000
watchdog, iwdg run success!
[32m[I/at.clnt] AT client(V1.3.1) on device usart1 initialize success.[0m
[32m[I/at.dev.ec200x] start init ec200x device.[0m
[33m[W/fs01] The version: V0452R336C01L0[0m
[32m[I/handle_bar] bar_value :2030[0m
Password for login:
[32m[I/pms] pm_svc_init...[0m
[32m[I/jmiot] iot_svc_init...[0m
[32m[I/jmiot] GPRS is not registration (Rx)[0m
[32m[I/voice] voice_svc_init...[0m
[32m[I/ui] ui_app_init...[0m
[32m[I/gkey] gkey_init...[0m
[32m[I/radar] radar_svc_init...[0m
[32m[I/radar] radar_svc_init, aeb feature not enable ![0m
[32m[I/ota] ota_svc_init...[0m
[32m[I/motor] motor_svc_init...[0m
[32m[I/slog] slog_svc_init...[0m
RTC: set alarm - a
[31m[E/at.clnt] wait AT client(usart1) connect timeout(10000 tick).[0m
[32m[I/at.dev.ec200x] ec200x device initialize retry 4...[0m
[31m[E/at.clnt] wait AT client(usart1) connect timeout(10000 tick).[0m
[32m[I/at.dev.ec200x] ec200x device initialize retry 3...[0m
[07:50:51.696305] --->
[32m[I/power_on] power_off_system[0m
[32m[I/power_on] power_off_system[0m
   |  
[07:51:20.951317] --->
  \ | /
- RT -     Thread Operating System
/ | \     5.1.0 build Mar 20 2026 17:00:39
2006 - 2024 Copyright by RT-Thread team
rtc initialize success.
adc_vol, adc1 run success!
adc_vol, adc2 run success!
adc_vol, bms run success!
[32m[I/sal.skt] Socket Abstraction Layer initialize success.[0m
hwtimer, timer7 run success!
rtc clock source is set lsi!
RTC: set wkup 12000
watchdog, iwdg run success!
[32m[I/at.clnt] AT client(V1.3.1) on device usart1 initialize success.[0m
[32m[I/at.dev.ec200x] start init ec200x device.[0m
[33m[W/fs01] The version: V0452R336C01L0[0m
[32m[I/handle_bar] bar_value :2030[0m
Password for login:
[32m[I/pms] pm_svc_init...[0m
[32m[I/jmiot] iot_svc_init...[0m
[32m[I/jmiot] GPRS is not registration (Rx)[0m
[32m[I/voice] voice_svc_init...[0m
[32m[I/ui] ui_app_init...[0m
[32m[I/gkey] gkey_init...[0m
[32m[I/radar] radar_svc_init...[0m
[32m[I/radar] radar_svc_init, aeb feature not enable ![0m
[32m[I/ota] ota_svc_init...[0m
[32m[I/motor] motor_svc_init...[0m
[32m[I/slog] slog_svc_init...[0m
RTC: set alarm - a
[31m[E/at.clnt] wait AT client(usart1) connect timeout(10000 tick).[0m
[32m[I/at.dev.ec200x] ec200x device initialize retry 4...[0m
[31m[E/at.clnt] wait AT client(usart1) connect timeout(10000 tick).[0m
[32m[I/at.dev.ec200x] ec200x device initialize retry 3...[0m
[07:51:46.007211] --->
[32m[I/power_on] power_off_system[0m
   ||>}88P88  
[07:52:13.861056] --->
  \ | /
- RT -     Thread Operating System
/ | \     5.1.0 build Mar 20 2026 17:00:39
2006 - 2024 Copyright by RT-Thread team
rtc initialize success.
adc_vol, adc1 run success!
adc_vol, adc2 run success!
adc_vol, bms run success!
[32m[I/sal.skt] Socket Abstraction Layer initialize success.[0m
hwtimer, timer7 run success!
rtc clock source is set lsi!
RTC: set wkup 12000
watchdog, iwdg run success!
[32m[I/at.clnt] AT client(V1.3.1) on device usart1 initialize success.[0m
[32m[I/at.dev.ec200x] start init ec200x device.[0m
[33m[W/fs01] The version: V0452R336C01L0[0m
[32m[I/handle_bar] bar_value :2030[0m
Password for login:
[32m[I/pms] pm_svc_init...[0m
[32m[I/jmiot] iot_svc_init...[0m
[32m[I/jmiot] GPRS is not registration (Rx)[0m
[32m[I/voice] voice_svc_init...[0m
[32m[I/ui] ui_app_init...[0m
[32m[I/gkey] gkey_init...[0m
[32m[I/radar] radar_svc_init...[0m
[32m[I/radar] radar_svc_init, aeb feature not enable ![0m
[32m[I/ota] ota_svc_init...[0m
[32m[I/motor] motor_svc_init...[0m
[32m[I/slog] slog_svc_init...[0m
RTC: set alarm - a
[31m[E/at.clnt] wait AT client(usart1) connect timeout(10000 tick).[0m
[32m[I/at.dev.ec200x] ec200x device initialize retry 4...[0m
[31m[E/at.clnt] wait AT client(usart1) connect timeout(10000 tick).[0m
[32m[I/at.dev.ec200x] ec200x device initialize retry 3...[0m
[07:52:38.913745] --->
[32m[I/power_on] power_off_system[0m
   _}<]8||| 
[07:53:07.870681] --->
  \ | /
- RT -     Thread Operating System
/ | \     5.1.0 build Mar 20 2026 17:00:39
2006 - 2024 Copyright by RT-Thread team
rtc initialize success.
adc_vol, adc1 run success!
adc_vol, adc2 run success!
adc_vol, bms run success!
[32m[I/sal.skt] Socket Abstraction Layer initialize success.[0m
hwtimer, timer7 run success!
rtc clock source is set lsi!
RTC: set wkup 12000
watchdog, iwdg run success!
[32m[I/at.clnt] AT client(V1.3.1) on device usart1 initialize success.[0m
[32m[I/at.dev.ec200x] start init ec200x device.[0m
[33m[W/fs01] The version: V0452R336C01L0[0m
[32m[I/handle_bar] bar_value :2030[0m
Password for login:
[32m[I/pms] pm_svc_init...[0m
[32m[I/jmiot] iot_svc_init...[0m
[32m[I/jmiot] GPRS is not registration (Rx)[0m
[32m[I/voice] voice_svc_init...[0m
[32m[I/ui] ui_app_init...[0m
[32m[I/gkey] gkey_init...[0m
[32m[I/radar] radar_svc_init...[0m
[32m[I/radar] radar_svc_init, aeb feature not enable ![0m
[32m[I/ota] ota_svc_init...[0m
[32m[I/motor] motor_svc_init...[0m
[32m[I/slog] slog_svc_init...[0m
RTC: set alarm - a
[31m[E/at.clnt] wait AT client(usart1) connect timeout(10000 tick).[0m
[32m[I/at.dev.ec200x] ec200x device initialize retry 4...[0m
[31m[E/at.clnt] wait AT client(usart1) connect timeout(10000 tick).[0m
[32m[I/at.dev.ec200x] ec200x device initialize retry 3...[0m
[07:53:32.922728] --->
[32m[I/power_on] power_off_system[0m
[32m[I/power_on] power_off_system[0m
  }||\<48||tt8|t(   
[07:53:58.477644] --->
  \ | /
- RT -     Thread Operating System
/ | \     5.1.0 build Mar 20 2026 17:00:39
2006 - 2024 Copyright by RT-Thread team
rtc initialize success.
adc_vol, adc1 run success!
adc_vol, adc2 run success!
adc_vol, bms run success!
[32m[I/sal.skt] Socket Abstraction Layer initialize success.[0m
hwtimer, timer7 run success!
rtc clock source is set lsi!
RTC: set wkup 12000
watchdog, iwdg run success!
[32m[I/at.clnt] AT client(V1.3.1) on device usart1 initialize success.[0m
[32m[I/at.dev.ec200x] start init ec200x device.[0m
[33m[W/fs01] The version: V0452R336C01L0[0m
[32m[I/handle_bar] bar_value :2030[0m
Password for login:
[32m[I/pms] pm_svc_init...[0m
[32m[I/jmiot] iot_svc_init...[0m
[32m[I/jmiot] GPRS is not registration (Rx)[0m
[32m[I/voice] voice_svc_init...[0m
[32m[I/ui] ui_app_init...[0m
[32m[I/gkey] gkey_init...[0m
[32m[I/radar] radar_svc_init...[0m
[32m[I/radar] radar_svc_init, aeb feature not enable ![0m
[32m[I/ota] ota_svc_init...[0m
[32m[I/motor] motor_svc_init...[0m
[32m[I/slog] slog_svc_init...[0m
RTC: set alarm - a
[31m[E/at.clnt] wait AT client(usart1) connect timeout(10000 tick).[0m
[32m[I/at.dev.ec200x] ec200x device initialize retry 4...[0m
[31m[E/at.clnt] wait AT client(usart1) connect timeout(10000 tick).[0m
[32m[I/at.dev.ec200x] ec200x device initialize retry 3...[0m
[07:54:23.529435] --->
[32m[I/power_on] power_off_system[0m
[32m[I/power_on] power_off_system[0m
   }    
[07:54:49.983399] --->
  \ | /
- RT -     Thread Operating System
/ | \     5.1.0 build Mar 20 2026 17:00:39
2006 - 2024 Copyright by RT-Thread team
rtc initialize success.
adc_vol, adc1 run success!
adc_vol, adc2 run success!
adc_vol, bms run success!
[32m[I/sal.skt] Socket Abstraction Layer initialize success.[0m
hwtimer, timer7 run success!
rtc clock source is set lsi!
RTC: set wkup 12000
watchdog, iwdg run success!
[32m[I/at.clnt] AT client(V1.3.1) on device usart1 initialize success.[0m
[32m[I/at.dev.ec200x] start init ec200x device.[0m
[33m[W/fs01] The version: V0452R336C01L0[0m
[32m[I/handle_bar] bar_value :2029[0m
Password for login:
[32m[I/pms] pm_svc_init...[0m
[32m[I/jmiot] iot_svc_init...[0m
[32m[I/jmiot] GPRS is not registration (Rx)[0m
[32m[I/voice] voice_svc_init...[0m
[32m[I/ui] ui_app_init...[0m
[32m[I/gkey] gkey_init...[0m
[32m[I/radar] radar_svc_init...[0m
[32m[I/radar] radar_svc_init, aeb feature not enable ![0m
[32m[I/ota] ota_svc_init...[0m
[32m[I/motor] motor_svc_init...[0m
[32m[I/slog] slog_svc_init...[0m
RTC: set alarm - a
[31m[E/at.clnt] wait AT client(usart1) connect timeout(10000 tick).[0m
[32m[I/at.dev.ec200x] ec200x device initialize retry 4...[0m
[31m[E/at.clnt] wait AT client(usart1) connect timeout(10000 tick).[0m
[32m[I/at.dev.ec200x] ec200x device initialize retry 3...[0m
[07:55:15.037655] --->
[32m[I/power_on] power_off_system[0m
   |\|\}t||8||  
[07:55:44.490703] --->
  \ | /
- RT -     Thread Operating System
/ | \     5.1.0 build Mar 20 2026 17:00:39
2006 - 2024 Copyright by RT-Thread team
rtc initialize success.
adc_vol, adc1 run success!
adc_vol, adc2 run success!
adc_vol, bms run success!
[32m[I/sal.skt] Socket Abstraction Layer initialize success.[0m
hwtimer, timer7 run success!
rtc clock source is set lsi!
RTC: set wkup 12000
watchdog, iwdg run success!
[32m[I/at.clnt] AT client(V1.3.1) on device usart1 initialize success.[0m
[32m[I/at.dev.ec200x] start init ec200x device.[0m
[33m[W/fs01] The version: V0452R336C01L0[0m
[32m[I/handle_bar] bar_value :2030[0m
Password for login:
[32m[I/pms] pm_svc_init...[0m
[32m[I/jmiot] iot_svc_init...[0m
[32m[I/jmiot] GPRS is not registration (Rx)[0m
[32m[I/voice] voice_svc_init...[0m
[32m[I/ui] ui_app_init...[0m
[32m[I/gkey] gkey_init...[0m
[32m[I/radar] radar_svc_init...[0m
[32m[I/radar] radar_svc_init, aeb feature not enable ![0m
[32m[I/ota] ota_svc_init...[0m
[32m[I/motor] motor_svc_init...[0m
[32m[I/slog] slog_svc_init...[0m
RTC: set alarm - a
[31m[E/at.clnt] wait AT client(usart1) connect timeout(10000 tick).[0m
[32m[I/at.dev.ec200x] ec200x device initialize retry 4...[0m
[31m[E/at.clnt] wait AT client(usart1) connect timeout(10000 tick).[0m
[32m[I/at.dev.ec200x] ec200x device initialize retry 3...[0m
[07:56:09.544498] --->
[32m[I/power_on] power_off_system[0m
   }}  
[07:56:38.496427] --->
  \ | /
- RT -     Thread Operating System
/ | \     5.1.0 build Mar 20 2026 17:00:39
2006 - 2024 Copyright by RT-Thread team
rtc initialize success.
adc_vol, adc1 run success!
adc_vol, adc2 run success!
adc_vol, bms run success!
[32m[I/sal.skt] Socket Abstraction Layer initialize success.[0m
hwtimer, timer7 run success!
rtc clock source is set lsi!
RTC: set wkup 12000
watchdog, iwdg run success!
[32m[I/at.clnt] AT client(V1.3.1) on device usart1 initialize success.[0m
[32m[I/at.dev.ec200x] start init ec200x device.[0m
[33m[W/fs01] The version: V0452R336C01L0[0m
[32m[I/handle_bar] bar_value :2029[0m
Password for login:
[32m[I/pms] pm_svc_init...[0m
[32m[I/jmiot] iot_svc_init...[0m
[32m[I/jmiot] GPRS is not registration (Rx)[0m
[32m[I/voice] voice_svc_init...[0m
[32m[I/ui] ui_app_init...[0m
[32m[I/gkey] gkey_init...[0m
[32m[I/radar] radar_svc_init...[0m
[32m[I/radar] radar_svc_init, aeb feature not enable ![0m
[32m[I/ota] ota_svc_init...[0m
[32m[I/motor] motor_svc_init...[0m
[32m[I/slog] slog_svc_init...[0m
RTC: set alarm - a
[31m[E/at.clnt] wait AT client(usart1) connect timeout(10000 tick).[0m
[32m[I/at.dev.ec200x] ec200x device initialize retry 4...[0m
[31m[E/at.clnt] wait AT client(usart1) connect timeout(10000 tick).[0m
[32m[I/at.dev.ec200x] ec200x device initialize retry 3...[0m
[07:57:03.552258] --->
[32m[I/power_on] power_off_system[0m
[32m[I/power_on] power_off_system[0m
  ||||088899|| 
[07:57:07.811386] --->
  \ | /
- RT -     Thread Operating System
/ | \     5.1.0 build Mar 20 2026 17:00:39
2006 - 2024 Copyright by RT-Thread team
rtc initialize success.
adc_vol, adc1 run success!
adc_vol, adc2 run success!
adc_vol, bms run success!
[32m[I/sal.skt] Socket Abstraction Layer initialize success.[0m
hwtimer, timer7 run success!
rtc clock source is set lsi!
RTC: set wkup 12000
watchdog, iwdg run success!
[32m[I/at.clnt] AT client(V1.3.1) on device usart1 initialize success.[0m
[32m[I/at.dev.ec200x] start init ec200x device.[0m
[33m[W/fs01] The version: V0452R336C01L0[0m
[32m[I/handle_bar] bar_value :2030[0m
Password for login:
[32m[I/pms] pm_svc_init...[0m
[32m[I/jmiot] iot_svc_init...[0m
[32m[I/jmiot] GPRS is not registration (Rx)[0m
[32m[I/voice] voice_svc_init...[0m
[32m[I/ui] ui_app_init...[0m
[32m[I/gkey] gkey_init...[0m
[32m[I/radar] radar_svc_init...[0m
[32m[I/radar] radar_svc_init, aeb feature not enable ![0m
[32m[I/ota] ota_svc_init...[0m
[32m[I/motor] motor_svc_init...[0m
[32m[I/slog] slog_svc_init...[0m
RTC: set alarm - a
[32m[I/voice] voice_msg num: 9[0m
[07:57:32.813303] --->
[31m[E/at.clnt] wait AT client(usart1) connect timeout(10000 tick).[0m
[32m[I/at.dev.ec200x] ec200x device initialize retry 4...[0m
[31m[E/at.clnt] wait AT client(usart1) connect timeout(10000 tick).[0m
[32m[I/at.dev.ec200x] ec200x device initialize retry 3...[0m
[07:57:57.868856] --->
[32m[I/power_on] power_off_system[0m
   |||p| 
[07:58:24.922571] --->
  \ | /
- RT -     Thread Operating System
/ | \     5.1.0 build Mar 20 2026 17:00:39
2006 - 2024 Copyright by RT-Thread team
rtc initialize success.
adc_vol, adc1 run success!
adc_vol, adc2 run success!
adc_vol, bms run success!
[32m[I/sal.skt] Socket Abstraction Layer initialize success.[0m
hwtimer, timer7 run success!
rtc clock source is set lsi!
RTC: set wkup 12000
watchdog, iwdg run success!
[32m[I/at.clnt] AT client(V1.3.1) on device usart1 initialize success.[0m
[32m[I/at.dev.ec200x] start init ec200x device.[0m
[33m[W/fs01] The version: V0452R336C01L0[0m
[32m[I/handle_bar] bar_value :2030[0m
Password for login:
[32m[I/pms] pm_svc_init...[0m
[32m[I/jmiot] iot_svc_init...[0m
[32m[I/jmiot] GPRS is not registration (Rx)[0m
[32m[I/voice] voice_svc_init...[0m
[32m[I/ui] ui_app_init...[0m
[32m[I/gkey] gkey_init...[0m
[32m[I/radar] radar_svc_init...[0m
[32m[I/radar] radar_svc_init, aeb feature not enable ![0m
[32m[I/ota] ota_svc_init...[0m
[32m[I/motor] motor_svc_init...[0m
[32m[I/slog] slog_svc_init...[0m
RTC: set alarm - a
[31m[E/at.clnt] wait AT client(usart1) connect timeout(10000 tick).[0m
[32m[I/at.dev.ec200x] ec200x device initialize retry 4...[0m
[31m[E/at.clnt] wait AT client(usart1) connect timeout(10000 tick).[0m
[32m[I/at.dev.ec200x] ec200x device initialize retry 3...[0m
[07:58:49.974882] --->
[32m[I/power_on] power_off_system[0m
   \\|_|\p]\\} 
[07:59:16.429333] --->
  \ | /
- RT -     Thread Operating System
/ | \     5.1.0 build Mar 20 2026 17:00:39
2006 - 2024 Copyright by RT-Thread team
rtc initialize success.
adc_vol, adc1 run success!
adc_vol, adc2 run success!
adc_vol, bms run success!
[32m[I/sal.skt] Socket Abstraction Layer initialize success.[0m
hwtimer, timer7 run success!
rtc clock source is set lsi!
RTC: set wkup 12000
watchdog, iwdg run success!
[32m[I/at.clnt] AT client(V1.3.1) on device usart1 initialize success.[0m
[32m[I/at.dev.ec200x] start init ec200x device.[0m
[33m[W/fs01] The version: V0452R336C01L0[0m
[32m[I/handle_bar] bar_value :2030[0m
Password for login:
[32m[I/pms] pm_svc_init...[0m
[32m[I/jmiot] iot_svc_init...[0m
[32m[I/jmiot] GPRS is not registration (Rx)[0m
[32m[I/voice] voice_svc_init...[0m
[32m[I/ui] ui_app_init...[0m
[32m[I/gkey] gkey_init...[0m
[32m[I/radar] radar_svc_init...[0m
[32m[I/radar] radar_svc_init, aeb feature not enable ![0m
[32m[I/ota] ota_svc_init...[0m
[32m[I/motor] motor_svc_init...[0m
[32m[I/slog] slog_svc_init...[0m
RTC: set alarm - a
[31m[E/at.clnt] wait AT client(usart1) connect timeout(10000 tick).[0m
[32m[I/at.dev.ec200x] ec200x device initialize retry 4...[0m
[31m[E/at.clnt] wait AT client(usart1) connect timeout(10000 tick).[0m
[32m[I/at.dev.ec200x] ec200x device initialize retry 3...[0m
[07:59:41.484239] --->
[32m[I/power_on] power_off_system[0m
   \|}\ܔ9\t|~|||\ 
[08:00:07.140931] --->
  \ | /
- RT -     Thread Operating System
/ | \     5.1.0 build Mar 20 2026 17:00:39
2006 - 2024 Copyright by RT-Thread team
rtc initialize success.
adc_vol, adc1 run success!
adc_vol, adc2 run success!
adc_vol, bms run success!
[32m[I/sal.skt] Socket Abstraction Layer initialize success.[0m
hwtimer, timer7 run success!
rtc clock source is set lsi!
RTC: set wkup 12000
watchdog, iwdg run success!
[32m[I/at.clnt] AT client(V1.3.1) on device usart1 initialize success.[0m
[32m[I/at.dev.ec200x] start init ec200x device.[0m
[33m[W/fs01] The version: V0452R336C01L0[0m
[32m[I/handle_bar] bar_value :2029[0m
Password for login:
[32m[I/pms] pm_svc_init...[0m
[32m[I/jmiot] iot_svc_init...[0m
[32m[I/jmiot] GPRS is not registration (Rx)[0m
[32m[I/voice] voice_svc_init...[0m
[32m[I/ui] ui_app_init...[0m
[32m[I/gkey] gkey_init...[0m
[32m[I/radar] radar_svc_init...[0m
[32m[I/radar] radar_svc_init, aeb feature not enable ![0m
[32m[I/ota] ota_svc_init...[0m
[32m[I/motor] motor_svc_init...[0m
[32m[I/slog] slog_svc_init...[0m
RTC: set alarm - a
[31m[E/at.clnt] wait AT client(usart1) connect timeout(10000 tick).[0m
[32m[I/at.dev.ec200x] ec200x device initialize retry 4...[0m
[31m[E/at.clnt] wait AT client(usart1) connect timeout(10000 tick).[0m
[32m[I/at.dev.ec200x] ec200x device initialize retry 3...[0m
[08:00:32.197000] --->
[32m[I/power_on] power_off_system[0m
[32m[I/power_on] power_off_system[0m
            
[08:01:01.350556] --->
  \ | /
- RT -     Thread Operating System
/ | \     5.1.0 build Mar 20 2026 17:00:39
2006 - 2024 Copyright by RT-Thread team
rtc initialize success.
adc_vol, adc1 run success!
adc_vol, adc2 run success!
adc_vol, bms run success!
[32m[I/sal.skt] Socket Abstraction Layer initialize success.[0m
hwtimer, timer7 run success!
rtc clock source is set lsi!
RTC: set wkup 12000
watchdog, iwdg run success!
[32m[I/at.clnt] AT client(V1.3.1) on device usart1 initialize success.[0m
[32m[I/at.dev.ec200x] start init ec200x device.[0m
[33m[W/fs01] The version: V0452R336C01L0[0m
[32m[I/handle_bar] bar_value :2030[0m
Password for login:
[32m[I/pms] pm_svc_init...[0m
[32m[I/jmiot] iot_svc_init...[0m
[32m[I/jmiot] GPRS is not registration (Rx)[0m
[32m[I/voice] voice_svc_init...[0m
[32m[I/ui] ui_app_init...[0m
[32m[I/gkey] gkey_init...[0m
[32m[I/radar] radar_svc_init...[0m
[32m[I/radar] radar_svc_init, aeb feature not enable ![0m
[32m[I/ota] ota_svc_init...[0m
[32m[I/motor] motor_svc_init...[0m
[32m[I/slog] slog_svc_init...[0m
RTC: set alarm - a
[31m[E/at.clnt] wait AT client(usart1) connect timeout(10000 tick).[0m
[32m[I/at.dev.ec200x] ec200x device initialize retry 4...[0m
[31m[E/at.clnt] wait AT client(usart1) connect timeout(10000 tick).[0m
[32m[I/at.dev.ec200x] ec200x device initialize retry 3...[0m
[08:01:26.402776] --->
[32m[I/power_on] power_off_system[0m
[32m[I/power_on] power_off_system[0m
   |}}|||}\|||?|ǎ| 
[08:01:36.860576] --->
  \ | /
- RT -     Thread Operating System
/ | \     5.1.0 build Mar 20 2026 17:00:39
2006 - 2024 Copyright by RT-Thread team
rtc initialize success.
adc_vol, adc1 run success!
adc_vol, adc2 run success!
adc_vol, bms run success!
[32m[I/sal.skt] Socket Abstraction Layer initialize success.[0m
hwtimer, timer7 run success!
rtc clock source is set lsi!
RTC: set wkup 12000
watchdog, iwdg run success!
[32m[I/at.clnt] AT client(V1.3.1) on device usart1 initialize success.[0m
[32m[I/at.dev.ec200x] start init ec200x device.[0m
[33m[W/fs01] The version: V0452R336C01L0[0m
[32m[I/handle_bar] bar_value :2030[0m
Password for login:
[32m[I/pms] pm_svc_init...[0m
[32m[I/jmiot] iot_svc_init...[0m
[32m[I/jmiot] GPRS is not registration (Rx)[0m
[32m[I/voice] voice_svc_init...[0m
[32m[I/ui] ui_app_init...[0m
[32m[I/gkey] gkey_init...[0m
[32m[I/radar] radar_svc_init...[0m
[32m[I/radar] radar_svc_init, aeb feature not enable ![0m
[32m[I/ota] ota_svc_init...[0m
[32m[I/motor] motor_svc_init...[0m
[32m[I/slog] slog_svc_init...[0m
RTC: set alarm - a
[32m[I/voice] voice_msg num: 9[0m
[08:02:01.861731] --->
[31m[E/at.clnt] wait AT client(usart1) connect timeout(10000 tick).[0m
[32m[I/at.dev.ec200x] ec200x device initialize retry 4...[0m
[31m[E/at.clnt] wait AT client(usart1) connect timeout(10000 tick).[0m
[32m[I/at.dev.ec200x] ec200x device initialize retry 3...[0m
[31m[E/at.clnt] wait AT client(usart1) connect timeout(10000 tick).[0m
[32m[I/at.dev.ec200x] ec200x device initialize retry 2...[0m
[08:02:26.917677] --->
[32m[I/power_on] power_off_system[0m
   }|  
[08:02:52.173114] --->
  \ | /
- RT -     Thread Operating System
/ | \     5.1.0 build Mar 20 2026 17:00:39
2006 - 2024 Copyright by RT-Thread team
rtc initialize success.
adc_vol, adc1 run success!
adc_vol, adc2 run success!
adc_vol, bms run success!
[32m[I/sal.skt] Socket Abstraction Layer initialize success.[0m
hwtimer, timer7 run success!
rtc clock source is set lsi!
RTC: set wkup 12000
watchdog, iwdg run success!
[32m[I/at.clnt] AT client(V1.3.1) on device usart1 initialize success.[0m
[32m[I/at.dev.ec200x] start init ec200x device.[0m
[33m[W/fs01] The version: V0452R336C01L0[0m
[32m[I/handle_bar] bar_value :2030[0m
Password for login:
[32m[I/pms] pm_svc_init...[0m
[32m[I/jmiot] iot_svc_init...[0m
[32m[I/jmiot] GPRS is not registration (Rx)[0m
[32m[I/voice] voice_svc_init...[0m
[32m[I/ui] ui_app_init...[0m
[32m[I/gkey] gkey_init...[0m
[32m[I/radar] radar_svc_init...[0m
[32m[I/radar] radar_svc_init, aeb feature not enable ![0m
[32m[I/ota] ota_svc_init...[0m
[32m[I/motor] motor_svc_init...[0m
[32m[I/slog] slog_svc_init...[0m
RTC: set alarm - a
[31m[E/at.clnt] wait AT client(usart1) connect timeout(10000 tick).[0m
[32m[I/at.dev.ec200x] ec200x device initialize retry 4...[0m
[31m[E/at.clnt] wait AT client(usart1) connect timeout(10000 tick).[0m
[32m[I/at.dev.ec200x] ec200x device initialize retry 3...[0m
[08:03:17.227617] --->
[32m[I/power_on] power_off_system[0m
   |]}} ޿]\ 
[08:03:44.181716] --->
  \ | /
- RT -     Thread Operating System
/ | \     5.1.0 build Mar 20 2026 17:00:39
2006 - 2024 Copyright by RT-Thread team
rtc initialize success.
adc_vol, adc1 run success!
adc_vol, adc2 run success!
adc_vol, bms run success!
[32m[I/sal.skt] Socket Abstraction Layer initialize success.[0m
hwtimer, timer7 run success!
rtc clock source is set lsi!
RTC: set wkup 12000
watchdog, iwdg run success!
[32m[I/at.clnt] AT client(V1.3.1) on device usart1 initialize success.[0m
[32m[I/at.dev.ec200x] start init ec200x device.[0m
[33m[W/fs01] The version: V0452R336C01L0[0m
[32m[I/handle_bar] bar_value :2029[0m
Password for login:
[32m[I/pms] pm_svc_init...[0m
[32m[I/jmiot] iot_svc_init...[0m
[32m[I/jmiot] GPRS is not registration (Rx)[0m
[32m[I/voice] voice_svc_init...[0m
[32m[I/ui] ui_app_init...[0m
[32m[I/gkey] gkey_init...[0m
[32m[I/radar] radar_svc_init...[0m
[32m[I/radar] radar_svc_init, aeb feature not enable ![0m
[32m[I/ota] ota_svc_init...[0m
[32m[I/motor] motor_svc_init...[0m
[32m[I/slog] slog_svc_init...[0m
RTC: set alarm - a
[31m[E/at.clnt] wait AT client(usart1) connect timeout(10000 tick).[0m
[32m[I/at.dev.ec200x] ec200x device initialize retry 4...[0m
[31m[E/at.clnt] wait AT client(usart1) connect timeout(10000 tick).[0m
[32m[I/at.dev.ec200x] ec200x device initialize retry 3...[0m
[08:04:09.234556] --->
[32m[I/power_on] power_off_system[0m
[32m[I/power_on] power_off_system[0m
  \~]|]|}\}\|ܜ 
[08:04:38.986517] --->
  \ | /
- RT -     Thread Operating System
/ | \     5.1.0 build Mar 20 2026 17:00:39
2006 - 2024 Copyright by RT-Thread team
rtc initialize success.
adc_vol, adc1 run success!
adc_vol, adc2 run success!
adc_vol, bms run success!
[32m[I/sal.skt] Socket Abstraction Layer initialize success.[0m
hwtimer, timer7 run success!
rtc clock source is set lsi!
RTC: set wkup 12000
watchdog, iwdg run success!
[32m[I/at.clnt] AT client(V1.3.1) on device usart1 initialize success.[0m
[32m[I/at.dev.ec200x] start init ec200x device.[0m
[33m[W/fs01] The version: V0452R336C01L0[0m
[32m[I/handle_bar] bar_value :2030[0m
Password for login:
[32m[I/pms] pm_svc_init...[0m
[32m[I/jmiot] iot_svc_init...[0m
[32m[I/jmiot] GPRS is not registration (Rx)[0m
[32m[I/voice] voice_svc_init...[0m
[32m[I/ui] ui_app_init...[0m
[32m[I/gkey] gkey_init...[0m
[32m[I/radar] radar_svc_init...[0m
[32m[I/radar] radar_svc_init, aeb feature not enable ![0m
[32m[I/ota] ota_svc_init...[0m
[32m[I/motor] motor_svc_init...[0m
[32m[I/slog] slog_svc_init...[0m
RTC: set alarm - a
[31m[E/at.clnt] wait AT client(usart1) connect timeout(10000 tick).[0m
[32m[I/at.dev.ec200x] ec200x device initialize retry 4...[0m
[31m[E/at.clnt] wait AT client(usart1) connect timeout(10000 tick).[0m
[32m[I/at.dev.ec200x] ec200x device initialize retry 3...[0m
[08:05:04.040122] --->
[32m[I/power_on] power_off_system[0m
[32m[I/power_on] power_off_system[0m
   |]||_||| 
[08:05:32.595261] --->
  \ | /
- RT -     Thread Operating System
/ | \     5.1.0 build Mar 20 2026 17:00:39
2006 - 2024 Copyright by RT-Thread team
rtc initialize success.
adc_vol, adc1 run success!
adc_vol, adc2 run success!
adc_vol, bms run success!
[32m[I/sal.skt] Socket Abstraction Layer initialize success.[0m
hwtimer, timer7 run success!
rtc clock source is set lsi!
RTC: set wkup 12000
watchdog, iwdg run success!
[32m[I/at.clnt] AT client(V1.3.1) on device usart1 initialize success.[0m
[32m[I/at.dev.ec200x] start init ec200x device.[0m
[33m[W/fs01] The version: V0452R336C01L0[0m
[32m[I/handle_bar] bar_value :2029[0m
Password for login:
[32m[I/pms] pm_svc_init...[0m
[32m[I/jmiot] iot_svc_init...[0m
[32m[I/jmiot] GPRS is not registration (Rx)[0m
[32m[I/voice] voice_svc_init...[0m
[32m[I/ui] ui_app_init...[0m
[32m[I/gkey] gkey_init...[0m
[32m[I/radar] radar_svc_init...[0m
[32m[I/radar] radar_svc_init, aeb feature not enable ![0m
[32m[I/ota] ota_svc_init...[0m
[32m[I/motor] motor_svc_init...[0m
[32m[I/slog] slog_svc_init...[0m
RTC: set alarm - a
[31m[E/at.clnt] wait AT client(usart1) connect timeout(10000 tick).[0m
[32m[I/at.dev.ec200x] ec200x device initialize retry 4...[0m
[31m[E/at.clnt] wait AT client(usart1) connect timeout(10000 tick).[0m
[32m[I/at.dev.ec200x] ec200x device initialize retry 3...[0m
[08:05:57.650891] --->
[32m[I/power_on] power_off_system[0m
[32m[I/power_on] power_off_system[0m
   |||<|||~||}|809| 
[08:06:24.804234] --->
  \ | /
- RT -     Thread Operating System
/ | \     5.1.0 build Mar 20 2026 17:00:39
2006 - 2024 Copyright by RT-Thread team
rtc initialize success.
adc_vol, adc1 run success!
adc_vol, adc2 run success!
adc_vol, bms run success!
[32m[I/sal.skt] Socket Abstraction Layer initialize success.[0m
hwtimer, timer7 run success!
rtc clock source is set lsi!
RTC: set wkup 12000
watchdog, iwdg run success!
[32m[I/at.clnt] AT client(V1.3.1) on device usart1 initialize success.[0m
[32m[I/at.dev.ec200x] start init ec200x device.[0m
[33m[W/fs01] The version: V0452R336C01L0[0m
[32m[I/handle_bar] bar_value :2030[0m
Password for login:
[32m[I/pms] pm_svc_init...[0m
[32m[I/jmiot] iot_svc_init...[0m
[32m[I/jmiot] GPRS is not registration (Rx)[0m
[32m[I/voice] voice_svc_init...[0m
[32m[I/ui] ui_app_init...[0m
[32m[I/gkey] gkey_init...[0m
[32m[I/radar] radar_svc_init...[0m
[32m[I/radar] radar_svc_init, aeb feature not enable ![0m
[32m[I/ota] ota_svc_init...[0m
[32m[I/motor] motor_svc_init...[0m
[32m[I/slog] slog_svc_init...[0m
RTC: set alarm - a
[31m[E/at.clnt] wait AT client(usart1) connect timeout(10000 tick).[0m
[32m[I/at.dev.ec200x] ec200x device initialize retry 4...[0m
[31m[E/at.clnt] wait AT client(usart1) connect timeout(10000 tick).[0m
[32m[I/at.dev.ec200x] ec200x device initialize retry 3...[0m
[08:06:49.860274] --->
[32m[I/power_on] power_off_system[0m
[32m[I/power_on] power_off_system[0m
   |\lf\8\|     
[08:07:17.915409] --->
  \ | /
- RT -     Thread Operating System
/ | \     5.1.0 build Mar 20 2026 17:00:39
2006 - 2024 Copyright by RT-Thread team
rtc initialize success.
adc_vol, adc1 run success!
adc_vol, adc2 run success!
adc_vol, bms run success!
[32m[I/sal.skt] Socket Abstraction Layer initialize success.[0m
hwtimer, timer7 run success!
rtc clock source is set lsi!
RTC: set wkup 12000
watchdog, iwdg run success!
[32m[I/at.clnt] AT client(V1.3.1) on device usart1 initialize success.[0m
[32m[I/at.dev.ec200x] start init ec200x device.[0m
[33m[W/fs01] The version: V0452R336C01L0[0m
[32m[I/handle_bar] bar_value :2029[0m
Password for login:
[32m[I/pms] pm_svc_init...[0m
[32m[I/jmiot] iot_svc_init...[0m
[32m[I/jmiot] GPRS is not registration (Rx)[0m
[32m[I/voice] voice_svc_init...[0m
[32m[I/ui] ui_app_init...[0m
[32m[I/gkey] gkey_init...[0m
[32m[I/radar] radar_svc_init...[0m
[32m[I/radar] radar_svc_init, aeb feature not enable ![0m
[32m[I/ota] ota_svc_init...[0m
[32m[I/motor] motor_svc_init...[0m
[32m[I/slog] slog_svc_init...[0m
RTC: set alarm - a
[31m[E/at.clnt] wait AT client(usart1) connect timeout(10000 tick).[0m
[32m[I/at.dev.ec200x] ec200x device initialize retry 4...[0m
[31m[E/at.clnt] wait AT client(usart1) connect timeout(10000 tick).[0m
[32m[I/at.dev.ec200x] ec200x device initialize retry 3...[0m
[08:07:42.970071] --->
[32m[I/power_on] power_off_system[0m
   \]\||}Q ~}|\]|||ߌ| 
[08:08:08.223458] --->
  \ | /
- RT -     Thread Operating System
/ | \     5.1.0 build Mar 20 2026 17:00:39
2006 - 2024 Copyright by RT-Thread team
rtc initialize success.
adc_vol, adc1 run success!
adc_vol, adc2 run success!
adc_vol, bms run success!
[32m[I/sal.skt] Socket Abstraction Layer initialize success.[0m
hwtimer, timer7 run success!
rtc clock source is set lsi!
RTC: set wkup 12000
watchdog, iwdg run success!
[32m[I/at.clnt] AT client(V1.3.1) on device usart1 initialize success.[0m
[32m[I/at.dev.ec200x] start init ec200x device.[0m
[33m[W/fs01] The version: V0452R336C01L0[0m
[32m[I/handle_bar] bar_value :2031[0m
Password for login:
[32m[I/pms] pm_svc_init...[0m
[32m[I/jmiot] iot_svc_init...[0m
[32m[I/jmiot] GPRS is not registration (Rx)[0m
[32m[I/voice] voice_svc_init...[0m
[32m[I/ui] ui_app_init...[0m
[32m[I/gkey] gkey_init...[0m
[32m[I/radar] radar_svc_init...[0m
[32m[I/radar] radar_svc_init, aeb feature not enable ![0m
[32m[I/ota] ota_svc_init...[0m
[32m[I/motor] motor_svc_init...[0m
[32m[I/slog] slog_svc_init...[0m
RTC: set alarm - a
[31m[E/at.clnt] wait AT client(usart1) connect timeout(10000 tick).[0m
[32m[I/at.dev.ec200x] ec200x device initialize retry 4...[0m
[31m[E/at.clnt] wait AT client(usart1) connect timeout(10000 tick).[0m
[32m[I/at.dev.ec200x] ec200x device initialize retry 3...[0m
[08:08:33.275770] --->
[32m[I/power_on] power_off_system[0m
   _   
[08:08:59.730559] --->
  \ | /
- RT -     Thread Operating System
/ | \     5.1.0 build Mar 20 2026 17:00:39
2006 - 2024 Copyright by RT-Thread team
rtc initialize success.
adc_vol, adc1 run success!
adc_vol, adc2 run success!
adc_vol, bms run success!
[32m[I/sal.skt] Socket Abstraction Layer initialize success.[0m
hwtimer, timer7 run success!
rtc clock source is set lsi!
RTC: set wkup 12000
watchdog, iwdg run success!
[32m[I/at.clnt] AT client(V1.3.1) on device usart1 initialize success.[0m
[32m[I/at.dev.ec200x] start init ec200x device.[0m
[33m[W/fs01] The version: V0452R336C01L0[0m
[32m[I/handle_bar] bar_value :2029[0m
Password for login:
[32m[I/pms] pm_svc_init...[0m
[32m[I/jmiot] iot_svc_init...[0m
[32m[I/jmiot] GPRS is not registration (Rx)[0m
[32m[I/voice] voice_svc_init...[0m
[32m[I/ui] ui_app_init...[0m
[32m[I/gkey] gkey_init...[0m
[32m[I/radar] radar_svc_init...[0m
[32m[I/radar] radar_svc_init, aeb feature not enable ![0m
[32m[I/ota] ota_svc_init...[0m
[32m[I/motor] motor_svc_init...[0m
[32m[I/slog] slog_svc_init...[0m
RTC: set alarm - a
[31m[E/at.clnt] wait AT client(usart1) connect timeout(10000 tick).[0m
[32m[I/at.dev.ec200x] ec200x device initialize retry 4...[0m
[31m[E/at.clnt] wait AT client(usart1) connect timeout(10000 tick).[0m
[32m[I/at.dev.ec200x] ec200x device initialize retry 3...[0m
[08:09:24.784002] --->
[32m[I/power_on] power_off_system[0m
   }|       
[08:09:52.039455] --->
  \ | /
- RT -     Thread Operating System
/ | \     5.1.0 build Mar 20 2026 17:00:39
2006 - 2024 Copyright by RT-Thread team
rtc initialize success.
adc_vol, adc1 run success!
adc_vol, adc2 run success!
adc_vol, bms run success!
[32m[I/sal.skt] Socket Abstraction Layer initialize success.[0m
hwtimer, timer7 run success!
rtc clock source is set lsi!
RTC: set wkup 12000
watchdog, iwdg run success!
[32m[I/at.clnt] AT client(V1.3.1) on device usart1 initialize success.[0m
[32m[I/at.dev.ec200x] start init ec200x device.[0m
[33m[W/fs01] The version: V0452R336C01L0[0m
[32m[I/handle_bar] bar_value :2030[0m
Password for login:
[32m[I/pms] pm_svc_init...[0m
[32m[I/jmiot] iot_svc_init...[0m
[32m[I/jmiot] GPRS is not registration (Rx)[0m
[32m[I/voice] voice_svc_init...[0m
[32m[I/ui] ui_app_init...[0m
[32m[I/gkey] gkey_init...[0m
[32m[I/radar] radar_svc_init...[0m
[32m[I/radar] radar_svc_init, aeb feature not enable ![0m
[32m[I/ota] ota_svc_init...[0m
[32m[I/motor] motor_svc_init...[0m
[32m[I/slog] slog_svc_init...[0m
RTC: set alarm - a
[31m[E/at.clnt] wait AT client(usart1) connect timeout(10000 tick).[0m
[32m[I/at.dev.ec200x] ec200x device initialize retry 4...[0m
[31m[E/at.clnt] wait AT client(usart1) connect timeout(10000 tick).[0m
[32m[I/at.dev.ec200x] ec200x device initialize retry 3...[0m
[08:10:17.093260] --->
[32m[I/power_on] power_off_system[0m
   |||\|||||]]\~|\ 
[08:10:44.548231] --->
  \ | /
- RT -     Thread Operating System
/ | \     5.1.0 build Mar 20 2026 17:00:39
2006 - 2024 Copyright by RT-Thread team
rtc initialize success.
adc_vol, adc1 run success!
adc_vol, adc2 run success!
adc_vol, bms run success!
[32m[I/sal.skt] Socket Abstraction Layer initialize success.[0m
hwtimer, timer7 run success!
rtc clock source is set lsi!
RTC: set wkup 12000
watchdog, iwdg run success!
[32m[I/at.clnt] AT client(V1.3.1) on device usart1 initialize success.[0m
[32m[I/at.dev.ec200x] start init ec200x device.[0m
[33m[W/fs01] The version: V0452R336C01L0[0m
[32m[I/handle_bar] bar_value :2031[0m
Password for login:
[32m[I/pms] pm_svc_init...[0m
[32m[I/jmiot] iot_svc_init...[0m
[32m[I/jmiot] GPRS is not registration (Rx)[0m
[32m[I/voice] voice_svc_init...[0m
[32m[I/ui] ui_app_init...[0m
[32m[I/gkey] gkey_init...[0m
[32m[I/radar] radar_svc_init...[0m
[32m[I/radar] radar_svc_init, aeb feature not enable ![0m
[32m[I/ota] ota_svc_init...[0m
[32m[I/motor] motor_svc_init...[0m
[32m[I/slog] slog_svc_init...[0m
RTC: set alarm - a
[31m[E/at.clnt] wait AT client(usart1) connect timeout(10000 tick).[0m
[32m[I/at.dev.ec200x] ec200x device initialize retry 4...[0m
[31m[E/at.clnt] wait AT client(usart1) connect timeout(10000 tick).[0m
[32m[I/at.dev.ec200x] ec200x device initialize retry 3...[0m
[08:11:09.600639] --->
[32m[I/power_on] power_off_system[0m
   }}} |~]| 
[08:11:37.055487] --->
  \ | /
- RT -     Thread Operating System
/ | \     5.1.0 build Mar 20 2026 17:00:39
2006 - 2024 Copyright by RT-Thread team
rtc initialize success.
adc_vol, adc1 run success!
adc_vol, adc2 run success!
adc_vol, bms run success!
[32m[I/sal.skt] Socket Abstraction Layer initialize success.[0m
hwtimer, timer7 run success!
rtc clock source is set lsi!
RTC: set wkup 12000
watchdog, iwdg run success!
[32m[I/at.clnt] AT client(V1.3.1) on device usart1 initialize success.[0m
[32m[I/at.dev.ec200x] start init ec200x device.[0m
[33m[W/fs01] The version: V0452R336C01L0[0m
[32m[I/handle_bar] bar_value :2029[0m
Password for login:
[32m[I/pms] pm_svc_init...[0m
[32m[I/jmiot] iot_svc_init...[0m
[32m[I/jmiot] GPRS is not registration (Rx)[0m
[32m[I/voice] voice_svc_init...[0m
[32m[I/ui] ui_app_init...[0m
[32m[I/gkey] gkey_init...[0m
[32m[I/radar] radar_svc_init...[0m
[32m[I/radar] radar_svc_init, aeb feature not enable ![0m
[32m[I/ota] ota_svc_init...[0m
[32m[I/motor] motor_svc_init...[0m
[32m[I/slog] slog_svc_init...[0m
RTC: set alarm - a
[31m[E/at.clnt] wait AT client(usart1) connect timeout(10000 tick).[0m
[32m[I/at.dev.ec200x] ec200x device initialize retry 4...[0m
[31m[E/at.clnt] wait AT client(usart1) connect timeout(10000 tick).[0m
[32m[I/at.dev.ec200x] ec200x device initialize retry 3...[0m
[08:12:02.111618] --->
[32m[I/power_on] power_off_system[0m
   ?|||0||t||=0|<|:p|~|<|| 
[08:12:30.966723] --->
  \ | /
- RT -     Thread Operating System
/ | \     5.1.0 build Mar 20 2026 17:00:39
2006 - 2024 Copyright by RT-Thread team
rtc initialize success.
adc_vol, adc1 run success!
adc_vol, adc2 run success!
adc_vol, bms run success!
[32m[I/sal.skt] Socket Abstraction Layer initialize success.[0m
hwtimer, timer7 run success!
rtc clock source is set lsi!
RTC: set wkup 12000
watchdog, iwdg run success!
[32m[I/at.clnt] AT client(V1.3.1) on device usart1 initialize success.[0m
[32m[I/at.dev.ec200x] start init ec200x device.[0m
[33m[W/fs01] The version: V0452R336C01L0[0m
[32m[I/handle_bar] bar_value :2030[0m
Password for login:
[32m[I/pms] pm_svc_init...[0m
[32m[I/jmiot] iot_svc_init...[0m
[32m[I/jmiot] GPRS is not registration (Rx)[0m
[32m[I/voice] voice_svc_init...[0m
[32m[I/ui] ui_app_init...[0m
[32m[I/gkey] gkey_init...[0m
[32m[I/radar] radar_svc_init...[0m
[32m[I/radar] radar_svc_init, aeb feature not enable ![0m
[32m[I/ota] ota_svc_init...[0m
[32m[I/motor] motor_svc_init...[0m
[32m[I/slog] slog_svc_init...[0m
RTC: set alarm - a
[31m[E/at.clnt] wait AT client(usart1) connect timeout(10000 tick).[0m
[32m[I/at.dev.ec200x] ec200x device initialize retry 4...[0m
[31m[E/at.clnt] wait AT client(usart1) connect timeout(10000 tick).[0m
[32m[I/at.dev.ec200x] ec200x device initialize retry 3...[0m
[08:12:56.022507] --->
[32m[I/power_on] power_off_system[0m
   ]|||]]|| 
[08:13:22.078017] --->
  \ | /
- RT -     Thread Operating System
/ | \     5.1.0 build Mar 20 2026 17:00:39
2006 - 2024 Copyright by RT-Thread team
rtc initialize success.
adc_vol, adc1 run success!
adc_vol, adc2 run success!
adc_vol, bms run success!
[32m[I/sal.skt] Socket Abstraction Layer initialize success.[0m
hwtimer, timer7 run success!
rtc clock source is set lsi!
RTC: set wkup 12000
watchdog, iwdg run success!
[32m[I/at.clnt] AT client(V1.3.1) on device usart1 initialize success.[0m
[32m[I/at.dev.ec200x] start init ec200x device.[0m
[33m[W/fs01] The version: V0452R336C01L0[0m
[32m[I/handle_bar] bar_value :2029[0m
Password for login:
[32m[I/pms] pm_svc_init...[0m
[32m[I/jmiot] iot_svc_init...[0m
[32m[I/jmiot] GPRS is not registration (Rx)[0m
[32m[I/voice] voice_svc_init...[0m
[32m[I/ui] ui_app_init...[0m
[32m[I/gkey] gkey_init...[0m
[32m[I/radar] radar_svc_init...[0m
[32m[I/radar] radar_svc_init, aeb feature not enable ![0m
[32m[I/ota] ota_svc_init...[0m
[32m[I/motor] motor_svc_init...[0m
[32m[I/slog] slog_svc_init...[0m
RTC: set alarm - a
[31m[E/at.clnt] wait AT client(usart1) connect timeout(10000 tick).[0m
[32m[I/at.dev.ec200x] ec200x device initialize retry 4...[0m
[31m[E/at.clnt] wait AT client(usart1) connect timeout(10000 tick).[0m
[32m[I/at.dev.ec200x] ec200x device initialize retry 3...[0m
[08:13:47.131897] --->
[32m[I/power_on] power_off_system[0m
   8888 |   
[08:14:13.787888] --->
  \ | /
- RT -     Thread Operating System
/ | \     5.1.0 build Mar 20 2026 17:00:39
2006 - 2024 Copyright by RT-Thread team
rtc initialize success.
adc_vol, adc1 run success!
adc_vol, adc2 run success!
adc_vol, bms run success!
[32m[I/sal.skt] Socket Abstraction Layer initialize success.[0m
hwtimer, timer7 run success!
rtc clock source is set lsi!
RTC: set wkup 12000
watchdog, iwdg run success!
[32m[I/at.clnt] AT client(V1.3.1) on device usart1 initialize success.[0m
[32m[I/at.dev.ec200x] start init ec200x device.[0m
[33m[W/fs01] The version: V0452R336C01L0[0m
[32m[I/handle_bar] bar_value :2030[0m
Password for login:
[32m[I/pms] pm_svc_init...[0m
[32m[I/jmiot] iot_svc_init...[0m
[32m[I/jmiot] GPRS is not registration (Rx)[0m
[32m[I/voice] voice_svc_init...[0m
[32m[I/ui] ui_app_init...[0m
[32m[I/gkey] gkey_init...[0m
[32m[I/radar] radar_svc_init...[0m
[32m[I/radar] radar_svc_init, aeb feature not enable ![0m
[32m[I/ota] ota_svc_init...[0m
[32m[I/motor] motor_svc_init...[0m
[32m[I/slog] slog_svc_init...[0m
RTC: set alarm - a
[31m[E/at.clnt] wait AT client(usart1) connect timeout(10000 tick).[0m
[32m[I/at.dev.ec200x] ec200x device initialize retry 4...[0m
[31m[E/at.clnt] wait AT client(usart1) connect timeout(10000 tick).[0m
[32m[I/at.dev.ec200x] ec200x device initialize retry 3...[0m
[08:14:38.844198] --->
[32m[I/power_on] power_off_system[0m
  ~~|||P|}||||8|| 
[08:15:07.097951] --->
  \ | /
- RT -     Thread Operating System
/ | \     5.1.0 build Mar 20 2026 17:00:39
2006 - 2024 Copyright by RT-Thread team
rtc initialize success.
adc_vol, adc1 run success!
adc_vol, adc2 run success!
adc_vol, bms run success!
[32m[I/sal.skt] Socket Abstraction Layer initialize success.[0m
hwtimer, timer7 run success!
rtc clock source is set lsi!
RTC: set wkup 12000
watchdog, iwdg run success!
[32m[I/at.clnt] AT client(V1.3.1) on device usart1 initialize success.[0m
[32m[I/at.dev.ec200x] start init ec200x device.[0m
[33m[W/fs01] The version: V0452R336C01L0[0m
[32m[I/handle_bar] bar_value :2029[0m
Password for login:
[32m[I/pms] pm_svc_init...[0m
[32m[I/jmiot] iot_svc_init...[0m
[32m[I/jmiot] GPRS is not registration (Rx)[0m
[32m[I/voice] voice_svc_init...[0m
[32m[I/ui] ui_app_init...[0m
[32m[I/gkey] gkey_init...[0m
[32m[I/radar] radar_svc_init...[0m
[32m[I/radar] radar_svc_init, aeb feature not enable ![0m
[32m[I/ota] ota_svc_init...[0m
[32m[I/motor] motor_svc_init...[0m
[32m[I/slog] slog_svc_init...[0m
RTC: set alarm - a
[31m[E/at.clnt] wait AT client(usart1) connect timeout(10000 tick).[0m
[32m[I/at.dev.ec200x] ec200x device initialize retry 4...[0m
[31m[E/at.clnt] wait AT client(usart1) connect timeout(10000 tick).[0m
[32m[I/at.dev.ec200x] ec200x device initialize retry 3...[0m
[08:15:32.150926] --->
[32m[I/power_on] power_off_system[0m
   | 948| 
[08:15:58.805335] --->
  \ | /
- RT -     Thread Operating System
/ | \     5.1.0 build Mar 20 2026 17:00:39
2006 - 2024 Copyright by RT-Thread team
rtc initialize success.
adc_vol, adc1 run success!
adc_vol, adc2 run success!
adc_vol, bms run success!
[32m[I/sal.skt] Socket Abstraction Layer initialize success.[0m
hwtimer, timer7 run success!
rtc clock source is set lsi!
RTC: set wkup 12000
watchdog, iwdg run success!
[32m[I/at.clnt] AT client(V1.3.1) on device usart1 initialize success.[0m
[32m[I/at.dev.ec200x] start init ec200x device.[0m
[33m[W/fs01] The version: V0452R336C01L0[0m
[32m[I/handle_bar] bar_value :2029[0m
Password for login:
[32m[I/pms] pm_svc_init...[0m
[32m[I/jmiot] iot_svc_init...[0m
[32m[I/jmiot] GPRS is not registration (Rx)[0m
[32m[I/voice] voice_svc_init...[0m
[32m[I/ui] ui_app_init...[0m
[32m[I/gkey] gkey_init...[0m
[32m[I/radar] radar_svc_init...[0m
[32m[I/radar] radar_svc_init, aeb feature not enable ![0m
[32m[I/ota] ota_svc_init...[0m
[32m[I/motor] motor_svc_init...[0m
[32m[I/slog] slog_svc_init...[0m
RTC: set alarm - a
[31m[E/at.clnt] wait AT client(usart1) connect timeout(10000 tick).[0m
[32m[I/at.dev.ec200x] ec200x device initialize retry 4...[0m
[31m[E/at.clnt] wait AT client(usart1) connect timeout(10000 tick).[0m
[32m[I/at.dev.ec200x] ec200x device initialize retry 3...[0m
[08:16:23.857098] --->
[32m[I/power_on] power_off_system[0m
   ||||||t4|~|||  G 989     
[08:16:49.211518] --->
  \ | /
- RT -     Thread Operating System
/ | \     5.1.0 build Mar 20 2026 17:00:39
2006 - 2024 Copyright by RT-Thread team
rtc initialize success.
adc_vol, adc1 run success!
adc_vol, adc2 run success!
adc_vol, bms run success!
[32m[I/sal.skt] Socket Abstraction Layer initialize success.[0m
hwtimer, timer7 run success!
rtc clock source is set lsi!
RTC: set wkup 12000
watchdog, iwdg run success!
[32m[I/at.clnt] AT client(V1.3.1) on device usart1 initialize success.[0m
[32m[I/at.dev.ec200x] start init ec200x device.[0m
[33m[W/fs01] The version: V0452R336C01L0[0m
[32m[I/handle_bar] bar_value :2031[0m
Password for login:
[32m[I/pms] pm_svc_init...[0m
[32m[I/jmiot] iot_svc_init...[0m
[32m[I/jmiot] GPRS is not registration (Rx)[0m
[32m[I/voice] voice_svc_init...[0m
[32m[I/ui] ui_app_init...[0m
[32m[I/gkey] gkey_init...[0m
[32m[I/radar] radar_svc_init...[0m
[32m[I/radar] radar_svc_init, aeb feature not enable ![0m
[32m[I/ota] ota_svc_init...[0m
[32m[I/motor] motor_svc_init...[0m
[32m[I/slog] slog_svc_init...[0m
RTC: set alarm - a
[31m[E/at.clnt] wait AT client(usart1) connect timeout(10000 tick).[0m
[32m[I/at.dev.ec200x] ec200x device initialize retry 4...[0m
[31m[E/at.clnt] wait AT client(usart1) connect timeout(10000 tick).[0m
[32m[I/at.dev.ec200x] ec200x device initialize retry 3...[0m
[08:17:14.262806] --->
[32m[I/power_on] power_off_system[0m
[32m[I/power_on] power_off_system[0m
   ~ p 
[08:17:39.617513] --->
  \ | /
- RT -     Thread Operating System
/ | \     5.1.0 build Mar 20 2026 17:00:39
2006 - 2024 Copyright by RT-Thread team
rtc initialize success.
adc_vol, adc1 run success!
adc_vol, adc2 run success!
adc_vol, bms run success!
[32m[I/sal.skt] Socket Abstraction Layer initialize success.[0m
hwtimer, timer7 run success!
rtc clock source is set lsi!
RTC: set wkup 12000
watchdog, iwdg run success!
[32m[I/at.clnt] AT client(V1.3.1) on device usart1 initialize success.[0m
[32m[I/at.dev.ec200x] start init ec200x device.[0m
[33m[W/fs01] The version: V0452R336C01L0[0m
[32m[I/handle_bar] bar_value :2030[0m
Password for login:
[32m[I/pms] pm_svc_init...[0m
[32m[I/jmiot] iot_svc_init...[0m
[32m[I/jmiot] GPRS is not registration (Rx)[0m
[32m[I/voice] voice_svc_init...[0m
[32m[I/ui] ui_app_init...[0m
[32m[I/gkey] gkey_init...[0m
[32m[I/radar] radar_svc_init...[0m
[32m[I/radar] radar_svc_init, aeb feature not enable ![0m
[32m[I/ota] ota_svc_init...[0m
[32m[I/motor] motor_svc_init...[0m
[32m[I/slog] slog_svc_init...[0m
RTC: set alarm - a
[31m[E/at.clnt] wait AT client(usart1) connect timeout(10000 tick).[0m
[32m[I/at.dev.ec200x] ec200x device initialize retry 4...[0m
[31m[E/at.clnt] wait AT client(usart1) connect timeout(10000 tick).[0m
[32m[I/at.dev.ec200x] ec200x device initialize retry 3...[0m
[08:18:04.671386] --->
[32m[I/power_on] power_off_system[0m
[32m[I/power_on] power_off_system[0m
       
[08:18:32.823508] --->
  \ | /
- RT -     Thread Operating System
/ | \     5.1.0 build Mar 20 2026 17:00:39
2006 - 2024 Copyright by RT-Thread team
rtc initialize success.
adc_vol, adc1 run success!
adc_vol, adc2 run success!
adc_vol, bms run success!
[32m[I/sal.skt] Socket Abstraction Layer initialize success.[0m
hwtimer, timer7 run success!
rtc clock source is set lsi!
RTC: set wkup 12000
watchdog, iwdg run success!
[32m[I/at.clnt] AT client(V1.3.1) on device usart1 initialize success.[0m
[32m[I/at.dev.ec200x] start init ec200x device.[0m
[33m[W/fs01] The version: V0452R336C01L0[0m
[32m[I/handle_bar] bar_value :2030[0m
Password for login:
[32m[I/pms] pm_svc_init...[0m
[32m[I/jmiot] iot_svc_init...[0m
[32m[I/jmiot] GPRS is not registration (Rx)[0m
[32m[I/voice] voice_svc_init...[0m
[32m[I/ui] ui_app_init...[0m
[32m[I/gkey] gkey_init...[0m
[32m[I/radar] radar_svc_init...[0m
[32m[I/radar] radar_svc_init, aeb feature not enable ![0m
[32m[I/ota] ota_svc_init...[0m
[32m[I/motor] motor_svc_init...[0m
[32m[I/slog] slog_svc_init...[0m
RTC: set alarm - a
[31m[E/at.clnt] wait AT client(usart1) connect timeout(10000 tick).[0m
[32m[I/at.dev.ec200x] ec200x device initialize retry 4...[0m
[31m[E/at.clnt] wait AT client(usart1) connect timeout(10000 tick).[0m
[32m[I/at.dev.ec200x] ec200x device initialize retry 3...[0m
[08:18:57.879009] --->
[32m[I/power_on] power_off_system[0m
[32m[I/pms] sleep failed, tsk_id: 1[0m
[32m[I/power_on] power_off_system[0m
   |||\||}|}}|<ܜt} 
[08:19:23.731383] --->
  \ | /
- RT -     Thread Operating System
/ | \     5.1.0 build Mar 20 2026 17:00:39
2006 - 2024 Copyright by RT-Thread team
rtc initialize success.
adc_vol, adc1 run success!
adc_vol, adc2 run success!
adc_vol, bms run success!
[32m[I/sal.skt] Socket Abstraction Layer initialize success.[0m
hwtimer, timer7 run success!
rtc clock source is set lsi!
RTC: set wkup 12000
watchdog, iwdg run success!
[32m[I/at.clnt] AT client(V1.3.1) on device usart1 initialize success.[0m
[32m[I/at.dev.ec200x] start init ec200x device.[0m
[33m[W/fs01] The version: V0452R336C01L0[0m
[32m[I/handle_bar] bar_value :2030[0m
Password for login:
[32m[I/pms] pm_svc_init...[0m
[32m[I/jmiot] iot_svc_init...[0m
[32m[I/jmiot] GPRS is not registration (Rx)[0m
[32m[I/voice] voice_svc_init...[0m
[32m[I/ui] ui_app_init...[0m
[32m[I/gkey] gkey_init...[0m
[32m[I/radar] radar_svc_init...[0m
[32m[I/radar] radar_svc_init, aeb feature not enable ![0m
[32m[I/ota] ota_svc_init...[0m
[32m[I/motor] motor_svc_init...[0m
[32m[I/slog] slog_svc_init...[0m
RTC: set alarm - a
[31m[E/at.clnt] wait AT client(usart1) connect timeout(10000 tick).[0m
[32m[I/at.dev.ec200x] ec200x device initialize retry 4...[0m
[31m[E/at.clnt] wait AT client(usart1) connect timeout(10000 tick).[0m
[32m[I/at.dev.ec200x] ec200x device initialize retry 3...[0m
[08:19:48.782543] --->
[32m[I/power_on] power_off_system[0m
   }\|\|\|\| |]}|| 
[08:20:15.337557] --->
  \ | /
- RT -     Thread Operating System
/ | \     5.1.0 build Mar 20 2026 17:00:39
2006 - 2024 Copyright by RT-Thread team
rtc initialize success.
adc_vol, adc1 run success!
adc_vol, adc2 run success!
adc_vol, bms run success!
[32m[I/sal.skt] Socket Abstraction Layer initialize success.[0m
hwtimer, timer7 run success!
rtc clock source is set lsi!
RTC: set wkup 12000
watchdog, iwdg run success!
[32m[I/at.clnt] AT client(V1.3.1) on device usart1 initialize success.[0m
[32m[I/at.dev.ec200x] start init ec200x device.[0m
[33m[W/fs01] The version: V0452R336C01L0[0m
[32m[I/handle_bar] bar_value :2030[0m
Password for login:
[32m[I/pms] pm_svc_init...[0m
[32m[I/jmiot] iot_svc_init...[0m
[32m[I/jmiot] GPRS is not registration (Rx)[0m
[32m[I/voice] voice_svc_init...[0m
[32m[I/ui] ui_app_init...[0m
[32m[I/gkey] gkey_init...[0m
[32m[I/radar] radar_svc_init...[0m
[32m[I/radar] radar_svc_init, aeb feature not enable ![0m
[32m[I/ota] ota_svc_init...[0m
[32m[I/motor] motor_svc_init...[0m
[32m[I/slog] slog_svc_init...[0m
RTC: set alarm - a
[31m[E/at.clnt] wait AT client(usart1) connect timeout(10000 tick).[0m
[32m[I/at.dev.ec200x] ec200x device initialize retry 4...[0m
[31m[E/at.clnt] wait AT client(usart1) connect timeout(10000 tick).[0m
[32m[I/at.dev.ec200x] ec200x device initialize retry 3...[0m
[08:20:40.391487] --->
[32m[I/power_on] power_off_system[0m
[32m[I/power_on] power_off_system[0m
   |~|||0t|||~<||~||||vRN|||~|||  
[08:21:09.347679] --->
  \ | /
- RT -     Thread Operating System
/ | \     5.1.0 build Mar 20 2026 17:00:39
2006 - 2024 Copyright by RT-Thread team
rtc initialize success.
adc_vol, adc1 run success!
adc_vol, adc2 run success!
adc_vol, bms run success!
[32m[I/sal.skt] Socket Abstraction Layer initialize success.[0m
hwtimer, timer7 run success!
rtc clock source is set lsi!
RTC: set wkup 12000
watchdog, iwdg run success!
[32m[I/at.clnt] AT client(V1.3.1) on device usart1 initialize success.[0m
[32m[I/at.dev.ec200x] start init ec200x device.[0m
[33m[W/fs01] The version: V0452R336C01L0[0m
[32m[I/handle_bar] bar_value :2030[0m
Password for login:
[32m[I/pms] pm_svc_init...[0m
[32m[I/jmiot] iot_svc_init...[0m
[32m[I/jmiot] GPRS is not registration (Rx)[0m
[32m[I/voice] voice_svc_init...[0m
[32m[I/ui] ui_app_init...[0m
[32m[I/gkey] gkey_init...[0m
[32m[I/radar] radar_svc_init...[0m
[32m[I/radar] radar_svc_init, aeb feature not enable ![0m
[32m[I/ota] ota_svc_init...[0m
[32m[I/motor] motor_svc_init...[0m
[32m[I/slog] slog_svc_init...[0m
RTC: set alarm - a
[31m[E/at.clnt] wait AT client(usart1) connect timeout(10000 tick).[0m
[32m[I/at.dev.ec200x] ec200x device initialize retry 4...[0m
[31m[E/at.clnt] wait AT client(usart1) connect timeout(10000 tick).[0m
[32m[I/at.dev.ec200x] ec200x device initialize retry 3...[0m
[08:21:34.402719] --->
[32m[I/power_on] power_off_system[0m
[32m[I/power_on] power_off_system[0m
   |  
[08:21:47.862255] --->
  \ | /
- RT -     Thread Operating System
/ | \     5.1.0 build Mar 20 2026 17:00:39
2006 - 2024 Copyright by RT-Thread team
rtc initialize success.
adc_vol, adc1 run success!
adc_vol, adc2 run success!
adc_vol, bms run success!
[32m[I/sal.skt] Socket Abstraction Layer initialize success.[0m
hwtimer, timer7 run success!
rtc clock source is set lsi!
RTC: set wkup 12000
watchdog, iwdg run success!
[32m[I/at.clnt] AT client(V1.3.1) on device usart1 initialize success.[0m
[32m[I/at.dev.ec200x] start init ec200x device.[0m
[33m[W/fs01] The version: V0452R336C01L0[0m
[32m[I/handle_bar] bar_value :2031[0m
Password for login:
[32m[I/pms] pm_svc_init...[0m
[32m[I/jmiot] iot_svc_init...[0m
[32m[I/jmiot] GPRS is not registration (Rx)[0m
[32m[I/voice] voice_svc_init...[0m
[32m[I/ui] ui_app_init...[0m
[32m[I/gkey] gkey_init...[0m
[32m[I/radar] radar_svc_init...[0m
[32m[I/radar] radar_svc_init, aeb feature not enable ![0m
[32m[I/ota] ota_svc_init...[0m
[32m[I/motor] motor_svc_init...[0m
[32m[I/slog] slog_svc_init...[0m
RTC: set alarm - a
[31m[E/at.clnt] wait AT client(usart1) connect timeout(10000 tick).[0m
[32m[I/at.dev.ec200x] ec200x device initialize retry 4...[0m
[32m[I/voice] voice_msg num: 9[0m
[08:22:12.863937] --->
[31m[E/at.clnt] wait AT client(usart1) connect timeout(10000 tick).[0m
[32m[I/at.dev.ec200x] ec200x device initialize retry 3...[0m
[31m[E/at.clnt] wait AT client(usart1) connect timeout(10000 tick).[0m
[32m[I/at.dev.ec200x] ec200x device initialize retry 2...[0m
[08:22:37.916532] --->
[32m[I/power_on] power_off_system[0m
   | 80   
[08:23:05.972998] --->
  \ | /
- RT -     Thread Operating System
/ | \     5.1.0 build Mar 20 2026 17:00:39
2006 - 2024 Copyright by RT-Thread team
rtc initialize success.
adc_vol, adc1 run success!
adc_vol, adc2 run success!
adc_vol, bms run success!
[32m[I/sal.skt] Socket Abstraction Layer initialize success.[0m
hwtimer, timer7 run success!
rtc clock source is set lsi!
RTC: set wkup 12000
watchdog, iwdg run success!
[32m[I/at.clnt] AT client(V1.3.1) on device usart1 initialize success.[0m
[32m[I/at.dev.ec200x] start init ec200x device.[0m
[33m[W/fs01] The version: V0452R336C01L0[0m
[32m[I/handle_bar] bar_value :2030[0m
Password for login:
[32m[I/pms] pm_svc_init...[0m
[32m[I/jmiot] iot_svc_init...[0m
[32m[I/jmiot] GPRS is not registration (Rx)[0m
[32m[I/voice] voice_svc_init...[0m
[32m[I/ui] ui_app_init...[0m
[32m[I/gkey] gkey_init...[0m
[32m[I/radar] radar_svc_init...[0m
[32m[I/radar] radar_svc_init, aeb feature not enable ![0m
[32m[I/ota] ota_svc_init...[0m
[32m[I/motor] motor_svc_init...[0m
[32m[I/slog] slog_svc_init...[0m
RTC: set alarm - a
[31m[E/at.clnt] wait AT client(usart1) connect timeout(10000 tick).[0m
[32m[I/at.dev.ec200x] ec200x device initialize retry 4...[0m
[31m[E/at.clnt] wait AT client(usart1) connect timeout(10000 tick).[0m
[32m[I/at.dev.ec200x] ec200x device initialize retry 3...[0m
[08:23:31.029598] --->
[32m[I/power_on] power_off_system[0m
   ^}}|^|~||||| 
[08:23:32.489930] --->
  \ | /
- RT -     Thread Operating System
/ | \     5.1.0 build Mar 20 2026 17:00:39
2006 - 2024 Copyright by RT-Thread team
rtc initialize success.
adc_vol, adc1 run success!
adc_vol, adc2 run success!
adc_vol, bms run success!
[32m[I/sal.skt] Socket Abstraction Layer initialize success.[0m
hwtimer, timer7 run success!
rtc clock source is set lsi!
RTC: set wkup 12000
watchdog, iwdg run success!
[32m[I/at.clnt] AT client(V1.3.1) on device usart1 initialize success.[0m
[32m[I/at.dev.ec200x] start init ec200x device.[0m
[33m[W/fs01] The version: V0452R336C01L0[0m
[32m[I/handle_bar] bar_value :2030[0m
Password for login:
[32m[I/pms] pm_svc_init...[0m
[32m[I/jmiot] iot_svc_init...[0m
[32m[I/jmiot] GPRS is not registration (Rx)[0m
[32m[I/voice] voice_svc_init...[0m
[32m[I/ui] ui_app_init...[0m
[32m[I/gkey] gkey_init...[0m
[32m[I/radar] radar_svc_init...[0m
[32m[I/radar] radar_svc_init, aeb feature not enable ![0m
[32m[I/ota] ota_svc_init...[0m
[32m[I/motor] motor_svc_init...[0m
[32m[I/slog] slog_svc_init...[0m
RTC: set alarm - a
[32m[I/voice] voice_msg num: 9[0m
[08:23:57.494328] --->
[31m[E/at.clnt] wait AT client(usart1) connect timeout(10000 tick).[0m
[32m[I/at.dev.ec200x] ec200x device initialize retry 4...[0m
[31m[E/at.clnt] wait AT client(usart1) connect timeout(10000 tick).[0m
[32m[I/at.dev.ec200x] ec200x device initialize retry 3...[0m
[08:24:22.547587] --->
[32m[I/power_on] power_off_system[0m
     
[08:24:24.004408] --->
  \ | /
- RT -     Thread Operating System
/ | \     5.1.0 build Mar 20 2026 17:00:39
2006 - 2024 Copyright by RT-Thread team
rtc initialize success.
adc_vol, adc1 run success!
adc_vol, adc2 run success!
adc_vol, bms run success!
[32m[I/sal.skt] Socket Abstraction Layer initialize success.[0m
hwtimer, timer7 run success!
rtc clock source is set lsi!
RTC: set wkup 12000
watchdog, iwdg run success!
[32m[I/at.clnt] AT client(V1.3.1) on device usart1 initialize success.[0m
[32m[I/at.dev.ec200x] start init ec200x device.[0m
[33m[W/fs01] The version: V0452R336C01L0[0m
[32m[I/handle_bar] bar_value :2029[0m
Password for login:
[32m[I/pms] pm_svc_init...[0m
[32m[I/jmiot] iot_svc_init...[0m
[32m[I/jmiot] GPRS is not registration (Rx)[0m
[32m[I/voice] voice_svc_init...[0m
[32m[I/ui] ui_app_init...[0m
[32m[I/gkey] gkey_init...[0m
[32m[I/radar] radar_svc_init...[0m
[32m[I/radar] radar_svc_init, aeb feature not enable ![0m
[32m[I/ota] ota_svc_init...[0m
[32m[I/motor] motor_svc_init...[0m
[32m[I/slog] slog_svc_init...[0m
RTC: set alarm - a
[32m[I/voice] voice_msg num: 9[0m
[08:24:49.007358] --->
[31m[E/at.clnt] wait AT client(usart1) connect timeout(10000 tick).[0m
[32m[I/at.dev.ec200x] ec200x device initialize retry 4...[0m
[31m[E/at.clnt] wait AT client(usart1) connect timeout(10000 tick).[0m
[32m[I/at.dev.ec200x] ec200x device initialize retry 3...[0m
[08:25:14.062590] --->
[32m[I/power_on] power_off_system[0m
   }0  |   
[08:25:15.521706] --->
  \ | /
- RT -     Thread Operating System
/ | \     5.1.0 build Mar 20 2026 17:00:39
2006 - 2024 Copyright by RT-Thread team
rtc initialize success.
adc_vol, adc1 run success!
adc_vol, adc2 run success!
adc_vol, bms run success!
[32m[I/sal.skt] Socket Abstraction Layer initialize success.[0m
hwtimer, timer7 run success!
rtc clock source is set lsi!
RTC: set wkup 12000
watchdog, iwdg run success!
[32m[I/at.clnt] AT client(V1.3.1) on device usart1 initialize success.[0m
[32m[I/at.dev.ec200x] start init ec200x device.[0m
[33m[W/fs01] The version: V0452R336C01L0[0m
[32m[I/handle_bar] bar_value :2029[0m
Password for login:
[32m[I/pms] pm_svc_init...[0m
[32m[I/jmiot] iot_svc_init...[0m
[32m[I/jmiot] GPRS is not registration (Rx)[0m
[32m[I/voice] voice_svc_init...[0m
[32m[I/ui] ui_app_init...[0m
[32m[I/gkey] gkey_init...[0m
[32m[I/radar] radar_svc_init...[0m
[32m[I/radar] radar_svc_init, aeb feature not enable ![0m
[32m[I/ota] ota_svc_init...[0m
[32m[I/motor] motor_svc_init...[0m
[32m[I/slog] slog_svc_init...[0m
RTC: set alarm - a
[32m[I/voice] voice_msg num: 9[0m
[08:25:40.527505] --->
[31m[E/at.clnt] wait AT client(usart1) connect timeout(10000 tick).[0m
[32m[I/at.dev.ec200x] ec200x device initialize retry 4...[0m
[31m[E/at.clnt] wait AT client(usart1) connect timeout(10000 tick).[0m
[32m[I/at.dev.ec200x] ec200x device initialize retry 3...[0m
[08:26:05.583277] --->
[32m[I/power_on] power_off_system[0m
   |\\|||||t|\\| 
[08:26:30.937130] --->
  \ | /
- RT -     Thread Operating System
/ | \     5.1.0 build Mar 20 2026 17:00:39
2006 - 2024 Copyright by RT-Thread team
rtc initialize success.
adc_vol, adc1 run success!
adc_vol, adc2 run success!
adc_vol, bms run success!
[32m[I/sal.skt] Socket Abstraction Layer initialize success.[0m
hwtimer, timer7 run success!
rtc clock source is set lsi!
RTC: set wkup 12000
watchdog, iwdg run success!
[32m[I/at.clnt] AT client(V1.3.1) on device usart1 initialize success.[0m
[32m[I/at.dev.ec200x] start init ec200x device.[0m
[33m[W/fs01] The version: V0452R336C01L0[0m
[32m[I/handle_bar] bar_value :2030[0m
Password for login:
[32m[I/pms] pm_svc_init...[0m
[32m[I/jmiot] iot_svc_init...[0m
[32m[I/jmiot] GPRS is not registration (Rx)[0m
[32m[I/voice] voice_svc_init...[0m
[32m[I/ui] ui_app_init...[0m
[32m[I/gkey] gkey_init...[0m
[32m[I/radar] radar_svc_init...[0m
[32m[I/radar] radar_svc_init, aeb feature not enable ![0m
[32m[I/ota] ota_svc_init...[0m
[32m[I/motor] motor_svc_init...[0m
[32m[I/slog] slog_svc_init...[0m
RTC: set alarm - a
[31m[E/at.clnt] wait AT client(usart1) connect timeout(10000 tick).[0m
[32m[I/at.dev.ec200x] ec200x device initialize retry 4...[0m
[31m[E/at.clnt] wait AT client(usart1) connect timeout(10000 tick).[0m
[32m[I/at.dev.ec200x] ec200x device initialize retry 3...[0m
[08:26:55.991582] --->
[32m[I/power_on] power_off_system[0m
[32m[I/power_on] power_off_system[0m
    ||8`||0|89  0  
[08:27:22.047591] --->
  \ | /
- RT -     Thread Operating System
/ | \     5.1.0 build Mar 20 2026 17:00:39
2006 - 2024 Copyright by RT-Thread team
rtc initialize success.
adc_vol, adc1 run success!
adc_vol, adc2 run success!
adc_vol, bms run success!
[32m[I/sal.skt] Socket Abstraction Layer initialize success.[0m
hwtimer, timer7 run success!
rtc clock source is set lsi!
RTC: set wkup 12000
watchdog, iwdg run success!
[32m[I/at.clnt] AT client(V1.3.1) on device usart1 initialize success.[0m
[32m[I/at.dev.ec200x] start init ec200x device.[0m
[33m[W/fs01] The version: V0452R336C01L0[0m
[32m[I/handle_bar] bar_value :2030[0m
Password for login:
[32m[I/pms] pm_svc_init...[0m
[32m[I/jmiot] iot_svc_init...[0m
[32m[I/jmiot] GPRS is not registration (Rx)[0m
[32m[I/voice] voice_svc_init...[0m
[32m[I/ui] ui_app_init...[0m
[32m[I/gkey] gkey_init...[0m
[32m[I/radar] radar_svc_init...[0m
[32m[I/radar] radar_svc_init, aeb feature not enable ![0m
[32m[I/ota] ota_svc_init...[0m
[32m[I/motor] motor_svc_init...[0m
[32m[I/slog] slog_svc_init...[0m
RTC: set alarm - a
[31m[E/at.clnt] wait AT client(usart1) connect timeout(10000 tick).[0m
[32m[I/at.dev.ec200x] ec200x device initialize retry 4...[0m
[31m[E/at.clnt] wait AT client(usart1) connect timeout(10000 tick).[0m
[32m[I/at.dev.ec200x] ec200x device initialize retry 3...[0m
[08:27:47.102816] --->
[32m[I/power_on] power_off_system[0m
   |||]\\|||||\| 
[08:28:03.760604] --->
  \ | /
- RT -     Thread Operating System
/ | \     5.1.0 build Mar 20 2026 17:00:39
2006 - 2024 Copyright by RT-Thread team
rtc initialize success.
adc_vol, adc1 run success!
adc_vol, adc2 run success!
adc_vol, bms run success!
[32m[I/sal.skt] Socket Abstraction Layer initialize success.[0m
hwtimer, timer7 run success!
rtc clock source is set lsi!
RTC: set wkup 12000
watchdog, iwdg run success!
[32m[I/at.clnt] AT client(V1.3.1) on device usart1 initialize success.[0m
[32m[I/at.dev.ec200x] start init ec200x device.[0m
[33m[W/fs01] The version: V0452R336C01L0[0m
[32m[I/handle_bar] bar_value :2029[0m
Password for login:
[32m[I/pms] pm_svc_init...[0m
[32m[I/jmiot] iot_svc_init...[0m
[32m[I/jmiot] GPRS is not registration (Rx)[0m
[32m[I/voice] voice_svc_init...[0m
[32m[I/ui] ui_app_init...[0m
[32m[I/gkey] gkey_init...[0m
[32m[I/radar] radar_svc_init...[0m
[32m[I/radar] radar_svc_init, aeb feature not enable ![0m
[32m[I/ota] ota_svc_init...[0m
[32m[I/motor] motor_svc_init...[0m
[32m[I/slog] slog_svc_init...[0m
RTC: set alarm - a
[31m[E/at.clnt] wait AT client(usart1) connect timeout(10000 tick).[0m
[32m[I/at.dev.ec200x] ec200x device initialize retry 4...[0m
[32m[I/voice] voice_msg num: 9[0m
[08:28:28.764707] --->
[31m[E/at.clnt] wait AT client(usart1) connect timeout(10000 tick).[0m
[32m[I/at.dev.ec200x] ec200x device initialize retry 3...[0m
[31m[E/at.clnt] wait AT client(usart1) connect timeout(10000 tick).[0m
[32m[I/at.dev.ec200x] ec200x device initialize retry 2...[0m
[08:28:53.817824] --->
[32m[I/power_on] power_off_system[0m
    ` 8  
[08:29:23.371659] --->
  \ | /
- RT -     Thread Operating System
/ | \     5.1.0 build Mar 20 2026 17:00:39
2006 - 2024 Copyright by RT-Thread team
rtc initialize success.
adc_vol, adc1 run success!
adc_vol, adc2 run success!
adc_vol, bms run success!
[32m[I/sal.skt] Socket Abstraction Layer initialize success.[0m
hwtimer, timer7 run success!
rtc clock source is set lsi!
RTC: set wkup 12000
watchdog, iwdg run success!
[32m[I/at.clnt] AT client(V1.3.1) on device usart1 initialize success.[0m
[32m[I/at.dev.ec200x] start init ec200x device.[0m
[33m[W/fs01] The version: V0452R336C01L0[0m
[32m[I/handle_bar] bar_value :2030[0m
Password for login:
[32m[I/pms] pm_svc_init...[0m
[32m[I/jmiot] iot_svc_init...[0m
[32m[I/jmiot] GPRS is not registration (Rx)[0m
[32m[I/voice] voice_svc_init...[0m
[32m[I/ui] ui_app_init...[0m
[32m[I/gkey] gkey_init...[0m
[32m[I/radar] radar_svc_init...[0m
[32m[I/radar] radar_svc_init, aeb feature not enable ![0m
[32m[I/ota] ota_svc_init...[0m
[32m[I/motor] motor_svc_init...[0m
[32m[I/slog] slog_svc_init...[0m
RTC: set alarm - a
[31m[E/at.clnt] wait AT client(usart1) connect timeout(10000 tick).[0m
[32m[I/at.dev.ec200x] ec200x device initialize retry 4...[0m
[31m[E/at.clnt] wait AT client(usart1) connect timeout(10000 tick).[0m
[32m[I/at.dev.ec200x] ec200x device initialize retry 3...[0m
[08:29:48.425382] --->
[32m[I/power_on] power_off_system[0m
[32m[I/power_on] power_off_system[0m
     
[08:30:14.378384] --->
  \ | /
- RT -     Thread Operating System
/ | \     5.1.0 build Mar 20 2026 17:00:39
2006 - 2024 Copyright by RT-Thread team
rtc initialize success.
adc_vol, adc1 run success!
adc_vol, adc2 run success!
adc_vol, bms run success!
[32m[I/sal.skt] Socket Abstraction Layer initialize success.[0m
hwtimer, timer7 run success!
rtc clock source is set lsi!
RTC: set wkup 12000
watchdog, iwdg run success!
[32m[I/at.clnt] AT client(V1.3.1) on device usart1 initialize success.[0m
[32m[I/at.dev.ec200x] start init ec200x device.[0m
[33m[W/fs01] The version: V0452R336C01L0[0m
[32m[I/handle_bar] bar_value :2030[0m
Password for login:
[32m[I/pms] pm_svc_init...[0m
[32m[I/jmiot] iot_svc_init...[0m
[32m[I/jmiot] GPRS is not registration (Rx)[0m
[32m[I/voice] voice_svc_init...[0m
[32m[I/ui] ui_app_init...[0m
[32m[I/gkey] gkey_init...[0m
[32m[I/radar] radar_svc_init...[0m
[32m[I/radar] radar_svc_init, aeb feature not enable ![0m
[32m[I/ota] ota_svc_init...[0m
[32m[I/motor] motor_svc_init...[0m
[32m[I/slog] slog_svc_init...[0m
RTC: set alarm - a
[31m[E/at.clnt] wait AT client(usart1) connect timeout(10000 tick).[0m
[32m[I/at.dev.ec200x] ec200x device initialize retry 4...[0m
[31m[E/at.clnt] wait AT client(usart1) connect timeout(10000 tick).[0m
[32m[I/at.dev.ec200x] ec200x device initialize retry 3...[0m
[08:30:39.430005] --->
[32m[I/power_on] power_off_system[0m
[32m[I/power_on] power_off_system[0m
         
[08:30:43.688998] --->
  \ | /
- RT -     Thread Operating System
/ | \     5.1.0 build Mar 20 2026 17:00:39
2006 - 2024 Copyright by RT-Thread team
rtc initialize success.
adc_vol, adc1 run success!
adc_vol, adc2 run success!
adc_vol, bms run success!
[32m[I/sal.skt] Socket Abstraction Layer initialize success.[0m
hwtimer, timer7 run success!
rtc clock source is set lsi!
RTC: set wkup 12000
watchdog, iwdg run success!
[32m[I/at.clnt] AT client(V1.3.1) on device usart1 initialize success.[0m
[32m[I/at.dev.ec200x] start init ec200x device.[0m
[33m[W/fs01] The version: V0452R336C01L0[0m
[32m[I/handle_bar] bar_value :2029[0m
Password for login:
[32m[I/pms] pm_svc_init...[0m
[32m[I/jmiot] iot_svc_init...[0m
[32m[I/jmiot] GPRS is not registration (Rx)[0m
[32m[I/voice] voice_svc_init...[0m
[32m[I/ui] ui_app_init...[0m
[32m[I/gkey] gkey_init...[0m
[32m[I/radar] radar_svc_init...[0m
[32m[I/radar] radar_svc_init, aeb feature not enable ![0m
[32m[I/ota] ota_svc_init...[0m
[32m[I/motor] motor_svc_init...[0m
[32m[I/slog] slog_svc_init...[0m
RTC: set alarm - a
[32m[I/voice] voice_msg num: 9[0m
[08:31:08.694715] --->
[31m[E/at.clnt] wait AT client(usart1) connect timeout(10000 tick).[0m
[32m[I/at.dev.ec200x] ec200x device initialize retry 4...[0m
[31m[E/at.clnt] wait AT client(usart1) connect timeout(10000 tick).[0m
[32m[I/at.dev.ec200x] ec200x device initialize retry 3...[0m
[08:31:33.746383] --->
[32m[I/power_on] power_off_system[0m
      
[08:32:00.303958] --->
  \ | /
- RT -     Thread Operating System
/ | \     5.1.0 build Mar 20 2026 17:00:39
2006 - 2024 Copyright by RT-Thread team
rtc initialize success.
adc_vol, adc1 run success!
adc_vol, adc2 run success!
adc_vol, bms run success!
[32m[I/sal.skt] Socket Abstraction Layer initialize success.[0m
hwtimer, timer7 run success!
rtc clock source is set lsi!
RTC: set wkup 12000
watchdog, iwdg run success!
[32m[I/at.clnt] AT client(V1.3.1) on device usart1 initialize success.[0m
[32m[I/at.dev.ec200x] start init ec200x device.[0m
[33m[W/fs01] The version: V0452R336C01L0[0m
[32m[I/handle_bar] bar_value :2030[0m
Password for login:
[32m[I/pms] pm_svc_init...[0m
[32m[I/jmiot] iot_svc_init...[0m
[32m[I/jmiot] GPRS is not registration (Rx)[0m
[32m[I/voice] voice_svc_init...[0m
[32m[I/ui] ui_app_init...[0m
[32m[I/gkey] gkey_init...[0m
[32m[I/radar] radar_svc_init...[0m
[32m[I/radar] radar_svc_init, aeb feature not enable ![0m
[32m[I/ota] ota_svc_init...[0m
[32m[I/motor] motor_svc_init...[0m
[32m[I/slog] slog_svc_init...[0m
RTC: set alarm - a
[31m[E/at.clnt] wait AT client(usart1) connect timeout(10000 tick).[0m
[32m[I/at.dev.ec200x] ec200x device initialize retry 4...[0m
[31m[E/at.clnt] wait AT client(usart1) connect timeout(10000 tick).[0m
[32m[I/at.dev.ec200x] ec200x device initialize retry 3...[0m
[08:32:25.358510] --->
[32m[I/power_on] power_off_system[0m
[32m[I/power_on] power_off_system[0m
   |||< 	< || 
[08:32:29.619870] --->
  \ | /
- RT -     Thread Operating System
/ | \     5.1.0 build Mar 20 2026 17:00:39
2006 - 2024 Copyright by RT-Thread team
rtc initialize success.
adc_vol, adc1 run success!
adc_vol, adc2 run success!
adc_vol, bms run success!
[32m[I/sal.skt] Socket Abstraction Layer initialize success.[0m
hwtimer, timer7 run success!
rtc clock source is set lsi!
RTC: set wkup 12000
watchdog, iwdg run success!
[32m[I/at.clnt] AT client(V1.3.1) on device usart1 initialize success.[0m
[32m[I/at.dev.ec200x] start init ec200x device.[0m
[33m[W/fs01] The version: V0452R336C01L0[0m
[32m[I/handle_bar] bar_value :2029[0m
Password for login:
[32m[I/pms] pm_svc_init...[0m
[32m[I/jmiot] iot_svc_init...[0m
[32m[I/jmiot] GPRS is not registration (Rx)[0m
[32m[I/voice] voice_svc_init...[0m
[32m[I/ui] ui_app_init...[0m
[32m[I/gkey] gkey_init...[0m
[32m[I/radar] radar_svc_init...[0m
[32m[I/radar] radar_svc_init, aeb feature not enable ![0m
[32m[I/ota] ota_svc_init...[0m
[32m[I/motor] motor_svc_init...[0m
[32m[I/slog] slog_svc_init...[0m
RTC: set alarm - a
[32m[I/voice] voice_msg num: 9[0m
[08:32:54.622496] --->
[31m[E/at.clnt] wait AT client(usart1) connect timeout(10000 tick).[0m
[32m[I/at.dev.ec200x] ec200x device initialize retry 4...[0m
[31m[E/at.clnt] wait AT client(usart1) connect timeout(10000 tick).[0m
[32m[I/at.dev.ec200x] ec200x device initialize retry 3...[0m
[08:33:19.678520] --->
[32m[I/power_on] power_off_system[0m
   ||_|ܝ|\]~ 
[08:33:44.830799] --->
  \ | /
- RT -     Thread Operating System
/ | \     5.1.0 build Mar 20 2026 17:00:39
2006 - 2024 Copyright by RT-Thread team
rtc initialize success.
adc_vol, adc1 run success!
adc_vol, adc2 run success!
adc_vol, bms run success!
[32m[I/sal.skt] Socket Abstraction Layer initialize success.[0m
hwtimer, timer7 run success!
rtc clock source is set lsi!
RTC: set wkup 12000
watchdog, iwdg run success!
[32m[I/at.clnt] AT client(V1.3.1) on device usart1 initialize success.[0m
[32m[I/at.dev.ec200x] start init ec200x device.[0m
[33m[W/fs01] The version: V0452R336C01L0[0m
[32m[I/handle_bar] bar_value :2030[0m
Password for login:
[32m[I/pms] pm_svc_init...[0m
[32m[I/jmiot] iot_svc_init...[0m
[32m[I/jmiot] GPRS is not registration (Rx)[0m
[32m[I/voice] voice_svc_init...[0m
[32m[I/ui] ui_app_init...[0m
[32m[I/gkey] gkey_init...[0m
[32m[I/radar] radar_svc_init...[0m
[32m[I/radar] radar_svc_init, aeb feature not enable ![0m
[32m[I/ota] ota_svc_init...[0m
[32m[I/motor] motor_svc_init...[0m
[32m[I/slog] slog_svc_init...[0m
RTC: set alarm - a
[31m[E/at.clnt] wait AT client(usart1) connect timeout(10000 tick).[0m
[32m[I/at.dev.ec200x] ec200x device initialize retry 4...[0m
[31m[E/at.clnt] wait AT client(usart1) connect timeout(10000 tick).[0m
[32m[I/at.dev.ec200x] ec200x device initialize retry 3...[0m
[08:34:09.889503] --->
[32m[I/power_on] power_off_system[0m
[32m[I/power_on] power_off_system[0m
  |]|\_ }~||\ 
[08:34:39.746348] --->
  \ | /
- RT -     Thread Operating System
/ | \     5.1.0 build Mar 20 2026 17:00:39
2006 - 2024 Copyright by RT-Thread team
rtc initialize success.
adc_vol, adc1 run success!
adc_vol, adc2 run success!
adc_vol, bms run success!
[32m[I/sal.skt] Socket Abstraction Layer initialize success.[0m
hwtimer, timer7 run success!
rtc clock source is set lsi!
RTC: set wkup 12000
watchdog, iwdg run success!
[32m[I/at.clnt] AT client(V1.3.1) on device usart1 initialize success.[0m
[32m[I/at.dev.ec200x] start init ec200x device.[0m
[33m[W/fs01] The version: V0452R336C01L0[0m
[32m[I/handle_bar] bar_value :2030[0m
Password for login:
[32m[I/pms] pm_svc_init...[0m
[32m[I/jmiot] iot_svc_init...[0m
[32m[I/jmiot] GPRS is not registration (Rx)[0m
[32m[I/voice] voice_svc_init...[0m
[32m[I/ui] ui_app_init...[0m
[32m[I/gkey] gkey_init...[0m
[32m[I/radar] radar_svc_init...[0m
[32m[I/radar] radar_svc_init, aeb feature not enable ![0m
[32m[I/ota] ota_svc_init...[0m
[32m[I/motor] motor_svc_init...[0m
[32m[I/slog] slog_svc_init...[0m
RTC: set alarm - a
[31m[E/at.clnt] wait AT client(usart1) connect timeout(10000 tick).[0m
[32m[I/at.dev.ec200x] ec200x device initialize retry 4...[0m
[31m[E/at.clnt] wait AT client(usart1) connect timeout(10000 tick).[0m
[32m[I/at.dev.ec200x] ec200x device initialize retry 3...[0m
[08:35:04.801199] --->
[32m[I/power_on] power_off_system[0m
     < 0  p    
[08:35:34.557942] --->
  \ | /
- RT -     Thread Operating System
/ | \     5.1.0 build Mar 20 2026 17:00:39
2006 - 2024 Copyright by RT-Thread team
rtc initialize success.
adc_vol, adc1 run success!
adc_vol, adc2 run success!
adc_vol, bms run success!
[32m[I/sal.skt] Socket Abstraction Layer initialize success.[0m
hwtimer, timer7 run success!
rtc clock source is set lsi!
RTC: set wkup 12000
watchdog, iwdg run success!
[32m[I/at.clnt] AT client(V1.3.1) on device usart1 initialize success.[0m
[32m[I/at.dev.ec200x] start init ec200x device.[0m
[33m[W/fs01] The version: V0452R336C01L0[0m
[32m[I/handle_bar] bar_value :2030[0m
Password for login:
[32m[I/pms] pm_svc_init...[0m
[32m[I/jmiot] iot_svc_init...[0m
[32m[I/jmiot] GPRS is not registration (Rx)[0m
[32m[I/voice] voice_svc_init...[0m
[32m[I/ui] ui_app_init...[0m
[32m[I/gkey] gkey_init...[0m
[32m[I/radar] radar_svc_init...[0m
[32m[I/radar] radar_svc_init, aeb feature not enable ![0m
[32m[I/ota] ota_svc_init...[0m
[32m[I/motor] motor_svc_init...[0m
[32m[I/slog] slog_svc_init...[0m
RTC: set alarm - a
[31m[E/at.clnt] wait AT client(usart1) connect timeout(10000 tick).[0m
[32m[I/at.dev.ec200x] ec200x device initialize retry 4...[0m
[31m[E/at.clnt] wait AT client(usart1) connect timeout(10000 tick).[0m
[32m[I/at.dev.ec200x] ec200x device initialize retry 3...[0m
[08:35:59.612422] --->
[32m[I/power_on] power_off_system[0m
[32m[I/power_on] power_off_system[0m
   }         
[08:36:06.873194] --->
  \ | /
- RT -     Thread Operating System
/ | \     5.1.0 build Mar 20 2026 17:00:39
2006 - 2024 Copyright by RT-Thread team
rtc initialize success.
adc_vol, adc1 run success!
adc_vol, adc2 run success!
adc_vol, bms run success!
[32m[I/sal.skt] Socket Abstraction Layer initialize success.[0m
hwtimer, timer7 run success!
rtc clock source is set lsi!
RTC: set wkup 12000
watchdog, iwdg run success!
[32m[I/at.clnt] AT client(V1.3.1) on device usart1 initialize success.[0m
[32m[I/at.dev.ec200x] start init ec200x device.[0m
[33m[W/fs01] The version: V0452R336C01L0[0m
[32m[I/handle_bar] bar_value :2029[0m
Password for login:
[32m[I/pms] pm_svc_init...[0m
[32m[I/jmiot] iot_svc_init...[0m
[32m[I/jmiot] GPRS is not registration (Rx)[0m
[32m[I/voice] voice_svc_init...[0m
[32m[I/ui] ui_app_init...[0m
[32m[I/gkey] gkey_init...[0m
[32m[I/radar] radar_svc_init...[0m
[32m[I/radar] radar_svc_init, aeb feature not enable ![0m
[32m[I/ota] ota_svc_init...[0m
[32m[I/motor] motor_svc_init...[0m
[32m[I/slog] slog_svc_init...[0m
RTC: set alarm - a
[32m[I/voice] voice_msg num: 9[0m
[08:36:31.876634] --->
[31m[E/at.clnt] wait AT client(usart1) connect timeout(10000 tick).[0m
[32m[I/at.dev.ec200x] ec200x device initialize retry 4...[0m
[31m[E/at.clnt] wait AT client(usart1) connect timeout(10000 tick).[0m
[32m[I/at.dev.ec200x] ec200x device initialize retry 3...[0m
[08:36:56.931961] --->
[32m[I/power_on] power_off_system[0m
   ||||~^|| 
[08:37:22.489179] --->
  \ | /
- RT -     Thread Operating System
/ | \     5.1.0 build Mar 20 2026 17:00:39
2006 - 2024 Copyright by RT-Thread team
rtc initialize success.
adc_vol, adc1 run success!
adc_vol, adc2 run success!
adc_vol, bms run success!
[32m[I/sal.skt] Socket Abstraction Layer initialize success.[0m
hwtimer, timer7 run success!
rtc clock source is set lsi!
RTC: set wkup 12000
watchdog, iwdg run success!
[32m[I/at.clnt] AT client(V1.3.1) on device usart1 initialize success.[0m
[32m[I/at.dev.ec200x] start init ec200x device.[0m
[33m[W/fs01] The version: V0452R336C01L0[0m
[32m[I/handle_bar] bar_value :2029[0m
Password for login:
[32m[I/pms] pm_svc_init...[0m
[32m[I/jmiot] iot_svc_init...[0m
[32m[I/jmiot] GPRS is not registration (Rx)[0m
[32m[I/voice] voice_svc_init...[0m
[32m[I/ui] ui_app_init...[0m
[32m[I/gkey] gkey_init...[0m
[32m[I/radar] radar_svc_init...[0m
[32m[I/radar] radar_svc_init, aeb feature not enable ![0m
[32m[I/ota] ota_svc_init...[0m
[32m[I/motor] motor_svc_init...[0m
[32m[I/slog] slog_svc_init...[0m
RTC: set alarm - a
[31m[E/at.clnt] wait AT client(usart1) connect timeout(10000 tick).[0m
[32m[I/at.dev.ec200x] ec200x device initialize retry 4...[0m
[31m[E/at.clnt] wait AT client(usart1) connect timeout(10000 tick).[0m
[32m[I/at.dev.ec200x] ec200x device initialize retry 3...[0m
[08:37:47.541716] --->
[32m[I/power_on] power_off_system[0m
[32m[I/power_on] power_off_system[0m
    p     
[08:38:15.998326] --->
  \ | /
- RT -     Thread Operating System
/ | \     5.1.0 build Mar 20 2026 17:00:39
2006 - 2024 Copyright by RT-Thread team
rtc initialize success.
adc_vol, adc1 run success!
adc_vol, adc2 run success!
adc_vol, bms run success!
[32m[I/sal.skt] Socket Abstraction Layer initialize success.[0m
hwtimer, timer7 run success!
rtc clock source is set lsi!
RTC: set wkup 12000
watchdog, iwdg run success!
[32m[I/at.clnt] AT client(V1.3.1) on device usart1 initialize success.[0m
[32m[I/at.dev.ec200x] start init ec200x device.[0m
[33m[W/fs01] The version: V0452R336C01L0[0m
[32m[I/handle_bar] bar_value :2030[0m
Password for login:
[32m[I/pms] pm_svc_init...[0m
[32m[I/jmiot] iot_svc_init...[0m
[32m[I/jmiot] GPRS is not registration (Rx)[0m
[32m[I/voice] voice_svc_init...[0m
[32m[I/ui] ui_app_init...[0m
[32m[I/gkey] gkey_init...[0m
[32m[I/radar] radar_svc_init...[0m
[32m[I/radar] radar_svc_init, aeb feature not enable ![0m
[32m[I/ota] ota_svc_init...[0m
[32m[I/motor] motor_svc_init...[0m
[32m[I/slog] slog_svc_init...[0m
RTC: set alarm - a
[31m[E/at.clnt] wait AT client(usart1) connect timeout(10000 tick).[0m
[32m[I/at.dev.ec200x] ec200x device initialize retry 4...[0m
[31m[E/at.clnt] wait AT client(usart1) connect timeout(10000 tick).[0m
[32m[I/at.dev.ec200x] ec200x device initialize retry 3...[0m
[08:38:41.055493] --->
[32m[I/power_on] power_off_system[0m
   }  
[08:39:08.708399] --->
  \ | /
- RT -     Thread Operating System
/ | \     5.1.0 build Mar 20 2026 17:00:39
2006 - 2024 Copyright by RT-Thread team
rtc initialize success.
adc_vol, adc1 run success!
adc_vol, adc2 run success!
adc_vol, bms run success!
[32m[I/sal.skt] Socket Abstraction Layer initialize success.[0m
hwtimer, timer7 run success!
rtc clock source is set lsi!
RTC: set wkup 12000
watchdog, iwdg run success!
[32m[I/at.clnt] AT client(V1.3.1) on device usart1 initialize success.[0m
[32m[I/at.dev.ec200x] start init ec200x device.[0m
[33m[W/fs01] The version: V0452R336C01L0[0m
[32m[I/handle_bar] bar_value :2030[0m
Password for login:
[32m[I/pms] pm_svc_init...[0m
[32m[I/jmiot] iot_svc_init...[0m
[32m[I/jmiot] GPRS is not registration (Rx)[0m
[32m[I/voice] voice_svc_init...[0m
[32m[I/ui] ui_app_init...[0m
[32m[I/gkey] gkey_init...[0m
[32m[I/radar] radar_svc_init...[0m
[32m[I/radar] radar_svc_init, aeb feature not enable ![0m
[32m[I/ota] ota_svc_init...[0m
[32m[I/motor] motor_svc_init...[0m
[32m[I/slog] slog_svc_init...[0m
RTC: set alarm - a
[31m[E/at.clnt] wait AT client(usart1) connect timeout(10000 tick).[0m
[32m[I/at.dev.ec200x] ec200x device initialize retry 4...[0m
[31m[E/at.clnt] wait AT client(usart1) connect timeout(10000 tick).[0m
[32m[I/at.dev.ec200x] ec200x device initialize retry 3...[0m
[08:39:33.760642] --->
[32m[I/power_on] power_off_system[0m
   \|\||]||\| 
[08:40:00.114755] --->
  \ | /
- RT -     Thread Operating System
/ | \     5.1.0 build Mar 20 2026 17:00:39
2006 - 2024 Copyright by RT-Thread team
rtc initialize success.
adc_vol, adc1 run success!
adc_vol, adc2 run success!
adc_vol, bms run success!
[32m[I/sal.skt] Socket Abstraction Layer initialize success.[0m
hwtimer, timer7 run success!
rtc clock source is set lsi!
RTC: set wkup 12000
watchdog, iwdg run success!
[32m[I/at.clnt] AT client(V1.3.1) on device usart1 initialize success.[0m
[32m[I/at.dev.ec200x] start init ec200x device.[0m
[33m[W/fs01] The version: V0452R336C01L0[0m
[32m[I/handle_bar] bar_value :2031[0m
Password for login:
[32m[I/pms] pm_svc_init...[0m
[32m[I/jmiot] iot_svc_init...[0m
[32m[I/jmiot] GPRS is not registration (Rx)[0m
[32m[I/voice] voice_svc_init...[0m
[32m[I/ui] ui_app_init...[0m
[32m[I/gkey] gkey_init...[0m
[32m[I/radar] radar_svc_init...[0m
[32m[I/radar] radar_svc_init, aeb feature not enable ![0m
[32m[I/ota] ota_svc_init...[0m
[32m[I/motor] motor_svc_init...[0m
[32m[I/slog] slog_svc_init...[0m
RTC: set alarm - a
[31m[E/at.clnt] wait AT client(usart1) connect timeout(10000 tick).[0m
[32m[I/at.dev.ec200x] ec200x device initialize retry 4...[0m
[31m[E/at.clnt] wait AT client(usart1) connect timeout(10000 tick).[0m
[32m[I/at.dev.ec200x] ec200x device initialize retry 3...[0m
[08:40:25.166625] --->
[32m[I/power_on] power_off_system[0m
[32m[I/power_on] power_off_system[0m
   ~ |} 
[08:40:52.524907] --->
  \ | /
- RT -     Thread Operating System
/ | \     5.1.0 build Mar 20 2026 17:00:39
2006 - 2024 Copyright by RT-Thread team
rtc initialize success.
adc_vol, adc1 run success!
adc_vol, adc2 run success!
adc_vol, bms run success!
[32m[I/sal.skt] Socket Abstraction Layer initialize success.[0m
hwtimer, timer7 run success!
rtc clock source is set lsi!
RTC: set wkup 12000
watchdog, iwdg run success!
[32m[I/at.clnt] AT client(V1.3.1) on device usart1 initialize success.[0m
[32m[I/at.dev.ec200x] start init ec200x device.[0m
[33m[W/fs01] The version: V0452R336C01L0[0m
[32m[I/handle_bar] bar_value :2030[0m
Password for login:
[32m[I/pms] pm_svc_init...[0m
[32m[I/jmiot] iot_svc_init...[0m
[32m[I/jmiot] GPRS is not registration (Rx)[0m
[32m[I/voice] voice_svc_init...[0m
[32m[I/ui] ui_app_init...[0m
[32m[I/gkey] gkey_init...[0m
[32m[I/radar] radar_svc_init...[0m
[32m[I/radar] radar_svc_init, aeb feature not enable ![0m
[32m[I/ota] ota_svc_init...[0m
[32m[I/motor] motor_svc_init...[0m
[32m[I/slog] slog_svc_init...[0m
RTC: set alarm - a
[31m[E/at.clnt] wait AT client(usart1) connect timeout(10000 tick).[0m
[32m[I/at.dev.ec200x] ec200x device initialize retry 4...[0m
[31m[E/at.clnt] wait AT client(usart1) connect timeout(10000 tick).[0m
[32m[I/at.dev.ec200x] ec200x device initialize retry 3...[0m
[08:41:17.581505] --->
[32m[I/power_on] power_off_system[0m
[32m[I/power_on] power_off_system[0m
     
[08:41:46.135151] --->
  \ | /
- RT -     Thread Operating System
/ | \     5.1.0 build Mar 20 2026 17:00:39
2006 - 2024 Copyright by RT-Thread team
rtc initialize success.
adc_vol, adc1 run success!
adc_vol, adc2 run success!
adc_vol, bms run success!
[32m[I/sal.skt] Socket Abstraction Layer initialize success.[0m
hwtimer, timer7 run success!
rtc clock source is set lsi!
RTC: set wkup 12000
watchdog, iwdg run success!
[32m[I/at.clnt] AT client(V1.3.1) on device usart1 initialize success.[0m
[32m[I/at.dev.ec200x] start init ec200x device.[0m
[33m[W/fs01] The version: V0452R336C01L0[0m
[32m[I/handle_bar] bar_value :2030[0m
Password for login:
[32m[I/pms] pm_svc_init...[0m
[32m[I/jmiot] iot_svc_init...[0m
[32m[I/jmiot] GPRS is not registration (Rx)[0m
[32m[I/voice] voice_svc_init...[0m
[32m[I/ui] ui_app_init...[0m
[32m[I/gkey] gkey_init...[0m
[32m[I/radar] radar_svc_init...[0m
[32m[I/radar] radar_svc_init, aeb feature not enable ![0m
[32m[I/ota] ota_svc_init...[0m
[32m[I/motor] motor_svc_init...[0m
[32m[I/slog] slog_svc_init...[0m
RTC: set alarm - a
[31m[E/at.clnt] wait AT client(usart1) connect timeout(10000 tick).[0m
[32m[I/at.dev.ec200x] ec200x device initialize retry 4...[0m
[31m[E/at.clnt] wait AT client(usart1) connect timeout(10000 tick).[0m
[32m[I/at.dev.ec200x] ec200x device initialize retry 3...[0m
[08:42:11.191356] --->
[32m[I/power_on] power_off_system[0m
[32m[I/power_on] power_off_system[0m
   wΌΌΌsΌ̌ΌΌΎΌΌ̞܌ 
[08:42:39.145698] --->
  \ | /
- RT -     Thread Operating System
/ | \     5.1.0 build Mar 20 2026 17:00:39
2006 - 2024 Copyright by RT-Thread team
rtc initialize success.
adc_vol, adc1 run success!
adc_vol, adc2 run success!
adc_vol, bms run success!
[32m[I/sal.skt] Socket Abstraction Layer initialize success.[0m
hwtimer, timer7 run success!
rtc clock source is set lsi!
RTC: set wkup 12000
watchdog, iwdg run success!
[32m[I/at.clnt] AT client(V1.3.1) on device usart1 initialize success.[0m
[32m[I/at.dev.ec200x] start init ec200x device.[0m
[33m[W/fs01] The version: V0452R336C01L0[0m
[32m[I/handle_bar] bar_value :2031[0m
Password for login:
[32m[I/pms] pm_svc_init...[0m
[32m[I/jmiot] iot_svc_init...[0m
[32m[I/jmiot] GPRS is not registration (Rx)[0m
[32m[I/voice] voice_svc_init...[0m
[32m[I/ui] ui_app_init...[0m
[32m[I/gkey] gkey_init...[0m
[32m[I/radar] radar_svc_init...[0m
[32m[I/radar] radar_svc_init, aeb feature not enable ![0m
[32m[I/ota] ota_svc_init...[0m
[32m[I/motor] motor_svc_init...[0m
[32m[I/slog] slog_svc_init...[0m
RTC: set alarm - a
[31m[E/at.clnt] wait AT client(usart1) connect timeout(10000 tick).[0m
[32m[I/at.dev.ec200x] ec200x device initialize retry 4...[0m
[31m[E/at.clnt] wait AT client(usart1) connect timeout(10000 tick).[0m
[32m[I/at.dev.ec200x] ec200x device initialize retry 3...[0m
[08:43:04.201773] --->
[32m[I/power_on] power_off_system[0m
[32m[I/power_on] power_off_system[0m
     
[08:43:33.053843] --->
  \ | /
- RT -     Thread Operating System
/ | \     5.1.0 build Mar 20 2026 17:00:39
2006 - 2024 Copyright by RT-Thread team
rtc initialize success.
adc_vol, adc1 run success!
adc_vol, adc2 run success!
adc_vol, bms run success!
[32m[I/sal.skt] Socket Abstraction Layer initialize success.[0m
hwtimer, timer7 run success!
rtc clock source is set lsi!
RTC: set wkup 12000
watchdog, iwdg run success!
[32m[I/at.clnt] AT client(V1.3.1) on device usart1 initialize success.[0m
[32m[I/at.dev.ec200x] start init ec200x device.[0m
[33m[W/fs01] The version: V0452R336C01L0[0m
[32m[I/handle_bar] bar_value :2029[0m
Password for login:
[32m[I/pms] pm_svc_init...[0m
[32m[I/jmiot] iot_svc_init...[0m
[32m[I/jmiot] GPRS is not registration (Rx)[0m
[32m[I/voice] voice_svc_init...[0m
[32m[I/ui] ui_app_init...[0m
[32m[I/gkey] gkey_init...[0m
[32m[I/radar] radar_svc_init...[0m
[32m[I/radar] radar_svc_init, aeb feature not enable ![0m
[32m[I/ota] ota_svc_init...[0m
[32m[I/motor] motor_svc_init...[0m
[32m[I/slog] slog_svc_init...[0m
RTC: set alarm - a
[31m[E/at.clnt] wait AT client(usart1) connect timeout(10000 tick).[0m
[32m[I/at.dev.ec200x] ec200x device initialize retry 4...[0m
[31m[E/at.clnt] wait AT client(usart1) connect timeout(10000 tick).[0m
[32m[I/at.dev.ec200x] ec200x device initialize retry 3...[0m
[08:43:58.105639] --->
[32m[I/power_on] power_off_system[0m
  cΎ̌̌Ό̌ܞ 
[08:44:26.661919] --->
  \ | /
- RT -     Thread Operating System
/ | \     5.1.0 build Mar 20 2026 17:00:39
2006 - 2024 Copyright by RT-Thread team
rtc initialize success.
adc_vol, adc1 run success!
adc_vol, adc2 run success!
adc_vol, bms run success!
[32m[I/sal.skt] Socket Abstraction Layer initialize success.[0m
hwtimer, timer7 run success!
rtc clock source is set lsi!
RTC: set wkup 12000
watchdog, iwdg run success!
[32m[I/at.clnt] AT client(V1.3.1) on device usart1 initialize success.[0m
[32m[I/at.dev.ec200x] start init ec200x device.[0m
[33m[W/fs01] The version: V0452R336C01L0[0m
[32m[I/handle_bar] bar_value :2029[0m
Password for login:
[32m[I/pms] pm_svc_init...[0m
[32m[I/jmiot] iot_svc_init...[0m
[32m[I/jmiot] GPRS is not registration (Rx)[0m
[32m[I/voice] voice_svc_init...[0m
[32m[I/ui] ui_app_init...[0m
[32m[I/gkey] gkey_init...[0m
[32m[I/radar] radar_svc_init...[0m
[32m[I/radar] radar_svc_init, aeb feature not enable ![0m
[32m[I/ota] ota_svc_init...[0m
[32m[I/motor] motor_svc_init...[0m
[32m[I/slog] slog_svc_init...[0m
RTC: set alarm - a
[31m[E/at.clnt] wait AT client(usart1) connect timeout(10000 tick).[0m
[32m[I/at.dev.ec200x] ec200x device initialize retry 4...[0m
[31m[E/at.clnt] wait AT client(usart1) connect timeout(10000 tick).[0m
[32m[I/at.dev.ec200x] ec200x device initialize retry 3...[0m
[08:44:51.716263] --->
[32m[I/power_on] power_off_system[0m
[32m[I/power_on] power_off_system[0m
       
[08:45:18.673313] --->
  \ | /
- RT -     Thread Operating System
/ | \     5.1.0 build Mar 20 2026 17:00:39
2006 - 2024 Copyright by RT-Thread team
rtc initialize success.
adc_vol, adc1 run success!
adc_vol, adc2 run success!
adc_vol, bms run success!
[32m[I/sal.skt] Socket Abstraction Layer initialize success.[0m
hwtimer, timer7 run success!
rtc clock source is set lsi!
RTC: set wkup 12000
watchdog, iwdg run success!
[32m[I/at.clnt] AT client(V1.3.1) on device usart1 initialize success.[0m
[32m[I/at.dev.ec200x] start init ec200x device.[0m
[33m[W/fs01] The version: V0452R336C01L0[0m
[32m[I/handle_bar] bar_value :2030[0m
Password for login:
[32m[I/pms] pm_svc_init...[0m
[32m[I/jmiot] iot_svc_init...[0m
[32m[I/jmiot] GPRS is not registration (Rx)[0m
[32m[I/voice] voice_svc_init...[0m
[32m[I/ui] ui_app_init...[0m
[32m[I/gkey] gkey_init...[0m
[32m[I/radar] radar_svc_init...[0m
[32m[I/radar] radar_svc_init, aeb feature not enable ![0m
[32m[I/ota] ota_svc_init...[0m
[32m[I/motor] motor_svc_init...[0m
[32m[I/slog] slog_svc_init...[0m
RTC: set alarm - a
[31m[E/at.clnt] wait AT client(usart1) connect timeout(10000 tick).[0m
[32m[I/at.dev.ec200x] ec200x device initialize retry 4...[0m
[31m[E/at.clnt] wait AT client(usart1) connect timeout(10000 tick).[0m
[32m[I/at.dev.ec200x] ec200x device initialize retry 3...[0m
[08:45:43.728925] --->
[32m[I/power_on] power_off_system[0m
[32m[I/power_on] power_off_system[0m
   ̌̌̌ 
[08:45:47.990372] --->
  \ | /
- RT -     Thread Operating System
/ | \     5.1.0 build Mar 20 2026 17:00:39
2006 - 2024 Copyright by RT-Thread team
rtc initialize success.
adc_vol, adc1 run success!
adc_vol, adc2 run success!
adc_vol, bms run success!
[32m[I/sal.skt] Socket Abstraction Layer initialize success.[0m
hwtimer, timer7 run success!
rtc clock source is set lsi!
RTC: set wkup 12000
watchdog, iwdg run success!
[32m[I/at.clnt] AT client(V1.3.1) on device usart1 initialize success.[0m
[32m[I/at.dev.ec200x] start init ec200x device.[0m
[33m[W/fs01] The version: V0452R336C01L0[0m
[32m[I/handle_bar] bar_value :2030[0m
Password for login:
[32m[I/pms] pm_svc_init...[0m
[32m[I/jmiot] iot_svc_init...[0m
[32m[I/jmiot] GPRS is not registration (Rx)[0m
[32m[I/voice] voice_svc_init...[0m
[32m[I/ui] ui_app_init...[0m
[32m[I/gkey] gkey_init...[0m
[32m[I/radar] radar_svc_init...[0m
[32m[I/radar] radar_svc_init, aeb feature not enable ![0m
[32m[I/ota] ota_svc_init...[0m
[32m[I/motor] motor_svc_init...[0m
[32m[I/slog] slog_svc_init...[0m
RTC: set alarm - a
[32m[I/voice] voice_msg num: 9[0m
[08:46:12.994014] --->
[31m[E/at.clnt] wait AT client(usart1) connect timeout(10000 tick).[0m
[32m[I/at.dev.ec200x] ec200x device initialize retry 4...[0m
[31m[E/at.clnt] wait AT client(usart1) connect timeout(10000 tick).[0m
[32m[I/at.dev.ec200x] ec200x device initialize retry 3...[0m
[08:46:38.050754] --->
[32m[I/power_on] power_off_system[0m
   Ύ  
[08:46:42.310621] --->
  \ | /
- RT -     Thread Operating System
/ | \     5.1.0 build Mar 20 2026 17:00:39
2006 - 2024 Copyright by RT-Thread team
rtc initialize success.
adc_vol, adc1 run success!
adc_vol, adc2 run success!
adc_vol, bms run success!
[32m[I/sal.skt] Socket Abstraction Layer initialize success.[0m
hwtimer, timer7 run success!
rtc clock source is set lsi!
RTC: set wkup 12000
watchdog, iwdg run success!
[32m[I/at.clnt] AT client(V1.3.1) on device usart1 initialize success.[0m
[32m[I/at.dev.ec200x] start init ec200x device.[0m
[33m[W/fs01] The version: V0452R336C01L0[0m
[32m[I/handle_bar] bar_value :2030[0m
Password for login:
[32m[I/pms] pm_svc_init...[0m
[32m[I/jmiot] iot_svc_init...[0m
[32m[I/jmiot] GPRS is not registration (Rx)[0m
[32m[I/voice] voice_svc_init...[0m
[32m[I/ui] ui_app_init...[0m
[32m[I/gkey] gkey_init...[0m
[32m[I/radar] radar_svc_init...[0m
[32m[I/radar] radar_svc_init, aeb feature not enable ![0m
[32m[I/ota] ota_svc_init...[0m
[32m[I/motor] motor_svc_init...[0m
[32m[I/slog] slog_svc_init...[0m
RTC: set alarm - a
[32m[I/voice] voice_msg num: 9[0m
[08:47:07.313376] --->
[31m[E/at.clnt] wait AT client(usart1) connect timeout(10000 tick).[0m
[32m[I/at.dev.ec200x] ec200x device initialize retry 4...[0m
[31m[E/at.clnt] wait AT client(usart1) connect timeout(10000 tick).[0m
[32m[I/at.dev.ec200x] ec200x device initialize retry 3...[0m
[08:47:32.365913] --->
[32m[I/power_on] power_off_system[0m
     
[08:47:59.218927] --->
  \ | /
- RT -     Thread Operating System
/ | \     5.1.0 build Mar 20 2026 17:00:39
2006 - 2024 Copyright by RT-Thread team
rtc initialize success.
adc_vol, adc1 run success!
adc_vol, adc2 run success!
adc_vol, bms run success!
[32m[I/sal.skt] Socket Abstraction Layer initialize success.[0m
hwtimer, timer7 run success!
rtc clock source is set lsi!
RTC: set wkup 12000
watchdog, iwdg run success!
[32m[I/at.clnt] AT client(V1.3.1) on device usart1 initialize success.[0m
[32m[I/at.dev.ec200x] start init ec200x device.[0m
[33m[W/fs01] The version: V0452R336C01L0[0m
[32m[I/handle_bar] bar_value :2029[0m
Password for login:
[32m[I/pms] pm_svc_init...[0m
[32m[I/jmiot] iot_svc_init...[0m
[32m[I/jmiot] GPRS is not registration (Rx)[0m
[32m[I/voice] voice_svc_init...[0m
[32m[I/ui] ui_app_init...[0m
[32m[I/gkey] gkey_init...[0m
[32m[I/radar] radar_svc_init...[0m
[32m[I/radar] radar_svc_init, aeb feature not enable ![0m
[32m[I/ota] ota_svc_init...[0m
[32m[I/motor] motor_svc_init...[0m
[32m[I/slog] slog_svc_init...[0m
RTC: set alarm - a
[31m[E/at.clnt] wait AT client(usart1) connect timeout(10000 tick).[0m
[32m[I/at.dev.ec200x] ec200x device initialize retry 4...[0m
[31m[E/at.clnt] wait AT client(usart1) connect timeout(10000 tick).[0m
[32m[I/at.dev.ec200x] ec200x device initialize retry 3...[0m
[08:48:24.273693] --->
[32m[I/power_on] power_off_system[0m
    ̎ 
[08:48:25.732910] --->
  \ | /
- RT -     Thread Operating System
/ | \     5.1.0 build Mar 20 2026 17:00:39
2006 - 2024 Copyright by RT-Thread team
rtc initialize success.
adc_vol, adc1 run success!
adc_vol, adc2 run success!
adc_vol, bms run success!
[32m[I/sal.skt] Socket Abstraction Layer initialize success.[0m
hwtimer, timer7 run success!
rtc clock source is set lsi!
RTC: set wkup 12000
watchdog, iwdg run success!
[32m[I/at.clnt] AT client(V1.3.1) on device usart1 initialize success.[0m
[32m[I/at.dev.ec200x] start init ec200x device.[0m
[33m[W/fs01] The version: V0452R336C01L0[0m
[32m[I/handle_bar] bar_value :2030[0m
Password for login:
[32m[I/pms] pm_svc_init...[0m
[32m[I/jmiot] iot_svc_init...[0m
[32m[I/jmiot] GPRS is not registration (Rx)[0m
[32m[I/voice] voice_svc_init...[0m
[32m[I/ui] ui_app_init...[0m
[32m[I/gkey] gkey_init...[0m
[32m[I/radar] radar_svc_init...[0m
[32m[I/radar] radar_svc_init, aeb feature not enable ![0m
[32m[I/ota] ota_svc_init...[0m
[32m[I/motor] motor_svc_init...[0m
[32m[I/slog] slog_svc_init...[0m
RTC: set alarm - a
[32m[I/voice] voice_msg num: 9[0m
[08:48:50.735851] --->
[31m[E/at.clnt] wait AT client(usart1) connect timeout(10000 tick).[0m
[32m[I/at.dev.ec200x] ec200x device initialize retry 4...[0m
[31m[E/at.clnt] wait AT client(usart1) connect timeout(10000 tick).[0m
[32m[I/at.dev.ec200x] ec200x device initialize retry 3...[0m
[08:49:15.791978] --->
[32m[I/power_on] power_off_system[0m
   ΎΎ挜 
[08:49:17.251558] --->
  \ | /
- RT -     Thread Operating System
/ | \     5.1.0 build Mar 20 2026 17:00:39
2006 - 2024 Copyright by RT-Thread team
rtc initialize success.
adc_vol, adc1 run success!
adc_vol, adc2 run success!
adc_vol, bms run success!
[32m[I/sal.skt] Socket Abstraction Layer initialize success.[0m
hwtimer, timer7 run success!
rtc clock source is set lsi!
RTC: set wkup 12000
watchdog, iwdg run success!
[32m[I/at.clnt] AT client(V1.3.1) on device usart1 initialize success.[0m
[32m[I/at.dev.ec200x] start init ec200x device.[0m
[33m[W/fs01] The version: V0452R336C01L0[0m
[32m[I/handle_bar] bar_value :2029[0m
Password for login:
[32m[I/pms] pm_svc_init...[0m
[32m[I/jmiot] iot_svc_init...[0m
[32m[I/jmiot] GPRS is not registration (Rx)[0m
[32m[I/voice] voice_svc_init...[0m
[32m[I/ui] ui_app_init...[0m
[32m[I/gkey] gkey_init...[0m
[32m[I/radar] radar_svc_init...[0m
[32m[I/radar] radar_svc_init, aeb feature not enable ![0m
[32m[I/ota] ota_svc_init...[0m
[32m[I/motor] motor_svc_init...[0m
[32m[I/slog] slog_svc_init...[0m
RTC: set alarm - a
[32m[I/voice] voice_msg num: 9[0m
[08:49:42.257874] --->
[31m[E/at.clnt] wait AT client(usart1) connect timeout(10000 tick).[0m
[32m[I/at.dev.ec200x] ec200x device initialize retry 4...[0m
[31m[E/at.clnt] wait AT client(usart1) connect timeout(10000 tick).[0m
[32m[I/at.dev.ec200x] ec200x device initialize retry 3...[0m
[08:50:07.315806] --->
[32m[I/power_on] power_off_system[0m
   ΎΎΌgΎ̜̌Ό̎ΎΜ 
[08:50:08.774078] --->
  \ | /
- RT -     Thread Operating System
/ | \     5.1.0 build Mar 20 2026 17:00:39
2006 - 2024 Copyright by RT-Thread team
rtc initialize success.
adc_vol, adc1 run success!
adc_vol, adc2 run success!
adc_vol, bms run success!
[32m[I/sal.skt] Socket Abstraction Layer initialize success.[0m
hwtimer, timer7 run success!
rtc clock source is set lsi!
RTC: set wkup 12000
watchdog, iwdg run success!
[32m[I/at.clnt] AT client(V1.3.1) on device usart1 initialize success.[0m
[32m[I/at.dev.ec200x] start init ec200x device.[0m
[33m[W/fs01] The version: V0452R336C01L0[0m
[32m[I/handle_bar] bar_value :2030[0m
Password for login:
[32m[I/pms] pm_svc_init...[0m
[32m[I/jmiot] iot_svc_init...[0m
[32m[I/jmiot] GPRS is not registration (Rx)[0m
[32m[I/voice] voice_svc_init...[0m
[32m[I/ui] ui_app_init...[0m
[32m[I/gkey] gkey_init...[0m
[32m[I/radar] radar_svc_init...[0m
[32m[I/radar] radar_svc_init, aeb feature not enable ![0m
[32m[I/ota] ota_svc_init...[0m
[32m[I/motor] motor_svc_init...[0m
[32m[I/slog] slog_svc_init...[0m
RTC: set alarm - a
[32m[I/voice] voice_msg num: 9[0m
[08:50:33.775717] --->
[31m[E/at.clnt] wait AT client(usart1) connect timeout(10000 tick).[0m
[32m[I/at.dev.ec200x] ec200x device initialize retry 4...[0m
[31m[E/at.clnt] wait AT client(usart1) connect timeout(10000 tick).[0m
[32m[I/at.dev.ec200x] ec200x device initialize retry 3...[0m
[08:50:58.832295] --->
[32m[I/power_on] power_off_system[0m
   ߯ Ξ 
[08:51:06.092823] --->
  \ | /
- RT -     Thread Operating System
/ | \     5.1.0 build Mar 20 2026 17:00:39
2006 - 2024 Copyright by RT-Thread team
rtc initialize success.
adc_vol, adc1 run success!
adc_vol, adc2 run success!
adc_vol, bms run success!
[32m[I/sal.skt] Socket Abstraction Layer initialize success.[0m
hwtimer, timer7 run success!
rtc clock source is set lsi!
RTC: set wkup 12000
watchdog, iwdg run success!
[32m[I/at.clnt] AT client(V1.3.1) on device usart1 initialize success.[0m
[32m[I/at.dev.ec200x] start init ec200x device.[0m
[33m[W/fs01] The version: V0452R336C01L0[0m
[32m[I/handle_bar] bar_value :2029[0m
Password for login:
[32m[I/pms] pm_svc_init...[0m
[32m[I/jmiot] iot_svc_init...[0m
[32m[I/jmiot] GPRS is not registration (Rx)[0m
[32m[I/voice] voice_svc_init...[0m
[32m[I/ui] ui_app_init...[0m
[32m[I/gkey] gkey_init...[0m
[32m[I/radar] radar_svc_init...[0m
[32m[I/radar] radar_svc_init, aeb feature not enable ![0m
[32m[I/ota] ota_svc_init...[0m
[32m[I/motor] motor_svc_init...[0m
[32m[I/slog] slog_svc_init...[0m
RTC: set alarm - a
[32m[I/voice] voice_msg num: 9[0m
[08:51:31.095994] --->
[31m[E/at.clnt] wait AT client(usart1) connect timeout(10000 tick).[0m
[32m[I/at.dev.ec200x] ec200x device initialize retry 4...[0m
[31m[E/at.clnt] wait AT client(usart1) connect timeout(10000 tick).[0m
[32m[I/at.dev.ec200x] ec200x device initialize retry 3...[0m
[08:51:56.152118] --->
[32m[I/power_on] power_off_system[0m
   ̌ΎΎΎΎΜ̌ΎΎĽΎ 
[08:52:26.106715] --->
  \ | /
- RT -     Thread Operating System
/ | \     5.1.0 build Mar 20 2026 17:00:39
2006 - 2024 Copyright by RT-Thread team
rtc initialize success.
adc_vol, adc1 run success!
adc_vol, adc2 run success!
adc_vol, bms run success!
[32m[I/sal.skt] Socket Abstraction Layer initialize success.[0m
hwtimer, timer7 run success!
rtc clock source is set lsi!
RTC: set wkup 12000
watchdog, iwdg run success!
[32m[I/at.clnt] AT client(V1.3.1) on device usart1 initialize success.[0m
[32m[I/at.dev.ec200x] start init ec200x device.[0m
[33m[W/fs01] The version: V0452R336C01L0[0m
[32m[I/handle_bar] bar_value :2030[0m
Password for login:
[32m[I/pms] pm_svc_init...[0m
[32m[I/jmiot] iot_svc_init...[0m
[32m[I/jmiot] GPRS is not registration (Rx)[0m
[32m[I/voice] voice_svc_init...[0m
[32m[I/ui] ui_app_init...[0m
[32m[I/gkey] gkey_init...[0m
[32m[I/radar] radar_svc_init...[0m
[32m[I/radar] radar_svc_init, aeb feature not enable ![0m
[32m[I/ota] ota_svc_init...[0m
[32m[I/motor] motor_svc_init...[0m
[32m[I/slog] slog_svc_init...[0m
RTC: set alarm - a
[31m[E/at.clnt] wait AT client(usart1) connect timeout(10000 tick).[0m
[32m[I/at.dev.ec200x] ec200x device initialize retry 4...[0m
[31m[E/at.clnt] wait AT client(usart1) connect timeout(10000 tick).[0m
[32m[I/at.dev.ec200x] ec200x device initialize retry 3...[0m
[08:52:51.162012] --->
[32m[I/power_on] power_off_system[0m
[32m[I/power_on] power_off_system[0m
   Μ  
[08:53:17.714654] --->
  \ | /
- RT -     Thread Operating System
/ | \     5.1.0 build Mar 20 2026 17:00:39
2006 - 2024 Copyright by RT-Thread team
rtc initialize success.
adc_vol, adc1 run success!
adc_vol, adc2 run success!
adc_vol, bms run success!
[32m[I/sal.skt] Socket Abstraction Layer initialize success.[0m
hwtimer, timer7 run success!
rtc clock source is set lsi!
RTC: set wkup 12000
watchdog, iwdg run success!
[32m[I/at.clnt] AT client(V1.3.1) on device usart1 initialize success.[0m
[32m[I/at.dev.ec200x] start init ec200x device.[0m
[33m[W/fs01] The version: V0452R336C01L0[0m
[32m[I/handle_bar] bar_value :2029[0m
Password for login:
[32m[I/pms] pm_svc_init...[0m
[32m[I/jmiot] iot_svc_init...[0m
[32m[I/jmiot] GPRS is not registration (Rx)[0m
[32m[I/voice] voice_svc_init...[0m
[32m[I/ui] ui_app_init...[0m
[32m[I/gkey] gkey_init...[0m
[32m[I/radar] radar_svc_init...[0m
[32m[I/radar] radar_svc_init, aeb feature not enable ![0m
[32m[I/ota] ota_svc_init...[0m
[32m[I/motor] motor_svc_init...[0m
[32m[I/slog] slog_svc_init...[0m
RTC: set alarm - a
[31m[E/at.clnt] wait AT client(usart1) connect timeout(10000 tick).[0m
[32m[I/at.dev.ec200x] ec200x device initialize retry 4...[0m
[31m[E/at.clnt] wait AT client(usart1) connect timeout(10000 tick).[0m
[32m[I/at.dev.ec200x] ec200x device initialize retry 3...[0m
[08:53:42.772599] --->
[32m[I/power_on] power_off_system[0m
[32m[I/power_on] power_off_system[0m
   OΎ όΎ̎ 
[08:54:11.527324] --->
  \ | /
- RT -     Thread Operating System
/ | \     5.1.0 build Mar 20 2026 17:00:39
2006 - 2024 Copyright by RT-Thread team
rtc initialize success.
adc_vol, adc1 run success!
adc_vol, adc2 run success!
adc_vol, bms run success!
[32m[I/sal.skt] Socket Abstraction Layer initialize success.[0m
hwtimer, timer7 run success!
rtc clock source is set lsi!
RTC: set wkup 12000
watchdog, iwdg run success!
[32m[I/at.clnt] AT client(V1.3.1) on device usart1 initialize success.[0m
[32m[I/at.dev.ec200x] start init ec200x device.[0m
[33m[W/fs01] The version: V0452R336C01L0[0m
[32m[I/handle_bar] bar_value :2029[0m
Password for login:
[32m[I/pms] pm_svc_init...[0m
[32m[I/jmiot] iot_svc_init...[0m
[32m[I/jmiot] GPRS is not registration (Rx)[0m
[32m[I/voice] voice_svc_init...[0m
[32m[I/ui] ui_app_init...[0m
[32m[I/gkey] gkey_init...[0m
[32m[I/radar] radar_svc_init...[0m
[32m[I/radar] radar_svc_init, aeb feature not enable ![0m
[32m[I/ota] ota_svc_init...[0m
[32m[I/motor] motor_svc_init...[0m
[32m[I/slog] slog_svc_init...[0m
RTC: set alarm - a
[31m[E/at.clnt] wait AT client(usart1) connect timeout(10000 tick).[0m
[32m[I/at.dev.ec200x] ec200x device initialize retry 4...[0m
[31m[E/at.clnt] wait AT client(usart1) connect timeout(10000 tick).[0m
[32m[I/at.dev.ec200x] ec200x device initialize retry 3...[0m
[08:54:36.582761] --->
[32m[I/power_on] power_off_system[0m
   ^̎Ύ̎Ό̜ƌq| 
[08:55:03.438289] --->
  \ | /
- RT -     Thread Operating System
/ | \     5.1.0 build Mar 20 2026 17:00:39
2006 - 2024 Copyright by RT-Thread team
rtc initialize success.
adc_vol, adc1 run success!
adc_vol, adc2 run success!
adc_vol, bms run success!
[32m[I/sal.skt] Socket Abstraction Layer initialize success.[0m
hwtimer, timer7 run success!
rtc clock source is set lsi!
RTC: set wkup 12000
watchdog, iwdg run success!
[32m[I/at.clnt] AT client(V1.3.1) on device usart1 initialize success.[0m
[32m[I/at.dev.ec200x] start init ec200x device.[0m
[33m[W/fs01] The version: V0452R336C01L0[0m
[32m[I/handle_bar] bar_value :2030[0m
Password for login:
[32m[I/pms] pm_svc_init...[0m
[32m[I/jmiot] iot_svc_init...[0m
[32m[I/jmiot] GPRS is not registration (Rx)[0m
[32m[I/voice] voice_svc_init...[0m
[32m[I/ui] ui_app_init...[0m
[32m[I/gkey] gkey_init...[0m
[32m[I/radar] radar_svc_init...[0m
[32m[I/radar] radar_svc_init, aeb feature not enable ![0m
[32m[I/ota] ota_svc_init...[0m
[32m[I/motor] motor_svc_init...[0m
[32m[I/slog] slog_svc_init...[0m
RTC: set alarm - a
[31m[E/at.clnt] wait AT client(usart1) connect timeout(10000 tick).[0m
[32m[I/at.dev.ec200x] ec200x device initialize retry 4...[0m
[31m[E/at.clnt] wait AT client(usart1) connect timeout(10000 tick).[0m
[32m[I/at.dev.ec200x] ec200x device initialize retry 3...[0m
[08:55:28.493432] --->
[32m[I/power_on] power_off_system[0m
   ǧΌΌΌΌǟ 
[08:55:53.750165] --->
  \ | /
- RT -     Thread Operating System
/ | \     5.1.0 build Mar 20 2026 17:00:39
2006 - 2024 Copyright by RT-Thread team
rtc initialize success.
adc_vol, adc1 run success!
adc_vol, adc2 run success!
adc_vol, bms run success!
[32m[I/sal.skt] Socket Abstraction Layer initialize success.[0m
hwtimer, timer7 run success!
rtc clock source is set lsi!
RTC: set wkup 12000
watchdog, iwdg run success!
[32m[I/at.clnt] AT client(V1.3.1) on device usart1 initialize success.[0m
[32m[I/at.dev.ec200x] start init ec200x device.[0m
[33m[W/fs01] The version: V0452R336C01L0[0m
[32m[I/handle_bar] bar_value :2030[0m
Password for login:
[32m[I/pms] pm_svc_init...[0m
[32m[I/jmiot] iot_svc_init...[0m
[32m[I/jmiot] GPRS is not registration (Rx)[0m
[32m[I/voice] voice_svc_init...[0m
[32m[I/ui] ui_app_init...[0m
[32m[I/gkey] gkey_init...[0m
[32m[I/radar] radar_svc_init...[0m
[32m[I/radar] radar_svc_init, aeb feature not enable ![0m
[32m[I/ota] ota_svc_init...[0m
[32m[I/motor] motor_svc_init...[0m
[32m[I/slog] slog_svc_init...[0m
RTC: set alarm - a
[31m[E/at.clnt] wait AT client(usart1) connect timeout(10000 tick).[0m
[32m[I/at.dev.ec200x] ec200x device initialize retry 4...[0m
[31m[E/at.clnt] wait AT client(usart1) connect timeout(10000 tick).[0m
[32m[I/at.dev.ec200x] ec200x device initialize retry 3...[0m
[08:56:18.804316] --->
[32m[I/power_on] power_off_system[0m
    Ό 
[08:56:47.958294] --->
  \ | /
- RT -     Thread Operating System
/ | \     5.1.0 build Mar 20 2026 17:00:39
2006 - 2024 Copyright by RT-Thread team
rtc initialize success.
adc_vol, adc1 run success!
adc_vol, adc2 run success!
adc_vol, bms run success!
[32m[I/sal.skt] Socket Abstraction Layer initialize success.[0m
hwtimer, timer7 run success!
rtc clock source is set lsi!
RTC: set wkup 12000
watchdog, iwdg run success!
[32m[I/at.clnt] AT client(V1.3.1) on device usart1 initialize success.[0m
[32m[I/at.dev.ec200x] start init ec200x device.[0m
[33m[W/fs01] The version: V0452R336C01L0[0m
[32m[I/handle_bar] bar_value :2030[0m
Password for login:
[32m[I/pms] pm_svc_init...[0m
[32m[I/jmiot] iot_svc_init...[0m
[32m[I/jmiot] GPRS is not registration (Rx)[0m
[32m[I/voice] voice_svc_init...[0m
[32m[I/ui] ui_app_init...[0m
[32m[I/gkey] gkey_init...[0m
[32m[I/radar] radar_svc_init...[0m
[32m[I/radar] radar_svc_init, aeb feature not enable ![0m
[32m[I/ota] ota_svc_init...[0m
[32m[I/motor] motor_svc_init...[0m
[32m[I/slog] slog_svc_init...[0m
RTC: set alarm - a
[31m[E/at.clnt] wait AT client(usart1) connect timeout(10000 tick).[0m
[32m[I/at.dev.ec200x] ec200x device initialize retry 4...[0m
[31m[E/at.clnt] wait AT client(usart1) connect timeout(10000 tick).[0m
[32m[I/at.dev.ec200x] ec200x device initialize retry 3...[0m
[08:57:13.012218] --->
[32m[I/power_on] power_off_system[0m
[32m[I/power_on] power_off_system[0m
   Ǝ̌̎Ύ̌ 
[08:57:39.469245] --->
  \ | /
- RT -     Thread Operating System
/ | \     5.1.0 build Mar 20 2026 17:00:39
2006 - 2024 Copyright by RT-Thread team
rtc initialize success.
adc_vol, adc1 run success!
adc_vol, adc2 run success!
adc_vol, bms run success!
[32m[I/sal.skt] Socket Abstraction Layer initialize success.[0m
hwtimer, timer7 run success!
rtc clock source is set lsi!
RTC: set wkup 12000
watchdog, iwdg run success!
[32m[I/at.clnt] AT client(V1.3.1) on device usart1 initialize success.[0m
[32m[I/at.dev.ec200x] start init ec200x device.[0m
[33m[W/fs01] The version: V0452R336C01L0[0m
[32m[I/handle_bar] bar_value :2029[0m
Password for login:
[32m[I/pms] pm_svc_init...[0m
[32m[I/jmiot] iot_svc_init...[0m
[32m[I/jmiot] GPRS is not registration (Rx)[0m
[32m[I/voice] voice_svc_init...[0m
[32m[I/ui] ui_app_init...[0m
[32m[I/gkey] gkey_init...[0m
[32m[I/radar] radar_svc_init...[0m
[32m[I/radar] radar_svc_init, aeb feature not enable ![0m
[32m[I/ota] ota_svc_init...[0m
[32m[I/motor] motor_svc_init...[0m
[32m[I/slog] slog_svc_init...[0m
RTC: set alarm - a
[31m[E/at.clnt] wait AT client(usart1) connect timeout(10000 tick).[0m
[32m[I/at.dev.ec200x] ec200x device initialize retry 4...[0m
[31m[E/at.clnt] wait AT client(usart1) connect timeout(10000 tick).[0m
[32m[I/at.dev.ec200x] ec200x device initialize retry 3...[0m
[08:58:04.522723] --->
[32m[I/power_on] power_off_system[0m
      
[08:58:30.778147] --->
  \ | /
- RT -     Thread Operating System
/ | \     5.1.0 build Mar 20 2026 17:00:39
2006 - 2024 Copyright by RT-Thread team
rtc initialize success.
adc_vol, adc1 run success!
adc_vol, adc2 run success!
adc_vol, bms run success!
[32m[I/sal.skt] Socket Abstraction Layer initialize success.[0m
hwtimer, timer7 run success!
rtc clock source is set lsi!
RTC: set wkup 12000
watchdog, iwdg run success!
[32m[I/at.clnt] AT client(V1.3.1) on device usart1 initialize success.[0m
[32m[I/at.dev.ec200x] start init ec200x device.[0m
[33m[W/fs01] The version: V0452R336C01L0[0m
[32m[I/handle_bar] bar_value :2030[0m
Password for login:
[32m[I/pms] pm_svc_init...[0m
[32m[I/jmiot] iot_svc_init...[0m
[32m[I/jmiot] GPRS is not registration (Rx)[0m
[32m[I/voice] voice_svc_init...[0m
[32m[I/ui] ui_app_init...[0m
[32m[I/gkey] gkey_init...[0m
[32m[I/radar] radar_svc_init...[0m
[32m[I/radar] radar_svc_init, aeb feature not enable ![0m
[32m[I/ota] ota_svc_init...[0m
[32m[I/motor] motor_svc_init...[0m
[32m[I/slog] slog_svc_init...[0m
RTC: set alarm - a
[31m[E/at.clnt] wait AT client(usart1) connect timeout(10000 tick).[0m
[32m[I/at.dev.ec200x] ec200x device initialize retry 4...[0m
[31m[E/at.clnt] wait AT client(usart1) connect timeout(10000 tick).[0m
[32m[I/at.dev.ec200x] ec200x device initialize retry 3...[0m
[08:58:55.830539] --->
[32m[I/power_on] power_off_system[0m
      
[08:59:22.985672] --->
  \ | /
- RT -     Thread Operating System
/ | \     5.1.0 build Mar 20 2026 17:00:39
2006 - 2024 Copyright by RT-Thread team
rtc initialize success.
adc_vol, adc1 run success!
adc_vol, adc2 run success!
adc_vol, bms run success!
[32m[I/sal.skt] Socket Abstraction Layer initialize success.[0m
hwtimer, timer7 run success!
rtc clock source is set lsi!
RTC: set wkup 12000
watchdog, iwdg run success!
[32m[I/at.clnt] AT client(V1.3.1) on device usart1 initialize success.[0m
[32m[I/at.dev.ec200x] start init ec200x device.[0m
[33m[W/fs01] The version: V0452R336C01L0[0m
[32m[I/handle_bar] bar_value :2029[0m
Password for login:
[32m[I/pms] pm_svc_init...[0m
[32m[I/jmiot] iot_svc_init...[0m
[32m[I/jmiot] GPRS is not registration (Rx)[0m
[32m[I/voice] voice_svc_init...[0m
[32m[I/ui] ui_app_init...[0m
[32m[I/gkey] gkey_init...[0m
[32m[I/radar] radar_svc_init...[0m
[32m[I/radar] radar_svc_init, aeb feature not enable ![0m
[32m[I/ota] ota_svc_init...[0m
[32m[I/motor] motor_svc_init...[0m
[32m[I/slog] slog_svc_init...[0m
RTC: set alarm - a
[31m[E/at.clnt] wait AT client(usart1) connect timeout(10000 tick).[0m
[32m[I/at.dev.ec200x] ec200x device initialize retry 4...[0m
[31m[E/at.clnt] wait AT client(usart1) connect timeout(10000 tick).[0m
[32m[I/at.dev.ec200x] ec200x device initialize retry 3...[0m
[08:59:48.038951] --->
[32m[I/power_on] power_off_system[0m
[32m[I/power_on] power_off_system[0m
   ƌƌΎ̌̌ 
[09:00:15.191288] --->
  \ | /
- RT -     Thread Operating System
/ | \     5.1.0 build Mar 20 2026 17:00:39
2006 - 2024 Copyright by RT-Thread team
rtc initialize success.
adc_vol, adc1 run success!
adc_vol, adc2 run success!
adc_vol, bms run success!
[32m[I/sal.skt] Socket Abstraction Layer initialize success.[0m
hwtimer, timer7 run success!
rtc clock source is set lsi!
RTC: set wkup 12000
watchdog, iwdg run success!
[32m[I/at.clnt] AT client(V1.3.1) on device usart1 initialize success.[0m
[32m[I/at.dev.ec200x] start init ec200x device.[0m
[33m[W/fs01] The version: V0452R336C01L0[0m
[32m[I/handle_bar] bar_value :2029[0m
Password for login:
[32m[I/pms] pm_svc_init...[0m
[32m[I/jmiot] iot_svc_init...[0m
[32m[I/jmiot] GPRS is not registration (Rx)[0m
[32m[I/voice] voice_svc_init...[0m
[32m[I/ui] ui_app_init...[0m
[32m[I/gkey] gkey_init...[0m
[32m[I/radar] radar_svc_init...[0m
[32m[I/radar] radar_svc_init, aeb feature not enable ![0m
[32m[I/ota] ota_svc_init...[0m
[32m[I/motor] motor_svc_init...[0m
[32m[I/slog] slog_svc_init...[0m
RTC: set alarm - a
[31m[E/at.clnt] wait AT client(usart1) connect timeout(10000 tick).[0m
[32m[I/at.dev.ec200x] ec200x device initialize retry 4...[0m
[31m[E/at.clnt] wait AT client(usart1) connect timeout(10000 tick).[0m
[32m[I/at.dev.ec200x] ec200x device initialize retry 3...[0m
[09:00:40.246102] --->
[32m[I/power_on] power_off_system[0m
[32m[I/power_on] power_off_system[0m
   ǒΌΌ  
[09:01:08.401765] --->
  \ | /
- RT -     Thread Operating System
/ | \     5.1.0 build Mar 20 2026 17:00:39
2006 - 2024 Copyright by RT-Thread team
rtc initialize success.
adc_vol, adc1 run success!
adc_vol, adc2 run success!
adc_vol, bms run success!
[32m[I/sal.skt] Socket Abstraction Layer initialize success.[0m
hwtimer, timer7 run success!
rtc clock source is set lsi!
RTC: set wkup 12000
watchdog, iwdg run success!
[32m[I/at.clnt] AT client(V1.3.1) on device usart1 initialize success.[0m
[32m[I/at.dev.ec200x] start init ec200x device.[0m
[33m[W/fs01] The version: V0452R336C01L0[0m
[32m[I/handle_bar] bar_value :2029[0m
Password for login:
[32m[I/pms] pm_svc_init...[0m
[32m[I/jmiot] iot_svc_init...[0m
[32m[I/jmiot] GPRS is not registration (Rx)[0m
[32m[I/voice] voice_svc_init...[0m
[32m[I/ui] ui_app_init...[0m
[32m[I/gkey] gkey_init...[0m
[32m[I/radar] radar_svc_init...[0m
[32m[I/radar] radar_svc_init, aeb feature not enable ![0m
[32m[I/ota] ota_svc_init...[0m
[32m[I/motor] motor_svc_init...[0m
[32m[I/slog] slog_svc_init...[0m
RTC: set alarm - a
[31m[E/at.clnt] wait AT client(usart1) connect timeout(10000 tick).[0m
[32m[I/at.dev.ec200x] ec200x device initialize retry 4...[0m
[31m[E/at.clnt] wait AT client(usart1) connect timeout(10000 tick).[0m
[32m[I/at.dev.ec200x] ec200x device initialize retry 3...[0m
[09:01:33.453451] --->
[32m[I/power_on] power_off_system[0m
[32m[I/pms] sleep failed, tsk_id: 1[0m
[32m[I/power_on] power_off_system[0m
    
[09:02:03.109200] --->
  \ | /
- RT -     Thread Operating System
/ | \     5.1.0 build Mar 20 2026 17:00:39
2006 - 2024 Copyright by RT-Thread team
rtc initialize success.
adc_vol, adc1 run success!
adc_vol, adc2 run success!
adc_vol, bms run success!
[32m[I/sal.skt] Socket Abstraction Layer initialize success.[0m
hwtimer, timer7 run success!
rtc clock source is set lsi!
RTC: set wkup 12000
watchdog, iwdg run success!
[32m[I/at.clnt] AT client(V1.3.1) on device usart1 initialize success.[0m
[32m[I/at.dev.ec200x] start init ec200x device.[0m
[33m[W/fs01] The version: V0452R336C01L0[0m
[32m[I/handle_bar] bar_value :2030[0m
Password for login:
[32m[I/pms] pm_svc_init...[0m
[32m[I/jmiot] iot_svc_init...[0m
[32m[I/jmiot] GPRS is not registration (Rx)[0m
[32m[I/voice] voice_svc_init...[0m
[32m[I/ui] ui_app_init...[0m
[32m[I/gkey] gkey_init...[0m
[32m[I/radar] radar_svc_init...[0m
[32m[I/radar] radar_svc_init, aeb feature not enable ![0m
[32m[I/ota] ota_svc_init...[0m
[32m[I/motor] motor_svc_init...[0m
[32m[I/slog] slog_svc_init...[0m
RTC: set alarm - a
[31m[E/at.clnt] wait AT client(usart1) connect timeout(10000 tick).[0m
[32m[I/at.dev.ec200x] ec200x device initialize retry 4...[0m
[31m[E/at.clnt] wait AT client(usart1) connect timeout(10000 tick).[0m
[32m[I/at.dev.ec200x] ec200x device initialize retry 3...[0m
[09:02:28.161345] --->
[32m[I/power_on] power_off_system[0m
   Ύ Ύ~ 
[09:02:29.620926] --->
  \ | /
- RT -     Thread Operating System
/ | \     5.1.0 build Mar 20 2026 17:00:39
2006 - 2024 Copyright by RT-Thread team
rtc initialize success.
adc_vol, adc1 run success!
adc_vol, adc2 run success!
adc_vol, bms run success!
[32m[I/sal.skt] Socket Abstraction Layer initialize success.[0m
hwtimer, timer7 run success!
rtc clock source is set lsi!
RTC: set wkup 12000
watchdog, iwdg run success!
[32m[I/at.clnt] AT client(V1.3.1) on device usart1 initialize success.[0m
[32m[I/at.dev.ec200x] start init ec200x device.[0m
[33m[W/fs01] The version: V0452R336C01L0[0m
[32m[I/handle_bar] bar_value :2029[0m
Password for login:
[32m[I/pms] pm_svc_init...[0m
[32m[I/jmiot] iot_svc_init...[0m
[32m[I/jmiot] GPRS is not registration (Rx)[0m
[32m[I/voice] voice_svc_init...[0m
[32m[I/ui] ui_app_init...[0m
[32m[I/gkey] gkey_init...[0m
[32m[I/radar] radar_svc_init...[0m
[32m[I/radar] radar_svc_init, aeb feature not enable ![0m
[32m[I/ota] ota_svc_init...[0m
[32m[I/motor] motor_svc_init...[0m
[32m[I/slog] slog_svc_init...[0m
RTC: set alarm - a
[32m[I/voice] voice_msg num: 9[0m
[09:02:54.623215] --->
[31m[E/at.clnt] wait AT client(usart1) connect timeout(10000 tick).[0m
[32m[I/at.dev.ec200x] ec200x device initialize retry 4...[0m
[31m[E/at.clnt] wait AT client(usart1) connect timeout(10000 tick).[0m
[32m[I/at.dev.ec200x] ec200x device initialize retry 3...[0m
[09:03:19.675102] --->
[32m[I/power_on] power_off_system[0m
  Ύ̌Ό̌Ό̌ 
[09:03:21.137074] --->
  \ | /
- RT -     Thread Operating System
/ | \     5.1.0 build Mar 20 2026 17:00:39
2006 - 2024 Copyright by RT-Thread team
rtc initialize success.
adc_vol, adc1 run success!
adc_vol, adc2 run success!
adc_vol, bms run success!
[32m[I/sal.skt] Socket Abstraction Layer initialize success.[0m
hwtimer, timer7 run success!
rtc clock source is set lsi!
RTC: set wkup 12000
watchdog, iwdg run success!
[32m[I/at.clnt] AT client(V1.3.1) on device usart1 initialize success.[0m
[32m[I/at.dev.ec200x] start init ec200x device.[0m
[33m[W/fs01] The version: V0452R336C01L0[0m
[32m[I/handle_bar] bar_value :2029[0m
Password for login:
[32m[I/pms] pm_svc_init...[0m
[32m[I/jmiot] iot_svc_init...[0m
[32m[I/jmiot] GPRS is not registration (Rx)[0m
[32m[I/voice] voice_svc_init...[0m
[32m[I/ui] ui_app_init...[0m
[32m[I/gkey] gkey_init...[0m
[32m[I/radar] radar_svc_init...[0m
[32m[I/radar] radar_svc_init, aeb feature not enable ![0m
[32m[I/ota] ota_svc_init...[0m
[32m[I/motor] motor_svc_init...[0m
[32m[I/slog] slog_svc_init...[0m
RTC: set alarm - a
[32m[I/voice] voice_msg num: 9[0m
[09:03:46.141210] --->
[31m[E/at.clnt] wait AT client(usart1) connect timeout(10000 tick).[0m
[32m[I/at.dev.ec200x] ec200x device initialize retry 4...[0m
[31m[E/at.clnt] wait AT client(usart1) connect timeout(10000 tick).[0m
[32m[I/at.dev.ec200x] ec200x device initialize retry 3...[0m
[09:04:11.193038] --->
[32m[I/power_on] power_off_system[0m
   ΎΌΎΌΌΜwΌΎΎΌΎΎ̘ 
[09:04:18.451916] --->
  \ | /
- RT -     Thread Operating System
/ | \     5.1.0 build Mar 20 2026 17:00:39
2006 - 2024 Copyright by RT-Thread team
rtc initialize success.
adc_vol, adc1 run success!
adc_vol, adc2 run success!
adc_vol, bms run success!
[32m[I/sal.skt] Socket Abstraction Layer initialize success.[0m
hwtimer, timer7 run success!
rtc clock source is set lsi!
RTC: set wkup 12000
watchdog, iwdg run success!
[32m[I/at.clnt] AT client(V1.3.1) on device usart1 initialize success.[0m
[32m[I/at.dev.ec200x] start init ec200x device.[0m
[33m[W/fs01] The version: V0452R336C01L0[0m
[32m[I/handle_bar] bar_value :2030[0m
Password for login:
[32m[I/pms] pm_svc_init...[0m
[32m[I/jmiot] iot_svc_init...[0m
[32m[I/jmiot] GPRS is not registration (Rx)[0m
[32m[I/voice] voice_svc_init...[0m
[32m[I/ui] ui_app_init...[0m
[32m[I/gkey] gkey_init...[0m
[32m[I/radar] radar_svc_init...[0m
[32m[I/radar] radar_svc_init, aeb feature not enable ![0m
[32m[I/ota] ota_svc_init...[0m
[32m[I/motor] motor_svc_init...[0m
[32m[I/slog] slog_svc_init...[0m
RTC: set alarm - a
[32m[I/voice] voice_msg num: 9[0m
[09:04:43.454281] --->
[31m[E/at.clnt] wait AT client(usart1) connect timeout(10000 tick).[0m
[32m[I/at.dev.ec200x] ec200x device initialize retry 4...[0m
[31m[E/at.clnt] wait AT client(usart1) connect timeout(10000 tick).[0m
[32m[I/at.dev.ec200x] ec200x device initialize retry 3...[0m
[09:05:08.507643] --->
[32m[I/power_on] power_off_system[0m
   ΎΎΌΌΎΎΎΜߜ 
[09:05:09.968668] --->
  \ | /
- RT -     Thread Operating System
/ | \     5.1.0 build Mar 20 2026 17:00:39
2006 - 2024 Copyright by RT-Thread team
rtc initialize success.
adc_vol, adc1 run success!
adc_vol, adc2 run success!
adc_vol, bms run success!
[32m[I/sal.skt] Socket Abstraction Layer initialize success.[0m
hwtimer, timer7 run success!
rtc clock source is set lsi!
RTC: set wkup 12000
watchdog, iwdg run success!
[32m[I/at.clnt] AT client(V1.3.1) on device usart1 initialize success.[0m
[32m[I/at.dev.ec200x] start init ec200x device.[0m
[33m[W/fs01] The version: V0452R336C01L0[0m
[32m[I/handle_bar] bar_value :2030[0m
Password for login:
[32m[I/pms] pm_svc_init...[0m
[32m[I/jmiot] iot_svc_init...[0m
[32m[I/jmiot] GPRS is not registration (Rx)[0m
[32m[I/voice] voice_svc_init...[0m
[32m[I/ui] ui_app_init...[0m
[32m[I/gkey] gkey_init...[0m
[32m[I/radar] radar_svc_init...[0m
[32m[I/radar] radar_svc_init, aeb feature not enable ![0m
[32m[I/ota] ota_svc_init...[0m
[32m[I/motor] motor_svc_init...[0m
[32m[I/slog] slog_svc_init...[0m
RTC: set alarm - a
[32m[I/voice] voice_msg num: 9[0m
[09:05:34.971271] --->
[31m[E/at.clnt] wait AT client(usart1) connect timeout(10000 tick).[0m
[32m[I/at.dev.ec200x] ec200x device initialize retry 4...[0m
[31m[E/at.clnt] wait AT client(usart1) connect timeout(10000 tick).[0m
[32m[I/at.dev.ec200x] ec200x device initialize retry 3...[0m
[09:06:00.022704] --->
[32m[I/power_on] power_off_system[0m
   ΎΎƜΜΞޜ 
[09:06:25.376487] --->
  \ | /
- RT -     Thread Operating System
/ | \     5.1.0 build Mar 20 2026 17:00:39
2006 - 2024 Copyright by RT-Thread team
rtc initialize success.
adc_vol, adc1 run success!
adc_vol, adc2 run success!
adc_vol, bms run success!
[32m[I/sal.skt] Socket Abstraction Layer initialize success.[0m
hwtimer, timer7 run success!
rtc clock source is set lsi!
RTC: set wkup 12000
watchdog, iwdg run success!
[32m[I/at.clnt] AT client(V1.3.1) on device usart1 initialize success.[0m
[32m[I/at.dev.ec200x] start init ec200x device.[0m
[33m[W/fs01] The version: V0452R336C01L0[0m
[32m[I/handle_bar] bar_value :2029[0m
Password for login:
[32m[I/pms] pm_svc_init...[0m
[32m[I/jmiot] iot_svc_init...[0m
[32m[I/jmiot] GPRS is not registration (Rx)[0m
[32m[I/voice] voice_svc_init...[0m
[32m[I/ui] ui_app_init...[0m
[32m[I/gkey] gkey_init...[0m
[32m[I/radar] radar_svc_init...[0m
[32m[I/radar] radar_svc_init, aeb feature not enable ![0m
[32m[I/ota] ota_svc_init...[0m
[32m[I/motor] motor_svc_init...[0m
[32m[I/slog] slog_svc_init...[0m
RTC: set alarm - a
[31m[E/at.clnt] wait AT client(usart1) connect timeout(10000 tick).[0m
[32m[I/at.dev.ec200x] ec200x device initialize retry 4...[0m
[31m[E/at.clnt] wait AT client(usart1) connect timeout(10000 tick).[0m
[32m[I/at.dev.ec200x] ec200x device initialize retry 3...[0m
[09:06:50.428805] --->
[32m[I/power_on] power_off_system[0m
[32m[I/power_on] power_off_system[0m
   gǎ̎ΎΌΜΌ̎̎ 
[09:07:18.583790] --->
  \ | /
- RT -     Thread Operating System
/ | \     5.1.0 build Mar 20 2026 17:00:39
2006 - 2024 Copyright by RT-Thread team
rtc initialize success.
adc_vol, adc1 run success!
adc_vol, adc2 run success!
adc_vol, bms run success!
[32m[I/sal.skt] Socket Abstraction Layer initialize success.[0m
hwtimer, timer7 run success!
rtc clock source is set lsi!
RTC: set wkup 12000
watchdog, iwdg run success!
[32m[I/at.clnt] AT client(V1.3.1) on device usart1 initialize success.[0m
[32m[I/at.dev.ec200x] start init ec200x device.[0m
[33m[W/fs01] The version: V0452R336C01L0[0m
[32m[I/handle_bar] bar_value :2030[0m
Password for login:
[32m[I/pms] pm_svc_init...[0m
[32m[I/jmiot] iot_svc_init...[0m
[32m[I/jmiot] GPRS is not registration (Rx)[0m
[32m[I/voice] voice_svc_init...[0m
[32m[I/ui] ui_app_init...[0m
[32m[I/gkey] gkey_init...[0m
[32m[I/radar] radar_svc_init...[0m
[32m[I/radar] radar_svc_init, aeb feature not enable ![0m
[32m[I/ota] ota_svc_init...[0m
[32m[I/motor] motor_svc_init...[0m
[32m[I/slog] slog_svc_init...[0m
RTC: set alarm - a
[31m[E/at.clnt] wait AT client(usart1) connect timeout(10000 tick).[0m
[32m[I/at.dev.ec200x] ec200x device initialize retry 4...[0m
[31m[E/at.clnt] wait AT client(usart1) connect timeout(10000 tick).[0m
[32m[I/at.dev.ec200x] ec200x device initialize retry 3...[0m
[09:07:43.639368] --->
[32m[I/power_on] power_off_system[0m
[32m[I/pms] sleep failed, tsk_id: 1[0m
[32m[I/power_on] power_off_system[0m
   ̌ƌΎΎΌw  ̌Ό̌Ό΀
[09:08:11.695131] --->
  \ | /
- RT -     Thread Operating System
/ | \     5.1.0 build Mar 20 2026 17:00:39
2006 - 2024 Copyright by RT-Thread team
rtc initialize success.
adc_vol, adc1 run success!
adc_vol, adc2 run success!
adc_vol, bms run success!
[32m[I/sal.skt] Socket Abstraction Layer initialize success.[0m
hwtimer, timer7 run success!
rtc clock source is set lsi!
RTC: set wkup 12000
watchdog, iwdg run success!
[32m[I/at.clnt] AT client(V1.3.1) on device usart1 initialize success.[0m
[32m[I/at.dev.ec200x] start init ec200x device.[0m
[33m[W/fs01] The version: V0452R336C01L0[0m
[32m[I/handle_bar] bar_value :2029[0m
Password for login:
[32m[I/pms] pm_svc_init...[0m
[32m[I/jmiot] iot_svc_init...[0m
[32m[I/jmiot] GPRS is not registration (Rx)[0m
[32m[I/voice] voice_svc_init...[0m
[32m[I/ui] ui_app_init...[0m
[32m[I/gkey] gkey_init...[0m
[32m[I/radar] radar_svc_init...[0m
[32m[I/radar] radar_svc_init, aeb feature not enable ![0m
[32m[I/ota] ota_svc_init...[0m
[32m[I/motor] motor_svc_init...[0m
[32m[I/slog] slog_svc_init...[0m
RTC: set alarm - a
[31m[E/at.clnt] wait AT client(usart1) connect timeout(10000 tick).[0m
[32m[I/at.dev.ec200x] ec200x device initialize retry 4...[0m
[31m[E/at.clnt] wait AT client(usart1) connect timeout(10000 tick).[0m
[32m[I/at.dev.ec200x] ec200x device initialize retry 3...[0m
[09:08:36.747188] --->
[32m[I/power_on] power_off_system[0m
     
[09:08:56.407764] --->
  \ | /
- RT -     Thread Operating System
/ | \     5.1.0 build Mar 20 2026 17:00:39
2006 - 2024 Copyright by RT-Thread team
rtc initialize success.
adc_vol, adc1 run success!
adc_vol, adc2 run success!
adc_vol, bms run success!
[32m[I/sal.skt] Socket Abstraction Layer initialize success.[0m
hwtimer, timer7 run success!
rtc clock source is set lsi!
RTC: set wkup 12000
watchdog, iwdg run success!
[32m[I/at.clnt] AT client(V1.3.1) on device usart1 initialize success.[0m
[32m[I/at.dev.ec200x] start init ec200x device.[0m
[33m[W/fs01] The version: V0452R336C01L0[0m
[32m[I/handle_bar] bar_value :2029[0m
Password for login:
[32m[I/pms] pm_svc_init...[0m
[32m[I/jmiot] iot_svc_init...[0m
[32m[I/jmiot] GPRS is not registration (Rx)[0m
[32m[I/voice] voice_svc_init...[0m
[32m[I/ui] ui_app_init...[0m
[32m[I/gkey] gkey_init...[0m
[32m[I/radar] radar_svc_init...[0m
[32m[I/radar] radar_svc_init, aeb feature not enable ![0m
[32m[I/ota] ota_svc_init...[0m
[32m[I/motor] motor_svc_init...[0m
[32m[I/slog] slog_svc_init...[0m
RTC: set alarm - a
[31m[E/at.clnt] wait AT client(usart1) connect timeout(10000 tick).[0m
[32m[I/at.dev.ec200x] ec200x device initialize retry 4...[0m
[32m[I/voice] voice_msg num: 9[0m
[09:09:21.409064] --->
[31m[E/at.clnt] wait AT client(usart1) connect timeout(10000 tick).[0m
[32m[I/at.dev.ec200x] ec200x device initialize retry 3...[0m
[31m[E/at.clnt] wait AT client(usart1) connect timeout(10000 tick).[0m
[32m[I/at.dev.ec200x] ec200x device initialize retry 2...[0m
[09:09:46.463197] --->
[32m[I/power_on] power_off_system[0m
     
[09:10:14.415568] --->
  \ | /
- RT -     Thread Operating System
/ | \     5.1.0 build Mar 20 2026 17:00:39
2006 - 2024 Copyright by RT-Thread team
rtc initialize success.
adc_vol, adc1 run success!
adc_vol, adc2 run success!
adc_vol, bms run success!
[32m[I/sal.skt] Socket Abstraction Layer initialize success.[0m
hwtimer, timer7 run success!
rtc clock source is set lsi!
RTC: set wkup 12000
watchdog, iwdg run success!
[32m[I/at.clnt] AT client(V1.3.1) on device usart1 initialize success.[0m
[32m[I/at.dev.ec200x] start init ec200x device.[0m
[33m[W/fs01] The version: V0452R336C01L0[0m
[32m[I/handle_bar] bar_value :2029[0m
Password for login:
[32m[I/pms] pm_svc_init...[0m
[32m[I/jmiot] iot_svc_init...[0m
[32m[I/jmiot] GPRS is not registration (Rx)[0m
[32m[I/voice] voice_svc_init...[0m
[32m[I/ui] ui_app_init...[0m
[32m[I/gkey] gkey_init...[0m
[32m[I/radar] radar_svc_init...[0m
[32m[I/radar] radar_svc_init, aeb feature not enable ![0m
[32m[I/ota] ota_svc_init...[0m
[32m[I/motor] motor_svc_init...[0m
[32m[I/slog] slog_svc_init...[0m
RTC: set alarm - a
[31m[E/at.clnt] wait AT client(usart1) connect timeout(10000 tick).[0m
[32m[I/at.dev.ec200x] ec200x device initialize retry 4...[0m
[31m[E/at.clnt] wait AT client(usart1) connect timeout(10000 tick).[0m
[32m[I/at.dev.ec200x] ec200x device initialize retry 3...[0m
[09:10:39.469102] --->
[32m[I/power_on] power_off_system[0m
[32m[I/power_on] power_off_system[0m
   ΎΎΜΞΎ̎ΌΎΎΌ
[09:11:05.324003] --->
  \ | /
- RT -     Thread Operating System
/ | \     5.1.0 build Mar 20 2026 17:00:39
2006 - 2024 Copyright by RT-Thread team
rtc initialize success.
adc_vol, adc1 run success!
adc_vol, adc2 run success!
adc_vol, bms run success!
[32m[I/sal.skt] Socket Abstraction Layer initialize success.[0m
hwtimer, timer7 run success!
rtc clock source is set lsi!
RTC: set wkup 12000
watchdog, iwdg run success!
[32m[I/at.clnt] AT client(V1.3.1) on device usart1 initialize success.[0m
[32m[I/at.dev.ec200x] start init ec200x device.[0m
[33m[W/fs01] The version: V0452R336C01L0[0m
[32m[I/handle_bar] bar_value :2030[0m
Password for login:
[32m[I/pms] pm_svc_init...[0m
[32m[I/jmiot] iot_svc_init...[0m
[32m[I/jmiot] GPRS is not registration (Rx)[0m
[32m[I/voice] voice_svc_init...[0m
[32m[I/ui] ui_app_init...[0m
[32m[I/gkey] gkey_init...[0m
[32m[I/radar] radar_svc_init...[0m
[32m[I/radar] radar_svc_init, aeb feature not enable ![0m
[32m[I/ota] ota_svc_init...[0m
[32m[I/motor] motor_svc_init...[0m
[32m[I/slog] slog_svc_init...[0m
RTC: set alarm - a
[31m[E/at.clnt] wait AT client(usart1) connect timeout(10000 tick).[0m
[32m[I/at.dev.ec200x] ec200x device initialize retry 4...[0m
[31m[E/at.clnt] wait AT client(usart1) connect timeout(10000 tick).[0m
[32m[I/at.dev.ec200x] ec200x device initialize retry 3...[0m
[09:11:30.379859] --->
[32m[I/power_on] power_off_system[0m
     
[09:11:56.836189] --->
  \ | /
- RT -     Thread Operating System
/ | \     5.1.0 build Mar 20 2026 17:00:39
2006 - 2024 Copyright by RT-Thread team
rtc initialize success.
adc_vol, adc1 run success!
adc_vol, adc2 run success!
adc_vol, bms run success!
[32m[I/sal.skt] Socket Abstraction Layer initialize success.[0m
hwtimer, timer7 run success!
rtc clock source is set lsi!
RTC: set wkup 12000
watchdog, iwdg run success!
[32m[I/at.clnt] AT client(V1.3.1) on device usart1 initialize success.[0m
[32m[I/at.dev.ec200x] start init ec200x device.[0m
[33m[W/fs01] The version: V0452R336C01L0[0m
[32m[I/handle_bar] bar_value :2029[0m
Password for login:
[32m[I/pms] pm_svc_init...[0m
[32m[I/jmiot] iot_svc_init...[0m
[32m[I/jmiot] GPRS is not registration (Rx)[0m
[32m[I/voice] voice_svc_init...[0m
[32m[I/ui] ui_app_init...[0m
[32m[I/gkey] gkey_init...[0m
[32m[I/radar] radar_svc_init...[0m
[32m[I/radar] radar_svc_init, aeb feature not enable ![0m
[32m[I/ota] ota_svc_init...[0m
[32m[I/motor] motor_svc_init...[0m
[32m[I/slog] slog_svc_init...[0m
RTC: set alarm - a
[31m[E/at.clnt] wait AT client(usart1) connect timeout(10000 tick).[0m
[32m[I/at.dev.ec200x] ec200x device initialize retry 4...[0m
[31m[E/at.clnt] wait AT client(usart1) connect timeout(10000 tick).[0m
[32m[I/at.dev.ec200x] ec200x device initialize retry 3...[0m
[09:12:21.888603] --->
[32m[I/power_on] power_off_system[0m
    cΎΞό 
[09:12:51.141895] --->
  \ | /
- RT -     Thread Operating System
/ | \     5.1.0 build Mar 20 2026 17:00:39
2006 - 2024 Copyright by RT-Thread team
rtc initialize success.
adc_vol, adc1 run success!
adc_vol, adc2 run success!
adc_vol, bms run success!
[32m[I/sal.skt] Socket Abstraction Layer initialize success.[0m
hwtimer, timer7 run success!
rtc clock source is set lsi!
RTC: set wkup 12000
watchdog, iwdg run success!
[32m[I/at.clnt] AT client(V1.3.1) on device usart1 initialize success.[0m
[32m[I/at.dev.ec200x] start init ec200x device.[0m
[33m[W/fs01] The version: V0452R336C01L0[0m
[32m[I/handle_bar] bar_value :2030[0m
Password for login:
[32m[I/pms] pm_svc_init...[0m
[32m[I/jmiot] iot_svc_init...[0m
[32m[I/jmiot] GPRS is not registration (Rx)[0m
[32m[I/voice] voice_svc_init...[0m
[32m[I/ui] ui_app_init...[0m
[32m[I/gkey] gkey_init...[0m
[32m[I/radar] radar_svc_init...[0m
[32m[I/radar] radar_svc_init, aeb feature not enable ![0m
[32m[I/ota] ota_svc_init...[0m
[32m[I/motor] motor_svc_init...[0m
[32m[I/slog] slog_svc_init...[0m
RTC: set alarm - a
[31m[E/at.clnt] wait AT client(usart1) connect timeout(10000 tick).[0m
[32m[I/at.dev.ec200x] ec200x device initialize retry 4...[0m
[31m[E/at.clnt] wait AT client(usart1) connect timeout(10000 tick).[0m
[32m[I/at.dev.ec200x] ec200x device initialize retry 3...[0m
[09:13:16.196688] --->
[32m[I/power_on] power_off_system[0m
   ΜΌΌΌΌ̌ΌΌΌΎΎΎΌ 
[09:13:42.553090] --->
  \ | /
- RT -     Thread Operating System
/ | \     5.1.0 build Mar 20 2026 17:00:39
2006 - 2024 Copyright by RT-Thread team
rtc initialize success.
adc_vol, adc1 run success!
adc_vol, adc2 run success!
adc_vol, bms run success!
[32m[I/sal.skt] Socket Abstraction Layer initialize success.[0m
hwtimer, timer7 run success!
rtc clock source is set lsi!
RTC: set wkup 12000
watchdog, iwdg run success!
[32m[I/at.clnt] AT client(V1.3.1) on device usart1 initialize success.[0m
[32m[I/at.dev.ec200x] start init ec200x device.[0m
[33m[W/fs01] The version: V0452R336C01L0[0m
[32m[I/handle_bar] bar_value :2029[0m
Password for login:
[32m[I/pms] pm_svc_init...[0m
[32m[I/jmiot] iot_svc_init...[0m
[32m[I/jmiot] GPRS is not registration (Rx)[0m
[32m[I/voice] voice_svc_init...[0m
[32m[I/ui] ui_app_init...[0m
[32m[I/gkey] gkey_init...[0m
[32m[I/radar] radar_svc_init...[0m
[32m[I/radar] radar_svc_init, aeb feature not enable ![0m
[32m[I/ota] ota_svc_init...[0m
[32m[I/motor] motor_svc_init...[0m
[32m[I/slog] slog_svc_init...[0m
RTC: set alarm - a
[31m[E/at.clnt] wait AT client(usart1) connect timeout(10000 tick).[0m
[32m[I/at.dev.ec200x] ec200x device initialize retry 4...[0m
[31m[E/at.clnt] wait AT client(usart1) connect timeout(10000 tick).[0m
[32m[I/at.dev.ec200x] ec200x device initialize retry 3...[0m
[09:14:07.606926] --->
[32m[I/power_on] power_off_system[0m
[32m[I/power_on] power_off_system[0m
   ̌Ό̎ΎΌ| ƎΌΌΌΌ̌ 
[09:14:34.860406] --->
  \ | /
- RT -     Thread Operating System
/ | \     5.1.0 build Mar 20 2026 17:00:39
2006 - 2024 Copyright by RT-Thread team
rtc initialize success.
adc_vol, adc1 run success!
adc_vol, adc2 run success!
adc_vol, bms run success!
[32m[I/sal.skt] Socket Abstraction Layer initialize success.[0m
hwtimer, timer7 run success!
rtc clock source is set lsi!
RTC: set wkup 12000
watchdog, iwdg run success!
[32m[I/at.clnt] AT client(V1.3.1) on device usart1 initialize success.[0m
[32m[I/at.dev.ec200x] start init ec200x device.[0m
[33m[W/fs01] The version: V0452R336C01L0[0m
[32m[I/handle_bar] bar_value :2030[0m
Password for login:
[32m[I/pms] pm_svc_init...[0m
[32m[I/jmiot] iot_svc_init...[0m
[32m[I/jmiot] GPRS is not registration (Rx)[0m
[32m[I/voice] voice_svc_init...[0m
[32m[I/ui] ui_app_init...[0m
[32m[I/gkey] gkey_init...[0m
[32m[I/radar] radar_svc_init...[0m
[32m[I/radar] radar_svc_init, aeb feature not enable ![0m
[32m[I/ota] ota_svc_init...[0m
[32m[I/motor] motor_svc_init...[0m
[32m[I/slog] slog_svc_init...[0m
RTC: set alarm - a
[31m[E/at.clnt] wait AT client(usart1) connect timeout(10000 tick).[0m
[32m[I/at.dev.ec200x] ec200x device initialize retry 4...[0m
[31m[E/at.clnt] wait AT client(usart1) connect timeout(10000 tick).[0m
[32m[I/at.dev.ec200x] ec200x device initialize retry 3...[0m
[09:14:59.916310] --->
[32m[I/power_on] power_off_system[0m
   ΎΎ̌ΜΌތΌΌ̎ΎΎ 
[09:15:26.472334] --->
  \ | /
- RT -     Thread Operating System
/ | \     5.1.0 build Mar 20 2026 17:00:39
2006 - 2024 Copyright by RT-Thread team
rtc initialize success.
adc_vol, adc1 run success!
adc_vol, adc2 run success!
adc_vol, bms run success!
[32m[I/sal.skt] Socket Abstraction Layer initialize success.[0m
hwtimer, timer7 run success!
rtc clock source is set lsi!
RTC: set wkup 12000
watchdog, iwdg run success!
[32m[I/at.clnt] AT client(V1.3.1) on device usart1 initialize success.[0m
[32m[I/at.dev.ec200x] start init ec200x device.[0m
[33m[W/fs01] The version: V0452R336C01L0[0m
[32m[I/handle_bar] bar_value :2029[0m
Password for login:
[32m[I/pms] pm_svc_init...[0m
[32m[I/jmiot] iot_svc_init...[0m
[32m[I/jmiot] GPRS is not registration (Rx)[0m
[32m[I/voice] voice_svc_init...[0m
[32m[I/ui] ui_app_init...[0m
[32m[I/gkey] gkey_init...[0m
[32m[I/radar] radar_svc_init...[0m
[32m[I/radar] radar_svc_init, aeb feature not enable ![0m
[32m[I/ota] ota_svc_init...[0m
[32m[I/motor] motor_svc_init...[0m
[32m[I/slog] slog_svc_init...[0m
RTC: set alarm - a
[31m[E/at.clnt] wait AT client(usart1) connect timeout(10000 tick).[0m
[32m[I/at.dev.ec200x] ec200x device initialize retry 4...[0m
[31m[E/at.clnt] wait AT client(usart1) connect timeout(10000 tick).[0m
[32m[I/at.dev.ec200x] ec200x device initialize retry 3...[0m
[09:15:51.524561] --->
[32m[I/power_on] power_off_system[0m
[32m[I/power_on] power_off_system[0m
   ̌ΌΌ̌ 
[09:16:17.581203] --->
  \ | /
- RT -     Thread Operating System
/ | \     5.1.0 build Mar 20 2026 17:00:39
2006 - 2024 Copyright by RT-Thread team
rtc initialize success.
adc_vol, adc1 run success!
adc_vol, adc2 run success!
adc_vol, bms run success!
[32m[I/sal.skt] Socket Abstraction Layer initialize success.[0m
hwtimer, timer7 run success!
rtc clock source is set lsi!
RTC: set wkup 12000
watchdog, iwdg run success!
[32m[I/at.clnt] AT client(V1.3.1) on device usart1 initialize success.[0m
[32m[I/at.dev.ec200x] start init ec200x device.[0m
[33m[W/fs01] The version: V0452R336C01L0[0m
[32m[I/handle_bar] bar_value :2030[0m
Password for login:
[32m[I/pms] pm_svc_init...[0m
[32m[I/jmiot] iot_svc_init...[0m
[32m[I/jmiot] GPRS is not registration (Rx)[0m
[32m[I/voice] voice_svc_init...[0m
[32m[I/ui] ui_app_init...[0m
[32m[I/gkey] gkey_init...[0m
[32m[I/radar] radar_svc_init...[0m
[32m[I/radar] radar_svc_init, aeb feature not enable ![0m
[32m[I/ota] ota_svc_init...[0m
[32m[I/motor] motor_svc_init...[0m
[32m[I/slog] slog_svc_init...[0m
RTC: set alarm - a
[31m[E/at.clnt] wait AT client(usart1) connect timeout(10000 tick).[0m
[32m[I/at.dev.ec200x] ec200x device initialize retry 4...[0m
[31m[E/at.clnt] wait AT client(usart1) connect timeout(10000 tick).[0m
[32m[I/at.dev.ec200x] ec200x device initialize retry 3...[0m
[09:16:42.636730] --->
[32m[I/power_on] power_off_system[0m
    
[09:17:07.991022] --->
  \ | /
- RT -     Thread Operating System
/ | \     5.1.0 build Mar 20 2026 17:00:39
2006 - 2024 Copyright by RT-Thread team
rtc initialize success.
adc_vol, adc1 run success!
adc_vol, adc2 run success!
adc_vol, bms run success!
[32m[I/sal.skt] Socket Abstraction Layer initialize success.[0m
hwtimer, timer7 run success!
rtc clock source is set lsi!
RTC: set wkup 12000
watchdog, iwdg run success!
[32m[I/at.clnt] AT client(V1.3.1) on device usart1 initialize success.[0m
[32m[I/at.dev.ec200x] start init ec200x device.[0m
[33m[W/fs01] The version: V0452R336C01L0[0m
[32m[I/handle_bar] bar_value :2029[0m
Password for login:
[32m[I/pms] pm_svc_init...[0m
[32m[I/jmiot] iot_svc_init...[0m
[32m[I/jmiot] GPRS is not registration (Rx)[0m
[32m[I/voice] voice_svc_init...[0m
[32m[I/ui] ui_app_init...[0m
[32m[I/gkey] gkey_init...[0m
[32m[I/radar] radar_svc_init...[0m
[32m[I/radar] radar_svc_init, aeb feature not enable ![0m
[32m[I/ota] ota_svc_init...[0m
[32m[I/motor] motor_svc_init...[0m
[32m[I/slog] slog_svc_init...[0m
RTC: set alarm - a
[31m[E/at.clnt] wait AT client(usart1) connect timeout(10000 tick).[0m
[32m[I/at.dev.ec200x] ec200x device initialize retry 4...[0m
[31m[E/at.clnt] wait AT client(usart1) connect timeout(10000 tick).[0m
[32m[I/at.dev.ec200x] ec200x device initialize retry 3...[0m
[09:17:33.045442] --->
[32m[I/power_on] power_off_system[0m
[32m[I/power_on] power_off_system[0m
     
[09:18:00.000751] --->
  \ | /
- RT -     Thread Operating System
/ | \     5.1.0 build Mar 20 2026 17:00:39
2006 - 2024 Copyright by RT-Thread team
rtc initialize success.
adc_vol, adc1 run success!
adc_vol, adc2 run success!
adc_vol, bms run success!
[32m[I/sal.skt] Socket Abstraction Layer initialize success.[0m
hwtimer, timer7 run success!
rtc clock source is set lsi!
RTC: set wkup 12000
watchdog, iwdg run success!
[32m[I/at.clnt] AT client(V1.3.1) on device usart1 initialize success.[0m
[32m[I/at.dev.ec200x] start init ec200x device.[0m
[33m[W/fs01] The version: V0452R336C01L0[0m
[32m[I/handle_bar] bar_value :2029[0m
Password for login:
[32m[I/pms] pm_svc_init...[0m
[32m[I/jmiot] iot_svc_init...[0m
[32m[I/jmiot] GPRS is not registration (Rx)[0m
[32m[I/voice] voice_svc_init...[0m
[32m[I/ui] ui_app_init...[0m
[32m[I/gkey] gkey_init...[0m
[32m[I/radar] radar_svc_init...[0m
[32m[I/radar] radar_svc_init, aeb feature not enable ![0m
[32m[I/ota] ota_svc_init...[0m
[32m[I/motor] motor_svc_init...[0m
[32m[I/slog] slog_svc_init...[0m
RTC: set alarm - a
[31m[E/at.clnt] wait AT client(usart1) connect timeout(10000 tick).[0m
[32m[I/at.dev.ec200x] ec200x device initialize retry 4...[0m
[31m[E/at.clnt] wait AT client(usart1) connect timeout(10000 tick).[0m
[32m[I/at.dev.ec200x] ec200x device initialize retry 3...[0m
[09:18:25.055553] --->
[32m[I/power_on] power_off_system[0m
[32m[I/power_on] power_off_system[0m
   ΌΌΎ̌ΎΎϞ| 
[09:18:53.612342] --->
  \ | /
- RT -     Thread Operating System
/ | \     5.1.0 build Mar 20 2026 17:00:39
2006 - 2024 Copyright by RT-Thread team
rtc initialize success.
adc_vol, adc1 run success!
adc_vol, adc2 run success!
adc_vol, bms run success!
[32m[I/sal.skt] Socket Abstraction Layer initialize success.[0m
hwtimer, timer7 run success!
rtc clock source is set lsi!
RTC: set wkup 12000
watchdog, iwdg run success!
[32m[I/at.clnt] AT client(V1.3.1) on device usart1 initialize success.[0m
[32m[I/at.dev.ec200x] start init ec200x device.[0m
[33m[W/fs01] The version: V0452R336C01L0[0m
[32m[I/handle_bar] bar_value :2030[0m
Password for login:
[32m[I/pms] pm_svc_init...[0m
[32m[I/jmiot] iot_svc_init...[0m
[32m[I/jmiot] GPRS is not registration (Rx)[0m
[32m[I/voice] voice_svc_init...[0m
[32m[I/ui] ui_app_init...[0m
[32m[I/gkey] gkey_init...[0m
[32m[I/radar] radar_svc_init...[0m
[32m[I/radar] radar_svc_init, aeb feature not enable ![0m
[32m[I/ota] ota_svc_init...[0m
[32m[I/motor] motor_svc_init...[0m
[32m[I/slog] slog_svc_init...[0m
RTC: set alarm - a
[31m[E/at.clnt] wait AT client(usart1) connect timeout(10000 tick).[0m
[32m[I/at.dev.ec200x] ec200x device initialize retry 4...[0m
[31m[E/at.clnt] wait AT client(usart1) connect timeout(10000 tick).[0m
[32m[I/at.dev.ec200x] ec200x device initialize retry 3...[0m
[09:19:18.666298] --->
[32m[I/power_on] power_off_system[0m
[32m[I/power_on] power_off_system[0m
   ̎Ό  
[09:19:35.326191] --->
  \ | /
- RT -     Thread Operating System
/ | \     5.1.0 build Mar 20 2026 17:00:39
2006 - 2024 Copyright by RT-Thread team
rtc initialize success.
adc_vol, adc1 run success!
adc_vol, adc2 run success!
adc_vol, bms run success!
[32m[I/sal.skt] Socket Abstraction Layer initialize success.[0m
hwtimer, timer7 run success!
rtc clock source is set lsi!
RTC: set wkup 12000
watchdog, iwdg run success!
[32m[I/at.clnt] AT client(V1.3.1) on device usart1 initialize success.[0m
[32m[I/at.dev.ec200x] start init ec200x device.[0m
[33m[W/fs01] The version: V0452R336C01L0[0m
[32m[I/handle_bar] bar_value :2030[0m
Password for login:
[32m[I/pms] pm_svc_init...[0m
[32m[I/jmiot] iot_svc_init...[0m
[32m[I/jmiot] GPRS is not registration (Rx)[0m
[32m[I/voice] voice_svc_init...[0m
[32m[I/ui] ui_app_init...[0m
[32m[I/gkey] gkey_init...[0m
[32m[I/radar] radar_svc_init...[0m
[32m[I/radar] radar_svc_init, aeb feature not enable ![0m
[32m[I/ota] ota_svc_init...[0m
[32m[I/motor] motor_svc_init...[0m
[32m[I/slog] slog_svc_init...[0m
RTC: set alarm - a
[31m[E/at.clnt] wait AT client(usart1) connect timeout(10000 tick).[0m
[32m[I/at.dev.ec200x] ec200x device initialize retry 4...[0m
[32m[I/voice] voice_msg num: 9[0m
[09:20:00.331875] --->
[31m[E/at.clnt] wait AT client(usart1) connect timeout(10000 tick).[0m
[32m[I/at.dev.ec200x] ec200x device initialize retry 3...[0m
[31m[E/at.clnt] wait AT client(usart1) connect timeout(10000 tick).[0m
[32m[I/at.dev.ec200x] ec200x device initialize retry 2...[0m
[09:20:25.383621] --->
[32m[I/power_on] power_off_system[0m
   Ώ Μ 
[09:20:42.041439] --->
  \ | /
- RT -     Thread Operating System
/ | \     5.1.0 build Mar 20 2026 17:00:39
2006 - 2024 Copyright by RT-Thread team
rtc initialize success.
adc_vol, adc1 run success!
adc_vol, adc2 run success!
adc_vol, bms run success!
[32m[I/sal.skt] Socket Abstraction Layer initialize success.[0m
hwtimer, timer7 run success!
rtc clock source is set lsi!
RTC: set wkup 12000
watchdog, iwdg run success!
[32m[I/at.clnt] AT client(V1.3.1) on device usart1 initialize success.[0m
[32m[I/at.dev.ec200x] start init ec200x device.[0m
[33m[W/fs01] The version: V0452R336C01L0[0m
[32m[I/handle_bar] bar_value :2029[0m
Password for login:
[32m[I/pms] pm_svc_init...[0m
[32m[I/jmiot] iot_svc_init...[0m
[32m[I/jmiot] GPRS is not registration (Rx)[0m
[32m[I/voice] voice_svc_init...[0m
[32m[I/ui] ui_app_init...[0m
[32m[I/gkey] gkey_init...[0m
[32m[I/radar] radar_svc_init...[0m
[32m[I/radar] radar_svc_init, aeb feature not enable ![0m
[32m[I/ota] ota_svc_init...[0m
[32m[I/motor] motor_svc_init...[0m
[32m[I/slog] slog_svc_init...[0m
RTC: set alarm - a
[31m[E/at.clnt] wait AT client(usart1) connect timeout(10000 tick).[0m
[32m[I/at.dev.ec200x] ec200x device initialize retry 4...[0m
[32m[I/voice] voice_msg num: 9[0m
[09:21:07.044241] --->
[31m[E/at.clnt] wait AT client(usart1) connect timeout(10000 tick).[0m
[32m[I/at.dev.ec200x] ec200x device initialize retry 3...[0m
[31m[E/at.clnt] wait AT client(usart1) connect timeout(10000 tick).[0m
[32m[I/at.dev.ec200x] ec200x device initialize retry 2...[0m
[09:21:32.097326] --->
[32m[I/power_on] power_off_system[0m
    
[09:22:01.452000] --->
  \ | /
- RT -     Thread Operating System
/ | \     5.1.0 build Mar 20 2026 17:00:39
2006 - 2024 Copyright by RT-Thread team
rtc initialize success.
adc_vol, adc1 run success!
adc_vol, adc2 run success!
adc_vol, bms run success!
[32m[I/sal.skt] Socket Abstraction Layer initialize success.[0m
hwtimer, timer7 run success!
rtc clock source is set lsi!
RTC: set wkup 12000
watchdog, iwdg run success!
[32m[I/at.clnt] AT client(V1.3.1) on device usart1 initialize success.[0m
[32m[I/at.dev.ec200x] start init ec200x device.[0m
[33m[W/fs01] The version: V0452R336C01L0[0m
[32m[I/handle_bar] bar_value :2029[0m
Password for login:
[32m[I/pms] pm_svc_init...[0m
[32m[I/jmiot] iot_svc_init...[0m
[32m[I/jmiot] GPRS is not registration (Rx)[0m
[32m[I/voice] voice_svc_init...[0m
[32m[I/ui] ui_app_init...[0m
[32m[I/gkey] gkey_init...[0m
[32m[I/radar] radar_svc_init...[0m
[32m[I/radar] radar_svc_init, aeb feature not enable ![0m
[32m[I/ota] ota_svc_init...[0m
[32m[I/motor] motor_svc_init...[0m
[32m[I/slog] slog_svc_init...[0m
RTC: set alarm - a
[31m[E/at.clnt] wait AT client(usart1) connect timeout(10000 tick).[0m
[32m[I/at.dev.ec200x] ec200x device initialize retry 4...[0m
[31m[E/at.clnt] wait AT client(usart1) connect timeout(10000 tick).[0m
[32m[I/at.dev.ec200x] ec200x device initialize retry 3...[0m
[09:22:26.507654] --->
[32m[I/power_on] power_off_system[0m
[32m[I/power_on] power_off_system[0m
    ΎΎ 
[09:22:51.760284] --->
  \ | /
- RT -     Thread Operating System
/ | \     5.1.0 build Mar 20 2026 17:00:39
2006 - 2024 Copyright by RT-Thread team
rtc initialize success.
adc_vol, adc1 run success!
adc_vol, adc2 run success!
adc_vol, bms run success!
[32m[I/sal.skt] Socket Abstraction Layer initialize success.[0m
hwtimer, timer7 run success!
rtc clock source is set lsi!
RTC: set wkup 12000
watchdog, iwdg run success!
[32m[I/at.clnt] AT client(V1.3.1) on device usart1 initialize success.[0m
[32m[I/at.dev.ec200x] start init ec200x device.[0m
[33m[W/fs01] The version: V0452R336C01L0[0m
[32m[I/handle_bar] bar_value :2029[0m
Password for login:
[32m[I/pms] pm_svc_init...[0m
[32m[I/jmiot] iot_svc_init...[0m
[32m[I/jmiot] GPRS is not registration (Rx)[0m
[32m[I/voice] voice_svc_init...[0m
[32m[I/ui] ui_app_init...[0m
[32m[I/gkey] gkey_init...[0m
[32m[I/radar] radar_svc_init...[0m
[32m[I/radar] radar_svc_init, aeb feature not enable ![0m
[32m[I/ota] ota_svc_init...[0m
[32m[I/motor] motor_svc_init...[0m
[32m[I/slog] slog_svc_init...[0m
RTC: set alarm - a
[31m[E/at.clnt] wait AT client(usart1) connect timeout(10000 tick).[0m
[32m[I/at.dev.ec200x] ec200x device initialize retry 4...[0m
[31m[E/at.clnt] wait AT client(usart1) connect timeout(10000 tick).[0m
[32m[I/at.dev.ec200x] ec200x device initialize retry 3...[0m
[09:23:16.812619] --->
[32m[I/power_on] power_off_system[0m
   ΌΌΎΆƌ̎Ύ̌̌  
[09:23:46.166971] --->
  \ | /
- RT -     Thread Operating System
/ | \     5.1.0 build Mar 20 2026 17:00:39
2006 - 2024 Copyright by RT-Thread team
rtc initialize success.
adc_vol, adc1 run success!
adc_vol, adc2 run success!
adc_vol, bms run success!
[32m[I/sal.skt] Socket Abstraction Layer initialize success.[0m
hwtimer, timer7 run success!
rtc clock source is set lsi!
RTC: set wkup 12000
watchdog, iwdg run success!
[32m[I/at.clnt] AT client(V1.3.1) on device usart1 initialize success.[0m
[32m[I/at.dev.ec200x] start init ec200x device.[0m
[33m[W/fs01] The version: V0452R336C01L0[0m
[32m[I/handle_bar] bar_value :2030[0m
Password for login:
[32m[I/pms] pm_svc_init...[0m
[32m[I/jmiot] iot_svc_init...[0m
[32m[I/jmiot] GPRS is not registration (Rx)[0m
[32m[I/voice] voice_svc_init...[0m
[32m[I/ui] ui_app_init...[0m
[32m[I/gkey] gkey_init...[0m
[32m[I/radar] radar_svc_init...[0m
[32m[I/radar] radar_svc_init, aeb feature not enable ![0m
[32m[I/ota] ota_svc_init...[0m
[32m[I/motor] motor_svc_init...[0m
[32m[I/slog] slog_svc_init...[0m
RTC: set alarm - a
[31m[E/at.clnt] wait AT client(usart1) connect timeout(10000 tick).[0m
[32m[I/at.dev.ec200x] ec200x device initialize retry 4...[0m
[31m[E/at.clnt] wait AT client(usart1) connect timeout(10000 tick).[0m
[32m[I/at.dev.ec200x] ec200x device initialize retry 3...[0m
[09:24:11.221852] --->
[32m[I/power_on] power_off_system[0m
[32m[I/power_on] power_off_system[0m
   ΎΜΜƌ̎ΎގΎΎ= 
[09:24:37.176158] --->
  \ | /
- RT -     Thread Operating System
/ | \     5.1.0 build Mar 20 2026 17:00:39
2006 - 2024 Copyright by RT-Thread team
rtc initialize success.
adc_vol, adc1 run success!
adc_vol, adc2 run success!
adc_vol, bms run success!
[32m[I/sal.skt] Socket Abstraction Layer initialize success.[0m
hwtimer, timer7 run success!
rtc clock source is set lsi!
RTC: set wkup 12000
watchdog, iwdg run success!
[32m[I/at.clnt] AT client(V1.3.1) on device usart1 initialize success.[0m
[32m[I/at.dev.ec200x] start init ec200x device.[0m
[33m[W/fs01] The version: V0452R336C01L0[0m
[32m[I/handle_bar] bar_value :2030[0m
Password for login:
[32m[I/pms] pm_svc_init...[0m
[32m[I/jmiot] iot_svc_init...[0m
[32m[I/jmiot] GPRS is not registration (Rx)[0m
[32m[I/voice] voice_svc_init...[0m
[32m[I/ui] ui_app_init...[0m
[32m[I/gkey] gkey_init...[0m
[32m[I/radar] radar_svc_init...[0m
[32m[I/radar] radar_svc_init, aeb feature not enable ![0m
[32m[I/ota] ota_svc_init...[0m
[32m[I/motor] motor_svc_init...[0m
[32m[I/slog] slog_svc_init...[0m
RTC: set alarm - a
[31m[E/at.clnt] wait AT client(usart1) connect timeout(10000 tick).[0m
[32m[I/at.dev.ec200x] ec200x device initialize retry 4...[0m
[31m[E/at.clnt] wait AT client(usart1) connect timeout(10000 tick).[0m
[32m[I/at.dev.ec200x] ec200x device initialize retry 3...[0m
[09:25:02.231378] --->
[32m[I/power_on] power_off_system[0m
[32m[I/power_on] power_off_system[0m
   ΌΜΌΌ̜̎\  
[09:25:30.983567] --->
  \ | /
- RT -     Thread Operating System
/ | \     5.1.0 build Mar 20 2026 17:00:39
2006 - 2024 Copyright by RT-Thread team
rtc initialize success.
adc_vol, adc1 run success!
adc_vol, adc2 run success!
adc_vol, bms run success!
[32m[I/sal.skt] Socket Abstraction Layer initialize success.[0m
hwtimer, timer7 run success!
rtc clock source is set lsi!
RTC: set wkup 12000
watchdog, iwdg run success!
[32m[I/at.clnt] AT client(V1.3.1) on device usart1 initialize success.[0m
[32m[I/at.dev.ec200x] start init ec200x device.[0m
[33m[W/fs01] The version: V0452R336C01L0[0m
[32m[I/handle_bar] bar_value :2029[0m
Password for login:
[32m[I/pms] pm_svc_init...[0m
[32m[I/jmiot] iot_svc_init...[0m
[32m[I/jmiot] GPRS is not registration (Rx)[0m
[32m[I/voice] voice_svc_init...[0m
[32m[I/ui] ui_app_init...[0m
[32m[I/gkey] gkey_init...[0m
[32m[I/radar] radar_svc_init...[0m
[32m[I/radar] radar_svc_init, aeb feature not enable ![0m
[32m[I/ota] ota_svc_init...[0m
[32m[I/motor] motor_svc_init...[0m
[32m[I/slog] slog_svc_init...[0m
RTC: set alarm - a
[31m[E/at.clnt] wait AT client(usart1) connect timeout(10000 tick).[0m
[32m[I/at.dev.ec200x] ec200x device initialize retry 4...[0m
[31m[E/at.clnt] wait AT client(usart1) connect timeout(10000 tick).[0m
[32m[I/at.dev.ec200x] ec200x device initialize retry 3...[0m
[09:25:56.035236] --->
[32m[I/power_on] power_off_system[0m
     
[09:26:22.790924] --->
  \ | /
- RT -     Thread Operating System
/ | \     5.1.0 build Mar 20 2026 17:00:39
2006 - 2024 Copyright by RT-Thread team
rtc initialize success.
adc_vol, adc1 run success!
adc_vol, adc2 run success!
adc_vol, bms run success!
[32m[I/sal.skt] Socket Abstraction Layer initialize success.[0m
hwtimer, timer7 run success!
rtc clock source is set lsi!
RTC: set wkup 12000
watchdog, iwdg run success!
[32m[I/at.clnt] AT client(V1.3.1) on device usart1 initialize success.[0m
[32m[I/at.dev.ec200x] start init ec200x device.[0m
[33m[W/fs01] The version: V0452R336C01L0[0m
[32m[I/handle_bar] bar_value :2030[0m
Password for login:
[32m[I/pms] pm_svc_init...[0m
[32m[I/jmiot] iot_svc_init...[0m
[32m[I/jmiot] GPRS is not registration (Rx)[0m
[32m[I/voice] voice_svc_init...[0m
[32m[I/ui] ui_app_init...[0m
[32m[I/gkey] gkey_init...[0m
[32m[I/radar] radar_svc_init...[0m
[32m[I/radar] radar_svc_init, aeb feature not enable ![0m
[32m[I/ota] ota_svc_init...[0m
[32m[I/motor] motor_svc_init...[0m
[32m[I/slog] slog_svc_init...[0m
RTC: set alarm - a
[31m[E/at.clnt] wait AT client(usart1) connect timeout(10000 tick).[0m
[32m[I/at.dev.ec200x] ec200x device initialize retry 4...[0m
[31m[E/at.clnt] wait AT client(usart1) connect timeout(10000 tick).[0m
[32m[I/at.dev.ec200x] ec200x device initialize retry 3...[0m
[09:26:47.849663] --->
[32m[I/power_on] power_off_system[0m
[32m[I/power_on] power_off_system[0m
   Ύ  
[09:27:17.705996] --->
  \ | /
- RT -     Thread Operating System
/ | \     5.1.0 build Mar 20 2026 17:00:39
2006 - 2024 Copyright by RT-Thread team
rtc initialize success.
adc_vol, adc1 run success!
adc_vol, adc2 run success!
adc_vol, bms run success!
[32m[I/sal.skt] Socket Abstraction Layer initialize success.[0m
hwtimer, timer7 run success!
rtc clock source is set lsi!
RTC: set wkup 12000
watchdog, iwdg run success!
[32m[I/at.clnt] AT client(V1.3.1) on device usart1 initialize success.[0m
[32m[I/at.dev.ec200x] start init ec200x device.[0m
[33m[W/fs01] The version: V0452R336C01L0[0m
[32m[I/handle_bar] bar_value :2029[0m
Password for login:
[32m[I/pms] pm_svc_init...[0m
[32m[I/jmiot] iot_svc_init...[0m
[32m[I/jmiot] GPRS is not registration (Rx)[0m
[32m[I/voice] voice_svc_init...[0m
[32m[I/ui] ui_app_init...[0m
[32m[I/gkey] gkey_init...[0m
[32m[I/radar] radar_svc_init...[0m
[32m[I/radar] radar_svc_init, aeb feature not enable ![0m
[32m[I/ota] ota_svc_init...[0m
[32m[I/motor] motor_svc_init...[0m
[32m[I/slog] slog_svc_init...[0m
RTC: set alarm - a
[31m[E/at.clnt] wait AT client(usart1) connect timeout(10000 tick).[0m
[32m[I/at.dev.ec200x] ec200x device initialize retry 4...[0m
[31m[E/at.clnt] wait AT client(usart1) connect timeout(10000 tick).[0m
[32m[I/at.dev.ec200x] ec200x device initialize retry 3...[0m
[09:27:42.760463] --->
[32m[I/power_on] power_off_system[0m
   oΌΌ܌ΌΌΎΎΌΌΌp 
[09:28:08.012605] --->
  \ | /
- RT -     Thread Operating System
/ | \     5.1.0 build Mar 20 2026 17:00:39
2006 - 2024 Copyright by RT-Thread team
rtc initialize success.
adc_vol, adc1 run success!
adc_vol, adc2 run success!
adc_vol, bms run success!
[32m[I/sal.skt] Socket Abstraction Layer initialize success.[0m
hwtimer, timer7 run success!
rtc clock source is set lsi!
RTC: set wkup 12000
watchdog, iwdg run success!
[32m[I/at.clnt] AT client(V1.3.1) on device usart1 initialize success.[0m
[32m[I/at.dev.ec200x] start init ec200x device.[0m
[33m[W/fs01] The version: V0452R336C01L0[0m
[32m[I/handle_bar] bar_value :2030[0m
Password for login:
[32m[I/pms] pm_svc_init...[0m
[32m[I/jmiot] iot_svc_init...[0m
[32m[I/jmiot] GPRS is not registration (Rx)[0m
[32m[I/voice] voice_svc_init...[0m
[32m[I/ui] ui_app_init...[0m
[32m[I/gkey] gkey_init...[0m
[32m[I/radar] radar_svc_init...[0m
[32m[I/radar] radar_svc_init, aeb feature not enable ![0m
[32m[I/ota] ota_svc_init...[0m
[32m[I/motor] motor_svc_init...[0m
[32m[I/slog] slog_svc_init...[0m
RTC: set alarm - a
[31m[E/at.clnt] wait AT client(usart1) connect timeout(10000 tick).[0m
[32m[I/at.dev.ec200x] ec200x device initialize retry 4...[0m
[31m[E/at.clnt] wait AT client(usart1) connect timeout(10000 tick).[0m
[32m[I/at.dev.ec200x] ec200x device initialize retry 3...[0m
[09:28:33.067125] --->
[32m[I/power_on] power_off_system[0m
     
[09:28:59.219194] --->
  \ | /
- RT -     Thread Operating System
/ | \     5.1.0 build Mar 20 2026 17:00:39
2006 - 2024 Copyright by RT-Thread team
rtc initialize success.
adc_vol, adc1 run success!
adc_vol, adc2 run success!
adc_vol, bms run success!
[32m[I/sal.skt] Socket Abstraction Layer initialize success.[0m
hwtimer, timer7 run success!
rtc clock source is set lsi!
RTC: set wkup 12000
watchdog, iwdg run success!
[32m[I/at.clnt] AT client(V1.3.1) on device usart1 initialize success.[0m
[32m[I/at.dev.ec200x] start init ec200x device.[0m
[33m[W/fs01] The version: V0452R336C01L0[0m
[32m[I/handle_bar] bar_value :2030[0m
Password for login:
[32m[I/pms] pm_svc_init...[0m
[32m[I/jmiot] iot_svc_init...[0m
[32m[I/jmiot] GPRS is not registration (Rx)[0m
[32m[I/voice] voice_svc_init...[0m
[32m[I/ui] ui_app_init...[0m
[32m[I/gkey] gkey_init...[0m
[32m[I/radar] radar_svc_init...[0m
[32m[I/radar] radar_svc_init, aeb feature not enable ![0m
[32m[I/ota] ota_svc_init...[0m
[32m[I/motor] motor_svc_init...[0m
[32m[I/slog] slog_svc_init...[0m
RTC: set alarm - a
[31m[E/at.clnt] wait AT client(usart1) connect timeout(10000 tick).[0m
[32m[I/at.dev.ec200x] ec200x device initialize retry 4...[0m
[31m[E/at.clnt] wait AT client(usart1) connect timeout(10000 tick).[0m
[32m[I/at.dev.ec200x] ec200x device initialize retry 3...[0m
[09:29:24.271203] --->
[32m[I/power_on] power_off_system[0m
[32m[I/power_on] power_off_system[0m
  ƌΎΎΌΎ ΎΎ 
[09:29:53.927017] --->
  \ | /
- RT -     Thread Operating System
/ | \     5.1.0 build Mar 20 2026 17:00:39
2006 - 2024 Copyright by RT-Thread team
rtc initialize success.
adc_vol, adc1 run success!
adc_vol, adc2 run success!
adc_vol, bms run success!
[32m[I/sal.skt] Socket Abstraction Layer initialize success.[0m
hwtimer, timer7 run success!
rtc clock source is set lsi!
RTC: set wkup 12000
watchdog, iwdg run success!
[32m[I/at.clnt] AT client(V1.3.1) on device usart1 initialize success.[0m
[32m[I/at.dev.ec200x] start init ec200x device.[0m
[33m[W/fs01] The version: V0452R336C01L0[0m
[32m[I/handle_bar] bar_value :2029[0m
Password for login:
[32m[I/pms] pm_svc_init...[0m
[32m[I/jmiot] iot_svc_init...[0m
[32m[I/jmiot] GPRS is not registration (Rx)[0m
[32m[I/voice] voice_svc_init...[0m
[32m[I/ui] ui_app_init...[0m
[32m[I/gkey] gkey_init...[0m
[32m[I/radar] radar_svc_init...[0m
[32m[I/radar] radar_svc_init, aeb feature not enable ![0m
[32m[I/ota] ota_svc_init...[0m
[32m[I/motor] motor_svc_init...[0m
[32m[I/slog] slog_svc_init...[0m
RTC: set alarm - a
[31m[E/at.clnt] wait AT client(usart1) connect timeout(10000 tick).[0m
[32m[I/at.dev.ec200x] ec200x device initialize retry 4...[0m
[31m[E/at.clnt] wait AT client(usart1) connect timeout(10000 tick).[0m
[32m[I/at.dev.ec200x] ec200x device initialize retry 3...[0m
[09:30:18.979828] --->
[32m[I/power_on] power_off_system[0m
   ΌΌΎ 
[09:30:45.335352] --->
  \ | /
- RT -     Thread Operating System
/ | \     5.1.0 build Mar 20 2026 17:00:39
2006 - 2024 Copyright by RT-Thread team
rtc initialize success.
adc_vol, adc1 run success!
adc_vol, adc2 run success!
adc_vol, bms run success!
[32m[I/sal.skt] Socket Abstraction Layer initialize success.[0m
hwtimer, timer7 run success!
rtc clock source is set lsi!
RTC: set wkup 12000
watchdog, iwdg run success!
[32m[I/at.clnt] AT client(V1.3.1) on device usart1 initialize success.[0m
[32m[I/at.dev.ec200x] start init ec200x device.[0m
[33m[W/fs01] The version: V0452R336C01L0[0m
[32m[I/handle_bar] bar_value :2030[0m
Password for login:
[32m[I/pms] pm_svc_init...[0m
[32m[I/jmiot] iot_svc_init...[0m
[32m[I/jmiot] GPRS is not registration (Rx)[0m
[32m[I/voice] voice_svc_init...[0m
[32m[I/ui] ui_app_init...[0m
[32m[I/gkey] gkey_init...[0m
[32m[I/radar] radar_svc_init...[0m
[32m[I/radar] radar_svc_init, aeb feature not enable ![0m
[32m[I/ota] ota_svc_init...[0m
[32m[I/motor] motor_svc_init...[0m
[32m[I/slog] slog_svc_init...[0m
RTC: set alarm - a
[31m[E/at.clnt] wait AT client(usart1) connect timeout(10000 tick).[0m
[32m[I/at.dev.ec200x] ec200x device initialize retry 4...[0m
[31m[E/at.clnt] wait AT client(usart1) connect timeout(10000 tick).[0m
[32m[I/at.dev.ec200x] ec200x device initialize retry 3...[0m
[09:31:10.386653] --->
[32m[I/power_on] power_off_system[0m
[32m[I/power_on] power_off_system[0m
    ߎ 
[09:31:36.043410] --->
  \ | /
- RT -     Thread Operating System
/ | \     5.1.0 build Mar 20 2026 17:00:39
2006 - 2024 Copyright by RT-Thread team
rtc initialize success.
adc_vol, adc1 run success!
adc_vol, adc2 run success!
adc_vol, bms run success!
[32m[I/sal.skt] Socket Abstraction Layer initialize success.[0m
hwtimer, timer7 run success!
rtc clock source is set lsi!
RTC: set wkup 12000
watchdog, iwdg run success!
[32m[I/at.clnt] AT client(V1.3.1) on device usart1 initialize success.[0m
[32m[I/at.dev.ec200x] start init ec200x device.[0m
[33m[W/fs01] The version: V0452R336C01L0[0m
[32m[I/handle_bar] bar_value :2029[0m
Password for login:
[32m[I/pms] pm_svc_init...[0m
[32m[I/jmiot] iot_svc_init...[0m
[32m[I/jmiot] GPRS is not registration (Rx)[0m
[32m[I/voice] voice_svc_init...[0m
[32m[I/ui] ui_app_init...[0m
[32m[I/gkey] gkey_init...[0m
[32m[I/radar] radar_svc_init...[0m
[32m[I/radar] radar_svc_init, aeb feature not enable ![0m
[32m[I/ota] ota_svc_init...[0m
[32m[I/motor] motor_svc_init...[0m
[32m[I/slog] slog_svc_init...[0m
RTC: set alarm - a
[31m[E/at.clnt] wait AT client(usart1) connect timeout(10000 tick).[0m
[32m[I/at.dev.ec200x] ec200x device initialize retry 4...[0m
[31m[E/at.clnt] wait AT client(usart1) connect timeout(10000 tick).[0m
[32m[I/at.dev.ec200x] ec200x device initialize retry 3...[0m
[09:32:01.098840] --->
[32m[I/power_on] power_off_system[0m
[32m[I/power_on] power_off_system[0m
   ΌΎΎΎΎΎ| ΌΌΌ̎ 
[09:32:28.753156] --->
  \ | /
- RT -     Thread Operating System
/ | \     5.1.0 build Mar 20 2026 17:00:39
2006 - 2024 Copyright by RT-Thread team
rtc initialize success.
adc_vol, adc1 run success!
adc_vol, adc2 run success!
adc_vol, bms run success!
[32m[I/sal.skt] Socket Abstraction Layer initialize success.[0m
hwtimer, timer7 run success!
rtc clock source is set lsi!
RTC: set wkup 12000
watchdog, iwdg run success!
[32m[I/at.clnt] AT client(V1.3.1) on device usart1 initialize success.[0m
[32m[I/at.dev.ec200x] start init ec200x device.[0m
[33m[W/fs01] The version: V0452R336C01L0[0m
[32m[I/handle_bar] bar_value :2030[0m
Password for login:
[32m[I/pms] pm_svc_init...[0m
[32m[I/jmiot] iot_svc_init...[0m
[32m[I/jmiot] GPRS is not registration (Rx)[0m
[32m[I/voice] voice_svc_init...[0m
[32m[I/ui] ui_app_init...[0m
[32m[I/gkey] gkey_init...[0m
[32m[I/radar] radar_svc_init...[0m
[32m[I/radar] radar_svc_init, aeb feature not enable ![0m
[32m[I/ota] ota_svc_init...[0m
[32m[I/motor] motor_svc_init...[0m
[32m[I/slog] slog_svc_init...[0m
RTC: set alarm - a
[31m[E/at.clnt] wait AT client(usart1) connect timeout(10000 tick).[0m
[32m[I/at.dev.ec200x] ec200x device initialize retry 4...[0m
[31m[E/at.clnt] wait AT client(usart1) connect timeout(10000 tick).[0m
[32m[I/at.dev.ec200x] ec200x device initialize retry 3...[0m
[09:32:53.808363] --->
[32m[I/power_on] power_off_system[0m
     
[09:33:18.864536] --->
  \ | /
- RT -     Thread Operating System
/ | \     5.1.0 build Mar 20 2026 17:00:39
2006 - 2024 Copyright by RT-Thread team
rtc initialize success.
adc_vol, adc1 run success!
adc_vol, adc2 run success!
adc_vol, bms run success!
[32m[I/sal.skt] Socket Abstraction Layer initialize success.[0m
hwtimer, timer7 run success!
rtc clock source is set lsi!
RTC: set wkup 12000
watchdog, iwdg run success!
[32m[I/at.clnt] AT client(V1.3.1) on device usart1 initialize success.[0m
[32m[I/at.dev.ec200x] start init ec200x device.[0m
[33m[W/fs01] The version: V0452R336C01L0[0m
[32m[I/handle_bar] bar_value :2029[0m
Password for login:
[32m[I/pms] pm_svc_init...[0m
[32m[I/jmiot] iot_svc_init...[0m
[32m[I/jmiot] GPRS is not registration (Rx)[0m
[32m[I/voice] voice_svc_init...[0m
[32m[I/ui] ui_app_init...[0m
[32m[I/gkey] gkey_init...[0m
[32m[I/radar] radar_svc_init...[0m
[32m[I/radar] radar_svc_init, aeb feature not enable ![0m
[32m[I/ota] ota_svc_init...[0m
[32m[I/motor] motor_svc_init...[0m
[32m[I/slog] slog_svc_init...[0m
RTC: set alarm - a
[31m[E/at.clnt] wait AT client(usart1) connect timeout(10000 tick).[0m
[32m[I/at.dev.ec200x] ec200x device initialize retry 4...[0m
[31m[E/at.clnt] wait AT client(usart1) connect timeout(10000 tick).[0m
[32m[I/at.dev.ec200x] ec200x device initialize retry 3...[0m
[09:33:43.916198] --->
[32m[I/power_on] power_off_system[0m
   ƌ  
[09:34:10.471091] --->
  \ | /
- RT -     Thread Operating System
/ | \     5.1.0 build Mar 20 2026 17:00:39
2006 - 2024 Copyright by RT-Thread team
rtc initialize success.
adc_vol, adc1 run success!
adc_vol, adc2 run success!
adc_vol, bms run success!
[32m[I/sal.skt] Socket Abstraction Layer initialize success.[0m
hwtimer, timer7 run success!
rtc clock source is set lsi!
RTC: set wkup 12000
watchdog, iwdg run success!
[32m[I/at.clnt] AT client(V1.3.1) on device usart1 initialize success.[0m
[32m[I/at.dev.ec200x] start init ec200x device.[0m
[33m[W/fs01] The version: V0452R336C01L0[0m
[32m[I/handle_bar] bar_value :2029[0m
Password for login:
[32m[I/pms] pm_svc_init...[0m
[32m[I/jmiot] iot_svc_init...[0m
[32m[I/jmiot] GPRS is not registration (Rx)[0m
[32m[I/voice] voice_svc_init...[0m
[32m[I/ui] ui_app_init...[0m
[32m[I/gkey] gkey_init...[0m
[32m[I/radar] radar_svc_init...[0m
[32m[I/radar] radar_svc_init, aeb feature not enable ![0m
[32m[I/ota] ota_svc_init...[0m
[32m[I/motor] motor_svc_init...[0m
[32m[I/slog] slog_svc_init...[0m
RTC: set alarm - a
[31m[E/at.clnt] wait AT client(usart1) connect timeout(10000 tick).[0m
[32m[I/at.dev.ec200x] ec200x device initialize retry 4...[0m
[31m[E/at.clnt] wait AT client(usart1) connect timeout(10000 tick).[0m
[32m[I/at.dev.ec200x] ec200x device initialize retry 3...[0m
[09:34:35.525466] --->
[32m[I/power_on] power_off_system[0m
[32m[I/power_on] power_off_system[0m
     
[09:35:02.580370] --->
  \ | /
- RT -     Thread Operating System
/ | \     5.1.0 build Mar 20 2026 17:00:39
2006 - 2024 Copyright by RT-Thread team
rtc initialize success.
adc_vol, adc1 run success!
adc_vol, adc2 run success!
adc_vol, bms run success!
[32m[I/sal.skt] Socket Abstraction Layer initialize success.[0m
hwtimer, timer7 run success!
rtc clock source is set lsi!
RTC: set wkup 12000
watchdog, iwdg run success!
[32m[I/at.clnt] AT client(V1.3.1) on device usart1 initialize success.[0m
[32m[I/at.dev.ec200x] start init ec200x device.[0m
[33m[W/fs01] The version: V0452R336C01L0[0m
[32m[I/handle_bar] bar_value :2030[0m
Password for login:
[32m[I/pms] pm_svc_init...[0m
[32m[I/jmiot] iot_svc_init...[0m
[32m[I/jmiot] GPRS is not registration (Rx)[0m
[32m[I/voice] voice_svc_init...[0m
[32m[I/ui] ui_app_init...[0m
[32m[I/gkey] gkey_init...[0m
[32m[I/radar] radar_svc_init...[0m
[32m[I/radar] radar_svc_init, aeb feature not enable ![0m
[32m[I/ota] ota_svc_init...[0m
[32m[I/motor] motor_svc_init...[0m
[32m[I/slog] slog_svc_init...[0m
RTC: set alarm - a
[31m[E/at.clnt] wait AT client(usart1) connect timeout(10000 tick).[0m
[32m[I/at.dev.ec200x] ec200x device initialize retry 4...[0m
[31m[E/at.clnt] wait AT client(usart1) connect timeout(10000 tick).[0m
[32m[I/at.dev.ec200x] ec200x device initialize retry 3...[0m
[09:35:27.631833] --->
[32m[I/power_on] power_off_system[0m
      
[09:35:55.085967] --->
  \ | /
- RT -     Thread Operating System
/ | \     5.1.0 build Mar 20 2026 17:00:39
2006 - 2024 Copyright by RT-Thread team
rtc initialize success.
adc_vol, adc1 run success!
adc_vol, adc2 run success!
adc_vol, bms run success!
[32m[I/sal.skt] Socket Abstraction Layer initialize success.[0m
hwtimer, timer7 run success!
rtc clock source is set lsi!
RTC: set wkup 12000
watchdog, iwdg run success!
[32m[I/at.clnt] AT client(V1.3.1) on device usart1 initialize success.[0m
[32m[I/at.dev.ec200x] start init ec200x device.[0m
[33m[W/fs01] The version: V0452R336C01L0[0m
[32m[I/handle_bar] bar_value :2029[0m
Password for login:
[32m[I/pms] pm_svc_init...[0m
[32m[I/jmiot] iot_svc_init...[0m
[32m[I/jmiot] GPRS is not registration (Rx)[0m
[32m[I/voice] voice_svc_init...[0m
[32m[I/ui] ui_app_init...[0m
[32m[I/gkey] gkey_init...[0m
[32m[I/radar] radar_svc_init...[0m
[32m[I/radar] radar_svc_init, aeb feature not enable ![0m
[32m[I/ota] ota_svc_init...[0m
[32m[I/motor] motor_svc_init...[0m
[32m[I/slog] slog_svc_init...[0m
RTC: set alarm - a
[31m[E/at.clnt] wait AT client(usart1) connect timeout(10000 tick).[0m
[32m[I/at.dev.ec200x] ec200x device initialize retry 4...[0m
[31m[E/at.clnt] wait AT client(usart1) connect timeout(10000 tick).[0m
[32m[I/at.dev.ec200x] ec200x device initialize retry 3...[0m
[09:36:20.140136] --->
[32m[I/power_on] power_off_system[0m
     
[09:36:48.495150] --->
  \ | /
- RT -     Thread Operating System
/ | \     5.1.0 build Mar 20 2026 17:00:39
2006 - 2024 Copyright by RT-Thread team
rtc initialize success.
adc_vol, adc1 run success!
adc_vol, adc2 run success!
adc_vol, bms run success!
[32m[I/sal.skt] Socket Abstraction Layer initialize success.[0m
hwtimer, timer7 run success!
rtc clock source is set lsi!
RTC: set wkup 12000
watchdog, iwdg run success!
[32m[I/at.clnt] AT client(V1.3.1) on device usart1 initialize success.[0m
[32m[I/at.dev.ec200x] start init ec200x device.[0m
[33m[W/fs01] The version: V0452R336C01L0[0m
[32m[I/handle_bar] bar_value :2030[0m
Password for login:
[32m[I/pms] pm_svc_init...[0m
[32m[I/jmiot] iot_svc_init...[0m
[32m[I/jmiot] GPRS is not registration (Rx)[0m
[32m[I/voice] voice_svc_init...[0m
[32m[I/ui] ui_app_init...[0m
[32m[I/gkey] gkey_init...[0m
[32m[I/radar] radar_svc_init...[0m
[32m[I/radar] radar_svc_init, aeb feature not enable ![0m
[32m[I/ota] ota_svc_init...[0m
[32m[I/motor] motor_svc_init...[0m
[32m[I/slog] slog_svc_init...[0m
RTC: set alarm - a
[31m[E/at.clnt] wait AT client(usart1) connect timeout(10000 tick).[0m
[32m[I/at.dev.ec200x] ec200x device initialize retry 4...[0m
[31m[E/at.clnt] wait AT client(usart1) connect timeout(10000 tick).[0m
[32m[I/at.dev.ec200x] ec200x device initialize retry 3...[0m
[09:37:13.549481] --->
[32m[I/power_on] power_off_system[0m
[32m[I/power_on] power_off_system[0m
   Ύ   
[09:37:40.301982] --->
  \ | /
- RT -     Thread Operating System
/ | \     5.1.0 build Mar 20 2026 17:00:39
2006 - 2024 Copyright by RT-Thread team
rtc initialize success.
adc_vol, adc1 run success!
adc_vol, adc2 run success!
adc_vol, bms run success!
[32m[I/sal.skt] Socket Abstraction Layer initialize success.[0m
hwtimer, timer7 run success!
rtc clock source is set lsi!
RTC: set wkup 12000
watchdog, iwdg run success!
[32m[I/at.clnt] AT client(V1.3.1) on device usart1 initialize success.[0m
[32m[I/at.dev.ec200x] start init ec200x device.[0m
[33m[W/fs01] The version: V0452R336C01L0[0m
[32m[I/handle_bar] bar_value :2029[0m
Password for login:
[32m[I/pms] pm_svc_init...[0m
[32m[I/jmiot] iot_svc_init...[0m
[32m[I/jmiot] GPRS is not registration (Rx)[0m
[32m[I/voice] voice_svc_init...[0m
[32m[I/ui] ui_app_init...[0m
[32m[I/gkey] gkey_init...[0m
[32m[I/radar] radar_svc_init...[0m
[32m[I/radar] radar_svc_init, aeb feature not enable ![0m
[32m[I/ota] ota_svc_init...[0m
[32m[I/motor] motor_svc_init...[0m
[32m[I/slog] slog_svc_init...[0m
RTC: set alarm - a
[31m[E/at.clnt] wait AT client(usart1) connect timeout(10000 tick).[0m
[32m[I/at.dev.ec200x] ec200x device initialize retry 4...[0m
[31m[E/at.clnt] wait AT client(usart1) connect timeout(10000 tick).[0m
[32m[I/at.dev.ec200x] ec200x device initialize retry 3...[0m
[09:38:05.356209] --->
[32m[I/power_on] power_off_system[0m
[32m[I/power_on] power_off_system[0m
   wΌΎ̌  
[09:38:31.215026] --->
  \ | /
- RT -     Thread Operating System
/ | \     5.1.0 build Mar 20 2026 17:00:39
2006 - 2024 Copyright by RT-Thread team
rtc initialize success.
adc_vol, adc1 run success!
adc_vol, adc2 run success!
adc_vol, bms run success!
[32m[I/sal.skt] Socket Abstraction Layer initialize success.[0m
hwtimer, timer7 run success!
rtc clock source is set lsi!
RTC: set wkup 12000
watchdog, iwdg run success!
[32m[I/at.clnt] AT client(V1.3.1) on device usart1 initialize success.[0m
[32m[I/at.dev.ec200x] start init ec200x device.[0m
[33m[W/fs01] The version: V0452R336C01L0[0m
[32m[I/handle_bar] bar_value :2029[0m
Password for login:
[32m[I/pms] pm_svc_init...[0m
[32m[I/jmiot] iot_svc_init...[0m
[32m[I/jmiot] GPRS is not registration (Rx)[0m
[32m[I/voice] voice_svc_init...[0m
[32m[I/ui] ui_app_init...[0m
[32m[I/gkey] gkey_init...[0m
[32m[I/radar] radar_svc_init...[0m
[32m[I/radar] radar_svc_init, aeb feature not enable ![0m
[32m[I/ota] ota_svc_init...[0m
[32m[I/motor] motor_svc_init...[0m
[32m[I/slog] slog_svc_init...[0m
RTC: set alarm - a
[31m[E/at.clnt] wait AT client(usart1) connect timeout(10000 tick).[0m
[32m[I/at.dev.ec200x] ec200x device initialize retry 4...[0m
[31m[E/at.clnt] wait AT client(usart1) connect timeout(10000 tick).[0m
[32m[I/at.dev.ec200x] ec200x device initialize retry 3...[0m
[32m[I/voice] voice_msg num: 9[0m
[09:38:56.218638] --->
[31m[E/at.clnt] wait AT client(usart1) connect timeout(10000 tick).[0m
[32m[I/at.dev.ec200x] ec200x device initialize retry 2...[0m
[31m[E/at.clnt] wait AT client(usart1) connect timeout(10000 tick).[0m
[32m[I/at.dev.ec200x] ec200x device initialize retry 1...[0m
[09:39:21.271897] --->
[32m[I/power_on] power_off_system[0m
     
[09:39:31.730112] --->
  \ | /
- RT -     Thread Operating System
/ | \     5.1.0 build Mar 20 2026 17:00:39
2006 - 2024 Copyright by RT-Thread team
rtc initialize success.
adc_vol, adc1 run success!
adc_vol, adc2 run success!
adc_vol, bms run success!
[32m[I/sal.skt] Socket Abstraction Layer initialize success.[0m
hwtimer, timer7 run success!
rtc clock source is set lsi!
RTC: set wkup 12000
watchdog, iwdg run success!
[32m[I/at.clnt] AT client(V1.3.1) on device usart1 initialize success.[0m
[32m[I/at.dev.ec200x] start init ec200x device.[0m
[33m[W/fs01] The version: V0452R336C01L0[0m
[32m[I/handle_bar] bar_value :2029[0m
Password for login:
[32m[I/pms] pm_svc_init...[0m
[32m[I/jmiot] iot_svc_init...[0m
[32m[I/jmiot] GPRS is not registration (Rx)[0m
[32m[I/voice] voice_svc_init...[0m
[32m[I/ui] ui_app_init...[0m
[32m[I/gkey] gkey_init...[0m
[32m[I/radar] radar_svc_init...[0m
[32m[I/radar] radar_svc_init, aeb feature not enable ![0m
[32m[I/ota] ota_svc_init...[0m
[32m[I/motor] motor_svc_init...[0m
[32m[I/slog] slog_svc_init...[0m
RTC: set alarm - a
[32m[I/voice] voice_msg num: 9[0m
[09:39:56.733251] --->
[31m[E/at.clnt] wait AT client(usart1) connect timeout(10000 tick).[0m
[32m[I/at.dev.ec200x] ec200x device initialize retry 4...[0m
[31m[E/at.clnt] wait AT client(usart1) connect timeout(10000 tick).[0m
[32m[I/at.dev.ec200x] ec200x device initialize retry 3...[0m
[31m[E/at.clnt] wait AT client(usart1) connect timeout(10000 tick).[0m
[32m[I/at.dev.ec200x] ec200x device initialize retry 2...[0m
[09:40:21.787853] --->
[32m[I/power_on] power_off_system[0m
   ΎΜΌގΎΎΎΎΎΜ^  
[09:40:46.943807] --->
  \ | /
- RT -     Thread Operating System
/ | \     5.1.0 build Mar 20 2026 17:00:39
2006 - 2024 Copyright by RT-Thread team
rtc initialize success.
adc_vol, adc1 run success!
adc_vol, adc2 run success!
adc_vol, bms run success!
[32m[I/sal.skt] Socket Abstraction Layer initialize success.[0m
hwtimer, timer7 run success!
rtc clock source is set lsi!
RTC: set wkup 12000
watchdog, iwdg run success!
[32m[I/at.clnt] AT client(V1.3.1) on device usart1 initialize success.[0m
[32m[I/at.dev.ec200x] start init ec200x device.[0m
[33m[W/fs01] The version: V0452R336C01L0[0m
[32m[I/handle_bar] bar_value :2029[0m
Password for login:
[32m[I/pms] pm_svc_init...[0m
[32m[I/jmiot] iot_svc_init...[0m
[32m[I/jmiot] GPRS is not registration (Rx)[0m
[32m[I/voice] voice_svc_init...[0m
[32m[I/ui] ui_app_init...[0m
[32m[I/gkey] gkey_init...[0m
[32m[I/radar] radar_svc_init...[0m
[32m[I/radar] radar_svc_init, aeb feature not enable ![0m
[32m[I/ota] ota_svc_init...[0m
[32m[I/motor] motor_svc_init...[0m
[32m[I/slog] slog_svc_init...[0m
RTC: set alarm - a
[31m[E/at.clnt] wait AT client(usart1) connect timeout(10000 tick).[0m
[32m[I/at.dev.ec200x] ec200x device initialize retry 4...[0m
[31m[E/at.clnt] wait AT client(usart1) connect timeout(10000 tick).[0m
[32m[I/at.dev.ec200x] ec200x device initialize retry 3...[0m
[09:41:11.998974] --->
[32m[I/power_on] power_off_system[0m
[32m[I/power_on] power_off_system[0m
    ΜΎΎ 
[09:41:38.852326] --->
  \ | /
- RT -     Thread Operating System
/ | \     5.1.0 build Mar 20 2026 17:00:39
2006 - 2024 Copyright by RT-Thread team
rtc initialize success.
adc_vol, adc1 run success!
adc_vol, adc2 run success!
adc_vol, bms run success!
[32m[I/sal.skt] Socket Abstraction Layer initialize success.[0m
hwtimer, timer7 run success!
rtc clock source is set lsi!
RTC: set wkup 12000
watchdog, iwdg run success!
[32m[I/at.clnt] AT client(V1.3.1) on device usart1 initialize success.[0m
[32m[I/at.dev.ec200x] start init ec200x device.[0m
[33m[W/fs01] The version: V0452R336C01L0[0m
[32m[I/handle_bar] bar_value :2030[0m
Password for login:
[32m[I/pms] pm_svc_init...[0m
[32m[I/jmiot] iot_svc_init...[0m
[32m[I/jmiot] GPRS is not registration (Rx)[0m
[32m[I/voice] voice_svc_init...[0m
[32m[I/ui] ui_app_init...[0m
[32m[I/gkey] gkey_init...[0m
[32m[I/radar] radar_svc_init...[0m
[32m[I/radar] radar_svc_init, aeb feature not enable ![0m
[32m[I/ota] ota_svc_init...[0m
[32m[I/motor] motor_svc_init...[0m
[32m[I/slog] slog_svc_init...[0m
RTC: set alarm - a
[31m[E/at.clnt] wait AT client(usart1) connect timeout(10000 tick).[0m
[32m[I/at.dev.ec200x] ec200x device initialize retry 4...[0m
[31m[E/at.clnt] wait AT client(usart1) connect timeout(10000 tick).[0m
[32m[I/at.dev.ec200x] ec200x device initialize retry 3...[0m
[09:42:03.908818] --->
[32m[I/power_on] power_off_system[0m
   w  
[09:42:32.762199] --->
  \ | /
- RT -     Thread Operating System
/ | \     5.1.0 build Mar 20 2026 17:00:39
2006 - 2024 Copyright by RT-Thread team
rtc initialize success.
adc_vol, adc1 run success!
adc_vol, adc2 run success!
adc_vol, bms run success!
[32m[I/sal.skt] Socket Abstraction Layer initialize success.[0m
hwtimer, timer7 run success!
rtc clock source is set lsi!
RTC: set wkup 12000
watchdog, iwdg run success!
[32m[I/at.clnt] AT client(V1.3.1) on device usart1 initialize success.[0m
[32m[I/at.dev.ec200x] start init ec200x device.[0m
[33m[W/fs01] The version: V0452R336C01L0[0m
[32m[I/handle_bar] bar_value :2029[0m
Password for login:
[32m[I/pms] pm_svc_init...[0m
[32m[I/jmiot] iot_svc_init...[0m
[32m[I/jmiot] GPRS is not registration (Rx)[0m
[32m[I/voice] voice_svc_init...[0m
[32m[I/ui] ui_app_init...[0m
[32m[I/gkey] gkey_init...[0m
[32m[I/radar] radar_svc_init...[0m
[32m[I/radar] radar_svc_init, aeb feature not enable ![0m
[32m[I/ota] ota_svc_init...[0m
[32m[I/motor] motor_svc_init...[0m
[32m[I/slog] slog_svc_init...[0m
RTC: set alarm - a
[31m[E/at.clnt] wait AT client(usart1) connect timeout(10000 tick).[0m
[32m[I/at.dev.ec200x] ec200x device initialize retry 4...[0m
[31m[E/at.clnt] wait AT client(usart1) connect timeout(10000 tick).[0m
[32m[I/at.dev.ec200x] ec200x device initialize retry 3...[0m
[09:42:57.814800] --->
[32m[I/power_on] power_off_system[0m
   ތΎΎΌΎNΏΎΞ 
[09:43:23.268633] --->
  \ | /
- RT -     Thread Operating System
/ | \     5.1.0 build Mar 20 2026 17:00:39
2006 - 2024 Copyright by RT-Thread team
rtc initialize success.
adc_vol, adc1 run success!
adc_vol, adc2 run success!
adc_vol, bms run success!
[32m[I/sal.skt] Socket Abstraction Layer initialize success.[0m
hwtimer, timer7 run success!
rtc clock source is set lsi!
RTC: set wkup 12000
watchdog, iwdg run success!
[32m[I/at.clnt] AT client(V1.3.1) on device usart1 initialize success.[0m
[32m[I/at.dev.ec200x] start init ec200x device.[0m
[33m[W/fs01] The version: V0452R336C01L0[0m
[32m[I/handle_bar] bar_value :2030[0m
Password for login:
[32m[I/pms] pm_svc_init...[0m
[32m[I/jmiot] iot_svc_init...[0m
[32m[I/jmiot] GPRS is not registration (Rx)[0m
[32m[I/voice] voice_svc_init...[0m
[32m[I/ui] ui_app_init...[0m
[32m[I/gkey] gkey_init...[0m
[32m[I/radar] radar_svc_init...[0m
[32m[I/radar] radar_svc_init, aeb feature not enable ![0m
[32m[I/ota] ota_svc_init...[0m
[32m[I/motor] motor_svc_init...[0m
[32m[I/slog] slog_svc_init...[0m
RTC: set alarm - a
[31m[E/at.clnt] wait AT client(usart1) connect timeout(10000 tick).[0m
[32m[I/at.dev.ec200x] ec200x device initialize retry 4...[0m
[31m[E/at.clnt] wait AT client(usart1) connect timeout(10000 tick).[0m
[32m[I/at.dev.ec200x] ec200x device initialize retry 3...[0m
[09:43:48.323817] --->
[32m[I/power_on] power_off_system[0m
     
[09:44:17.980894] --->
  \ | /
- RT -     Thread Operating System
/ | \     5.1.0 build Mar 20 2026 17:00:39
2006 - 2024 Copyright by RT-Thread team
rtc initialize success.
adc_vol, adc1 run success!
adc_vol, adc2 run success!
adc_vol, bms run success!
[32m[I/sal.skt] Socket Abstraction Layer initialize success.[0m
hwtimer, timer7 run success!
rtc clock source is set lsi!
RTC: set wkup 12000
watchdog, iwdg run success!
[32m[I/at.clnt] AT client(V1.3.1) on device usart1 initialize success.[0m
[32m[I/at.dev.ec200x] start init ec200x device.[0m
[33m[W/fs01] The version: V0452R336C01L0[0m
[32m[I/handle_bar] bar_value :2030[0m
Password for login:
[32m[I/pms] pm_svc_init...[0m
[32m[I/jmiot] iot_svc_init...[0m
[32m[I/jmiot] GPRS is not registration (Rx)[0m
[32m[I/voice] voice_svc_init...[0m
[32m[I/ui] ui_app_init...[0m
[32m[I/gkey] gkey_init...[0m
[32m[I/radar] radar_svc_init...[0m
[32m[I/radar] radar_svc_init, aeb feature not enable ![0m
[32m[I/ota] ota_svc_init...[0m
[32m[I/motor] motor_svc_init...[0m
[32m[I/slog] slog_svc_init...[0m
RTC: set alarm - a
[31m[E/at.clnt] wait AT client(usart1) connect timeout(10000 tick).[0m
[32m[I/at.dev.ec200x] ec200x device initialize retry 4...[0m
[31m[E/at.clnt] wait AT client(usart1) connect timeout(10000 tick).[0m
[32m[I/at.dev.ec200x] ec200x device initialize retry 3...[0m
[09:44:43.032763] --->
[32m[I/power_on] power_off_system[0m
   ΌΎΎ̌ΎΎΜΜ  
[09:45:12.188478] --->
  \ | /
- RT -     Thread Operating System
/ | \     5.1.0 build Mar 20 2026 17:00:39
2006 - 2024 Copyright by RT-Thread team
rtc initialize success.
adc_vol, adc1 run success!
adc_vol, adc2 run success!
adc_vol, bms run success!
[32m[I/sal.skt] Socket Abstraction Layer initialize success.[0m
hwtimer, timer7 run success!
rtc clock source is set lsi!
RTC: set wkup 12000
watchdog, iwdg run success!
[32m[I/at.clnt] AT client(V1.3.1) on device usart1 initialize success.[0m
[32m[I/at.dev.ec200x] start init ec200x device.[0m
[33m[W/fs01] The version: V0452R336C01L0[0m
[32m[I/handle_bar] bar_value :2029[0m
Password for login:
[32m[I/pms] pm_svc_init...[0m
[32m[I/jmiot] iot_svc_init...[0m
[32m[I/jmiot] GPRS is not registration (Rx)[0m
[32m[I/voice] voice_svc_init...[0m
[32m[I/ui] ui_app_init...[0m
[32m[I/gkey] gkey_init...[0m
[32m[I/radar] radar_svc_init...[0m
[32m[I/radar] radar_svc_init, aeb feature not enable ![0m
[32m[I/ota] ota_svc_init...[0m
[32m[I/motor] motor_svc_init...[0m
[32m[I/slog] slog_svc_init...[0m
RTC: set alarm - a
[31m[E/at.clnt] wait AT client(usart1) connect timeout(10000 tick).[0m
[32m[I/at.dev.ec200x] ec200x device initialize retry 4...[0m
[31m[E/at.clnt] wait AT client(usart1) connect timeout(10000 tick).[0m
[32m[I/at.dev.ec200x] ec200x device initialize retry 3...[0m
[09:45:37.243217] --->
[32m[I/power_on] power_off_system[0m
[32m[I/power_on] power_off_system[0m
   kΎƌ̎Ό̌̌Ό̌ 
[09:46:02.898236] --->
  \ | /
- RT -     Thread Operating System
/ | \     5.1.0 build Mar 20 2026 17:00:39
2006 - 2024 Copyright by RT-Thread team
rtc initialize success.
adc_vol, adc1 run success!
adc_vol, adc2 run success!
adc_vol, bms run success!
[32m[I/sal.skt] Socket Abstraction Layer initialize success.[0m
hwtimer, timer7 run success!
rtc clock source is set lsi!
RTC: set wkup 12000
watchdog, iwdg run success!
[32m[I/at.clnt] AT client(V1.3.1) on device usart1 initialize success.[0m
[32m[I/at.dev.ec200x] start init ec200x device.[0m
[33m[W/fs01] The version: V0452R336C01L0[0m
[32m[I/handle_bar] bar_value :2029[0m
Password for login:
[32m[I/pms] pm_svc_init...[0m
[32m[I/jmiot] iot_svc_init...[0m
[32m[I/jmiot] GPRS is not registration (Rx)[0m
[32m[I/voice] voice_svc_init...[0m
[32m[I/ui] ui_app_init...[0m
[32m[I/gkey] gkey_init...[0m
[32m[I/radar] radar_svc_init...[0m
[32m[I/radar] radar_svc_init, aeb feature not enable ![0m
[32m[I/ota] ota_svc_init...[0m
[32m[I/motor] motor_svc_init...[0m
[32m[I/slog] slog_svc_init...[0m
RTC: set alarm - a
[31m[E/at.clnt] wait AT client(usart1) connect timeout(10000 tick).[0m
[32m[I/at.dev.ec200x] ec200x device initialize retry 4...[0m
[31m[E/at.clnt] wait AT client(usart1) connect timeout(10000 tick).[0m
[32m[I/at.dev.ec200x] ec200x device initialize retry 3...[0m
[09:46:27.949879] --->
[32m[I/power_on] power_off_system[0m
[32m[I/power_on] power_off_system[0m
    Ύ 
[09:46:54.205997] --->
  \ | /
- RT -     Thread Operating System
/ | \     5.1.0 build Mar 20 2026 17:00:39
2006 - 2024 Copyright by RT-Thread team
rtc initialize success.
adc_vol, adc1 run success!
adc_vol, adc2 run success!
adc_vol, bms run success!
[32m[I/sal.skt] Socket Abstraction Layer initialize success.[0m
hwtimer, timer7 run success!
rtc clock source is set lsi!
RTC: set wkup 12000
watchdog, iwdg run success!
[32m[I/at.clnt] AT client(V1.3.1) on device usart1 initialize success.[0m
[32m[I/at.dev.ec200x] start init ec200x device.[0m
[33m[W/fs01] The version: V0452R336C01L0[0m
[32m[I/handle_bar] bar_value :2029[0m
Password for login:
[32m[I/pms] pm_svc_init...[0m
[32m[I/jmiot] iot_svc_init...[0m
[32m[I/jmiot] GPRS is not registration (Rx)[0m
[32m[I/voice] voice_svc_init...[0m
[32m[I/ui] ui_app_init...[0m
[32m[I/gkey] gkey_init...[0m
[32m[I/radar] radar_svc_init...[0m
[32m[I/radar] radar_svc_init, aeb feature not enable ![0m
[32m[I/ota] ota_svc_init...[0m
[32m[I/motor] motor_svc_init...[0m
[32m[I/slog] slog_svc_init...[0m
RTC: set alarm - a
[31m[E/at.clnt] wait AT client(usart1) connect timeout(10000 tick).[0m
[32m[I/at.dev.ec200x] ec200x device initialize retry 4...[0m
[31m[E/at.clnt] wait AT client(usart1) connect timeout(10000 tick).[0m
[32m[I/at.dev.ec200x] ec200x device initialize retry 3...[0m
[09:47:19.260334] --->
[32m[I/power_on] power_off_system[0m
   ΌΎ̎Ύ̜̌ 
[09:47:48.912305] --->
  \ | /
- RT -     Thread Operating System
/ | \     5.1.0 build Mar 20 2026 17:00:39
2006 - 2024 Copyright by RT-Thread team
rtc initialize success.
adc_vol, adc1 run success!
adc_vol, adc2 run success!
adc_vol, bms run success!
[32m[I/sal.skt] Socket Abstraction Layer initialize success.[0m
hwtimer, timer7 run success!
rtc clock source is set lsi!
RTC: set wkup 12000
watchdog, iwdg run success!
[32m[I/at.clnt] AT client(V1.3.1) on device usart1 initialize success.[0m
[32m[I/at.dev.ec200x] start init ec200x device.[0m
[33m[W/fs01] The version: V0452R336C01L0[0m
[32m[I/handle_bar] bar_value :2029[0m
Password for login:
[32m[I/pms] pm_svc_init...[0m
[32m[I/jmiot] iot_svc_init...[0m
[32m[I/jmiot] GPRS is not registration (Rx)[0m
[32m[I/voice] voice_svc_init...[0m
[32m[I/ui] ui_app_init...[0m
[32m[I/gkey] gkey_init...[0m
[32m[I/radar] radar_svc_init...[0m
[32m[I/radar] radar_svc_init, aeb feature not enable ![0m
[32m[I/ota] ota_svc_init...[0m
[32m[I/motor] motor_svc_init...[0m
[32m[I/slog] slog_svc_init...[0m
RTC: set alarm - a
[31m[E/at.clnt] wait AT client(usart1) connect timeout(10000 tick).[0m
[32m[I/at.dev.ec200x] ec200x device initialize retry 4...[0m
[31m[E/at.clnt] wait AT client(usart1) connect timeout(10000 tick).[0m
[32m[I/at.dev.ec200x] ec200x device initialize retry 3...[0m
[09:48:13.966249] --->
[32m[I/power_on] power_off_system[0m
      
[09:48:41.118558] --->
  \ | /
- RT -     Thread Operating System
/ | \     5.1.0 build Mar 20 2026 17:00:39
2006 - 2024 Copyright by RT-Thread team
rtc initialize success.
adc_vol, adc1 run success!
adc_vol, adc2 run success!
adc_vol, bms run success!
[32m[I/sal.skt] Socket Abstraction Layer initialize success.[0m
hwtimer, timer7 run success!
rtc clock source is set lsi!
RTC: set wkup 12000
watchdog, iwdg run success!
[32m[I/at.clnt] AT client(V1.3.1) on device usart1 initialize success.[0m
[32m[I/at.dev.ec200x] start init ec200x device.[0m
[33m[W/fs01] The version: V0452R336C01L0[0m
[32m[I/handle_bar] bar_value :2030[0m
Password for login:
[32m[I/pms] pm_svc_init...[0m
[32m[I/jmiot] iot_svc_init...[0m
[32m[I/jmiot] GPRS is not registration (Rx)[0m
[32m[I/voice] voice_svc_init...[0m
[32m[I/ui] ui_app_init...[0m
[32m[I/gkey] gkey_init...[0m
[32m[I/radar] radar_svc_init...[0m
[32m[I/radar] radar_svc_init, aeb feature not enable ![0m
[32m[I/ota] ota_svc_init...[0m
[32m[I/motor] motor_svc_init...[0m
[32m[I/slog] slog_svc_init...[0m
RTC: set alarm - a
[31m[E/at.clnt] wait AT client(usart1) connect timeout(10000 tick).[0m
[32m[I/at.dev.ec200x] ec200x device initialize retry 4...[0m
[31m[E/at.clnt] wait AT client(usart1) connect timeout(10000 tick).[0m
[32m[I/at.dev.ec200x] ec200x device initialize retry 3...[0m
[09:49:06.172538] --->
[32m[I/power_on] power_off_system[0m
[32m[I/power_on] power_off_system[0m
  猌D  
[09:49:31.325476] --->
  \ | /
- RT -     Thread Operating System
/ | \     5.1.0 build Mar 20 2026 17:00:39
2006 - 2024 Copyright by RT-Thread team
rtc initialize success.
adc_vol, adc1 run success!
adc_vol, adc2 run success!
adc_vol, bms run success!
[32m[I/sal.skt] Socket Abstraction Layer initialize success.[0m
hwtimer, timer7 run success!
rtc clock source is set lsi!
RTC: set wkup 12000
watchdog, iwdg run success!
[32m[I/at.clnt] AT client(V1.3.1) on device usart1 initialize success.[0m
[32m[I/at.dev.ec200x] start init ec200x device.[0m
[33m[W/fs01] The version: V0452R336C01L0[0m
[32m[I/handle_bar] bar_value :2029[0m
Password for login:
[32m[I/pms] pm_svc_init...[0m
[32m[I/jmiot] iot_svc_init...[0m
[32m[I/jmiot] GPRS is not registration (Rx)[0m
[32m[I/voice] voice_svc_init...[0m
[32m[I/ui] ui_app_init...[0m
[32m[I/gkey] gkey_init...[0m
[32m[I/radar] radar_svc_init...[0m
[32m[I/radar] radar_svc_init, aeb feature not enable ![0m
[32m[I/ota] ota_svc_init...[0m
[32m[I/motor] motor_svc_init...[0m
[32m[I/slog] slog_svc_init...[0m
RTC: set alarm - a
[31m[E/at.clnt] wait AT client(usart1) connect timeout(10000 tick).[0m
[32m[I/at.dev.ec200x] ec200x device initialize retry 4...[0m
[31m[E/at.clnt] wait AT client(usart1) connect timeout(10000 tick).[0m
[32m[I/at.dev.ec200x] ec200x device initialize retry 3...[0m
[09:49:56.378743] --->
[32m[I/power_on] power_off_system[0m
[32m[I/power_on] power_off_system[0m
      
[09:50:25.935862] --->
  \ | /
- RT -     Thread Operating System
/ | \     5.1.0 build Mar 20 2026 17:00:39
2006 - 2024 Copyright by RT-Thread team
rtc initialize success.
adc_vol, adc1 run success!
adc_vol, adc2 run success!
adc_vol, bms run success!
[32m[I/sal.skt] Socket Abstraction Layer initialize success.[0m
hwtimer, timer7 run success!
rtc clock source is set lsi!
RTC: set wkup 12000
watchdog, iwdg run success!
[32m[I/at.clnt] AT client(V1.3.1) on device usart1 initialize success.[0m
[32m[I/at.dev.ec200x] start init ec200x device.[0m
[33m[W/fs01] The version: V0452R336C01L0[0m
[32m[I/handle_bar] bar_value :2030[0m
Password for login:
[32m[I/pms] pm_svc_init...[0m
[32m[I/jmiot] iot_svc_init...[0m
[32m[I/jmiot] GPRS is not registration (Rx)[0m
[32m[I/voice] voice_svc_init...[0m
[32m[I/ui] ui_app_init...[0m
[32m[I/gkey] gkey_init...[0m
[32m[I/radar] radar_svc_init...[0m
[32m[I/radar] radar_svc_init, aeb feature not enable ![0m
[32m[I/ota] ota_svc_init...[0m
[32m[I/motor] motor_svc_init...[0m
[32m[I/slog] slog_svc_init...[0m
RTC: set alarm - a
[31m[E/at.clnt] wait AT client(usart1) connect timeout(10000 tick).[0m
[32m[I/at.dev.ec200x] ec200x device initialize retry 4...[0m
[31m[E/at.clnt] wait AT client(usart1) connect timeout(10000 tick).[0m
[32m[I/at.dev.ec200x] ec200x device initialize retry 3...[0m
[09:50:50.987702] --->
[32m[I/power_on] power_off_system[0m
[32m[I/power_on] power_off_system[0m
   ΌΎΎ 
[09:51:18.444078] --->
  \ | /
- RT -     Thread Operating System
/ | \     5.1.0 build Mar 20 2026 17:00:39
2006 - 2024 Copyright by RT-Thread team
rtc initialize success.
adc_vol, adc1 run success!
adc_vol, adc2 run success!
adc_vol, bms run success!
[32m[I/sal.skt] Socket Abstraction Layer initialize success.[0m
hwtimer, timer7 run success!
rtc clock source is set lsi!
RTC: set wkup 12000
watchdog, iwdg run success!
[32m[I/at.clnt] AT client(V1.3.1) on device usart1 initialize success.[0m
[32m[I/at.dev.ec200x] start init ec200x device.[0m
[33m[W/fs01] The version: V0452R336C01L0[0m
[32m[I/handle_bar] bar_value :2030[0m
Password for login:
[32m[I/pms] pm_svc_init...[0m
[32m[I/jmiot] iot_svc_init...[0m
[32m[I/jmiot] GPRS is not registration (Rx)[0m
[32m[I/voice] voice_svc_init...[0m
[32m[I/ui] ui_app_init...[0m
[32m[I/gkey] gkey_init...[0m
[32m[I/radar] radar_svc_init...[0m
[32m[I/radar] radar_svc_init, aeb feature not enable ![0m
[32m[I/ota] ota_svc_init...[0m
[32m[I/motor] motor_svc_init...[0m
[32m[I/slog] slog_svc_init...[0m
RTC: set alarm - a
[31m[E/at.clnt] wait AT client(usart1) connect timeout(10000 tick).[0m
[32m[I/at.dev.ec200x] ec200x device initialize retry 4...[0m
[31m[E/at.clnt] wait AT client(usart1) connect timeout(10000 tick).[0m
[32m[I/at.dev.ec200x] ec200x device initialize retry 3...[0m
[09:51:43.497087] --->
[32m[I/power_on] power_off_system[0m
   ΌΎ̎ΌΜ~  
[09:51:50.752619] --->
  \ | /
- RT -     Thread Operating System
/ | \     5.1.0 build Mar 20 2026 17:00:39
2006 - 2024 Copyright by RT-Thread team
rtc initialize success.
adc_vol, adc1 run success!
adc_vol, adc2 run success!
adc_vol, bms run success!
[32m[I/sal.skt] Socket Abstraction Layer initialize success.[0m
hwtimer, timer7 run success!
rtc clock source is set lsi!
RTC: set wkup 12000
watchdog, iwdg run success!
[32m[I/at.clnt] AT client(V1.3.1) on device usart1 initialize success.[0m
[32m[I/at.dev.ec200x] start init ec200x device.[0m
[33m[W/fs01] The version: V0452R336C01L0[0m
[32m[I/handle_bar] bar_value :2030[0m
Password for login:
[32m[I/pms] pm_svc_init...[0m
[32m[I/jmiot] iot_svc_init...[0m
[32m[I/jmiot] GPRS is not registration (Rx)[0m
[32m[I/voice] voice_svc_init...[0m
[32m[I/ui] ui_app_init...[0m
[32m[I/gkey] gkey_init...[0m
[32m[I/radar] radar_svc_init...[0m
[32m[I/radar] radar_svc_init, aeb feature not enable ![0m
[32m[I/ota] ota_svc_init...[0m
[32m[I/motor] motor_svc_init...[0m
[32m[I/slog] slog_svc_init...[0m
RTC: set alarm - a
[32m[I/voice] voice_msg num: 9[0m
[09:52:15.758895] --->
[31m[E/at.clnt] wait AT client(usart1) connect timeout(10000 tick).[0m
[32m[I/at.dev.ec200x] ec200x device initialize retry 4...[0m
[31m[E/at.clnt] wait AT client(usart1) connect timeout(10000 tick).[0m
[32m[I/at.dev.ec200x] ec200x device initialize retry 3...[0m
[09:52:40.812185] --->
[32m[I/power_on] power_off_system[0m
   ΎΌΎΌΌ̌Ύ̞  
[09:53:09.366973] --->
  \ | /
- RT -     Thread Operating System
/ | \     5.1.0 build Mar 20 2026 17:00:39
2006 - 2024 Copyright by RT-Thread team
rtc initialize success.
adc_vol, adc1 run success!
adc_vol, adc2 run success!
adc_vol, bms run success!
[32m[I/sal.skt] Socket Abstraction Layer initialize success.[0m
hwtimer, timer7 run success!
rtc clock source is set lsi!
RTC: set wkup 12000
watchdog, iwdg run success!
[32m[I/at.clnt] AT client(V1.3.1) on device usart1 initialize success.[0m
[32m[I/at.dev.ec200x] start init ec200x device.[0m
[33m[W/fs01] The version: V0452R336C01L0[0m
[32m[I/handle_bar] bar_value :2029[0m
Password for login:
[32m[I/pms] pm_svc_init...[0m
[32m[I/jmiot] iot_svc_init...[0m
[32m[I/jmiot] GPRS is not registration (Rx)[0m
[32m[I/voice] voice_svc_init...[0m
[32m[I/ui] ui_app_init...[0m
[32m[I/gkey] gkey_init...[0m
[32m[I/radar] radar_svc_init...[0m
[32m[I/radar] radar_svc_init, aeb feature not enable ![0m
[32m[I/ota] ota_svc_init...[0m
[32m[I/motor] motor_svc_init...[0m
[32m[I/slog] slog_svc_init...[0m
RTC: set alarm - a
[31m[E/at.clnt] wait AT client(usart1) connect timeout(10000 tick).[0m
[32m[I/at.dev.ec200x] ec200x device initialize retry 4...[0m
[31m[E/at.clnt] wait AT client(usart1) connect timeout(10000 tick).[0m
[32m[I/at.dev.ec200x] ec200x device initialize retry 3...[0m
[09:53:34.419310] --->
[32m[I/power_on] power_off_system[0m
[32m[I/power_on] power_off_system[0m
   Ό̜̌Ό  
[09:54:02.471486] --->
  \ | /
- RT -     Thread Operating System
/ | \     5.1.0 build Mar 20 2026 17:00:39
2006 - 2024 Copyright by RT-Thread team
rtc initialize success.
adc_vol, adc1 run success!
adc_vol, adc2 run success!
adc_vol, bms run success!
[32m[I/sal.skt] Socket Abstraction Layer initialize success.[0m
hwtimer, timer7 run success!
rtc clock source is set lsi!
RTC: set wkup 12000
watchdog, iwdg run success!
[32m[I/at.clnt] AT client(V1.3.1) on device usart1 initialize success.[0m
[32m[I/at.dev.ec200x] start init ec200x device.[0m
[33m[W/fs01] The version: V0452R336C01L0[0m
[32m[I/handle_bar] bar_value :2029[0m
Password for login:
[32m[I/pms] pm_svc_init...[0m
[32m[I/jmiot] iot_svc_init...[0m
[32m[I/jmiot] GPRS is not registration (Rx)[0m
[32m[I/voice] voice_svc_init...[0m
[32m[I/ui] ui_app_init...[0m
[32m[I/gkey] gkey_init...[0m
[32m[I/radar] radar_svc_init...[0m
[32m[I/radar] radar_svc_init, aeb feature not enable ![0m
[32m[I/ota] ota_svc_init...[0m
[32m[I/motor] motor_svc_init...[0m
[32m[I/slog] slog_svc_init...[0m
RTC: set alarm - a
[31m[E/at.clnt] wait AT client(usart1) connect timeout(10000 tick).[0m
[32m[I/at.dev.ec200x] ec200x device initialize retry 4...[0m
[31m[E/at.clnt] wait AT client(usart1) connect timeout(10000 tick).[0m
[32m[I/at.dev.ec200x] ec200x device initialize retry 3...[0m
[09:54:27.523330] --->
[32m[I/power_on] power_off_system[0m
   Ύ Μ 
[09:54:54.477122] --->
  \ | /
- RT -     Thread Operating System
/ | \     5.1.0 build Mar 20 2026 17:00:39
2006 - 2024 Copyright by RT-Thread team
rtc initialize success.
adc_vol, adc1 run success!
adc_vol, adc2 run success!
adc_vol, bms run success!
[32m[I/sal.skt] Socket Abstraction Layer initialize success.[0m
hwtimer, timer7 run success!
rtc clock source is set lsi!
RTC: set wkup 12000
watchdog, iwdg run success!
[32m[I/at.clnt] AT client(V1.3.1) on device usart1 initialize success.[0m
[32m[I/at.dev.ec200x] start init ec200x device.[0m
[33m[W/fs01] The version: V0452R336C01L0[0m
[32m[I/handle_bar] bar_value :2029[0m
Password for login:
[32m[I/pms] pm_svc_init...[0m
[32m[I/jmiot] iot_svc_init...[0m
[32m[I/jmiot] GPRS is not registration (Rx)[0m
[32m[I/voice] voice_svc_init...[0m
[32m[I/ui] ui_app_init...[0m
[32m[I/gkey] gkey_init...[0m
[32m[I/radar] radar_svc_init...[0m
[32m[I/radar] radar_svc_init, aeb feature not enable ![0m
[32m[I/ota] ota_svc_init...[0m
[32m[I/motor] motor_svc_init...[0m
[32m[I/slog] slog_svc_init...[0m
RTC: set alarm - a
[31m[E/at.clnt] wait AT client(usart1) connect timeout(10000 tick).[0m
[32m[I/at.dev.ec200x] ec200x device initialize retry 4...[0m
[31m[E/at.clnt] wait AT client(usart1) connect timeout(10000 tick).[0m
[32m[I/at.dev.ec200x] ec200x device initialize retry 3...[0m
[09:55:19.532358] --->
[32m[I/power_on] power_off_system[0m
[32m[I/power_on] power_off_system[0m
     
[09:55:49.490842] --->
  \ | /
- RT -     Thread Operating System
/ | \     5.1.0 build Mar 20 2026 17:00:39
2006 - 2024 Copyright by RT-Thread team
rtc initialize success.
adc_vol, adc1 run success!
adc_vol, adc2 run success!
adc_vol, bms run success!
[32m[I/sal.skt] Socket Abstraction Layer initialize success.[0m
hwtimer, timer7 run success!
rtc clock source is set lsi!
RTC: set wkup 12000
watchdog, iwdg run success!
[32m[I/at.clnt] AT client(V1.3.1) on device usart1 initialize success.[0m
[32m[I/at.dev.ec200x] start init ec200x device.[0m
[33m[W/fs01] The version: V0452R336C01L0[0m
[32m[I/handle_bar] bar_value :2029[0m
Password for login:
[32m[I/pms] pm_svc_init...[0m
[32m[I/jmiot] iot_svc_init...[0m
[32m[I/jmiot] GPRS is not registration (Rx)[0m
[32m[I/voice] voice_svc_init...[0m
[32m[I/ui] ui_app_init...[0m
[32m[I/gkey] gkey_init...[0m
[32m[I/radar] radar_svc_init...[0m
[32m[I/radar] radar_svc_init, aeb feature not enable ![0m
[32m[I/ota] ota_svc_init...[0m
[32m[I/motor] motor_svc_init...[0m
[32m[I/slog] slog_svc_init...[0m
RTC: set alarm - a
[31m[E/at.clnt] wait AT client(usart1) connect timeout(10000 tick).[0m
[32m[I/at.dev.ec200x] ec200x device initialize retry 4...[0m
[31m[E/at.clnt] wait AT client(usart1) connect timeout(10000 tick).[0m
[32m[I/at.dev.ec200x] ec200x device initialize retry 3...[0m
[09:56:14.543526] --->
[32m[I/power_on] power_off_system[0m
[32m[I/power_on] power_off_system[0m
   o  
[09:56:43.500153] --->
  \ | /
- RT -     Thread Operating System
/ | \     5.1.0 build Mar 20 2026 17:00:39
2006 - 2024 Copyright by RT-Thread team
rtc initialize success.
adc_vol, adc1 run success!
adc_vol, adc2 run success!
adc_vol, bms run success!
[32m[I/sal.skt] Socket Abstraction Layer initialize success.[0m
hwtimer, timer7 run success!
rtc clock source is set lsi!
RTC: set wkup 12000
watchdog, iwdg run success!
[32m[I/at.clnt] AT client(V1.3.1) on device usart1 initialize success.[0m
[32m[I/at.dev.ec200x] start init ec200x device.[0m
[33m[W/fs01] The version: V0452R336C01L0[0m
[32m[I/handle_bar] bar_value :2029[0m
Password for login:
[32m[I/pms] pm_svc_init...[0m
[32m[I/jmiot] iot_svc_init...[0m
[32m[I/jmiot] GPRS is not registration (Rx)[0m
[32m[I/voice] voice_svc_init...[0m
[32m[I/ui] ui_app_init...[0m
[32m[I/gkey] gkey_init...[0m
[32m[I/radar] radar_svc_init...[0m
[32m[I/radar] radar_svc_init, aeb feature not enable ![0m
[32m[I/ota] ota_svc_init...[0m
[32m[I/motor] motor_svc_init...[0m
[32m[I/slog] slog_svc_init...[0m
RTC: set alarm - a
[31m[E/at.clnt] wait AT client(usart1) connect timeout(10000 tick).[0m
[32m[I/at.dev.ec200x] ec200x device initialize retry 4...[0m
[31m[E/at.clnt] wait AT client(usart1) connect timeout(10000 tick).[0m
[32m[I/at.dev.ec200x] ec200x device initialize retry 3...[0m
[09:57:08.552999] --->
[32m[I/power_on] power_off_system[0m
[32m[I/power_on] power_off_system[0m
   sΞπ  
[09:57:35.209915] --->
  \ | /
- RT -     Thread Operating System
/ | \     5.1.0 build Mar 20 2026 17:00:39
2006 - 2024 Copyright by RT-Thread team
rtc initialize success.
adc_vol, adc1 run success!
adc_vol, adc2 run success!
adc_vol, bms run success!
[32m[I/sal.skt] Socket Abstraction Layer initialize success.[0m
hwtimer, timer7 run success!
rtc clock source is set lsi!
RTC: set wkup 12000
watchdog, iwdg run success!
[32m[I/at.clnt] AT client(V1.3.1) on device usart1 initialize success.[0m
[32m[I/at.dev.ec200x] start init ec200x device.[0m
[33m[W/fs01] The version: V0452R336C01L0[0m
[32m[I/handle_bar] bar_value :2029[0m
Password for login:
[32m[I/pms] pm_svc_init...[0m
[32m[I/jmiot] iot_svc_init...[0m
[32m[I/jmiot] GPRS is not registration (Rx)[0m
[32m[I/voice] voice_svc_init...[0m
[32m[I/ui] ui_app_init...[0m
[32m[I/gkey] gkey_init...[0m
[32m[I/radar] radar_svc_init...[0m
[32m[I/radar] radar_svc_init, aeb feature not enable ![0m
[32m[I/ota] ota_svc_init...[0m
[32m[I/motor] motor_svc_init...[0m
[32m[I/slog] slog_svc_init...[0m
RTC: set alarm - a
[31m[E/at.clnt] wait AT client(usart1) connect timeout(10000 tick).[0m
[32m[I/at.dev.ec200x] ec200x device initialize retry 4...[0m
[31m[E/at.clnt] wait AT client(usart1) connect timeout(10000 tick).[0m
[32m[I/at.dev.ec200x] ec200x device initialize retry 3...[0m
[09:58:00.263140] --->
[32m[I/power_on] power_off_system[0m
     
[09:58:27.318622] --->
  \ | /
- RT -     Thread Operating System
/ | \     5.1.0 build Mar 20 2026 17:00:39
2006 - 2024 Copyright by RT-Thread team
rtc initialize success.
adc_vol, adc1 run success!
adc_vol, adc2 run success!
adc_vol, bms run success!
[32m[I/sal.skt] Socket Abstraction Layer initialize success.[0m
hwtimer, timer7 run success!
rtc clock source is set lsi!
RTC: set wkup 12000
watchdog, iwdg run success!
[32m[I/at.clnt] AT client(V1.3.1) on device usart1 initialize success.[0m
[32m[I/at.dev.ec200x] start init ec200x device.[0m
[33m[W/fs01] The version: V0452R336C01L0[0m
[32m[I/handle_bar] bar_value :2029[0m
Password for login:
[32m[I/pms] pm_svc_init...[0m
[32m[I/jmiot] iot_svc_init...[0m
[32m[I/jmiot] GPRS is not registration (Rx)[0m
[32m[I/voice] voice_svc_init...[0m
[32m[I/ui] ui_app_init...[0m
[32m[I/gkey] gkey_init...[0m
[32m[I/radar] radar_svc_init...[0m
[32m[I/radar] radar_svc_init, aeb feature not enable ![0m
[32m[I/ota] ota_svc_init...[0m
[32m[I/motor] motor_svc_init...[0m
[32m[I/slog] slog_svc_init...[0m
RTC: set alarm - a
[31m[E/at.clnt] wait AT client(usart1) connect timeout(10000 tick).[0m
[32m[I/at.dev.ec200x] ec200x device initialize retry 4...[0m
[31m[E/at.clnt] wait AT client(usart1) connect timeout(10000 tick).[0m
[32m[I/at.dev.ec200x] ec200x device initialize retry 3...[0m
[09:58:52.372843] --->
[32m[I/power_on] power_off_system[0m
   wΎΜΜgΜ̎n 
[09:59:19.629378] --->
  \ | /
- RT -     Thread Operating System
/ | \     5.1.0 build Mar 20 2026 17:00:39
2006 - 2024 Copyright by RT-Thread team
rtc initialize success.
adc_vol, adc1 run success!
adc_vol, adc2 run success!
adc_vol, bms run success!
[32m[I/sal.skt] Socket Abstraction Layer initialize success.[0m
hwtimer, timer7 run success!
rtc clock source is set lsi!
RTC: set wkup 12000
watchdog, iwdg run success!
[32m[I/at.clnt] AT client(V1.3.1) on device usart1 initialize success.[0m
[32m[I/at.dev.ec200x] start init ec200x device.[0m
[33m[W/fs01] The version: V0452R336C01L0[0m
[32m[I/handle_bar] bar_value :2030[0m
Password for login:
[32m[I/pms] pm_svc_init...[0m
[32m[I/jmiot] iot_svc_init...[0m
[32m[I/jmiot] GPRS is not registration (Rx)[0m
[32m[I/voice] voice_svc_init...[0m
[32m[I/ui] ui_app_init...[0m
[32m[I/gkey] gkey_init...[0m
[32m[I/radar] radar_svc_init...[0m
[32m[I/radar] radar_svc_init, aeb feature not enable ![0m
[32m[I/ota] ota_svc_init...[0m
[32m[I/motor] motor_svc_init...[0m
[32m[I/slog] slog_svc_init...[0m
RTC: set alarm - a
[31m[E/at.clnt] wait AT client(usart1) connect timeout(10000 tick).[0m
[32m[I/at.dev.ec200x] ec200x device initialize retry 4...[0m
[31m[E/at.clnt] wait AT client(usart1) connect timeout(10000 tick).[0m
[32m[I/at.dev.ec200x] ec200x device initialize retry 3...[0m
[09:59:44.685047] --->
[32m[I/power_on] power_off_system[0m
   ΌΎΎΜ̜̌Μ  
[10:00:13.040900] --->
  \ | /
- RT -     Thread Operating System
/ | \     5.1.0 build Mar 20 2026 17:00:39
2006 - 2024 Copyright by RT-Thread team
rtc initialize success.
adc_vol, adc1 run success!
adc_vol, adc2 run success!
adc_vol, bms run success!
[32m[I/sal.skt] Socket Abstraction Layer initialize success.[0m
hwtimer, timer7 run success!
rtc clock source is set lsi!
RTC: set wkup 12000
watchdog, iwdg run success!
[32m[I/at.clnt] AT client(V1.3.1) on device usart1 initialize success.[0m
[32m[I/at.dev.ec200x] start init ec200x device.[0m
[33m[W/fs01] The version: V0452R336C01L0[0m
[32m[I/handle_bar] bar_value :2029[0m
Password for login:
[32m[I/pms] pm_svc_init...[0m
[32m[I/jmiot] iot_svc_init...[0m
[32m[I/jmiot] GPRS is not registration (Rx)[0m
[32m[I/voice] voice_svc_init...[0m
[32m[I/ui] ui_app_init...[0m
[32m[I/gkey] gkey_init...[0m
[32m[I/radar] radar_svc_init...[0m
[32m[I/radar] radar_svc_init, aeb feature not enable ![0m
[32m[I/ota] ota_svc_init...[0m
[32m[I/motor] motor_svc_init...[0m
[32m[I/slog] slog_svc_init...[0m
RTC: set alarm - a
[31m[E/at.clnt] wait AT client(usart1) connect timeout(10000 tick).[0m
[32m[I/at.dev.ec200x] ec200x device initialize retry 4...[0m
[31m[E/at.clnt] wait AT client(usart1) connect timeout(10000 tick).[0m
[32m[I/at.dev.ec200x] ec200x device initialize retry 3...[0m
[10:00:38.096091] --->
[32m[I/power_on] power_off_system[0m
[32m[I/power_on] power_off_system[0m
   ΌߌΎΜΌϜw 
[10:01:03.350539] --->
  \ | /
- RT -     Thread Operating System
/ | \     5.1.0 build Mar 20 2026 17:00:39
2006 - 2024 Copyright by RT-Thread team
rtc initialize success.
adc_vol, adc1 run success!
adc_vol, adc2 run success!
adc_vol, bms run success!
[32m[I/sal.skt] Socket Abstraction Layer initialize success.[0m
hwtimer, timer7 run success!
rtc clock source is set lsi!
RTC: set wkup 12000
watchdog, iwdg run success!
[32m[I/at.clnt] AT client(V1.3.1) on device usart1 initialize success.[0m
[32m[I/at.dev.ec200x] start init ec200x device.[0m
[33m[W/fs01] The version: V0452R336C01L0[0m
[32m[I/handle_bar] bar_value :2030[0m
Password for login:
[32m[I/pms] pm_svc_init...[0m
[32m[I/jmiot] iot_svc_init...[0m
[32m[I/jmiot] GPRS is not registration (Rx)[0m
[32m[I/voice] voice_svc_init...[0m
[32m[I/ui] ui_app_init...[0m
[32m[I/gkey] gkey_init...[0m
[32m[I/radar] radar_svc_init...[0m
[32m[I/radar] radar_svc_init, aeb feature not enable ![0m
[32m[I/ota] ota_svc_init...[0m
[32m[I/motor] motor_svc_init...[0m
[32m[I/slog] slog_svc_init...[0m
RTC: set alarm - a
[31m[E/at.clnt] wait AT client(usart1) connect timeout(10000 tick).[0m
[32m[I/at.dev.ec200x] ec200x device initialize retry 4...[0m
[31m[E/at.clnt] wait AT client(usart1) connect timeout(10000 tick).[0m
[32m[I/at.dev.ec200x] ec200x device initialize retry 3...[0m
[10:01:28.406284] --->
[32m[I/power_on] power_off_system[0m
   O  
[10:01:56.963783] --->
  \ | /
- RT -     Thread Operating System
/ | \     5.1.0 build Mar 20 2026 17:00:39
2006 - 2024 Copyright by RT-Thread team
rtc initialize success.
adc_vol, adc1 run success!
adc_vol, adc2 run success!
adc_vol, bms run success!
[32m[I/sal.skt] Socket Abstraction Layer initialize success.[0m
hwtimer, timer7 run success!
rtc clock source is set lsi!
RTC: set wkup 12000
watchdog, iwdg run success!
[32m[I/at.clnt] AT client(V1.3.1) on device usart1 initialize success.[0m
[32m[I/at.dev.ec200x] start init ec200x device.[0m
[33m[W/fs01] The version: V0452R336C01L0[0m
[32m[I/handle_bar] bar_value :2030[0m
Password for login:
[32m[I/pms] pm_svc_init...[0m
[32m[I/jmiot] iot_svc_init...[0m
[32m[I/jmiot] GPRS is not registration (Rx)[0m
[32m[I/voice] voice_svc_init...[0m
[32m[I/ui] ui_app_init...[0m
[32m[I/gkey] gkey_init...[0m
[32m[I/radar] radar_svc_init...[0m
[32m[I/radar] radar_svc_init, aeb feature not enable ![0m
[32m[I/ota] ota_svc_init...[0m
[32m[I/motor] motor_svc_init...[0m
[32m[I/slog] slog_svc_init...[0m
RTC: set alarm - a
[31m[E/at.clnt] wait AT client(usart1) connect timeout(10000 tick).[0m
[32m[I/at.dev.ec200x] ec200x device initialize retry 4...[0m
[31m[E/at.clnt] wait AT client(usart1) connect timeout(10000 tick).[0m
[32m[I/at.dev.ec200x] ec200x device initialize retry 3...[0m
[10:02:22.020244] --->
[32m[I/power_on] power_off_system[0m
[32m[I/power_on] power_off_system[0m
   ̌ΌΎΌΎΎwΌΎĎΌΜ̌Ό  
[10:02:29.279475] --->
  \ | /
- RT -     Thread Operating System
/ | \     5.1.0 build Mar 20 2026 17:00:39
2006 - 2024 Copyright by RT-Thread team
rtc initialize success.
adc_vol, adc1 run success!
adc_vol, adc2 run success!
adc_vol, bms run success!
[32m[I/sal.skt] Socket Abstraction Layer initialize success.[0m
hwtimer, timer7 run success!
rtc clock source is set lsi!
RTC: set wkup 12000
watchdog, iwdg run success!
[32m[I/at.clnt] AT client(V1.3.1) on device usart1 initialize success.[0m
[32m[I/at.dev.ec200x] start init ec200x device.[0m
[33m[W/fs01] The version: V0452R336C01L0[0m
[32m[I/handle_bar] bar_value :2030[0m
Password for login:
[32m[I/pms] pm_svc_init...[0m
[32m[I/jmiot] iot_svc_init...[0m
[32m[I/jmiot] GPRS is not registration (Rx)[0m
[32m[I/voice] voice_svc_init...[0m
[32m[I/ui] ui_app_init...[0m
[32m[I/gkey] gkey_init...[0m
[32m[I/radar] radar_svc_init...[0m
[32m[I/radar] radar_svc_init, aeb feature not enable ![0m
[32m[I/ota] ota_svc_init...[0m
[32m[I/motor] motor_svc_init...[0m
[32m[I/slog] slog_svc_init...[0m
RTC: set alarm - a
[32m[I/voice] voice_msg num: 9[0m
[10:02:54.283180] --->
[31m[E/at.clnt] wait AT client(usart1) connect timeout(10000 tick).[0m
[32m[I/at.dev.ec200x] ec200x device initialize retry 4...[0m
[31m[E/at.clnt] wait AT client(usart1) connect timeout(10000 tick).[0m
[32m[I/at.dev.ec200x] ec200x device initialize retry 3...[0m
[10:03:19.339010] --->
[32m[I/power_on] power_off_system[0m
     
[10:03:49.291276] --->
  \ | /
- RT -     Thread Operating System
/ | \     5.1.0 build Mar 20 2026 17:00:39
2006 - 2024 Copyright by RT-Thread team
rtc initialize success.
adc_vol, adc1 run success!
adc_vol, adc2 run success!
adc_vol, bms run success!
[32m[I/sal.skt] Socket Abstraction Layer initialize success.[0m
hwtimer, timer7 run success!
rtc clock source is set lsi!
RTC: set wkup 12000
watchdog, iwdg run success!
[32m[I/at.clnt] AT client(V1.3.1) on device usart1 initialize success.[0m
[32m[I/at.dev.ec200x] start init ec200x device.[0m
[33m[W/fs01] The version: V0452R336C01L0[0m
[32m[I/handle_bar] bar_value :2030[0m
Password for login:
[32m[I/pms] pm_svc_init...[0m
[32m[I/jmiot] iot_svc_init...[0m
[32m[I/jmiot] GPRS is not registration (Rx)[0m
[32m[I/voice] voice_svc_init...[0m
[32m[I/ui] ui_app_init...[0m
[32m[I/gkey] gkey_init...[0m
[32m[I/radar] radar_svc_init...[0m
[32m[I/radar] radar_svc_init, aeb feature not enable ![0m
[32m[I/ota] ota_svc_init...[0m
[32m[I/motor] motor_svc_init...[0m
[32m[I/slog] slog_svc_init...[0m
RTC: set alarm - a
[31m[E/at.clnt] wait AT client(usart1) connect timeout(10000 tick).[0m
[32m[I/at.dev.ec200x] ec200x device initialize retry 4...[0m
[31m[E/at.clnt] wait AT client(usart1) connect timeout(10000 tick).[0m
[32m[I/at.dev.ec200x] ec200x device initialize retry 3...[0m
[10:04:14.347659] --->
[32m[I/power_on] power_off_system[0m
[32m[I/power_on] power_off_system[0m
     
[10:04:39.802246] --->
  \ | /
- RT -     Thread Operating System
/ | \     5.1.0 build Mar 20 2026 17:00:39
2006 - 2024 Copyright by RT-Thread team
rtc initialize success.
adc_vol, adc1 run success!
adc_vol, adc2 run success!
adc_vol, bms run success!
[32m[I/sal.skt] Socket Abstraction Layer initialize success.[0m
hwtimer, timer7 run success!
rtc clock source is set lsi!
RTC: set wkup 12000
watchdog, iwdg run success!
[32m[I/at.clnt] AT client(V1.3.1) on device usart1 initialize success.[0m
[32m[I/at.dev.ec200x] start init ec200x device.[0m
[33m[W/fs01] The version: V0452R336C01L0[0m
[32m[I/handle_bar] bar_value :2030[0m
Password for login:
[32m[I/pms] pm_svc_init...[0m
[32m[I/jmiot] iot_svc_init...[0m
[32m[I/jmiot] GPRS is not registration (Rx)[0m
[32m[I/voice] voice_svc_init...[0m
[32m[I/ui] ui_app_init...[0m
[32m[I/gkey] gkey_init...[0m
[32m[I/radar] radar_svc_init...[0m
[32m[I/radar] radar_svc_init, aeb feature not enable ![0m
[32m[I/ota] ota_svc_init...[0m
[32m[I/motor] motor_svc_init...[0m
[32m[I/slog] slog_svc_init...[0m
RTC: set alarm - a
[31m[E/at.clnt] wait AT client(usart1) connect timeout(10000 tick).[0m
[32m[I/at.dev.ec200x] ec200x device initialize retry 4...[0m
[31m[E/at.clnt] wait AT client(usart1) connect timeout(10000 tick).[0m
[32m[I/at.dev.ec200x] ec200x device initialize retry 3...[0m
[10:05:04.854905] --->
[32m[I/power_on] power_off_system[0m
   ̌ΎΌΎΌžΌΌ 
[10:05:30.408521] --->
  \ | /
- RT -     Thread Operating System
/ | \     5.1.0 build Mar 20 2026 17:00:39
2006 - 2024 Copyright by RT-Thread team
rtc initialize success.
adc_vol, adc1 run success!
adc_vol, adc2 run success!
adc_vol, bms run success!
[32m[I/sal.skt] Socket Abstraction Layer initialize success.[0m
hwtimer, timer7 run success!
rtc clock source is set lsi!
RTC: set wkup 12000
watchdog, iwdg run success!
[32m[I/at.clnt] AT client(V1.3.1) on device usart1 initialize success.[0m
[32m[I/at.dev.ec200x] start init ec200x device.[0m
[33m[W/fs01] The version: V0452R336C01L0[0m
[32m[I/handle_bar] bar_value :2029[0m
Password for login:
[32m[I/pms] pm_svc_init...[0m
[32m[I/jmiot] iot_svc_init...[0m
[32m[I/jmiot] GPRS is not registration (Rx)[0m
[32m[I/voice] voice_svc_init...[0m
[32m[I/ui] ui_app_init...[0m
[32m[I/gkey] gkey_init...[0m
[32m[I/radar] radar_svc_init...[0m
[32m[I/radar] radar_svc_init, aeb feature not enable ![0m
[32m[I/ota] ota_svc_init...[0m
[32m[I/motor] motor_svc_init...[0m
[32m[I/slog] slog_svc_init...[0m
RTC: set alarm - a
[31m[E/at.clnt] wait AT client(usart1) connect timeout(10000 tick).[0m
[32m[I/at.dev.ec200x] ec200x device initialize retry 4...[0m
[31m[E/at.clnt] wait AT client(usart1) connect timeout(10000 tick).[0m
[32m[I/at.dev.ec200x] ec200x device initialize retry 3...[0m
[10:05:55.462849] --->
[32m[I/power_on] power_off_system[0m
[32m[I/power_on] power_off_system[0m
   ̜ΌΎΎΌ̎̎ΎΞΌƌ  
[10:06:22.015001] --->
  \ | /
- RT -     Thread Operating System
/ | \     5.1.0 build Mar 20 2026 17:00:39
2006 - 2024 Copyright by RT-Thread team
rtc initialize success.
adc_vol, adc1 run success!
adc_vol, adc2 run success!
adc_vol, bms run success!
[32m[I/sal.skt] Socket Abstraction Layer initialize success.[0m
hwtimer, timer7 run success!
rtc clock source is set lsi!
RTC: set wkup 12000
watchdog, iwdg run success!
[32m[I/at.clnt] AT client(V1.3.1) on device usart1 initialize success.[0m
[32m[I/at.dev.ec200x] start init ec200x device.[0m
[33m[W/fs01] The version: V0452R336C01L0[0m
[32m[I/handle_bar] bar_value :2030[0m
Password for login:
[32m[I/pms] pm_svc_init...[0m
[32m[I/jmiot] iot_svc_init...[0m
[32m[I/jmiot] GPRS is not registration (Rx)[0m
[32m[I/voice] voice_svc_init...[0m
[32m[I/ui] ui_app_init...[0m
[32m[I/gkey] gkey_init...[0m
[32m[I/radar] radar_svc_init...[0m
[32m[I/radar] radar_svc_init, aeb feature not enable ![0m
[32m[I/ota] ota_svc_init...[0m
[32m[I/motor] motor_svc_init...[0m
[32m[I/slog] slog_svc_init...[0m
RTC: set alarm - a
[31m[E/at.clnt] wait AT client(usart1) connect timeout(10000 tick).[0m
[32m[I/at.dev.ec200x] ec200x device initialize retry 4...[0m
[31m[E/at.clnt] wait AT client(usart1) connect timeout(10000 tick).[0m
[32m[I/at.dev.ec200x] ec200x device initialize retry 3...[0m
[10:06:47.071324] --->
[32m[I/power_on] power_off_system[0m
[32m[I/power_on] power_off_system[0m
   ̌ΌΎΎΎΌΌΌΎ̎Ύ̎
[10:07:16.025759] --->
  \ | /
- RT -     Thread Operating System
/ | \     5.1.0 build Mar 20 2026 17:00:39
2006 - 2024 Copyright by RT-Thread team
rtc initialize success.
adc_vol, adc1 run success!
adc_vol, adc2 run success!
adc_vol, bms run success!
[32m[I/sal.skt] Socket Abstraction Layer initialize success.[0m
hwtimer, timer7 run success!
rtc clock source is set lsi!
RTC: set wkup 12000
watchdog, iwdg run success!
[32m[I/at.clnt] AT client(V1.3.1) on device usart1 initialize success.[0m
[32m[I/at.dev.ec200x] start init ec200x device.[0m
[33m[W/fs01] The version: V0452R336C01L0[0m
[32m[I/handle_bar] bar_value :2030[0m
Password for login:
[32m[I/pms] pm_svc_init...[0m
[32m[I/jmiot] iot_svc_init...[0m
[32m[I/jmiot] GPRS is not registration (Rx)[0m
[32m[I/voice] voice_svc_init...[0m
[32m[I/ui] ui_app_init...[0m
[32m[I/gkey] gkey_init...[0m
[32m[I/radar] radar_svc_init...[0m
[32m[I/radar] radar_svc_init, aeb feature not enable ![0m
[32m[I/ota] ota_svc_init...[0m
[32m[I/motor] motor_svc_init...[0m
[32m[I/slog] slog_svc_init...[0m
RTC: set alarm - a
[31m[E/at.clnt] wait AT client(usart1) connect timeout(10000 tick).[0m
[32m[I/at.dev.ec200x] ec200x device initialize retry 4...[0m
[31m[E/at.clnt] wait AT client(usart1) connect timeout(10000 tick).[0m
[32m[I/at.dev.ec200x] ec200x device initialize retry 3...[0m
[10:07:41.081844] --->
[32m[I/power_on] power_off_system[0m
[32m[I/power_on] power_off_system[0m
   ϾwΌΎΎƎΎΌΎΎ̌Ύ̜Ύ  
[10:08:06.239868] --->
  \ | /
- RT -     Thread Operating System
/ | \     5.1.0 build Mar 20 2026 17:00:39
2006 - 2024 Copyright by RT-Thread team
rtc initialize success.
adc_vol, adc1 run success!
adc_vol, adc2 run success!
adc_vol, bms run success!
[32m[I/sal.skt] Socket Abstraction Layer initialize success.[0m
hwtimer, timer7 run success!
rtc clock source is set lsi!
RTC: set wkup 12000
watchdog, iwdg run success!
[32m[I/at.clnt] AT client(V1.3.1) on device usart1 initialize success.[0m
[32m[I/at.dev.ec200x] start init ec200x device.[0m
[33m[W/fs01] The version: V0452R336C01L0[0m
[32m[I/handle_bar] bar_value :2029[0m
Password for login:
[32m[I/pms] pm_svc_init...[0m
[32m[I/jmiot] iot_svc_init...[0m
[32m[I/jmiot] GPRS is not registration (Rx)[0m
[32m[I/voice] voice_svc_init...[0m
[32m[I/ui] ui_app_init...[0m
[32m[I/gkey] gkey_init...[0m
[32m[I/radar] radar_svc_init...[0m
[32m[I/radar] radar_svc_init, aeb feature not enable ![0m
[32m[I/ota] ota_svc_init...[0m
[32m[I/motor] motor_svc_init...[0m
[32m[I/slog] slog_svc_init...[0m
RTC: set alarm - a
[31m[E/at.clnt] wait AT client(usart1) connect timeout(10000 tick).[0m
[32m[I/at.dev.ec200x] ec200x device initialize retry 4...[0m
[31m[E/at.clnt] wait AT client(usart1) connect timeout(10000 tick).[0m
[32m[I/at.dev.ec200x] ec200x device initialize retry 3...[0m
[10:08:31.293412] --->
[32m[I/power_on] power_off_system[0m
[32m[I/power_on] power_off_system[0m
   ǩΌΌΎΌ̎Ύƌ  B 
[10:08:57.748353] --->
  \ | /
- RT -     Thread Operating System
/ | \     5.1.0 build Mar 20 2026 17:00:39
2006 - 2024 Copyright by RT-Thread team
rtc initialize success.
adc_vol, adc1 run success!
adc_vol, adc2 run success!
adc_vol, bms run success!
[32m[I/sal.skt] Socket Abstraction Layer initialize success.[0m
hwtimer, timer7 run success!
rtc clock source is set lsi!
RTC: set wkup 12000
watchdog, iwdg run success!
[32m[I/at.clnt] AT client(V1.3.1) on device usart1 initialize success.[0m
[32m[I/at.dev.ec200x] start init ec200x device.[0m
[33m[W/fs01] The version: V0452R336C01L0[0m
[32m[I/handle_bar] bar_value :2031[0m
Password for login:
[32m[I/pms] pm_svc_init...[0m
[32m[I/jmiot] iot_svc_init...[0m
[32m[I/jmiot] GPRS is not registration (Rx)[0m
[32m[I/voice] voice_svc_init...[0m
[32m[I/ui] ui_app_init...[0m
[32m[I/gkey] gkey_init...[0m
[32m[I/radar] radar_svc_init...[0m
[32m[I/radar] radar_svc_init, aeb feature not enable ![0m
[32m[I/ota] ota_svc_init...[0m
[32m[I/motor] motor_svc_init...[0m
[32m[I/slog] slog_svc_init...[0m
RTC: set alarm - a
[31m[E/at.clnt] wait AT client(usart1) connect timeout(10000 tick).[0m
[32m[I/at.dev.ec200x] ec200x device initialize retry 4...[0m
[31m[E/at.clnt] wait AT client(usart1) connect timeout(10000 tick).[0m
[32m[I/at.dev.ec200x] ec200x device initialize retry 3...[0m
[10:09:22.804381] --->
[32m[I/power_on] power_off_system[0m
     
[10:09:51.659645] --->
  \ | /
- RT -     Thread Operating System
/ | \     5.1.0 build Mar 20 2026 17:00:39
2006 - 2024 Copyright by RT-Thread team
rtc initialize success.
adc_vol, adc1 run success!
adc_vol, adc2 run success!
adc_vol, bms run success!
[32m[I/sal.skt] Socket Abstraction Layer initialize success.[0m
hwtimer, timer7 run success!
rtc clock source is set lsi!
RTC: set wkup 12000
watchdog, iwdg run success!
[32m[I/at.clnt] AT client(V1.3.1) on device usart1 initialize success.[0m
[32m[I/at.dev.ec200x] start init ec200x device.[0m
[33m[W/fs01] The version: V0452R336C01L0[0m
[32m[I/handle_bar] bar_value :2029[0m
Password for login:
[32m[I/pms] pm_svc_init...[0m
[32m[I/jmiot] iot_svc_init...[0m
[32m[I/jmiot] GPRS is not registration (Rx)[0m
[32m[I/voice] voice_svc_init...[0m
[32m[I/ui] ui_app_init...[0m
[32m[I/gkey] gkey_init...[0m
[32m[I/radar] radar_svc_init...[0m
[32m[I/radar] radar_svc_init, aeb feature not enable ![0m
[32m[I/ota] ota_svc_init...[0m
[32m[I/motor] motor_svc_init...[0m
[32m[I/slog] slog_svc_init...[0m
RTC: set alarm - a
[31m[E/at.clnt] wait AT client(usart1) connect timeout(10000 tick).[0m
[32m[I/at.dev.ec200x] ec200x device initialize retry 4...[0m
[31m[E/at.clnt] wait AT client(usart1) connect timeout(10000 tick).[0m
[32m[I/at.dev.ec200x] ec200x device initialize retry 3...[0m
[10:10:16.819567] --->
[32m[I/power_on] power_off_system[0m
   ξO ΜΜ 
[10:10:42.971694] --->
  \ | /
- RT -     Thread Operating System
/ | \     5.1.0 build Mar 20 2026 17:00:39
2006 - 2024 Copyright by RT-Thread team
rtc initialize success.
adc_vol, adc1 run success!
adc_vol, adc2 run success!
adc_vol, bms run success!
[32m[I/sal.skt] Socket Abstraction Layer initialize success.[0m
hwtimer, timer7 run success!
rtc clock source is set lsi!
RTC: set wkup 12000
watchdog, iwdg run success!
[32m[I/at.clnt] AT client(V1.3.1) on device usart1 initialize success.[0m
[32m[I/at.dev.ec200x] start init ec200x device.[0m
[33m[W/fs01] The version: V0452R336C01L0[0m
[32m[I/handle_bar] bar_value :2030[0m
Password for login:
[32m[I/pms] pm_svc_init...[0m
[32m[I/jmiot] iot_svc_init...[0m
[32m[I/jmiot] GPRS is not registration (Rx)[0m
[32m[I/voice] voice_svc_init...[0m
[32m[I/ui] ui_app_init...[0m
[32m[I/gkey] gkey_init...[0m
[32m[I/radar] radar_svc_init...[0m
[32m[I/radar] radar_svc_init, aeb feature not enable ![0m
[32m[I/ota] ota_svc_init...[0m
[32m[I/motor] motor_svc_init...[0m
[32m[I/slog] slog_svc_init...[0m
RTC: set alarm - a
[31m[E/at.clnt] wait AT client(usart1) connect timeout(10000 tick).[0m
[32m[I/at.dev.ec200x] ec200x device initialize retry 4...[0m
[31m[E/at.clnt] wait AT client(usart1) connect timeout(10000 tick).[0m
[32m[I/at.dev.ec200x] ec200x device initialize retry 3...[0m
