[2026-04-08 19:26:50] INFO     ========== 继电器压力测试启动 ==========
[2026-04-08 19:26:50] INFO     串口检测 -> 继电器(CH340): COM5 | 设备(CP210x): COM3
[2026-04-08 19:26:50] INFO     >>> 执行环境初始清洗 (物理断电重置)...
[2026-04-08 19:26:50] INFO     继电器执行 -> OFF
[2026-04-08 19:26:51] INFO     
-------------------- 第 1 轮 | 最大监听: 3.4s --------------------
[2026-04-08 19:26:51] INFO     继电器 ON (开始充电)
[2026-04-08 19:26:51] INFO     继电器执行 -> ON
[2026-04-08 19:26:53] INFO     捕获目标指令: voice_msgnum:9
[2026-04-08 19:26:53] INFO     状态维稳，保持闭合 3.0s
[2026-04-08 19:26:56] INFO     继电器 OFF (切断充电)
[2026-04-08 19:26:56] INFO     继电器执行 -> OFF
[2026-04-08 19:26:56] INFO     物理断电静置 3.0s
[2026-04-08 19:26:59] INFO     【结论】 [PASS] 成功关键字: voice_msgnum:9
[2026-04-08 19:26:59] INFO     统计 -> 成功: 1 | 失败: 0 | 异常: 0 | 成功率: 100.0%
[2026-04-08 19:26:59] INFO     
-------------------- 第 2 轮 | 最大监听: 3.9s --------------------
[2026-04-08 19:26:59] INFO     继电器 ON (开始充电)
[2026-04-08 19:26:59] INFO     继电器执行 -> ON
[2026-04-08 19:27:00] INFO     捕获目标指令: voice_msgnum:9
[2026-04-08 19:27:00] INFO     状态维稳，保持闭合 3.0s
[2026-04-08 19:27:03] INFO     继电器 OFF (切断充电)
[2026-04-08 19:27:04] INFO     继电器执行 -> OFF
[2026-04-08 19:27:04] INFO     物理断电静置 3.0s
[2026-04-08 19:27:07] INFO     【结论】 [PASS] 成功关键字: voice_msgnum:9
[2026-04-08 19:27:07] INFO     统计 -> 成功: 2 | 失败: 0 | 异常: 0 | 成功率: 100.0%
[2026-04-08 19:27:07] INFO     
-------------------- 第 3 轮 | 最大监听: 3.2s --------------------
[2026-04-08 19:27:07] INFO     继电器 ON (开始充电)
[2026-04-08 19:27:07] INFO     继电器执行 -> ON
[2026-04-08 19:27:08] INFO     捕获目标指令: voice_msgnum:9
[2026-04-08 19:27:08] INFO     状态维稳，保持闭合 3.0s
[2026-04-08 19:27:11] INFO     继电器 OFF (切断充电)
[2026-04-08 19:27:11] INFO     继电器执行 -> OFF
[2026-04-08 19:27:11] INFO     物理断电静置 3.0s
[2026-04-08 19:27:14] INFO     【结论】 [PASS] 成功关键字: voice_msgnum:9
[2026-04-08 19:27:14] INFO     统计 -> 成功: 3 | 失败: 0 | 异常: 0 | 成功率: 100.0%
[2026-04-08 19:27:14] INFO     
-------------------- 第 4 轮 | 最大监听: 3.9s --------------------
[2026-04-08 19:27:14] INFO     继电器 ON (开始充电)
[2026-04-08 19:27:14] INFO     继电器执行 -> ON
[2026-04-08 19:27:16] INFO     捕获目标指令: voice_msgnum:9
[2026-04-08 19:27:16] INFO     状态维稳，保持闭合 3.0s
[2026-04-08 19:27:19] INFO     继电器 OFF (切断充电)
[2026-04-08 19:27:19] INFO     继电器执行 -> OFF
[2026-04-08 19:27:19] INFO     物理断电静置 3.0s
[2026-04-08 19:27:22] INFO     【结论】 [PASS] 成功关键字: voice_msgnum:9
[2026-04-08 19:27:22] INFO     统计 -> 成功: 4 | 失败: 0 | 异常: 0 | 成功率: 100.0%
[2026-04-08 19:27:22] INFO     
-------------------- 第 5 轮 | 最大监听: 3.1s --------------------
[2026-04-08 19:27:22] INFO     继电器 ON (开始充电)
[2026-04-08 19:27:22] INFO     继电器执行 -> ON
[2026-04-08 19:27:23] INFO     捕获目标指令: voice_msgnum:9
[2026-04-08 19:27:23] INFO     状态维稳，保持闭合 3.0s
[2026-04-08 19:27:26] INFO     继电器 OFF (切断充电)
[2026-04-08 19:27:26] INFO     继电器执行 -> OFF
[2026-04-08 19:27:26] INFO     物理断电静置 3.0s
[2026-04-08 19:27:29] INFO     【结论】 [PASS] 成功关键字: voice_msgnum:9
[2026-04-08 19:27:29] INFO     统计 -> 成功: 5 | 失败: 0 | 异常: 0 | 成功率: 100.0%
[2026-04-08 19:27:29] INFO     
-------------------- 第 6 轮 | 最大监听: 3.8s --------------------
[2026-04-08 19:27:29] INFO     继电器 ON (开始充电)
[2026-04-08 19:27:29] INFO     继电器执行 -> ON
[2026-04-08 19:27:31] INFO     捕获目标指令: voice_msgnum:9
[2026-04-08 19:27:31] INFO     状态维稳，保持闭合 3.0s
[2026-04-08 19:27:34] INFO     继电器 OFF (切断充电)
[2026-04-08 19:27:34] INFO     继电器执行 -> OFF
[2026-04-08 19:27:34] INFO     物理断电静置 3.0s
[2026-04-08 19:27:37] INFO     【结论】 [PASS] 成功关键字: voice_msgnum:9
[2026-04-08 19:27:37] INFO     统计 -> 成功: 6 | 失败: 0 | 异常: 0 | 成功率: 100.0%
[2026-04-08 19:27:37] INFO     
-------------------- 第 7 轮 | 最大监听: 3.4s --------------------
[2026-04-08 19:27:37] INFO     继电器 ON (开始充电)
[2026-04-08 19:27:37] INFO     继电器执行 -> ON
[2026-04-08 19:27:38] INFO     捕获目标指令: voice_msgnum:9
[2026-04-08 19:27:38] INFO     状态维稳，保持闭合 3.0s
[2026-04-08 19:27:41] INFO     继电器 OFF (切断充电)
[2026-04-08 19:27:42] INFO     继电器执行 -> OFF
[2026-04-08 19:27:42] INFO     物理断电静置 3.0s
[2026-04-08 19:27:45] INFO     【结论】 [PASS] 成功关键字: voice_msgnum:9
[2026-04-08 19:27:45] INFO     统计 -> 成功: 7 | 失败: 0 | 异常: 0 | 成功率: 100.0%
[2026-04-08 19:27:45] INFO     
-------------------- 第 8 轮 | 最大监听: 4.0s --------------------
[2026-04-08 19:27:45] INFO     继电器 ON (开始充电)
[2026-04-08 19:27:45] INFO     继电器执行 -> ON
[2026-04-08 19:27:46] INFO     捕获目标指令: voice_msgnum:9
[2026-04-08 19:27:46] INFO     状态维稳，保持闭合 3.0s
[2026-04-08 19:27:49] INFO     继电器 OFF (切断充电)
[2026-04-08 19:27:49] INFO     继电器执行 -> OFF
[2026-04-08 19:27:49] INFO     物理断电静置 3.0s
[2026-04-08 19:27:52] INFO     【结论】 [PASS] 成功关键字: voice_msgnum:9
[2026-04-08 19:27:52] INFO     统计 -> 成功: 8 | 失败: 0 | 异常: 0 | 成功率: 100.0%
[2026-04-08 19:27:52] INFO     
-------------------- 第 9 轮 | 最大监听: 3.9s --------------------
[2026-04-08 19:27:52] INFO     继电器 ON (开始充电)
[2026-04-08 19:27:52] INFO     继电器执行 -> ON
[2026-04-08 19:27:54] INFO     捕获目标指令: voice_msgnum:9
[2026-04-08 19:27:54] INFO     状态维稳，保持闭合 3.0s
[2026-04-08 19:27:57] INFO     继电器 OFF (切断充电)
[2026-04-08 19:27:57] INFO     继电器执行 -> OFF
[2026-04-08 19:27:57] INFO     物理断电静置 3.0s
[2026-04-08 19:28:00] INFO     【结论】 [PASS] 成功关键字: voice_msgnum:9
[2026-04-08 19:28:00] INFO     统计 -> 成功: 9 | 失败: 0 | 异常: 0 | 成功率: 100.0%
[2026-04-08 19:28:00] INFO     
-------------------- 第 10 轮 | 最大监听: 3.7s --------------------
[2026-04-08 19:28:00] INFO     继电器 ON (开始充电)
[2026-04-08 19:28:00] INFO     继电器执行 -> ON
[2026-04-08 19:28:01] INFO     捕获目标指令: voice_msgnum:9
[2026-04-08 19:28:01] INFO     状态维稳，保持闭合 3.0s
[2026-04-08 19:28:04] INFO     继电器 OFF (切断充电)
[2026-04-08 19:28:04] INFO     继电器执行 -> OFF
[2026-04-08 19:28:04] INFO     物理断电静置 3.0s
[2026-04-08 19:28:07] INFO     【结论】 [PASS] 成功关键字: voice_msgnum:9
[2026-04-08 19:28:07] INFO     统计 -> 成功: 10 | 失败: 0 | 异常: 0 | 成功率: 100.0%
[2026-04-08 19:28:07] INFO     
-------------------- 第 11 轮 | 最大监听: 3.2s --------------------
[2026-04-08 19:28:07] INFO     继电器 ON (开始充电)
[2026-04-08 19:28:07] INFO     继电器执行 -> ON
[2026-04-08 19:28:09] INFO     捕获目标指令: voice_msgnum:9
[2026-04-08 19:28:09] INFO     状态维稳，保持闭合 3.0s
[2026-04-08 19:28:12] INFO     继电器 OFF (切断充电)
[2026-04-08 19:28:12] INFO     继电器执行 -> OFF
[2026-04-08 19:28:12] INFO     物理断电静置 3.0s
[2026-04-08 19:28:15] INFO     【结论】 [PASS] 成功关键字: voice_msgnum:9
[2026-04-08 19:28:15] INFO     统计 -> 成功: 11 | 失败: 0 | 异常: 0 | 成功率: 100.0%
[2026-04-08 19:28:15] INFO     
-------------------- 第 12 轮 | 最大监听: 3.7s --------------------
[2026-04-08 19:28:15] INFO     继电器 ON (开始充电)
[2026-04-08 19:28:15] INFO     继电器执行 -> ON
[2026-04-08 19:28:16] INFO     捕获目标指令: voice_msgnum:9
[2026-04-08 19:28:16] INFO     状态维稳，保持闭合 3.0s
[2026-04-08 19:28:19] INFO     继电器 OFF (切断充电)
[2026-04-08 19:28:20] INFO     继电器执行 -> OFF
[2026-04-08 19:28:20] INFO     物理断电静置 3.0s
[2026-04-08 19:28:23] INFO     【结论】 [PASS] 成功关键字: voice_msgnum:9
[2026-04-08 19:28:23] INFO     统计 -> 成功: 12 | 失败: 0 | 异常: 0 | 成功率: 100.0%
[2026-04-08 19:28:23] INFO     
-------------------- 第 13 轮 | 最大监听: 4.0s --------------------
[2026-04-08 19:28:23] INFO     继电器 ON (开始充电)
[2026-04-08 19:28:23] INFO     继电器执行 -> ON
[2026-04-08 19:28:24] INFO     捕获目标指令: voice_msgnum:9
[2026-04-08 19:28:24] INFO     状态维稳，保持闭合 3.0s
[2026-04-08 19:28:27] INFO     继电器 OFF (切断充电)
[2026-04-08 19:28:27] INFO     继电器执行 -> OFF
[2026-04-08 19:28:27] INFO     物理断电静置 3.0s
[2026-04-08 19:28:30] INFO     【结论】 [PASS] 成功关键字: voice_msgnum:9
[2026-04-08 19:28:30] INFO     统计 -> 成功: 13 | 失败: 0 | 异常: 0 | 成功率: 100.0%
[2026-04-08 19:28:30] INFO     
-------------------- 第 14 轮 | 最大监听: 3.8s --------------------
[2026-04-08 19:28:30] INFO     继电器 ON (开始充电)
[2026-04-08 19:28:30] INFO     继电器执行 -> ON
[2026-04-08 19:28:32] INFO     捕获目标指令: voice_msgnum:9
[2026-04-08 19:28:32] INFO     状态维稳，保持闭合 3.0s
[2026-04-08 19:28:35] INFO     继电器 OFF (切断充电)
[2026-04-08 19:28:35] INFO     继电器执行 -> OFF
[2026-04-08 19:28:35] INFO     物理断电静置 3.0s
[2026-04-08 19:28:38] INFO     【结论】 [PASS] 成功关键字: voice_msgnum:9
[2026-04-08 19:28:38] INFO     统计 -> 成功: 14 | 失败: 0 | 异常: 0 | 成功率: 100.0%
[2026-04-08 19:28:38] INFO     
-------------------- 第 15 轮 | 最大监听: 3.1s --------------------
[2026-04-08 19:28:38] INFO     继电器 ON (开始充电)
[2026-04-08 19:28:38] INFO     继电器执行 -> ON
[2026-04-08 19:28:39] INFO     捕获目标指令: voice_msgnum:9
[2026-04-08 19:28:39] INFO     状态维稳，保持闭合 3.0s
[2026-04-08 19:28:42] INFO     继电器 OFF (切断充电)
[2026-04-08 19:28:42] INFO     继电器执行 -> OFF
[2026-04-08 19:28:42] INFO     物理断电静置 3.0s
[2026-04-08 19:28:45] INFO     【结论】 [PASS] 成功关键字: voice_msgnum:9
[2026-04-08 19:28:45] INFO     统计 -> 成功: 15 | 失败: 0 | 异常: 0 | 成功率: 100.0%
[2026-04-08 19:28:45] INFO     
-------------------- 第 16 轮 | 最大监听: 3.3s --------------------
[2026-04-08 19:28:45] INFO     继电器 ON (开始充电)
[2026-04-08 19:28:45] INFO     继电器执行 -> ON
[2026-04-08 19:28:47] INFO     捕获目标指令: voice_msgnum:9
[2026-04-08 19:28:47] INFO     状态维稳，保持闭合 3.0s
[2026-04-08 19:28:50] INFO     继电器 OFF (切断充电)
[2026-04-08 19:28:50] INFO     继电器执行 -> OFF
[2026-04-08 19:28:50] INFO     物理断电静置 3.0s
[2026-04-08 19:28:53] INFO     【结论】 [PASS] 成功关键字: voice_msgnum:9
[2026-04-08 19:28:53] INFO     统计 -> 成功: 16 | 失败: 0 | 异常: 0 | 成功率: 100.0%
[2026-04-08 19:28:53] INFO     
-------------------- 第 17 轮 | 最大监听: 3.8s --------------------
[2026-04-08 19:28:53] INFO     继电器 ON (开始充电)
[2026-04-08 19:28:53] INFO     继电器执行 -> ON
[2026-04-08 19:28:54] INFO     捕获目标指令: voice_msgnum:9
[2026-04-08 19:28:54] INFO     状态维稳，保持闭合 3.0s
[2026-04-08 19:28:57] INFO     继电器 OFF (切断充电)
[2026-04-08 19:28:58] INFO     继电器执行 -> OFF
[2026-04-08 19:28:58] INFO     物理断电静置 3.0s
[2026-04-08 19:29:01] INFO     【结论】 [PASS] 成功关键字: voice_msgnum:9
[2026-04-08 19:29:01] INFO     统计 -> 成功: 17 | 失败: 0 | 异常: 0 | 成功率: 100.0%
[2026-04-08 19:29:01] INFO     
-------------------- 第 18 轮 | 最大监听: 3.4s --------------------
[2026-04-08 19:29:01] INFO     继电器 ON (开始充电)
[2026-04-08 19:29:01] INFO     继电器执行 -> ON
[2026-04-08 19:29:02] INFO     捕获目标指令: voice_msgnum:9
[2026-04-08 19:29:02] INFO     状态维稳，保持闭合 3.0s
[2026-04-08 19:29:05] INFO     继电器 OFF (切断充电)
[2026-04-08 19:29:05] INFO     继电器执行 -> OFF
[2026-04-08 19:29:05] INFO     物理断电静置 3.0s
[2026-04-08 19:29:08] INFO     【结论】 [PASS] 成功关键字: voice_msgnum:9
[2026-04-08 19:29:08] INFO     统计 -> 成功: 18 | 失败: 0 | 异常: 0 | 成功率: 100.0%
[2026-04-08 19:29:08] INFO     
-------------------- 第 19 轮 | 最大监听: 3.2s --------------------
[2026-04-08 19:29:08] INFO     继电器 ON (开始充电)
[2026-04-08 19:29:08] INFO     继电器执行 -> ON
[2026-04-08 19:29:10] INFO     捕获目标指令: voice_msgnum:9
[2026-04-08 19:29:10] INFO     状态维稳，保持闭合 3.0s
[2026-04-08 19:29:13] INFO     继电器 OFF (切断充电)
[2026-04-08 19:29:13] INFO     继电器执行 -> OFF
[2026-04-08 19:29:13] INFO     物理断电静置 3.0s
[2026-04-08 19:29:16] INFO     【结论】 [PASS] 成功关键字: voice_msgnum:9
[2026-04-08 19:29:16] INFO     统计 -> 成功: 19 | 失败: 0 | 异常: 0 | 成功率: 100.0%
[2026-04-08 19:29:16] INFO     
-------------------- 第 20 轮 | 最大监听: 3.9s --------------------
[2026-04-08 19:29:16] INFO     继电器 ON (开始充电)
[2026-04-08 19:29:16] INFO     继电器执行 -> ON
[2026-04-08 19:29:17] INFO     捕获目标指令: voice_msgnum:9
[2026-04-08 19:29:17] INFO     状态维稳，保持闭合 3.0s
[2026-04-08 19:29:20] INFO     继电器 OFF (切断充电)
[2026-04-08 19:29:20] INFO     继电器执行 -> OFF
[2026-04-08 19:29:20] INFO     物理断电静置 3.0s
[2026-04-08 19:29:23] INFO     【结论】 [PASS] 成功关键字: voice_msgnum:9
[2026-04-08 19:29:23] INFO     统计 -> 成功: 20 | 失败: 0 | 异常: 0 | 成功率: 100.0%
[2026-04-08 19:29:23] INFO     
-------------------- 第 21 轮 | 最大监听: 3.9s --------------------
[2026-04-08 19:29:23] INFO     继电器 ON (开始充电)
[2026-04-08 19:29:23] INFO     继电器执行 -> ON
[2026-04-08 19:29:25] INFO     捕获目标指令: voice_msgnum:9
[2026-04-08 19:29:25] INFO     状态维稳，保持闭合 3.0s
[2026-04-08 19:29:28] INFO     继电器 OFF (切断充电)
[2026-04-08 19:29:28] INFO     继电器执行 -> OFF
[2026-04-08 19:29:28] INFO     物理断电静置 3.0s
[2026-04-08 19:29:31] INFO     【结论】 [PASS] 成功关键字: voice_msgnum:9
[2026-04-08 19:29:31] INFO     统计 -> 成功: 21 | 失败: 0 | 异常: 0 | 成功率: 100.0%
[2026-04-08 19:29:31] INFO     
-------------------- 第 22 轮 | 最大监听: 3.6s --------------------
[2026-04-08 19:29:31] INFO     继电器 ON (开始充电)
[2026-04-08 19:29:31] INFO     继电器执行 -> ON
[2026-04-08 19:29:32] INFO     捕获目标指令: voice_msgnum:9
[2026-04-08 19:29:32] INFO     状态维稳，保持闭合 3.0s
[2026-04-08 19:29:35] INFO     继电器 OFF (切断充电)
[2026-04-08 19:29:36] INFO     继电器执行 -> OFF
[2026-04-08 19:29:36] INFO     物理断电静置 3.0s
[2026-04-08 19:29:39] INFO     【结论】 [PASS] 成功关键字: voice_msgnum:9
[2026-04-08 19:29:39] INFO     统计 -> 成功: 22 | 失败: 0 | 异常: 0 | 成功率: 100.0%
[2026-04-08 19:29:39] INFO     
-------------------- 第 23 轮 | 最大监听: 3.8s --------------------
[2026-04-08 19:29:39] INFO     继电器 ON (开始充电)
[2026-04-08 19:29:39] INFO     继电器执行 -> ON
[2026-04-08 19:29:40] INFO     捕获目标指令: voice_msgnum:9
[2026-04-08 19:29:40] INFO     状态维稳，保持闭合 3.0s
[2026-04-08 19:29:43] INFO     继电器 OFF (切断充电)
[2026-04-08 19:29:43] INFO     继电器执行 -> OFF
[2026-04-08 19:29:43] INFO     物理断电静置 3.0s
[2026-04-08 19:29:46] INFO     【结论】 [PASS] 成功关键字: voice_msgnum:9
[2026-04-08 19:29:46] INFO     统计 -> 成功: 23 | 失败: 0 | 异常: 0 | 成功率: 100.0%
[2026-04-08 19:29:46] INFO     
-------------------- 第 24 轮 | 最大监听: 3.6s --------------------
[2026-04-08 19:29:46] INFO     继电器 ON (开始充电)
[2026-04-08 19:29:46] INFO     继电器执行 -> ON
[2026-04-08 19:29:48] INFO     捕获目标指令: voice_msgnum:9
[2026-04-08 19:29:48] INFO     状态维稳，保持闭合 3.0s
[2026-04-08 19:29:51] INFO     继电器 OFF (切断充电)
[2026-04-08 19:29:51] INFO     继电器执行 -> OFF
[2026-04-08 19:29:51] INFO     物理断电静置 3.0s
[2026-04-08 19:29:54] INFO     【结论】 [PASS] 成功关键字: voice_msgnum:9
[2026-04-08 19:29:54] INFO     统计 -> 成功: 24 | 失败: 0 | 异常: 0 | 成功率: 100.0%
[2026-04-08 19:29:54] INFO     
-------------------- 第 25 轮 | 最大监听: 3.6s --------------------
[2026-04-08 19:29:54] INFO     继电器 ON (开始充电)
[2026-04-08 19:29:54] INFO     继电器执行 -> ON
[2026-04-08 19:29:55] INFO     捕获目标指令: voice_msgnum:9
[2026-04-08 19:29:55] INFO     状态维稳，保持闭合 3.0s
[2026-04-08 19:29:58] INFO     继电器 OFF (切断充电)
[2026-04-08 19:29:58] INFO     继电器执行 -> OFF
[2026-04-08 19:29:58] INFO     物理断电静置 3.0s
[2026-04-08 19:30:01] INFO     【结论】 [PASS] 成功关键字: voice_msgnum:9
[2026-04-08 19:30:01] INFO     统计 -> 成功: 25 | 失败: 0 | 异常: 0 | 成功率: 100.0%
[2026-04-08 19:30:01] INFO     
-------------------- 第 26 轮 | 最大监听: 3.3s --------------------
[2026-04-08 19:30:01] INFO     继电器 ON (开始充电)
[2026-04-08 19:30:01] INFO     继电器执行 -> ON
[2026-04-08 19:30:03] INFO     捕获目标指令: voice_msgnum:9
[2026-04-08 19:30:03] INFO     状态维稳，保持闭合 3.0s
[2026-04-08 19:30:06] INFO     继电器 OFF (切断充电)
[2026-04-08 19:30:06] INFO     继电器执行 -> OFF
[2026-04-08 19:30:06] INFO     物理断电静置 3.0s
[2026-04-08 19:30:09] INFO     【结论】 [PASS] 成功关键字: voice_msgnum:9
[2026-04-08 19:30:09] INFO     统计 -> 成功: 26 | 失败: 0 | 异常: 0 | 成功率: 100.0%
[2026-04-08 19:30:09] INFO     
-------------------- 第 27 轮 | 最大监听: 3.6s --------------------
[2026-04-08 19:30:09] INFO     继电器 ON (开始充电)
[2026-04-08 19:30:09] INFO     继电器执行 -> ON
[2026-04-08 19:30:10] INFO     捕获目标指令: voice_msgnum:9
[2026-04-08 19:30:10] INFO     状态维稳，保持闭合 3.0s
[2026-04-08 19:30:13] INFO     继电器 OFF (切断充电)
[2026-04-08 19:30:14] INFO     继电器执行 -> OFF
[2026-04-08 19:30:14] INFO     物理断电静置 3.0s
[2026-04-08 19:30:17] INFO     【结论】 [PASS] 成功关键字: voice_msgnum:9
[2026-04-08 19:30:17] INFO     统计 -> 成功: 27 | 失败: 0 | 异常: 0 | 成功率: 100.0%
[2026-04-08 19:30:17] INFO     
-------------------- 第 28 轮 | 最大监听: 3.7s --------------------
[2026-04-08 19:30:17] INFO     继电器 ON (开始充电)
[2026-04-08 19:30:17] INFO     继电器执行 -> ON
[2026-04-08 19:30:18] INFO     捕获目标指令: voice_msgnum:9
[2026-04-08 19:30:18] INFO     状态维稳，保持闭合 3.0s
[2026-04-08 19:30:21] INFO     继电器 OFF (切断充电)
[2026-04-08 19:30:21] INFO     继电器执行 -> OFF
[2026-04-08 19:30:21] INFO     物理断电静置 3.0s
[2026-04-08 19:30:24] INFO     【结论】 [PASS] 成功关键字: voice_msgnum:9
[2026-04-08 19:30:24] INFO     统计 -> 成功: 28 | 失败: 0 | 异常: 0 | 成功率: 100.0%
[2026-04-08 19:30:24] INFO     
-------------------- 第 29 轮 | 最大监听: 3.8s --------------------
[2026-04-08 19:30:24] INFO     继电器 ON (开始充电)
[2026-04-08 19:30:24] INFO     继电器执行 -> ON
[2026-04-08 19:30:26] INFO     捕获目标指令: voice_msgnum:9
[2026-04-08 19:30:26] INFO     状态维稳，保持闭合 3.0s
[2026-04-08 19:30:29] INFO     继电器 OFF (切断充电)
[2026-04-08 19:30:29] INFO     继电器执行 -> OFF
[2026-04-08 19:30:29] INFO     物理断电静置 3.0s
[2026-04-08 19:30:32] INFO     【结论】 [PASS] 成功关键字: voice_msgnum:9
[2026-04-08 19:30:32] INFO     统计 -> 成功: 29 | 失败: 0 | 异常: 0 | 成功率: 100.0%
[2026-04-08 19:30:32] INFO     
-------------------- 第 30 轮 | 最大监听: 3.3s --------------------
[2026-04-08 19:30:32] INFO     继电器 ON (开始充电)
[2026-04-08 19:30:32] INFO     继电器执行 -> ON
[2026-04-08 19:30:33] INFO     捕获目标指令: voice_msgnum:9
[2026-04-08 19:30:33] INFO     状态维稳，保持闭合 3.0s
[2026-04-08 19:30:36] INFO     继电器 OFF (切断充电)
[2026-04-08 19:30:36] INFO     继电器执行 -> OFF
[2026-04-08 19:30:36] INFO     物理断电静置 3.0s
[2026-04-08 19:30:39] INFO     【结论】 [PASS] 成功关键字: voice_msgnum:9
[2026-04-08 19:30:39] INFO     统计 -> 成功: 30 | 失败: 0 | 异常: 0 | 成功率: 100.0%
[2026-04-08 19:30:39] INFO     
-------------------- 第 31 轮 | 最大监听: 3.3s --------------------
[2026-04-08 19:30:39] INFO     继电器 ON (开始充电)
[2026-04-08 19:30:39] INFO     继电器执行 -> ON
[2026-04-08 19:30:41] INFO     捕获目标指令: voice_msgnum:9
[2026-04-08 19:30:41] INFO     状态维稳，保持闭合 3.0s
[2026-04-08 19:30:44] INFO     继电器 OFF (切断充电)
[2026-04-08 19:30:44] INFO     继电器执行 -> OFF
[2026-04-08 19:30:44] INFO     物理断电静置 3.0s
[2026-04-08 19:30:47] INFO     【结论】 [PASS] 成功关键字: voice_msgnum:9
[2026-04-08 19:30:47] INFO     统计 -> 成功: 31 | 失败: 0 | 异常: 0 | 成功率: 100.0%
[2026-04-08 19:30:47] INFO     
-------------------- 第 32 轮 | 最大监听: 3.8s --------------------
[2026-04-08 19:30:47] INFO     继电器 ON (开始充电)
[2026-04-08 19:30:47] INFO     继电器执行 -> ON
[2026-04-08 19:30:48] INFO     捕获目标指令: voice_msgnum:9
[2026-04-08 19:30:48] INFO     状态维稳，保持闭合 3.0s
[2026-04-08 19:30:51] INFO     继电器 OFF (切断充电)
[2026-04-08 19:30:52] INFO     继电器执行 -> OFF
[2026-04-08 19:30:52] INFO     物理断电静置 3.0s
[2026-04-08 19:30:55] INFO     【结论】 [PASS] 成功关键字: voice_msgnum:9
[2026-04-08 19:30:55] INFO     统计 -> 成功: 32 | 失败: 0 | 异常: 0 | 成功率: 100.0%
[2026-04-08 19:30:55] INFO     
-------------------- 第 33 轮 | 最大监听: 3.1s --------------------
[2026-04-08 19:30:55] INFO     继电器 ON (开始充电)
[2026-04-08 19:30:55] INFO     继电器执行 -> ON
[2026-04-08 19:30:56] INFO     捕获目标指令: voice_msgnum:9
[2026-04-08 19:30:56] INFO     状态维稳，保持闭合 3.0s
[2026-04-08 19:30:59] INFO     继电器 OFF (切断充电)
[2026-04-08 19:30:59] INFO     继电器执行 -> OFF
[2026-04-08 19:30:59] INFO     物理断电静置 3.0s
[2026-04-08 19:31:02] INFO     【结论】 [PASS] 成功关键字: voice_msgnum:9
[2026-04-08 19:31:02] INFO     统计 -> 成功: 33 | 失败: 0 | 异常: 0 | 成功率: 100.0%
[2026-04-08 19:31:02] INFO     
-------------------- 第 34 轮 | 最大监听: 3.4s --------------------
[2026-04-08 19:31:02] INFO     继电器 ON (开始充电)
[2026-04-08 19:31:02] INFO     继电器执行 -> ON
[2026-04-08 19:31:04] INFO     捕获目标指令: voice_msgnum:9
[2026-04-08 19:31:04] INFO     状态维稳，保持闭合 3.0s
[2026-04-08 19:31:07] INFO     继电器 OFF (切断充电)
[2026-04-08 19:31:07] INFO     继电器执行 -> OFF
[2026-04-08 19:31:07] INFO     物理断电静置 3.0s
[2026-04-08 19:31:10] INFO     【结论】 [PASS] 成功关键字: voice_msgnum:9
[2026-04-08 19:31:10] INFO     统计 -> 成功: 34 | 失败: 0 | 异常: 0 | 成功率: 100.0%
[2026-04-08 19:31:10] INFO     
-------------------- 第 35 轮 | 最大监听: 3.5s --------------------
[2026-04-08 19:31:10] INFO     继电器 ON (开始充电)
[2026-04-08 19:31:10] INFO     继电器执行 -> ON
[2026-04-08 19:31:11] INFO     捕获目标指令: voice_msgnum:9
[2026-04-08 19:31:11] INFO     状态维稳，保持闭合 3.0s
[2026-04-08 19:31:14] INFO     继电器 OFF (切断充电)
[2026-04-08 19:31:14] INFO     继电器执行 -> OFF
[2026-04-08 19:31:14] INFO     物理断电静置 3.0s
[2026-04-08 19:31:17] INFO     【结论】 [PASS] 成功关键字: voice_msgnum:9
[2026-04-08 19:31:17] INFO     统计 -> 成功: 35 | 失败: 0 | 异常: 0 | 成功率: 100.0%
[2026-04-08 19:31:17] INFO     
-------------------- 第 36 轮 | 最大监听: 3.8s --------------------
[2026-04-08 19:31:17] INFO     继电器 ON (开始充电)
[2026-04-08 19:31:17] INFO     继电器执行 -> ON
[2026-04-08 19:31:19] INFO     捕获目标指令: voice_msgnum:9
[2026-04-08 19:31:19] INFO     状态维稳，保持闭合 3.0s
[2026-04-08 19:31:22] INFO     继电器 OFF (切断充电)
[2026-04-08 19:31:22] INFO     继电器执行 -> OFF
[2026-04-08 19:31:22] INFO     物理断电静置 3.0s
[2026-04-08 19:31:25] INFO     【结论】 [PASS] 成功关键字: voice_msgnum:9
[2026-04-08 19:31:25] INFO     统计 -> 成功: 36 | 失败: 0 | 异常: 0 | 成功率: 100.0%
[2026-04-08 19:31:25] INFO     
-------------------- 第 37 轮 | 最大监听: 3.7s --------------------
[2026-04-08 19:31:25] INFO     继电器 ON (开始充电)
[2026-04-08 19:31:25] INFO     继电器执行 -> ON
[2026-04-08 19:31:26] INFO     捕获目标指令: voice_msgnum:9
[2026-04-08 19:31:26] INFO     状态维稳，保持闭合 3.0s
[2026-04-08 19:31:29] INFO     继电器 OFF (切断充电)
[2026-04-08 19:31:30] INFO     继电器执行 -> OFF
[2026-04-08 19:31:30] INFO     物理断电静置 3.0s
[2026-04-08 19:31:33] INFO     【结论】 [PASS] 成功关键字: voice_msgnum:9
[2026-04-08 19:31:33] INFO     统计 -> 成功: 37 | 失败: 0 | 异常: 0 | 成功率: 100.0%
[2026-04-08 19:31:33] INFO     
-------------------- 第 38 轮 | 最大监听: 3.1s --------------------
[2026-04-08 19:31:33] INFO     继电器 ON (开始充电)
[2026-04-08 19:31:33] INFO     继电器执行 -> ON
[2026-04-08 19:31:34] INFO     捕获目标指令: voice_msgnum:9
[2026-04-08 19:31:34] INFO     状态维稳，保持闭合 3.0s
[2026-04-08 19:31:37] INFO     继电器 OFF (切断充电)
[2026-04-08 19:31:37] INFO     继电器执行 -> OFF
[2026-04-08 19:31:37] INFO     物理断电静置 3.0s
[2026-04-08 19:31:40] INFO     【结论】 [PASS] 成功关键字: voice_msgnum:9
[2026-04-08 19:31:40] INFO     统计 -> 成功: 38 | 失败: 0 | 异常: 0 | 成功率: 100.0%
[2026-04-08 19:31:40] INFO     
-------------------- 第 39 轮 | 最大监听: 3.0s --------------------
[2026-04-08 19:31:40] INFO     继电器 ON (开始充电)
[2026-04-08 19:31:40] INFO     继电器执行 -> ON
[2026-04-08 19:31:42] INFO     捕获目标指令: voice_msgnum:9
[2026-04-08 19:31:42] INFO     状态维稳，保持闭合 3.0s
[2026-04-08 19:31:45] INFO     继电器 OFF (切断充电)
[2026-04-08 19:31:45] INFO     继电器执行 -> OFF
[2026-04-08 19:31:45] INFO     物理断电静置 3.0s
[2026-04-08 19:31:48] INFO     【结论】 [PASS] 成功关键字: voice_msgnum:9
[2026-04-08 19:31:48] INFO     统计 -> 成功: 39 | 失败: 0 | 异常: 0 | 成功率: 100.0%
[2026-04-08 19:31:48] INFO     
-------------------- 第 40 轮 | 最大监听: 3.5s --------------------
[2026-04-08 19:31:48] INFO     继电器 ON (开始充电)
[2026-04-08 19:31:48] INFO     继电器执行 -> ON
[2026-04-08 19:31:49] INFO     捕获目标指令: voice_msgnum:9
[2026-04-08 19:31:49] INFO     状态维稳，保持闭合 3.0s
[2026-04-08 19:31:52] INFO     继电器 OFF (切断充电)
[2026-04-08 19:31:52] INFO     继电器执行 -> OFF
[2026-04-08 19:31:52] INFO     物理断电静置 3.0s
[2026-04-08 19:31:55] INFO     【结论】 [PASS] 成功关键字: voice_msgnum:9
[2026-04-08 19:31:55] INFO     统计 -> 成功: 40 | 失败: 0 | 异常: 0 | 成功率: 100.0%
[2026-04-08 19:31:55] INFO     
-------------------- 第 41 轮 | 最大监听: 4.0s --------------------
[2026-04-08 19:31:55] INFO     继电器 ON (开始充电)
[2026-04-08 19:31:55] INFO     继电器执行 -> ON
[2026-04-08 19:31:57] INFO     捕获目标指令: voice_msgnum:9
[2026-04-08 19:31:57] INFO     状态维稳，保持闭合 3.0s
[2026-04-08 19:32:00] INFO     继电器 OFF (切断充电)
[2026-04-08 19:32:00] INFO     继电器执行 -> OFF
[2026-04-08 19:32:00] INFO     物理断电静置 3.0s
[2026-04-08 19:32:03] INFO     【结论】 [PASS] 成功关键字: voice_msgnum:9
[2026-04-08 19:32:03] INFO     统计 -> 成功: 41 | 失败: 0 | 异常: 0 | 成功率: 100.0%
[2026-04-08 19:32:03] INFO     
-------------------- 第 42 轮 | 最大监听: 3.7s --------------------
[2026-04-08 19:32:03] INFO     继电器 ON (开始充电)
[2026-04-08 19:32:03] INFO     继电器执行 -> ON
[2026-04-08 19:32:04] INFO     捕获目标指令: voice_msgnum:9
[2026-04-08 19:32:04] INFO     状态维稳，保持闭合 3.0s
[2026-04-08 19:32:07] INFO     继电器 OFF (切断充电)
[2026-04-08 19:32:08] INFO     继电器执行 -> OFF
[2026-04-08 19:32:08] INFO     物理断电静置 3.0s
[2026-04-08 19:32:11] INFO     【结论】 [PASS] 成功关键字: voice_msgnum:9
[2026-04-08 19:32:11] INFO     统计 -> 成功: 42 | 失败: 0 | 异常: 0 | 成功率: 100.0%
[2026-04-08 19:32:11] INFO     
-------------------- 第 43 轮 | 最大监听: 3.8s --------------------
[2026-04-08 19:32:11] INFO     继电器 ON (开始充电)
[2026-04-08 19:32:11] INFO     继电器执行 -> ON
[2026-04-08 19:32:12] INFO     捕获目标指令: voice_msgnum:9
[2026-04-08 19:32:12] INFO     状态维稳，保持闭合 3.0s
[2026-04-08 19:32:15] INFO     继电器 OFF (切断充电)
[2026-04-08 19:32:15] INFO     继电器执行 -> OFF
[2026-04-08 19:32:15] INFO     物理断电静置 3.0s
[2026-04-08 19:32:18] INFO     【结论】 [PASS] 成功关键字: voice_msgnum:9
[2026-04-08 19:32:18] INFO     统计 -> 成功: 43 | 失败: 0 | 异常: 0 | 成功率: 100.0%
[2026-04-08 19:32:18] INFO     
-------------------- 第 44 轮 | 最大监听: 3.5s --------------------
[2026-04-08 19:32:18] INFO     继电器 ON (开始充电)
[2026-04-08 19:32:18] INFO     继电器执行 -> ON
[2026-04-08 19:32:20] INFO     捕获目标指令: voice_msgnum:9
[2026-04-08 19:32:20] INFO     状态维稳，保持闭合 3.0s
[2026-04-08 19:32:23] INFO     继电器 OFF (切断充电)
[2026-04-08 19:32:23] INFO     继电器执行 -> OFF
[2026-04-08 19:32:23] INFO     物理断电静置 3.0s
[2026-04-08 19:32:26] INFO     【结论】 [PASS] 成功关键字: voice_msgnum:9
[2026-04-08 19:32:26] INFO     统计 -> 成功: 44 | 失败: 0 | 异常: 0 | 成功率: 100.0%
[2026-04-08 19:32:26] INFO     
-------------------- 第 45 轮 | 最大监听: 3.2s --------------------
[2026-04-08 19:32:26] INFO     继电器 ON (开始充电)
[2026-04-08 19:32:26] INFO     继电器执行 -> ON
[2026-04-08 19:32:27] INFO     捕获目标指令: voice_msgnum:9
[2026-04-08 19:32:27] INFO     状态维稳，保持闭合 3.0s
[2026-04-08 19:32:30] INFO     继电器 OFF (切断充电)
[2026-04-08 19:32:30] INFO     继电器执行 -> OFF
[2026-04-08 19:32:30] INFO     物理断电静置 3.0s
[2026-04-08 19:32:33] INFO     【结论】 [PASS] 成功关键字: voice_msgnum:9
[2026-04-08 19:32:33] INFO     统计 -> 成功: 45 | 失败: 0 | 异常: 0 | 成功率: 100.0%
[2026-04-08 19:32:33] INFO     
-------------------- 第 46 轮 | 最大监听: 3.7s --------------------
[2026-04-08 19:32:33] INFO     继电器 ON (开始充电)
[2026-04-08 19:32:33] INFO     继电器执行 -> ON
[2026-04-08 19:32:35] INFO     捕获目标指令: voice_msgnum:9
[2026-04-08 19:32:35] INFO     状态维稳，保持闭合 3.0s
[2026-04-08 19:32:38] INFO     继电器 OFF (切断充电)
[2026-04-08 19:32:38] INFO     继电器执行 -> OFF
[2026-04-08 19:32:38] INFO     物理断电静置 3.0s
[2026-04-08 19:32:41] INFO     【结论】 [PASS] 成功关键字: voice_msgnum:9
[2026-04-08 19:32:41] INFO     统计 -> 成功: 46 | 失败: 0 | 异常: 0 | 成功率: 100.0%
[2026-04-08 19:32:41] INFO     
-------------------- 第 47 轮 | 最大监听: 4.0s --------------------
[2026-04-08 19:32:41] INFO     继电器 ON (开始充电)
[2026-04-08 19:32:41] INFO     继电器执行 -> ON
[2026-04-08 19:32:42] INFO     捕获目标指令: voice_msgnum:9
[2026-04-08 19:32:42] INFO     状态维稳，保持闭合 3.0s
[2026-04-08 19:32:45] INFO     继电器 OFF (切断充电)
[2026-04-08 19:32:46] INFO     继电器执行 -> OFF
[2026-04-08 19:32:46] INFO     物理断电静置 3.0s
[2026-04-08 19:32:49] INFO     【结论】 [PASS] 成功关键字: voice_msgnum:9
[2026-04-08 19:32:49] INFO     统计 -> 成功: 47 | 失败: 0 | 异常: 0 | 成功率: 100.0%
[2026-04-08 19:32:49] INFO     
-------------------- 第 48 轮 | 最大监听: 3.3s --------------------
[2026-04-08 19:32:49] INFO     继电器 ON (开始充电)
[2026-04-08 19:32:49] INFO     继电器执行 -> ON
[2026-04-08 19:32:50] INFO     捕获目标指令: voice_msgnum:9
[2026-04-08 19:32:50] INFO     状态维稳，保持闭合 3.0s
[2026-04-08 19:32:53] INFO     继电器 OFF (切断充电)
[2026-04-08 19:32:53] INFO     继电器执行 -> OFF
[2026-04-08 19:32:53] INFO     物理断电静置 3.0s
[2026-04-08 19:32:56] INFO     【结论】 [PASS] 成功关键字: voice_msgnum:9
[2026-04-08 19:32:56] INFO     统计 -> 成功: 48 | 失败: 0 | 异常: 0 | 成功率: 100.0%
[2026-04-08 19:32:56] INFO     
-------------------- 第 49 轮 | 最大监听: 3.7s --------------------
[2026-04-08 19:32:56] INFO     继电器 ON (开始充电)
[2026-04-08 19:32:56] INFO     继电器执行 -> ON
[2026-04-08 19:32:58] INFO     捕获目标指令: voice_msgnum:9
[2026-04-08 19:32:58] INFO     状态维稳，保持闭合 3.0s
[2026-04-08 19:33:01] INFO     继电器 OFF (切断充电)
[2026-04-08 19:33:01] INFO     继电器执行 -> OFF
[2026-04-08 19:33:01] INFO     物理断电静置 3.0s
[2026-04-08 19:33:04] INFO     【结论】 [PASS] 成功关键字: voice_msgnum:9
[2026-04-08 19:33:04] INFO     统计 -> 成功: 49 | 失败: 0 | 异常: 0 | 成功率: 100.0%
[2026-04-08 19:33:04] INFO     
-------------------- 第 50 轮 | 最大监听: 3.5s --------------------
[2026-04-08 19:33:04] INFO     继电器 ON (开始充电)
[2026-04-08 19:33:04] INFO     继电器执行 -> ON
[2026-04-08 19:33:05] INFO     捕获目标指令: voice_msgnum:9
[2026-04-08 19:33:05] INFO     状态维稳，保持闭合 3.0s
[2026-04-08 19:33:08] INFO     继电器 OFF (切断充电)
[2026-04-08 19:33:08] INFO     继电器执行 -> OFF
[2026-04-08 19:33:08] INFO     物理断电静置 3.0s
[2026-04-08 19:33:11] INFO     【结论】 [PASS] 成功关键字: voice_msgnum:9
[2026-04-08 19:33:11] INFO     统计 -> 成功: 50 | 失败: 0 | 异常: 0 | 成功率: 100.0%
[2026-04-08 19:33:11] INFO     
-------------------- 第 51 轮 | 最大监听: 3.6s --------------------
[2026-04-08 19:33:11] INFO     继电器 ON (开始充电)
[2026-04-08 19:33:11] INFO     继电器执行 -> ON
[2026-04-08 19:33:13] INFO     捕获目标指令: voice_msgnum:9
[2026-04-08 19:33:13] INFO     状态维稳，保持闭合 3.0s
[2026-04-08 19:33:16] INFO     继电器 OFF (切断充电)
[2026-04-08 19:33:16] INFO     继电器执行 -> OFF
[2026-04-08 19:33:16] INFO     物理断电静置 3.0s
[2026-04-08 19:33:19] INFO     【结论】 [PASS] 成功关键字: voice_msgnum:9
[2026-04-08 19:33:19] INFO     统计 -> 成功: 51 | 失败: 0 | 异常: 0 | 成功率: 100.0%
[2026-04-08 19:33:19] INFO     
-------------------- 第 52 轮 | 最大监听: 3.9s --------------------
[2026-04-08 19:33:19] INFO     继电器 ON (开始充电)
[2026-04-08 19:33:19] INFO     继电器执行 -> ON
[2026-04-08 19:33:20] INFO     捕获目标指令: voice_msgnum:9
[2026-04-08 19:33:20] INFO     状态维稳，保持闭合 3.0s
[2026-04-08 19:33:23] INFO     继电器 OFF (切断充电)
[2026-04-08 19:33:24] INFO     继电器执行 -> OFF
[2026-04-08 19:33:24] INFO     物理断电静置 3.0s
[2026-04-08 19:33:27] INFO     【结论】 [PASS] 成功关键字: voice_msgnum:9
[2026-04-08 19:33:27] INFO     统计 -> 成功: 52 | 失败: 0 | 异常: 0 | 成功率: 100.0%
[2026-04-08 19:33:27] INFO     
-------------------- 第 53 轮 | 最大监听: 3.2s --------------------
[2026-04-08 19:33:27] INFO     继电器 ON (开始充电)
[2026-04-08 19:33:27] INFO     继电器执行 -> ON
[2026-04-08 19:33:28] INFO     捕获目标指令: voice_msgnum:9
[2026-04-08 19:33:28] INFO     状态维稳，保持闭合 3.0s
[2026-04-08 19:33:31] INFO     继电器 OFF (切断充电)
[2026-04-08 19:33:31] INFO     继电器执行 -> OFF
[2026-04-08 19:33:31] INFO     物理断电静置 3.0s
[2026-04-08 19:33:34] INFO     【结论】 [PASS] 成功关键字: voice_msgnum:9
[2026-04-08 19:33:34] INFO     统计 -> 成功: 53 | 失败: 0 | 异常: 0 | 成功率: 100.0%
[2026-04-08 19:33:34] INFO     
-------------------- 第 54 轮 | 最大监听: 3.7s --------------------
[2026-04-08 19:33:34] INFO     继电器 ON (开始充电)
[2026-04-08 19:33:34] INFO     继电器执行 -> ON
[2026-04-08 19:33:36] INFO     捕获目标指令: voice_msgnum:9
[2026-04-08 19:33:36] INFO     状态维稳，保持闭合 3.0s
[2026-04-08 19:33:39] INFO     继电器 OFF (切断充电)
[2026-04-08 19:33:39] INFO     继电器执行 -> OFF
[2026-04-08 19:33:39] INFO     物理断电静置 3.0s
[2026-04-08 19:33:42] INFO     【结论】 [PASS] 成功关键字: voice_msgnum:9
[2026-04-08 19:33:42] INFO     统计 -> 成功: 54 | 失败: 0 | 异常: 0 | 成功率: 100.0%
[2026-04-08 19:33:42] INFO     
-------------------- 第 55 轮 | 最大监听: 3.8s --------------------
[2026-04-08 19:33:42] INFO     继电器 ON (开始充电)
[2026-04-08 19:33:42] INFO     继电器执行 -> ON
[2026-04-08 19:33:43] INFO     捕获目标指令: voice_msgnum:9
[2026-04-08 19:33:43] INFO     状态维稳，保持闭合 3.0s
[2026-04-08 19:33:46] INFO     继电器 OFF (切断充电)
[2026-04-08 19:33:46] INFO     继电器执行 -> OFF
[2026-04-08 19:33:46] INFO     物理断电静置 3.0s
[2026-04-08 19:33:49] INFO     【结论】 [PASS] 成功关键字: voice_msgnum:9
[2026-04-08 19:33:49] INFO     统计 -> 成功: 55 | 失败: 0 | 异常: 0 | 成功率: 100.0%
[2026-04-08 19:33:49] INFO     
-------------------- 第 56 轮 | 最大监听: 3.1s --------------------
[2026-04-08 19:33:49] INFO     继电器 ON (开始充电)
[2026-04-08 19:33:49] INFO     继电器执行 -> ON
[2026-04-08 19:33:51] INFO     捕获目标指令: voice_msgnum:9
[2026-04-08 19:33:51] INFO     状态维稳，保持闭合 3.0s
[2026-04-08 19:33:54] INFO     继电器 OFF (切断充电)
[2026-04-08 19:33:54] INFO     继电器执行 -> OFF
[2026-04-08 19:33:54] INFO     物理断电静置 3.0s
[2026-04-08 19:33:57] INFO     【结论】 [PASS] 成功关键字: voice_msgnum:9
[2026-04-08 19:33:57] INFO     统计 -> 成功: 56 | 失败: 0 | 异常: 0 | 成功率: 100.0%
[2026-04-08 19:33:57] INFO     
-------------------- 第 57 轮 | 最大监听: 3.1s --------------------
[2026-04-08 19:33:57] INFO     继电器 ON (开始充电)
[2026-04-08 19:33:57] INFO     继电器执行 -> ON
[2026-04-08 19:33:58] INFO     捕获目标指令: voice_msgnum:9
[2026-04-08 19:33:58] INFO     状态维稳，保持闭合 3.0s
[2026-04-08 19:34:01] INFO     继电器 OFF (切断充电)
[2026-04-08 19:34:02] INFO     继电器执行 -> OFF
[2026-04-08 19:34:02] INFO     物理断电静置 3.0s
[2026-04-08 19:34:05] INFO     【结论】 [PASS] 成功关键字: voice_msgnum:9
[2026-04-08 19:34:05] INFO     统计 -> 成功: 57 | 失败: 0 | 异常: 0 | 成功率: 100.0%
[2026-04-08 19:34:05] INFO     
-------------------- 第 58 轮 | 最大监听: 3.8s --------------------
[2026-04-08 19:34:05] INFO     继电器 ON (开始充电)
[2026-04-08 19:34:05] INFO     继电器执行 -> ON
[2026-04-08 19:34:06] INFO     捕获目标指令: voice_msgnum:9
[2026-04-08 19:34:06] INFO     状态维稳，保持闭合 3.0s
[2026-04-08 19:34:09] INFO     继电器 OFF (切断充电)
[2026-04-08 19:34:09] INFO     继电器执行 -> OFF
[2026-04-08 19:34:09] INFO     物理断电静置 3.0s
[2026-04-08 19:34:12] INFO     【结论】 [PASS] 成功关键字: voice_msgnum:9
[2026-04-08 19:34:12] INFO     统计 -> 成功: 58 | 失败: 0 | 异常: 0 | 成功率: 100.0%
[2026-04-08 19:34:12] INFO     
-------------------- 第 59 轮 | 最大监听: 3.9s --------------------
[2026-04-08 19:34:12] INFO     继电器 ON (开始充电)
[2026-04-08 19:34:12] INFO     继电器执行 -> ON
[2026-04-08 19:34:14] INFO     捕获目标指令: voice_msgnum:9
[2026-04-08 19:34:14] INFO     状态维稳，保持闭合 3.0s
[2026-04-08 19:34:17] INFO     继电器 OFF (切断充电)
[2026-04-08 19:34:17] INFO     继电器执行 -> OFF
[2026-04-08 19:34:17] INFO     物理断电静置 3.0s
[2026-04-08 19:34:20] INFO     【结论】 [PASS] 成功关键字: voice_msgnum:9
[2026-04-08 19:34:20] INFO     统计 -> 成功: 59 | 失败: 0 | 异常: 0 | 成功率: 100.0%
[2026-04-08 19:34:20] INFO     
-------------------- 第 60 轮 | 最大监听: 3.9s --------------------
[2026-04-08 19:34:20] INFO     继电器 ON (开始充电)
[2026-04-08 19:34:20] INFO     继电器执行 -> ON
[2026-04-08 19:34:21] INFO     捕获目标指令: voice_msgnum:9
[2026-04-08 19:34:21] INFO     状态维稳，保持闭合 3.0s
[2026-04-08 19:34:24] INFO     继电器 OFF (切断充电)
[2026-04-08 19:34:24] INFO     继电器执行 -> OFF
[2026-04-08 19:34:24] INFO     物理断电静置 3.0s
[2026-04-08 19:34:27] INFO     【结论】 [PASS] 成功关键字: voice_msgnum:9
[2026-04-08 19:34:27] INFO     统计 -> 成功: 60 | 失败: 0 | 异常: 0 | 成功率: 100.0%
[2026-04-08 19:34:27] INFO     
-------------------- 第 61 轮 | 最大监听: 3.4s --------------------
[2026-04-08 19:34:27] INFO     继电器 ON (开始充电)
[2026-04-08 19:34:27] INFO     继电器执行 -> ON
[2026-04-08 19:34:29] INFO     捕获目标指令: voice_msgnum:9
[2026-04-08 19:34:29] INFO     状态维稳，保持闭合 3.0s
[2026-04-08 19:34:32] INFO     继电器 OFF (切断充电)
[2026-04-08 19:34:32] INFO     继电器执行 -> OFF
[2026-04-08 19:34:32] INFO     物理断电静置 3.0s
[2026-04-08 19:34:35] INFO     【结论】 [PASS] 成功关键字: voice_msgnum:9
[2026-04-08 19:34:35] INFO     统计 -> 成功: 61 | 失败: 0 | 异常: 0 | 成功率: 100.0%
[2026-04-08 19:34:35] INFO     
-------------------- 第 62 轮 | 最大监听: 3.2s --------------------
[2026-04-08 19:34:35] INFO     继电器 ON (开始充电)
[2026-04-08 19:34:35] INFO     继电器执行 -> ON
[2026-04-08 19:34:36] INFO     捕获目标指令: voice_msgnum:9
[2026-04-08 19:34:36] INFO     状态维稳，保持闭合 3.0s
[2026-04-08 19:34:39] INFO     继电器 OFF (切断充电)
[2026-04-08 19:34:40] INFO     继电器执行 -> OFF
[2026-04-08 19:34:40] INFO     物理断电静置 3.0s
[2026-04-08 19:34:43] INFO     【结论】 [PASS] 成功关键字: voice_msgnum:9
[2026-04-08 19:34:43] INFO     统计 -> 成功: 62 | 失败: 0 | 异常: 0 | 成功率: 100.0%
[2026-04-08 19:34:43] INFO     
-------------------- 第 63 轮 | 最大监听: 3.6s --------------------
[2026-04-08 19:34:43] INFO     继电器 ON (开始充电)
[2026-04-08 19:34:43] INFO     继电器执行 -> ON
[2026-04-08 19:34:44] INFO     捕获目标指令: voice_msgnum:9
[2026-04-08 19:34:44] INFO     状态维稳，保持闭合 3.0s
[2026-04-08 19:34:47] INFO     继电器 OFF (切断充电)
[2026-04-08 19:34:47] INFO     继电器执行 -> OFF
[2026-04-08 19:34:47] INFO     物理断电静置 3.0s
[2026-04-08 19:34:50] INFO     【结论】 [PASS] 成功关键字: voice_msgnum:9
[2026-04-08 19:34:50] INFO     统计 -> 成功: 63 | 失败: 0 | 异常: 0 | 成功率: 100.0%
[2026-04-08 19:34:50] INFO     
-------------------- 第 64 轮 | 最大监听: 3.9s --------------------
[2026-04-08 19:34:50] INFO     继电器 ON (开始充电)
[2026-04-08 19:34:50] INFO     继电器执行 -> ON
[2026-04-08 19:34:52] INFO     捕获目标指令: voice_msgnum:9
[2026-04-08 19:34:52] INFO     状态维稳，保持闭合 3.0s
[2026-04-08 19:34:55] INFO     继电器 OFF (切断充电)
[2026-04-08 19:34:55] INFO     继电器执行 -> OFF
[2026-04-08 19:34:55] INFO     物理断电静置 3.0s
[2026-04-08 19:34:58] INFO     【结论】 [PASS] 成功关键字: voice_msgnum:9
[2026-04-08 19:34:58] INFO     统计 -> 成功: 64 | 失败: 0 | 异常: 0 | 成功率: 100.0%
[2026-04-08 19:34:58] INFO     
-------------------- 第 65 轮 | 最大监听: 3.9s --------------------
[2026-04-08 19:34:58] INFO     继电器 ON (开始充电)
[2026-04-08 19:34:58] INFO     继电器执行 -> ON
[2026-04-08 19:34:59] INFO     捕获目标指令: voice_msgnum:9
[2026-04-08 19:34:59] INFO     状态维稳，保持闭合 3.0s
[2026-04-08 19:35:02] INFO     继电器 OFF (切断充电)
[2026-04-08 19:35:02] INFO     继电器执行 -> OFF
[2026-04-08 19:35:02] INFO     物理断电静置 3.0s
[2026-04-08 19:35:05] INFO     【结论】 [PASS] 成功关键字: voice_msgnum:9
[2026-04-08 19:35:05] INFO     统计 -> 成功: 65 | 失败: 0 | 异常: 0 | 成功率: 100.0%
[2026-04-08 19:35:05] INFO     
-------------------- 第 66 轮 | 最大监听: 3.7s --------------------
[2026-04-08 19:35:05] INFO     继电器 ON (开始充电)
[2026-04-08 19:35:05] INFO     继电器执行 -> ON
[2026-04-08 19:35:07] INFO     捕获目标指令: voice_msgnum:9
[2026-04-08 19:35:07] INFO     状态维稳，保持闭合 3.0s
[2026-04-08 19:35:10] INFO     继电器 OFF (切断充电)
[2026-04-08 19:35:10] INFO     继电器执行 -> OFF
[2026-04-08 19:35:10] INFO     物理断电静置 3.0s
[2026-04-08 19:35:13] INFO     【结论】 [PASS] 成功关键字: voice_msgnum:9
[2026-04-08 19:35:13] INFO     统计 -> 成功: 66 | 失败: 0 | 异常: 0 | 成功率: 100.0%
[2026-04-08 19:35:13] INFO     
-------------------- 第 67 轮 | 最大监听: 3.2s --------------------
[2026-04-08 19:35:13] INFO     继电器 ON (开始充电)
[2026-04-08 19:35:13] INFO     继电器执行 -> ON
[2026-04-08 19:35:14] INFO     捕获目标指令: voice_msgnum:9
[2026-04-08 19:35:14] INFO     状态维稳，保持闭合 3.0s
[2026-04-08 19:35:17] INFO     继电器 OFF (切断充电)
[2026-04-08 19:35:18] INFO     继电器执行 -> OFF
[2026-04-08 19:35:18] INFO     物理断电静置 3.0s
[2026-04-08 19:35:21] INFO     【结论】 [PASS] 成功关键字: voice_msgnum:9
[2026-04-08 19:35:21] INFO     统计 -> 成功: 67 | 失败: 0 | 异常: 0 | 成功率: 100.0%
[2026-04-08 19:35:21] INFO     
-------------------- 第 68 轮 | 最大监听: 3.0s --------------------
[2026-04-08 19:35:21] INFO     继电器 ON (开始充电)
[2026-04-08 19:35:21] INFO     继电器执行 -> ON
[2026-04-08 19:35:22] INFO     捕获目标指令: voice_msgnum:9
[2026-04-08 19:35:22] INFO     状态维稳，保持闭合 3.0s
[2026-04-08 19:35:25] INFO     继电器 OFF (切断充电)
[2026-04-08 19:35:25] INFO     继电器执行 -> OFF
[2026-04-08 19:35:25] INFO     物理断电静置 3.0s
[2026-04-08 19:35:28] INFO     【结论】 [PASS] 成功关键字: voice_msgnum:9
[2026-04-08 19:35:28] INFO     统计 -> 成功: 68 | 失败: 0 | 异常: 0 | 成功率: 100.0%
[2026-04-08 19:35:28] INFO     
-------------------- 第 69 轮 | 最大监听: 3.8s --------------------
[2026-04-08 19:35:28] INFO     继电器 ON (开始充电)
[2026-04-08 19:35:28] INFO     继电器执行 -> ON
[2026-04-08 19:35:30] INFO     捕获目标指令: voice_msgnum:9
[2026-04-08 19:35:30] INFO     状态维稳，保持闭合 3.0s
[2026-04-08 19:35:33] INFO     继电器 OFF (切断充电)
[2026-04-08 19:35:33] INFO     继电器执行 -> OFF
[2026-04-08 19:35:33] INFO     物理断电静置 3.0s
[2026-04-08 19:35:36] INFO     【结论】 [PASS] 成功关键字: voice_msgnum:9
[2026-04-08 19:35:36] INFO     统计 -> 成功: 69 | 失败: 0 | 异常: 0 | 成功率: 100.0%
[2026-04-08 19:35:36] INFO     
-------------------- 第 70 轮 | 最大监听: 3.4s --------------------
[2026-04-08 19:35:36] INFO     继电器 ON (开始充电)
[2026-04-08 19:35:36] INFO     继电器执行 -> ON
[2026-04-08 19:35:37] INFO     捕获目标指令: voice_msgnum:9
[2026-04-08 19:35:37] INFO     状态维稳，保持闭合 3.0s
[2026-04-08 19:35:40] INFO     继电器 OFF (切断充电)
[2026-04-08 19:35:40] INFO     继电器执行 -> OFF
[2026-04-08 19:35:40] INFO     物理断电静置 3.0s
[2026-04-08 19:35:43] INFO     【结论】 [PASS] 成功关键字: voice_msgnum:9
[2026-04-08 19:35:43] INFO     统计 -> 成功: 70 | 失败: 0 | 异常: 0 | 成功率: 100.0%
[2026-04-08 19:35:43] INFO     
-------------------- 第 71 轮 | 最大监听: 4.0s --------------------
[2026-04-08 19:35:43] INFO     继电器 ON (开始充电)
[2026-04-08 19:35:43] INFO     继电器执行 -> ON
[2026-04-08 19:35:45] INFO     捕获目标指令: voice_msgnum:9
[2026-04-08 19:35:45] INFO     状态维稳，保持闭合 3.0s
[2026-04-08 19:35:48] INFO     继电器 OFF (切断充电)
[2026-04-08 19:35:48] INFO     继电器执行 -> OFF
[2026-04-08 19:35:48] INFO     物理断电静置 3.0s
[2026-04-08 19:35:51] INFO     【结论】 [PASS] 成功关键字: voice_msgnum:9
[2026-04-08 19:35:51] INFO     统计 -> 成功: 71 | 失败: 0 | 异常: 0 | 成功率: 100.0%
[2026-04-08 19:35:51] INFO     
-------------------- 第 72 轮 | 最大监听: 4.0s --------------------
[2026-04-08 19:35:51] INFO     继电器 ON (开始充电)
[2026-04-08 19:35:51] INFO     继电器执行 -> ON
[2026-04-08 19:35:52] INFO     捕获目标指令: voice_msgnum:9
[2026-04-08 19:35:52] INFO     状态维稳，保持闭合 3.0s
[2026-04-08 19:35:55] INFO     继电器 OFF (切断充电)
[2026-04-08 19:35:56] INFO     继电器执行 -> OFF
[2026-04-08 19:35:56] INFO     物理断电静置 3.0s
[2026-04-08 19:35:59] INFO     【结论】 [PASS] 成功关键字: voice_msgnum:9
[2026-04-08 19:35:59] INFO     统计 -> 成功: 72 | 失败: 0 | 异常: 0 | 成功率: 100.0%
[2026-04-08 19:35:59] INFO     
-------------------- 第 73 轮 | 最大监听: 3.8s --------------------
[2026-04-08 19:35:59] INFO     继电器 ON (开始充电)
[2026-04-08 19:35:59] INFO     继电器执行 -> ON
[2026-04-08 19:36:00] INFO     捕获目标指令: voice_msgnum:9
[2026-04-08 19:36:00] INFO     状态维稳，保持闭合 3.0s
[2026-04-08 19:36:03] INFO     继电器 OFF (切断充电)
[2026-04-08 19:36:03] INFO     继电器执行 -> OFF
[2026-04-08 19:36:03] INFO     物理断电静置 3.0s
[2026-04-08 19:36:06] INFO     【结论】 [PASS] 成功关键字: voice_msgnum:9
[2026-04-08 19:36:06] INFO     统计 -> 成功: 73 | 失败: 0 | 异常: 0 | 成功率: 100.0%
[2026-04-08 19:36:06] INFO     
-------------------- 第 74 轮 | 最大监听: 4.0s --------------------
[2026-04-08 19:36:06] INFO     继电器 ON (开始充电)
[2026-04-08 19:36:06] INFO     继电器执行 -> ON
[2026-04-08 19:36:08] INFO     捕获目标指令: voice_msgnum:9
[2026-04-08 19:36:08] INFO     状态维稳，保持闭合 3.0s
[2026-04-08 19:36:11] INFO     继电器 OFF (切断充电)
[2026-04-08 19:36:11] INFO     继电器执行 -> OFF
[2026-04-08 19:36:11] INFO     物理断电静置 3.0s
[2026-04-08 19:36:14] INFO     【结论】 [PASS] 成功关键字: voice_msgnum:9
[2026-04-08 19:36:14] INFO     统计 -> 成功: 74 | 失败: 0 | 异常: 0 | 成功率: 100.0%
[2026-04-08 19:36:14] INFO     
-------------------- 第 75 轮 | 最大监听: 3.6s --------------------
[2026-04-08 19:36:14] INFO     继电器 ON (开始充电)
[2026-04-08 19:36:14] INFO     继电器执行 -> ON
[2026-04-08 19:36:15] INFO     捕获目标指令: voice_msgnum:9
[2026-04-08 19:36:15] INFO     状态维稳，保持闭合 3.0s
[2026-04-08 19:36:18] INFO     继电器 OFF (切断充电)
[2026-04-08 19:36:18] INFO     继电器执行 -> OFF
[2026-04-08 19:36:18] INFO     物理断电静置 3.0s
[2026-04-08 19:36:21] INFO     【结论】 [PASS] 成功关键字: voice_msgnum:9
[2026-04-08 19:36:21] INFO     统计 -> 成功: 75 | 失败: 0 | 异常: 0 | 成功率: 100.0%
[2026-04-08 19:36:21] INFO     
-------------------- 第 76 轮 | 最大监听: 3.5s --------------------
[2026-04-08 19:36:21] INFO     继电器 ON (开始充电)
[2026-04-08 19:36:21] INFO     继电器执行 -> ON
[2026-04-08 19:36:23] INFO     捕获目标指令: voice_msgnum:9
[2026-04-08 19:36:23] INFO     状态维稳，保持闭合 3.0s
[2026-04-08 19:36:26] INFO     继电器 OFF (切断充电)
[2026-04-08 19:36:26] INFO     继电器执行 -> OFF
[2026-04-08 19:36:26] INFO     物理断电静置 3.0s
[2026-04-08 19:36:29] INFO     【结论】 [PASS] 成功关键字: voice_msgnum:9
[2026-04-08 19:36:29] INFO     统计 -> 成功: 76 | 失败: 0 | 异常: 0 | 成功率: 100.0%
[2026-04-08 19:36:29] INFO     
-------------------- 第 77 轮 | 最大监听: 3.3s --------------------
[2026-04-08 19:36:29] INFO     继电器 ON (开始充电)
[2026-04-08 19:36:29] INFO     继电器执行 -> ON
[2026-04-08 19:36:30] INFO     捕获目标指令: voice_msgnum:9
[2026-04-08 19:36:30] INFO     状态维稳，保持闭合 3.0s
[2026-04-08 19:36:33] INFO     继电器 OFF (切断充电)
[2026-04-08 19:36:34] INFO     继电器执行 -> OFF
[2026-04-08 19:36:34] INFO     物理断电静置 3.0s
[2026-04-08 19:36:37] INFO     【结论】 [PASS] 成功关键字: voice_msgnum:9
[2026-04-08 19:36:37] INFO     统计 -> 成功: 77 | 失败: 0 | 异常: 0 | 成功率: 100.0%
[2026-04-08 19:36:37] INFO     
-------------------- 第 78 轮 | 最大监听: 3.6s --------------------
[2026-04-08 19:36:37] INFO     继电器 ON (开始充电)
[2026-04-08 19:36:37] INFO     继电器执行 -> ON
[2026-04-08 19:36:38] INFO     捕获目标指令: voice_msgnum:9
[2026-04-08 19:36:38] INFO     状态维稳，保持闭合 3.0s
[2026-04-08 19:36:41] INFO     继电器 OFF (切断充电)
[2026-04-08 19:36:41] INFO     继电器执行 -> OFF
[2026-04-08 19:36:41] INFO     物理断电静置 3.0s
[2026-04-08 19:36:44] INFO     【结论】 [PASS] 成功关键字: voice_msgnum:9
[2026-04-08 19:36:44] INFO     统计 -> 成功: 78 | 失败: 0 | 异常: 0 | 成功率: 100.0%
[2026-04-08 19:36:44] INFO     
-------------------- 第 79 轮 | 最大监听: 4.0s --------------------
[2026-04-08 19:36:44] INFO     继电器 ON (开始充电)
[2026-04-08 19:36:44] INFO     继电器执行 -> ON
[2026-04-08 19:36:46] INFO     捕获目标指令: voice_msgnum:9
[2026-04-08 19:36:46] INFO     状态维稳，保持闭合 3.0s
[2026-04-08 19:36:49] INFO     继电器 OFF (切断充电)
[2026-04-08 19:36:49] INFO     继电器执行 -> OFF
[2026-04-08 19:36:49] INFO     物理断电静置 3.0s
[2026-04-08 19:36:52] INFO     【结论】 [PASS] 成功关键字: voice_msgnum:9
[2026-04-08 19:36:52] INFO     统计 -> 成功: 79 | 失败: 0 | 异常: 0 | 成功率: 100.0%
[2026-04-08 19:36:52] INFO     
-------------------- 第 80 轮 | 最大监听: 3.0s --------------------
[2026-04-08 19:36:52] INFO     继电器 ON (开始充电)
[2026-04-08 19:36:52] INFO     继电器执行 -> ON
[2026-04-08 19:36:53] INFO     捕获目标指令: voice_msgnum:9
[2026-04-08 19:36:53] INFO     状态维稳，保持闭合 3.0s
[2026-04-08 19:36:56] INFO     继电器 OFF (切断充电)
[2026-04-08 19:36:56] INFO     继电器执行 -> OFF
[2026-04-08 19:36:56] INFO     物理断电静置 3.0s
[2026-04-08 19:36:59] INFO     【结论】 [PASS] 成功关键字: voice_msgnum:9
[2026-04-08 19:36:59] INFO     统计 -> 成功: 80 | 失败: 0 | 异常: 0 | 成功率: 100.0%
[2026-04-08 19:36:59] INFO     
-------------------- 第 81 轮 | 最大监听: 3.6s --------------------
[2026-04-08 19:36:59] INFO     继电器 ON (开始充电)
[2026-04-08 19:36:59] INFO     继电器执行 -> ON
[2026-04-08 19:37:01] INFO     捕获目标指令: voice_msgnum:9
[2026-04-08 19:37:01] INFO     状态维稳，保持闭合 3.0s
[2026-04-08 19:37:04] INFO     继电器 OFF (切断充电)
[2026-04-08 19:37:04] INFO     继电器执行 -> OFF
[2026-04-08 19:37:04] INFO     物理断电静置 3.0s
[2026-04-08 19:37:07] INFO     【结论】 [PASS] 成功关键字: voice_msgnum:9
[2026-04-08 19:37:07] INFO     统计 -> 成功: 81 | 失败: 0 | 异常: 0 | 成功率: 100.0%
[2026-04-08 19:37:07] INFO     
-------------------- 第 82 轮 | 最大监听: 3.6s --------------------
[2026-04-08 19:37:07] INFO     继电器 ON (开始充电)
[2026-04-08 19:37:07] INFO     继电器执行 -> ON
[2026-04-08 19:37:08] INFO     捕获目标指令: voice_msgnum:9
[2026-04-08 19:37:08] INFO     状态维稳，保持闭合 3.0s
[2026-04-08 19:37:11] INFO     继电器 OFF (切断充电)
[2026-04-08 19:37:12] INFO     继电器执行 -> OFF
[2026-04-08 19:37:12] INFO     物理断电静置 3.0s
[2026-04-08 19:37:15] INFO     【结论】 [PASS] 成功关键字: voice_msgnum:9
[2026-04-08 19:37:15] INFO     统计 -> 成功: 82 | 失败: 0 | 异常: 0 | 成功率: 100.0%
[2026-04-08 19:37:15] INFO     
-------------------- 第 83 轮 | 最大监听: 3.6s --------------------
[2026-04-08 19:37:15] INFO     继电器 ON (开始充电)
[2026-04-08 19:37:15] INFO     继电器执行 -> ON
[2026-04-08 19:37:16] INFO     捕获目标指令: voice_msgnum:9
[2026-04-08 19:37:16] INFO     状态维稳，保持闭合 3.0s
[2026-04-08 19:37:19] INFO     继电器 OFF (切断充电)
[2026-04-08 19:37:19] INFO     继电器执行 -> OFF
[2026-04-08 19:37:19] INFO     物理断电静置 3.0s
[2026-04-08 19:37:22] INFO     【结论】 [PASS] 成功关键字: voice_msgnum:9
[2026-04-08 19:37:22] INFO     统计 -> 成功: 83 | 失败: 0 | 异常: 0 | 成功率: 100.0%
[2026-04-08 19:37:22] INFO     
-------------------- 第 84 轮 | 最大监听: 3.4s --------------------
[2026-04-08 19:37:22] INFO     继电器 ON (开始充电)
[2026-04-08 19:37:22] INFO     继电器执行 -> ON
[2026-04-08 19:37:24] INFO     捕获目标指令: voice_msgnum:9
[2026-04-08 19:37:24] INFO     状态维稳，保持闭合 3.0s
[2026-04-08 19:37:27] INFO     继电器 OFF (切断充电)
[2026-04-08 19:37:27] INFO     继电器执行 -> OFF
[2026-04-08 19:37:27] INFO     物理断电静置 3.0s
[2026-04-08 19:37:30] INFO     【结论】 [PASS] 成功关键字: voice_msgnum:9
[2026-04-08 19:37:30] INFO     统计 -> 成功: 84 | 失败: 0 | 异常: 0 | 成功率: 100.0%
[2026-04-08 19:37:30] INFO     
-------------------- 第 85 轮 | 最大监听: 3.0s --------------------
[2026-04-08 19:37:30] INFO     继电器 ON (开始充电)
[2026-04-08 19:37:30] INFO     继电器执行 -> ON
[2026-04-08 19:37:31] INFO     捕获目标指令: voice_msgnum:9
[2026-04-08 19:37:31] INFO     状态维稳，保持闭合 3.0s
[2026-04-08 19:37:34] INFO     继电器 OFF (切断充电)
[2026-04-08 19:37:34] INFO     继电器执行 -> OFF
[2026-04-08 19:37:34] INFO     物理断电静置 3.0s
[2026-04-08 19:37:37] INFO     【结论】 [PASS] 成功关键字: voice_msgnum:9
[2026-04-08 19:37:37] INFO     统计 -> 成功: 85 | 失败: 0 | 异常: 0 | 成功率: 100.0%
[2026-04-08 19:37:37] INFO     
-------------------- 第 86 轮 | 最大监听: 3.8s --------------------
[2026-04-08 19:37:37] INFO     继电器 ON (开始充电)
[2026-04-08 19:37:37] INFO     继电器执行 -> ON
[2026-04-08 19:37:39] INFO     捕获目标指令: voice_msgnum:9
[2026-04-08 19:37:39] INFO     状态维稳，保持闭合 3.0s
[2026-04-08 19:37:42] INFO     继电器 OFF (切断充电)
[2026-04-08 19:37:42] INFO     继电器执行 -> OFF
[2026-04-08 19:37:42] INFO     物理断电静置 3.0s
[2026-04-08 19:37:45] INFO     【结论】 [PASS] 成功关键字: voice_msgnum:9
[2026-04-08 19:37:45] INFO     统计 -> 成功: 86 | 失败: 0 | 异常: 0 | 成功率: 100.0%
[2026-04-08 19:37:45] INFO     
-------------------- 第 87 轮 | 最大监听: 3.1s --------------------
[2026-04-08 19:37:45] INFO     继电器 ON (开始充电)
[2026-04-08 19:37:45] INFO     继电器执行 -> ON
[2026-04-08 19:37:46] INFO     捕获目标指令: voice_msgnum:9
[2026-04-08 19:37:46] INFO     状态维稳，保持闭合 3.0s
[2026-04-08 19:37:49] INFO     继电器 OFF (切断充电)
[2026-04-08 19:37:50] INFO     继电器执行 -> OFF
[2026-04-08 19:37:50] INFO     物理断电静置 3.0s
[2026-04-08 19:37:53] INFO     【结论】 [PASS] 成功关键字: voice_msgnum:9
[2026-04-08 19:37:53] INFO     统计 -> 成功: 87 | 失败: 0 | 异常: 0 | 成功率: 100.0%
[2026-04-08 19:37:53] INFO     
-------------------- 第 88 轮 | 最大监听: 3.8s --------------------
[2026-04-08 19:37:53] INFO     继电器 ON (开始充电)
[2026-04-08 19:37:53] INFO     继电器执行 -> ON
[2026-04-08 19:37:54] INFO     捕获目标指令: voice_msgnum:9
[2026-04-08 19:37:54] INFO     状态维稳，保持闭合 3.0s
[2026-04-08 19:37:57] INFO     继电器 OFF (切断充电)
[2026-04-08 19:37:57] INFO     继电器执行 -> OFF
[2026-04-08 19:37:57] INFO     物理断电静置 3.0s
[2026-04-08 19:38:00] INFO     【结论】 [PASS] 成功关键字: voice_msgnum:9
[2026-04-08 19:38:00] INFO     统计 -> 成功: 88 | 失败: 0 | 异常: 0 | 成功率: 100.0%
[2026-04-08 19:38:00] INFO     
-------------------- 第 89 轮 | 最大监听: 3.8s --------------------
[2026-04-08 19:38:00] INFO     继电器 ON (开始充电)
[2026-04-08 19:38:00] INFO     继电器执行 -> ON
[2026-04-08 19:38:02] INFO     捕获目标指令: voice_msgnum:9
[2026-04-08 19:38:02] INFO     状态维稳，保持闭合 3.0s
[2026-04-08 19:38:05] INFO     继电器 OFF (切断充电)
[2026-04-08 19:38:05] INFO     继电器执行 -> OFF
[2026-04-08 19:38:05] INFO     物理断电静置 3.0s
[2026-04-08 19:38:08] INFO     【结论】 [PASS] 成功关键字: voice_msgnum:9
[2026-04-08 19:38:08] INFO     统计 -> 成功: 89 | 失败: 0 | 异常: 0 | 成功率: 100.0%
[2026-04-08 19:38:08] INFO     
-------------------- 第 90 轮 | 最大监听: 3.8s --------------------
[2026-04-08 19:38:08] INFO     继电器 ON (开始充电)
[2026-04-08 19:38:08] INFO     继电器执行 -> ON
[2026-04-08 19:38:09] INFO     捕获目标指令: voice_msgnum:9
[2026-04-08 19:38:09] INFO     状态维稳，保持闭合 3.0s
[2026-04-08 19:38:12] INFO     继电器 OFF (切断充电)
[2026-04-08 19:38:12] INFO     继电器执行 -> OFF
[2026-04-08 19:38:12] INFO     物理断电静置 3.0s
[2026-04-08 19:38:15] INFO     【结论】 [PASS] 成功关键字: voice_msgnum:9
[2026-04-08 19:38:15] INFO     统计 -> 成功: 90 | 失败: 0 | 异常: 0 | 成功率: 100.0%
[2026-04-08 19:38:15] INFO     
-------------------- 第 91 轮 | 最大监听: 3.4s --------------------
[2026-04-08 19:38:15] INFO     继电器 ON (开始充电)
[2026-04-08 19:38:15] INFO     继电器执行 -> ON
[2026-04-08 19:38:17] INFO     捕获目标指令: voice_msgnum:9
[2026-04-08 19:38:17] INFO     状态维稳，保持闭合 3.0s
[2026-04-08 19:38:20] INFO     继电器 OFF (切断充电)
[2026-04-08 19:38:20] INFO     继电器执行 -> OFF
[2026-04-08 19:38:20] INFO     物理断电静置 3.0s
[2026-04-08 19:38:23] INFO     【结论】 [PASS] 成功关键字: voice_msgnum:9
[2026-04-08 19:38:23] INFO     统计 -> 成功: 91 | 失败: 0 | 异常: 0 | 成功率: 100.0%
[2026-04-08 19:38:23] INFO     
-------------------- 第 92 轮 | 最大监听: 3.2s --------------------
[2026-04-08 19:38:23] INFO     继电器 ON (开始充电)
[2026-04-08 19:38:23] INFO     继电器执行 -> ON
[2026-04-08 19:38:24] INFO     捕获目标指令: voice_msgnum:9
[2026-04-08 19:38:24] INFO     状态维稳，保持闭合 3.0s
[2026-04-08 19:38:27] INFO     继电器 OFF (切断充电)
[2026-04-08 19:38:28] INFO     继电器执行 -> OFF
[2026-04-08 19:38:28] INFO     物理断电静置 3.0s
[2026-04-08 19:38:31] INFO     【结论】 [PASS] 成功关键字: voice_msgnum:9
[2026-04-08 19:38:31] INFO     统计 -> 成功: 92 | 失败: 0 | 异常: 0 | 成功率: 100.0%
[2026-04-08 19:38:31] INFO     
-------------------- 第 93 轮 | 最大监听: 3.0s --------------------
[2026-04-08 19:38:31] INFO     继电器 ON (开始充电)
[2026-04-08 19:38:31] INFO     继电器执行 -> ON
[2026-04-08 19:38:32] INFO     捕获目标指令: voice_msgnum:9
[2026-04-08 19:38:32] INFO     状态维稳，保持闭合 3.0s
[2026-04-08 19:38:35] INFO     继电器 OFF (切断充电)
[2026-04-08 19:38:35] INFO     继电器执行 -> OFF
[2026-04-08 19:38:35] INFO     物理断电静置 3.0s
[2026-04-08 19:38:38] INFO     【结论】 [PASS] 成功关键字: voice_msgnum:9
[2026-04-08 19:38:38] INFO     统计 -> 成功: 93 | 失败: 0 | 异常: 0 | 成功率: 100.0%
[2026-04-08 19:38:38] INFO     
-------------------- 第 94 轮 | 最大监听: 3.4s --------------------
[2026-04-08 19:38:38] INFO     继电器 ON (开始充电)
[2026-04-08 19:38:38] INFO     继电器执行 -> ON
[2026-04-08 19:38:40] INFO     捕获目标指令: voice_msgnum:9
[2026-04-08 19:38:40] INFO     状态维稳，保持闭合 3.0s
[2026-04-08 19:38:43] INFO     继电器 OFF (切断充电)
[2026-04-08 19:38:43] INFO     继电器执行 -> OFF
[2026-04-08 19:38:43] INFO     物理断电静置 3.0s
[2026-04-08 19:38:46] INFO     【结论】 [PASS] 成功关键字: voice_msgnum:9
[2026-04-08 19:38:46] INFO     统计 -> 成功: 94 | 失败: 0 | 异常: 0 | 成功率: 100.0%
[2026-04-08 19:38:46] INFO     
-------------------- 第 95 轮 | 最大监听: 3.6s --------------------
[2026-04-08 19:38:46] INFO     继电器 ON (开始充电)
[2026-04-08 19:38:46] INFO     继电器执行 -> ON
[2026-04-08 19:38:47] INFO     捕获目标指令: voice_msgnum:9
[2026-04-08 19:38:47] INFO     状态维稳，保持闭合 3.0s
[2026-04-08 19:38:50] INFO     继电器 OFF (切断充电)
[2026-04-08 19:38:50] INFO     继电器执行 -> OFF
[2026-04-08 19:38:50] INFO     物理断电静置 3.0s
[2026-04-08 19:38:53] INFO     【结论】 [PASS] 成功关键字: voice_msgnum:9
[2026-04-08 19:38:53] INFO     统计 -> 成功: 95 | 失败: 0 | 异常: 0 | 成功率: 100.0%
[2026-04-08 19:38:53] INFO     
-------------------- 第 96 轮 | 最大监听: 3.2s --------------------
[2026-04-08 19:38:53] INFO     继电器 ON (开始充电)
[2026-04-08 19:38:53] INFO     继电器执行 -> ON
[2026-04-08 19:38:55] INFO     捕获目标指令: voice_msgnum:9
[2026-04-08 19:38:55] INFO     状态维稳，保持闭合 3.0s
[2026-04-08 19:38:58] INFO     继电器 OFF (切断充电)
[2026-04-08 19:38:58] INFO     继电器执行 -> OFF
[2026-04-08 19:38:58] INFO     物理断电静置 3.0s
[2026-04-08 19:39:01] INFO     【结论】 [PASS] 成功关键字: voice_msgnum:9
[2026-04-08 19:39:01] INFO     统计 -> 成功: 96 | 失败: 0 | 异常: 0 | 成功率: 100.0%
[2026-04-08 19:39:01] INFO     
-------------------- 第 97 轮 | 最大监听: 3.9s --------------------
[2026-04-08 19:39:01] INFO     继电器 ON (开始充电)
[2026-04-08 19:39:01] INFO     继电器执行 -> ON
[2026-04-08 19:39:02] INFO     捕获目标指令: voice_msgnum:9
[2026-04-08 19:39:02] INFO     状态维稳，保持闭合 3.0s
[2026-04-08 19:39:05] INFO     继电器 OFF (切断充电)
[2026-04-08 19:39:06] INFO     继电器执行 -> OFF
[2026-04-08 19:39:06] INFO     物理断电静置 3.0s
[2026-04-08 19:39:09] INFO     【结论】 [PASS] 成功关键字: voice_msgnum:9
[2026-04-08 19:39:09] INFO     统计 -> 成功: 97 | 失败: 0 | 异常: 0 | 成功率: 100.0%
[2026-04-08 19:39:09] INFO     
-------------------- 第 98 轮 | 最大监听: 3.1s --------------------
[2026-04-08 19:39:09] INFO     继电器 ON (开始充电)
[2026-04-08 19:39:09] INFO     继电器执行 -> ON
[2026-04-08 19:39:10] INFO     捕获目标指令: voice_msgnum:9
[2026-04-08 19:39:10] INFO     状态维稳，保持闭合 3.0s
[2026-04-08 19:39:13] INFO     继电器 OFF (切断充电)
[2026-04-08 19:39:13] INFO     继电器执行 -> OFF
[2026-04-08 19:39:13] INFO     物理断电静置 3.0s
[2026-04-08 19:39:16] INFO     【结论】 [PASS] 成功关键字: voice_msgnum:9
[2026-04-08 19:39:16] INFO     统计 -> 成功: 98 | 失败: 0 | 异常: 0 | 成功率: 100.0%
[2026-04-08 19:39:16] INFO     
-------------------- 第 99 轮 | 最大监听: 3.2s --------------------
[2026-04-08 19:39:16] INFO     继电器 ON (开始充电)
[2026-04-08 19:39:16] INFO     继电器执行 -> ON
[2026-04-08 19:39:18] INFO     捕获目标指令: voice_msgnum:9
[2026-04-08 19:39:18] INFO     状态维稳，保持闭合 3.0s
[2026-04-08 19:39:21] INFO     继电器 OFF (切断充电)
[2026-04-08 19:39:21] INFO     继电器执行 -> OFF
[2026-04-08 19:39:21] INFO     物理断电静置 3.0s
[2026-04-08 19:39:24] INFO     【结论】 [PASS] 成功关键字: voice_msgnum:9
[2026-04-08 19:39:24] INFO     统计 -> 成功: 99 | 失败: 0 | 异常: 0 | 成功率: 100.0%
[2026-04-08 19:39:24] INFO     
-------------------- 第 100 轮 | 最大监听: 3.2s --------------------
[2026-04-08 19:39:24] INFO     继电器 ON (开始充电)
[2026-04-08 19:39:24] INFO     继电器执行 -> ON
[2026-04-08 19:39:25] INFO     捕获目标指令: voice_msgnum:9
[2026-04-08 19:39:25] INFO     状态维稳，保持闭合 3.0s
[2026-04-08 19:39:28] INFO     继电器 OFF (切断充电)
[2026-04-08 19:39:28] INFO     继电器执行 -> OFF
[2026-04-08 19:39:28] INFO     物理断电静置 3.0s
[2026-04-08 19:39:31] INFO     【结论】 [PASS] 成功关键字: voice_msgnum:9
[2026-04-08 19:39:31] INFO     统计 -> 成功: 100 | 失败: 0 | 异常: 0 | 成功率: 100.0%
[2026-04-08 19:39:31] INFO     
-------------------- 第 101 轮 | 最大监听: 3.7s --------------------
[2026-04-08 19:39:31] INFO     继电器 ON (开始充电)
[2026-04-08 19:39:31] INFO     继电器执行 -> ON
[2026-04-08 19:39:33] INFO     捕获目标指令: voice_msgnum:9
[2026-04-08 19:39:33] INFO     状态维稳，保持闭合 3.0s
[2026-04-08 19:39:36] INFO     继电器 OFF (切断充电)
[2026-04-08 19:39:36] INFO     继电器执行 -> OFF
[2026-04-08 19:39:36] INFO     物理断电静置 3.0s
[2026-04-08 19:39:39] INFO     【结论】 [PASS] 成功关键字: voice_msgnum:9
[2026-04-08 19:39:39] INFO     统计 -> 成功: 101 | 失败: 0 | 异常: 0 | 成功率: 100.0%
[2026-04-08 19:39:39] INFO     
-------------------- 第 102 轮 | 最大监听: 3.7s --------------------
[2026-04-08 19:39:39] INFO     继电器 ON (开始充电)
[2026-04-08 19:39:39] INFO     继电器执行 -> ON
[2026-04-08 19:39:40] INFO     捕获目标指令: voice_msgnum:9
[2026-04-08 19:39:40] INFO     状态维稳，保持闭合 3.0s
[2026-04-08 19:39:43] INFO     继电器 OFF (切断充电)
[2026-04-08 19:39:44] INFO     继电器执行 -> OFF
[2026-04-08 19:39:44] INFO     物理断电静置 3.0s
[2026-04-08 19:39:47] INFO     【结论】 [PASS] 成功关键字: voice_msgnum:9
[2026-04-08 19:39:47] INFO     统计 -> 成功: 102 | 失败: 0 | 异常: 0 | 成功率: 100.0%
[2026-04-08 19:39:47] INFO     
-------------------- 第 103 轮 | 最大监听: 3.6s --------------------
[2026-04-08 19:39:47] INFO     继电器 ON (开始充电)
[2026-04-08 19:39:47] INFO     继电器执行 -> ON
[2026-04-08 19:39:48] INFO     捕获目标指令: voice_msgnum:9
[2026-04-08 19:39:48] INFO     状态维稳，保持闭合 3.0s
[2026-04-08 19:39:51] INFO     继电器 OFF (切断充电)
[2026-04-08 19:39:51] INFO     继电器执行 -> OFF
[2026-04-08 19:39:51] INFO     物理断电静置 3.0s
[2026-04-08 19:39:54] INFO     【结论】 [PASS] 成功关键字: voice_msgnum:9
[2026-04-08 19:39:54] INFO     统计 -> 成功: 103 | 失败: 0 | 异常: 0 | 成功率: 100.0%
[2026-04-08 19:39:54] INFO     
-------------------- 第 104 轮 | 最大监听: 3.2s --------------------
[2026-04-08 19:39:54] INFO     继电器 ON (开始充电)
[2026-04-08 19:39:54] INFO     继电器执行 -> ON
[2026-04-08 19:39:56] INFO     捕获目标指令: voice_msgnum:9
[2026-04-08 19:39:56] INFO     状态维稳，保持闭合 3.0s
[2026-04-08 19:39:59] INFO     继电器 OFF (切断充电)
[2026-04-08 19:39:59] INFO     继电器执行 -> OFF
[2026-04-08 19:39:59] INFO     物理断电静置 3.0s
[2026-04-08 19:40:02] INFO     【结论】 [PASS] 成功关键字: voice_msgnum:9
[2026-04-08 19:40:02] INFO     统计 -> 成功: 104 | 失败: 0 | 异常: 0 | 成功率: 100.0%
[2026-04-08 19:40:02] INFO     
-------------------- 第 105 轮 | 最大监听: 3.5s --------------------
[2026-04-08 19:40:02] INFO     继电器 ON (开始充电)
[2026-04-08 19:40:02] INFO     继电器执行 -> ON
[2026-04-08 19:40:03] INFO     捕获目标指令: voice_msgnum:9
[2026-04-08 19:40:03] INFO     状态维稳，保持闭合 3.0s
[2026-04-08 19:40:06] INFO     继电器 OFF (切断充电)
[2026-04-08 19:40:06] INFO     继电器执行 -> OFF
[2026-04-08 19:40:06] INFO     物理断电静置 3.0s
[2026-04-08 19:40:09] INFO     【结论】 [PASS] 成功关键字: voice_msgnum:9
[2026-04-08 19:40:09] INFO     统计 -> 成功: 105 | 失败: 0 | 异常: 0 | 成功率: 100.0%
[2026-04-08 19:40:09] INFO     
-------------------- 第 106 轮 | 最大监听: 3.1s --------------------
[2026-04-08 19:40:09] INFO     继电器 ON (开始充电)
[2026-04-08 19:40:09] INFO     继电器执行 -> ON
[2026-04-08 19:40:11] INFO     捕获目标指令: voice_msgnum:9
[2026-04-08 19:40:11] INFO     状态维稳，保持闭合 3.0s
[2026-04-08 19:40:14] INFO     继电器 OFF (切断充电)
[2026-04-08 19:40:14] INFO     继电器执行 -> OFF
[2026-04-08 19:40:14] INFO     物理断电静置 3.0s
[2026-04-08 19:40:17] INFO     【结论】 [PASS] 成功关键字: voice_msgnum:9
[2026-04-08 19:40:17] INFO     统计 -> 成功: 106 | 失败: 0 | 异常: 0 | 成功率: 100.0%
[2026-04-08 19:40:17] INFO     
-------------------- 第 107 轮 | 最大监听: 3.0s --------------------
[2026-04-08 19:40:17] INFO     继电器 ON (开始充电)
[2026-04-08 19:40:17] INFO     继电器执行 -> ON
[2026-04-08 19:40:18] INFO     捕获目标指令: voice_msgnum:9
[2026-04-08 19:40:18] INFO     状态维稳，保持闭合 3.0s
[2026-04-08 19:40:21] INFO     继电器 OFF (切断充电)
[2026-04-08 19:40:22] INFO     继电器执行 -> OFF
[2026-04-08 19:40:22] INFO     物理断电静置 3.0s
[2026-04-08 19:40:25] INFO     【结论】 [PASS] 成功关键字: voice_msgnum:9
[2026-04-08 19:40:25] INFO     统计 -> 成功: 107 | 失败: 0 | 异常: 0 | 成功率: 100.0%
[2026-04-08 19:40:25] INFO     
-------------------- 第 108 轮 | 最大监听: 3.9s --------------------
[2026-04-08 19:40:25] INFO     继电器 ON (开始充电)
[2026-04-08 19:40:25] INFO     继电器执行 -> ON
[2026-04-08 19:40:26] INFO     捕获目标指令: voice_msgnum:9
[2026-04-08 19:40:26] INFO     状态维稳，保持闭合 3.0s
[2026-04-08 19:40:29] INFO     继电器 OFF (切断充电)
[2026-04-08 19:40:29] INFO     继电器执行 -> OFF
[2026-04-08 19:40:29] INFO     物理断电静置 3.0s
[2026-04-08 19:40:32] INFO     【结论】 [PASS] 成功关键字: voice_msgnum:9
[2026-04-08 19:40:32] INFO     统计 -> 成功: 108 | 失败: 0 | 异常: 0 | 成功率: 100.0%
[2026-04-08 19:40:32] INFO     
-------------------- 第 109 轮 | 最大监听: 4.0s --------------------
[2026-04-08 19:40:32] INFO     继电器 ON (开始充电)
[2026-04-08 19:40:32] INFO     继电器执行 -> ON
[2026-04-08 19:40:34] INFO     捕获目标指令: voice_msgnum:9
[2026-04-08 19:40:34] INFO     状态维稳，保持闭合 3.0s
[2026-04-08 19:40:37] INFO     继电器 OFF (切断充电)
[2026-04-08 19:40:37] INFO     继电器执行 -> OFF
[2026-04-08 19:40:37] INFO     物理断电静置 3.0s
[2026-04-08 19:40:40] INFO     【结论】 [PASS] 成功关键字: voice_msgnum:9
[2026-04-08 19:40:40] INFO     统计 -> 成功: 109 | 失败: 0 | 异常: 0 | 成功率: 100.0%
[2026-04-08 19:40:40] INFO     
-------------------- 第 110 轮 | 最大监听: 3.5s --------------------
[2026-04-08 19:40:40] INFO     继电器 ON (开始充电)
[2026-04-08 19:40:40] INFO     继电器执行 -> ON
[2026-04-08 19:40:41] INFO     捕获目标指令: voice_msgnum:9
[2026-04-08 19:40:41] INFO     状态维稳，保持闭合 3.0s
[2026-04-08 19:40:44] INFO     继电器 OFF (切断充电)
[2026-04-08 19:40:44] INFO     继电器执行 -> OFF
[2026-04-08 19:40:44] INFO     物理断电静置 3.0s
[2026-04-08 19:40:47] INFO     【结论】 [PASS] 成功关键字: voice_msgnum:9
[2026-04-08 19:40:47] INFO     统计 -> 成功: 110 | 失败: 0 | 异常: 0 | 成功率: 100.0%
[2026-04-08 19:40:47] INFO     
-------------------- 第 111 轮 | 最大监听: 3.5s --------------------
[2026-04-08 19:40:47] INFO     继电器 ON (开始充电)
[2026-04-08 19:40:47] INFO     继电器执行 -> ON
[2026-04-08 19:40:51] INFO     继电器 OFF (切断充电)
[2026-04-08 19:40:51] INFO     继电器执行 -> OFF
[2026-04-08 19:40:51] INFO     物理断电静置 3.0s
[2026-04-08 19:40:54] WARNING  【结论】 [FAIL] 超时未检测到成功关键字
[2026-04-08 19:40:54] INFO     统计 -> 成功: 110 | 失败: 1 | 异常: 0 | 成功率: 99.1%
[2026-04-08 19:40:54] INFO     
-------------------- 第 112 轮 | 最大监听: 3.9s --------------------
[2026-04-08 19:40:54] INFO     继电器 ON (开始充电)
[2026-04-08 19:40:54] INFO     继电器执行 -> ON
[2026-04-08 19:40:55] INFO     捕获目标指令: voice_msgnum:9
[2026-04-08 19:40:55] INFO     状态维稳，保持闭合 3.0s
[2026-04-08 19:40:58] INFO     继电器 OFF (切断充电)
[2026-04-08 19:40:59] INFO     继电器执行 -> OFF
[2026-04-08 19:40:59] INFO     物理断电静置 3.0s
[2026-04-08 19:41:02] INFO     【结论】 [PASS] 成功关键字: voice_msgnum:9
[2026-04-08 19:41:02] INFO     统计 -> 成功: 111 | 失败: 1 | 异常: 0 | 成功率: 99.1%
[2026-04-08 19:41:02] INFO     
-------------------- 第 113 轮 | 最大监听: 3.7s --------------------
[2026-04-08 19:41:02] INFO     继电器 ON (开始充电)
[2026-04-08 19:41:02] INFO     继电器执行 -> ON
[2026-04-08 19:41:03] INFO     捕获目标指令: voice_msgnum:9
[2026-04-08 19:41:03] INFO     状态维稳，保持闭合 3.0s
[2026-04-08 19:41:06] INFO     继电器 OFF (切断充电)
[2026-04-08 19:41:06] INFO     继电器执行 -> OFF
[2026-04-08 19:41:06] INFO     物理断电静置 3.0s
[2026-04-08 19:41:09] INFO     【结论】 [PASS] 成功关键字: voice_msgnum:9
[2026-04-08 19:41:09] INFO     统计 -> 成功: 112 | 失败: 1 | 异常: 0 | 成功率: 99.1%
[2026-04-08 19:41:09] INFO     
-------------------- 第 114 轮 | 最大监听: 3.5s --------------------
[2026-04-08 19:41:09] INFO     继电器 ON (开始充电)
[2026-04-08 19:41:09] INFO     继电器执行 -> ON
[2026-04-08 19:41:11] INFO     捕获目标指令: voice_msgnum:9
[2026-04-08 19:41:11] INFO     状态维稳，保持闭合 3.0s
[2026-04-08 19:41:14] INFO     继电器 OFF (切断充电)
[2026-04-08 19:41:14] INFO     继电器执行 -> OFF
[2026-04-08 19:41:14] INFO     物理断电静置 3.0s
[2026-04-08 19:41:17] INFO     【结论】 [PASS] 成功关键字: voice_msgnum:9
[2026-04-08 19:41:17] INFO     统计 -> 成功: 113 | 失败: 1 | 异常: 0 | 成功率: 99.1%
[2026-04-08 19:41:17] INFO     
-------------------- 第 115 轮 | 最大监听: 3.3s --------------------
[2026-04-08 19:41:17] INFO     继电器 ON (开始充电)
[2026-04-08 19:41:17] INFO     继电器执行 -> ON
[2026-04-08 19:41:18] INFO     捕获目标指令: voice_msgnum:9
[2026-04-08 19:41:18] INFO     状态维稳，保持闭合 3.0s
[2026-04-08 19:41:21] INFO     继电器 OFF (切断充电)
[2026-04-08 19:41:21] INFO     继电器执行 -> OFF
[2026-04-08 19:41:21] INFO     物理断电静置 3.0s
[2026-04-08 19:41:24] INFO     【结论】 [PASS] 成功关键字: voice_msgnum:9
[2026-04-08 19:41:24] INFO     统计 -> 成功: 114 | 失败: 1 | 异常: 0 | 成功率: 99.1%
[2026-04-08 19:41:24] INFO     
-------------------- 第 116 轮 | 最大监听: 3.1s --------------------
[2026-04-08 19:41:24] INFO     继电器 ON (开始充电)
[2026-04-08 19:41:24] INFO     继电器执行 -> ON
[2026-04-08 19:41:26] INFO     捕获目标指令: voice_msgnum:9
[2026-04-08 19:41:26] INFO     状态维稳，保持闭合 3.0s
[2026-04-08 19:41:29] INFO     继电器 OFF (切断充电)
[2026-04-08 19:41:29] INFO     继电器执行 -> OFF
[2026-04-08 19:41:29] INFO     物理断电静置 3.0s
[2026-04-08 19:41:32] INFO     【结论】 [PASS] 成功关键字: voice_msgnum:9
[2026-04-08 19:41:32] INFO     统计 -> 成功: 115 | 失败: 1 | 异常: 0 | 成功率: 99.1%
[2026-04-08 19:41:32] INFO     
-------------------- 第 117 轮 | 最大监听: 3.5s --------------------
[2026-04-08 19:41:32] INFO     继电器 ON (开始充电)
[2026-04-08 19:41:32] INFO     继电器执行 -> ON
[2026-04-08 19:41:33] INFO     捕获目标指令: voice_msgnum:9
[2026-04-08 19:41:33] INFO     状态维稳，保持闭合 3.0s
[2026-04-08 19:41:36] INFO     继电器 OFF (切断充电)
[2026-04-08 19:41:37] INFO     继电器执行 -> OFF
[2026-04-08 19:41:37] INFO     物理断电静置 3.0s
[2026-04-08 19:41:40] INFO     【结论】 [PASS] 成功关键字: voice_msgnum:9
[2026-04-08 19:41:40] INFO     统计 -> 成功: 116 | 失败: 1 | 异常: 0 | 成功率: 99.1%
[2026-04-08 19:41:40] INFO     
-------------------- 第 118 轮 | 最大监听: 3.5s --------------------
[2026-04-08 19:41:40] INFO     继电器 ON (开始充电)
[2026-04-08 19:41:40] INFO     继电器执行 -> ON
[2026-04-08 19:41:41] INFO     捕获目标指令: voice_msgnum:9
[2026-04-08 19:41:41] INFO     状态维稳，保持闭合 3.0s
[2026-04-08 19:41:44] INFO     继电器 OFF (切断充电)
[2026-04-08 19:41:44] INFO     继电器执行 -> OFF
[2026-04-08 19:41:44] INFO     物理断电静置 3.0s
[2026-04-08 19:41:47] INFO     【结论】 [PASS] 成功关键字: voice_msgnum:9
[2026-04-08 19:41:47] INFO     统计 -> 成功: 117 | 失败: 1 | 异常: 0 | 成功率: 99.2%
[2026-04-08 19:41:47] INFO     
-------------------- 第 119 轮 | 最大监听: 3.6s --------------------
[2026-04-08 19:41:47] INFO     继电器 ON (开始充电)
[2026-04-08 19:41:47] INFO     继电器执行 -> ON
[2026-04-08 19:41:49] INFO     捕获目标指令: voice_msgnum:9
[2026-04-08 19:41:49] INFO     状态维稳，保持闭合 3.0s
[2026-04-08 19:41:52] INFO     继电器 OFF (切断充电)
[2026-04-08 19:41:52] INFO     继电器执行 -> OFF
[2026-04-08 19:41:52] INFO     物理断电静置 3.0s
[2026-04-08 19:41:55] INFO     【结论】 [PASS] 成功关键字: voice_msgnum:9
[2026-04-08 19:41:55] INFO     统计 -> 成功: 118 | 失败: 1 | 异常: 0 | 成功率: 99.2%
[2026-04-08 19:41:55] INFO     
-------------------- 第 120 轮 | 最大监听: 3.2s --------------------
[2026-04-08 19:41:55] INFO     继电器 ON (开始充电)
[2026-04-08 19:41:55] INFO     继电器执行 -> ON
[2026-04-08 19:41:56] INFO     捕获目标指令: voice_msgnum:9
[2026-04-08 19:41:56] INFO     状态维稳，保持闭合 3.0s
[2026-04-08 19:41:59] INFO     继电器 OFF (切断充电)
[2026-04-08 19:41:59] INFO     继电器执行 -> OFF
[2026-04-08 19:41:59] INFO     物理断电静置 3.0s
[2026-04-08 19:42:02] INFO     【结论】 [PASS] 成功关键字: voice_msgnum:9
[2026-04-08 19:42:02] INFO     统计 -> 成功: 119 | 失败: 1 | 异常: 0 | 成功率: 99.2%
[2026-04-08 19:42:02] INFO     
-------------------- 第 121 轮 | 最大监听: 3.9s --------------------
[2026-04-08 19:42:02] INFO     继电器 ON (开始充电)
[2026-04-08 19:42:02] INFO     继电器执行 -> ON
[2026-04-08 19:42:04] INFO     捕获目标指令: voice_msgnum:9
[2026-04-08 19:42:04] INFO     状态维稳，保持闭合 3.0s
[2026-04-08 19:42:07] INFO     继电器 OFF (切断充电)
[2026-04-08 19:42:07] INFO     继电器执行 -> OFF
[2026-04-08 19:42:07] INFO     物理断电静置 3.0s
[2026-04-08 19:42:10] INFO     【结论】 [PASS] 成功关键字: voice_msgnum:9
[2026-04-08 19:42:10] INFO     统计 -> 成功: 120 | 失败: 1 | 异常: 0 | 成功率: 99.2%
[2026-04-08 19:42:10] INFO     
-------------------- 第 122 轮 | 最大监听: 3.7s --------------------
[2026-04-08 19:42:10] INFO     继电器 ON (开始充电)
[2026-04-08 19:42:10] INFO     继电器执行 -> ON
[2026-04-08 19:42:11] INFO     捕获目标指令: voice_msgnum:9
[2026-04-08 19:42:11] INFO     状态维稳，保持闭合 3.0s
[2026-04-08 19:42:14] INFO     继电器 OFF (切断充电)
[2026-04-08 19:42:15] INFO     继电器执行 -> OFF
[2026-04-08 19:42:15] INFO     物理断电静置 3.0s
[2026-04-08 19:42:18] INFO     【结论】 [PASS] 成功关键字: voice_msgnum:9
[2026-04-08 19:42:18] INFO     统计 -> 成功: 121 | 失败: 1 | 异常: 0 | 成功率: 99.2%
[2026-04-08 19:42:18] INFO     
-------------------- 第 123 轮 | 最大监听: 3.7s --------------------
[2026-04-08 19:42:18] INFO     继电器 ON (开始充电)
[2026-04-08 19:42:18] INFO     继电器执行 -> ON
[2026-04-08 19:42:19] INFO     捕获目标指令: voice_msgnum:9
[2026-04-08 19:42:19] INFO     状态维稳，保持闭合 3.0s
[2026-04-08 19:42:22] INFO     继电器 OFF (切断充电)
[2026-04-08 19:42:22] INFO     继电器执行 -> OFF
[2026-04-08 19:42:22] INFO     物理断电静置 3.0s
[2026-04-08 19:42:25] INFO     【结论】 [PASS] 成功关键字: voice_msgnum:9
[2026-04-08 19:42:25] INFO     统计 -> 成功: 122 | 失败: 1 | 异常: 0 | 成功率: 99.2%
[2026-04-08 19:42:25] INFO     
-------------------- 第 124 轮 | 最大监听: 3.3s --------------------
[2026-04-08 19:42:25] INFO     继电器 ON (开始充电)
[2026-04-08 19:42:25] INFO     继电器执行 -> ON
[2026-04-08 19:42:27] INFO     捕获目标指令: voice_msgnum:9
[2026-04-08 19:42:27] INFO     状态维稳，保持闭合 3.0s
[2026-04-08 19:42:30] INFO     继电器 OFF (切断充电)
[2026-04-08 19:42:30] INFO     继电器执行 -> OFF
[2026-04-08 19:42:30] INFO     物理断电静置 3.0s
[2026-04-08 19:42:33] INFO     【结论】 [PASS] 成功关键字: voice_msgnum:9
[2026-04-08 19:42:33] INFO     统计 -> 成功: 123 | 失败: 1 | 异常: 0 | 成功率: 99.2%
[2026-04-08 19:42:33] INFO     
-------------------- 第 125 轮 | 最大监听: 3.3s --------------------
[2026-04-08 19:42:33] INFO     继电器 ON (开始充电)
[2026-04-08 19:42:33] INFO     继电器执行 -> ON
[2026-04-08 19:42:34] INFO     捕获目标指令: voice_msgnum:9
[2026-04-08 19:42:34] INFO     状态维稳，保持闭合 3.0s
[2026-04-08 19:42:37] INFO     继电器 OFF (切断充电)
[2026-04-08 19:42:37] INFO     继电器执行 -> OFF
[2026-04-08 19:42:37] INFO     物理断电静置 3.0s
[2026-04-08 19:42:40] INFO     【结论】 [PASS] 成功关键字: voice_msgnum:9
[2026-04-08 19:42:40] INFO     统计 -> 成功: 124 | 失败: 1 | 异常: 0 | 成功率: 99.2%
[2026-04-08 19:42:40] INFO     
-------------------- 第 126 轮 | 最大监听: 3.0s --------------------
[2026-04-08 19:42:40] INFO     继电器 ON (开始充电)
[2026-04-08 19:42:40] INFO     继电器执行 -> ON
[2026-04-08 19:42:42] INFO     捕获目标指令: voice_msgnum:9
[2026-04-08 19:42:42] INFO     状态维稳，保持闭合 3.0s
[2026-04-08 19:42:45] INFO     继电器 OFF (切断充电)
[2026-04-08 19:42:45] INFO     继电器执行 -> OFF
[2026-04-08 19:42:45] INFO     物理断电静置 3.0s
[2026-04-08 19:42:48] INFO     【结论】 [PASS] 成功关键字: voice_msgnum:9
[2026-04-08 19:42:48] INFO     统计 -> 成功: 125 | 失败: 1 | 异常: 0 | 成功率: 99.2%
[2026-04-08 19:42:48] INFO     
-------------------- 第 127 轮 | 最大监听: 4.0s --------------------
[2026-04-08 19:42:48] INFO     继电器 ON (开始充电)
[2026-04-08 19:42:48] INFO     继电器执行 -> ON
[2026-04-08 19:42:49] INFO     捕获目标指令: voice_msgnum:9
[2026-04-08 19:42:49] INFO     状态维稳，保持闭合 3.0s
[2026-04-08 19:42:52] INFO     继电器 OFF (切断充电)
[2026-04-08 19:42:53] INFO     继电器执行 -> OFF
[2026-04-08 19:42:53] INFO     物理断电静置 3.0s
[2026-04-08 19:42:56] INFO     【结论】 [PASS] 成功关键字: voice_msgnum:9
[2026-04-08 19:42:56] INFO     统计 -> 成功: 126 | 失败: 1 | 异常: 0 | 成功率: 99.2%
[2026-04-08 19:42:56] INFO     
-------------------- 第 128 轮 | 最大监听: 3.2s --------------------
[2026-04-08 19:42:56] INFO     继电器 ON (开始充电)
[2026-04-08 19:42:56] INFO     继电器执行 -> ON
[2026-04-08 19:42:57] INFO     捕获目标指令: voice_msgnum:9
[2026-04-08 19:42:57] INFO     状态维稳，保持闭合 3.0s
[2026-04-08 19:43:00] INFO     继电器 OFF (切断充电)
[2026-04-08 19:43:00] INFO     继电器执行 -> OFF
[2026-04-08 19:43:00] INFO     物理断电静置 3.0s
[2026-04-08 19:43:03] INFO     【结论】 [PASS] 成功关键字: voice_msgnum:9
[2026-04-08 19:43:03] INFO     统计 -> 成功: 127 | 失败: 1 | 异常: 0 | 成功率: 99.2%
[2026-04-08 19:43:03] INFO     
-------------------- 第 129 轮 | 最大监听: 3.5s --------------------
[2026-04-08 19:43:03] INFO     继电器 ON (开始充电)
[2026-04-08 19:43:03] INFO     继电器执行 -> ON
[2026-04-08 19:43:05] INFO     捕获目标指令: voice_msgnum:9
[2026-04-08 19:43:05] INFO     状态维稳，保持闭合 3.0s
[2026-04-08 19:43:08] INFO     继电器 OFF (切断充电)
[2026-04-08 19:43:08] INFO     继电器执行 -> OFF
[2026-04-08 19:43:08] INFO     物理断电静置 3.0s
[2026-04-08 19:43:11] INFO     【结论】 [PASS] 成功关键字: voice_msgnum:9
[2026-04-08 19:43:11] INFO     统计 -> 成功: 128 | 失败: 1 | 异常: 0 | 成功率: 99.2%
[2026-04-08 19:43:11] INFO     
-------------------- 第 130 轮 | 最大监听: 3.7s --------------------
[2026-04-08 19:43:11] INFO     继电器 ON (开始充电)
[2026-04-08 19:43:11] INFO     继电器执行 -> ON
[2026-04-08 19:43:12] INFO     捕获目标指令: voice_msgnum:9
[2026-04-08 19:43:12] INFO     状态维稳，保持闭合 3.0s
[2026-04-08 19:43:15] INFO     继电器 OFF (切断充电)
[2026-04-08 19:43:15] INFO     继电器执行 -> OFF
[2026-04-08 19:43:15] INFO     物理断电静置 3.0s
[2026-04-08 19:43:18] INFO     【结论】 [PASS] 成功关键字: voice_msgnum:9
[2026-04-08 19:43:18] INFO     统计 -> 成功: 129 | 失败: 1 | 异常: 0 | 成功率: 99.2%
[2026-04-08 19:43:18] INFO     
-------------------- 第 131 轮 | 最大监听: 3.3s --------------------
[2026-04-08 19:43:18] INFO     继电器 ON (开始充电)
[2026-04-08 19:43:18] INFO     继电器执行 -> ON
[2026-04-08 19:43:20] INFO     捕获目标指令: voice_msgnum:9
[2026-04-08 19:43:20] INFO     状态维稳，保持闭合 3.0s
[2026-04-08 19:43:23] INFO     继电器 OFF (切断充电)
[2026-04-08 19:43:23] INFO     继电器执行 -> OFF
[2026-04-08 19:43:23] INFO     物理断电静置 3.0s
[2026-04-08 19:43:26] INFO     【结论】 [PASS] 成功关键字: voice_msgnum:9
[2026-04-08 19:43:26] INFO     统计 -> 成功: 130 | 失败: 1 | 异常: 0 | 成功率: 99.2%
[2026-04-08 19:43:26] INFO     
-------------------- 第 132 轮 | 最大监听: 3.4s --------------------
[2026-04-08 19:43:26] INFO     继电器 ON (开始充电)
[2026-04-08 19:43:26] INFO     继电器执行 -> ON
[2026-04-08 19:43:27] INFO     捕获目标指令: voice_msgnum:9
[2026-04-08 19:43:27] INFO     状态维稳，保持闭合 3.0s
[2026-04-08 19:43:30] INFO     继电器 OFF (切断充电)
[2026-04-08 19:43:31] INFO     继电器执行 -> OFF
[2026-04-08 19:43:31] INFO     物理断电静置 3.0s
[2026-04-08 19:43:34] INFO     【结论】 [PASS] 成功关键字: voice_msgnum:9
[2026-04-08 19:43:34] INFO     统计 -> 成功: 131 | 失败: 1 | 异常: 0 | 成功率: 99.2%
[2026-04-08 19:43:34] INFO     
-------------------- 第 133 轮 | 最大监听: 3.0s --------------------
[2026-04-08 19:43:34] INFO     继电器 ON (开始充电)
[2026-04-08 19:43:34] INFO     继电器执行 -> ON
[2026-04-08 19:43:35] INFO     捕获目标指令: voice_msgnum:9
[2026-04-08 19:43:35] INFO     状态维稳，保持闭合 3.0s
[2026-04-08 19:43:38] INFO     继电器 OFF (切断充电)
[2026-04-08 19:43:38] INFO     继电器执行 -> OFF
[2026-04-08 19:43:38] INFO     物理断电静置 3.0s
[2026-04-08 19:43:41] INFO     【结论】 [PASS] 成功关键字: voice_msgnum:9
[2026-04-08 19:43:41] INFO     统计 -> 成功: 132 | 失败: 1 | 异常: 0 | 成功率: 99.2%
[2026-04-08 19:43:41] INFO     
-------------------- 第 134 轮 | 最大监听: 3.7s --------------------
[2026-04-08 19:43:41] INFO     继电器 ON (开始充电)
[2026-04-08 19:43:41] INFO     继电器执行 -> ON
[2026-04-08 19:43:43] INFO     捕获目标指令: voice_msgnum:9
[2026-04-08 19:43:43] INFO     状态维稳，保持闭合 3.0s
[2026-04-08 19:43:46] INFO     继电器 OFF (切断充电)
[2026-04-08 19:43:46] INFO     继电器执行 -> OFF
[2026-04-08 19:43:46] INFO     物理断电静置 3.0s
[2026-04-08 19:43:49] INFO     【结论】 [PASS] 成功关键字: voice_msgnum:9
[2026-04-08 19:43:49] INFO     统计 -> 成功: 133 | 失败: 1 | 异常: 0 | 成功率: 99.3%
[2026-04-08 19:43:49] INFO     
-------------------- 第 135 轮 | 最大监听: 3.9s --------------------
[2026-04-08 19:43:49] INFO     继电器 ON (开始充电)
[2026-04-08 19:43:49] INFO     继电器执行 -> ON
[2026-04-08 19:43:50] INFO     捕获目标指令: voice_msgnum:9
[2026-04-08 19:43:50] INFO     状态维稳，保持闭合 3.0s
[2026-04-08 19:43:53] INFO     继电器 OFF (切断充电)
[2026-04-08 19:43:53] INFO     继电器执行 -> OFF
[2026-04-08 19:43:53] INFO     物理断电静置 3.0s
[2026-04-08 19:43:56] INFO     【结论】 [PASS] 成功关键字: voice_msgnum:9
[2026-04-08 19:43:56] INFO     统计 -> 成功: 134 | 失败: 1 | 异常: 0 | 成功率: 99.3%
[2026-04-08 19:43:56] INFO     
-------------------- 第 136 轮 | 最大监听: 3.3s --------------------
[2026-04-08 19:43:56] INFO     继电器 ON (开始充电)
[2026-04-08 19:43:56] INFO     继电器执行 -> ON
[2026-04-08 19:43:58] INFO     捕获目标指令: voice_msgnum:9
[2026-04-08 19:43:58] INFO     状态维稳，保持闭合 3.0s
[2026-04-08 19:44:01] INFO     继电器 OFF (切断充电)
[2026-04-08 19:44:01] INFO     继电器执行 -> OFF
[2026-04-08 19:44:01] INFO     物理断电静置 3.0s
[2026-04-08 19:44:04] INFO     【结论】 [PASS] 成功关键字: voice_msgnum:9
[2026-04-08 19:44:04] INFO     统计 -> 成功: 135 | 失败: 1 | 异常: 0 | 成功率: 99.3%
[2026-04-08 19:44:04] INFO     
-------------------- 第 137 轮 | 最大监听: 3.7s --------------------
[2026-04-08 19:44:04] INFO     继电器 ON (开始充电)
[2026-04-08 19:44:04] INFO     继电器执行 -> ON
[2026-04-08 19:44:05] INFO     捕获目标指令: voice_msgnum:9
[2026-04-08 19:44:05] INFO     状态维稳，保持闭合 3.0s
[2026-04-08 19:44:08] INFO     继电器 OFF (切断充电)
[2026-04-08 19:44:09] INFO     继电器执行 -> OFF
[2026-04-08 19:44:09] INFO     物理断电静置 3.0s
[2026-04-08 19:44:12] INFO     【结论】 [PASS] 成功关键字: voice_msgnum:9
[2026-04-08 19:44:12] INFO     统计 -> 成功: 136 | 失败: 1 | 异常: 0 | 成功率: 99.3%
[2026-04-08 19:44:12] INFO     
-------------------- 第 138 轮 | 最大监听: 3.5s --------------------
[2026-04-08 19:44:12] INFO     继电器 ON (开始充电)
[2026-04-08 19:44:12] INFO     继电器执行 -> ON
[2026-04-08 19:44:13] INFO     捕获目标指令: voice_msgnum:9
[2026-04-08 19:44:13] INFO     状态维稳，保持闭合 3.0s
[2026-04-08 19:44:16] INFO     继电器 OFF (切断充电)
[2026-04-08 19:44:16] INFO     继电器执行 -> OFF
[2026-04-08 19:44:16] INFO     物理断电静置 3.0s
[2026-04-08 19:44:19] INFO     【结论】 [PASS] 成功关键字: voice_msgnum:9
[2026-04-08 19:44:19] INFO     统计 -> 成功: 137 | 失败: 1 | 异常: 0 | 成功率: 99.3%
[2026-04-08 19:44:19] INFO     
-------------------- 第 139 轮 | 最大监听: 3.8s --------------------
[2026-04-08 19:44:19] INFO     继电器 ON (开始充电)
[2026-04-08 19:44:19] INFO     继电器执行 -> ON
[2026-04-08 19:44:21] INFO     捕获目标指令: voice_msgnum:9
[2026-04-08 19:44:21] INFO     状态维稳，保持闭合 3.0s
[2026-04-08 19:44:24] INFO     继电器 OFF (切断充电)
[2026-04-08 19:44:24] INFO     继电器执行 -> OFF
[2026-04-08 19:44:24] INFO     物理断电静置 3.0s
[2026-04-08 19:44:27] INFO     【结论】 [PASS] 成功关键字: voice_msgnum:9
[2026-04-08 19:44:27] INFO     统计 -> 成功: 138 | 失败: 1 | 异常: 0 | 成功率: 99.3%
[2026-04-08 19:44:27] INFO     
-------------------- 第 140 轮 | 最大监听: 3.3s --------------------
[2026-04-08 19:44:27] INFO     继电器 ON (开始充电)
[2026-04-08 19:44:27] INFO     继电器执行 -> ON
[2026-04-08 19:44:28] INFO     捕获目标指令: voice_msgnum:9
[2026-04-08 19:44:28] INFO     状态维稳，保持闭合 3.0s
[2026-04-08 19:44:31] INFO     继电器 OFF (切断充电)
[2026-04-08 19:44:31] INFO     继电器执行 -> OFF
[2026-04-08 19:44:31] INFO     物理断电静置 3.0s
[2026-04-08 19:44:34] INFO     【结论】 [PASS] 成功关键字: voice_msgnum:9
[2026-04-08 19:44:34] INFO     统计 -> 成功: 139 | 失败: 1 | 异常: 0 | 成功率: 99.3%
[2026-04-08 19:44:34] INFO     
-------------------- 第 141 轮 | 最大监听: 3.9s --------------------
[2026-04-08 19:44:34] INFO     继电器 ON (开始充电)
[2026-04-08 19:44:34] INFO     继电器执行 -> ON
[2026-04-08 19:44:36] INFO     捕获目标指令: voice_msgnum:9
[2026-04-08 19:44:36] INFO     状态维稳，保持闭合 3.0s
[2026-04-08 19:44:39] INFO     继电器 OFF (切断充电)
[2026-04-08 19:44:39] INFO     继电器执行 -> OFF
[2026-04-08 19:44:39] INFO     物理断电静置 3.0s
[2026-04-08 19:44:42] INFO     【结论】 [PASS] 成功关键字: voice_msgnum:9
[2026-04-08 19:44:42] INFO     统计 -> 成功: 140 | 失败: 1 | 异常: 0 | 成功率: 99.3%
[2026-04-08 19:44:42] INFO     
-------------------- 第 142 轮 | 最大监听: 3.5s --------------------
[2026-04-08 19:44:42] INFO     继电器 ON (开始充电)
[2026-04-08 19:44:42] INFO     继电器执行 -> ON
[2026-04-08 19:44:43] INFO     捕获目标指令: voice_msgnum:9
[2026-04-08 19:44:43] INFO     状态维稳，保持闭合 3.0s
[2026-04-08 19:44:47] INFO     继电器 OFF (切断充电)
[2026-04-08 19:44:47] INFO     继电器执行 -> OFF
[2026-04-08 19:44:47] INFO     物理断电静置 3.0s
[2026-04-08 19:44:50] INFO     【结论】 [PASS] 成功关键字: voice_msgnum:9
[2026-04-08 19:44:50] INFO     统计 -> 成功: 141 | 失败: 1 | 异常: 0 | 成功率: 99.3%
[2026-04-08 19:44:50] INFO     
-------------------- 第 143 轮 | 最大监听: 3.4s --------------------
[2026-04-08 19:44:50] INFO     继电器 ON (开始充电)
[2026-04-08 19:44:50] INFO     继电器执行 -> ON
[2026-04-08 19:44:51] INFO     捕获目标指令: voice_msgnum:9
[2026-04-08 19:44:51] INFO     状态维稳，保持闭合 3.0s
[2026-04-08 19:44:54] INFO     继电器 OFF (切断充电)
[2026-04-08 19:44:54] INFO     继电器执行 -> OFF
[2026-04-08 19:44:54] INFO     物理断电静置 3.0s
[2026-04-08 19:44:57] INFO     【结论】 [PASS] 成功关键字: voice_msgnum:9
[2026-04-08 19:44:57] INFO     统计 -> 成功: 142 | 失败: 1 | 异常: 0 | 成功率: 99.3%
[2026-04-08 19:44:57] INFO     
-------------------- 第 144 轮 | 最大监听: 3.3s --------------------
[2026-04-08 19:44:57] INFO     继电器 ON (开始充电)
[2026-04-08 19:44:57] INFO     继电器执行 -> ON
[2026-04-08 19:44:59] INFO     捕获目标指令: voice_msgnum:9
[2026-04-08 19:44:59] INFO     状态维稳，保持闭合 3.0s
[2026-04-08 19:45:02] INFO     继电器 OFF (切断充电)
[2026-04-08 19:45:02] INFO     继电器执行 -> OFF
[2026-04-08 19:45:02] INFO     物理断电静置 3.0s
[2026-04-08 19:45:05] INFO     【结论】 [PASS] 成功关键字: voice_msgnum:9
[2026-04-08 19:45:05] INFO     统计 -> 成功: 143 | 失败: 1 | 异常: 0 | 成功率: 99.3%
[2026-04-08 19:45:05] INFO     
-------------------- 第 145 轮 | 最大监听: 3.9s --------------------
[2026-04-08 19:45:05] INFO     继电器 ON (开始充电)
[2026-04-08 19:45:05] INFO     继电器执行 -> ON
[2026-04-08 19:45:06] INFO     捕获目标指令: voice_msgnum:9
[2026-04-08 19:45:06] INFO     状态维稳，保持闭合 3.0s
[2026-04-08 19:45:09] INFO     继电器 OFF (切断充电)
[2026-04-08 19:45:09] INFO     继电器执行 -> OFF
[2026-04-08 19:45:09] INFO     物理断电静置 3.0s
[2026-04-08 19:45:12] INFO     【结论】 [PASS] 成功关键字: voice_msgnum:9
[2026-04-08 19:45:12] INFO     统计 -> 成功: 144 | 失败: 1 | 异常: 0 | 成功率: 99.3%
[2026-04-08 19:45:12] INFO     
-------------------- 第 146 轮 | 最大监听: 3.5s --------------------
[2026-04-08 19:45:12] INFO     继电器 ON (开始充电)
[2026-04-08 19:45:12] INFO     继电器执行 -> ON
[2026-04-08 19:45:14] INFO     捕获目标指令: voice_msgnum:9
[2026-04-08 19:45:14] INFO     状态维稳，保持闭合 3.0s
[2026-04-08 19:45:17] INFO     继电器 OFF (切断充电)
[2026-04-08 19:45:17] INFO     继电器执行 -> OFF
[2026-04-08 19:45:17] INFO     物理断电静置 3.0s
[2026-04-08 19:45:20] INFO     【结论】 [PASS] 成功关键字: voice_msgnum:9
[2026-04-08 19:45:20] INFO     统计 -> 成功: 145 | 失败: 1 | 异常: 0 | 成功率: 99.3%
[2026-04-08 19:45:20] INFO     
-------------------- 第 147 轮 | 最大监听: 3.1s --------------------
[2026-04-08 19:45:20] INFO     继电器 ON (开始充电)
[2026-04-08 19:45:20] INFO     继电器执行 -> ON
[2026-04-08 19:45:21] INFO     捕获目标指令: voice_msgnum:9
[2026-04-08 19:45:21] INFO     状态维稳，保持闭合 3.0s
[2026-04-08 19:45:24] INFO     继电器 OFF (切断充电)
[2026-04-08 19:45:25] INFO     继电器执行 -> OFF
[2026-04-08 19:45:25] INFO     物理断电静置 3.0s
[2026-04-08 19:45:28] INFO     【结论】 [PASS] 成功关键字: voice_msgnum:9
[2026-04-08 19:45:28] INFO     统计 -> 成功: 146 | 失败: 1 | 异常: 0 | 成功率: 99.3%
[2026-04-08 19:45:28] INFO     
-------------------- 第 148 轮 | 最大监听: 4.0s --------------------
[2026-04-08 19:45:28] INFO     继电器 ON (开始充电)
[2026-04-08 19:45:28] INFO     继电器执行 -> ON
[2026-04-08 19:45:29] INFO     捕获目标指令: voice_msgnum:9
[2026-04-08 19:45:29] INFO     状态维稳，保持闭合 3.0s
[2026-04-08 19:45:32] INFO     继电器 OFF (切断充电)
[2026-04-08 19:45:32] INFO     继电器执行 -> OFF
[2026-04-08 19:45:32] INFO     物理断电静置 3.0s
[2026-04-08 19:45:35] INFO     【结论】 [PASS] 成功关键字: voice_msgnum:9
[2026-04-08 19:45:35] INFO     统计 -> 成功: 147 | 失败: 1 | 异常: 0 | 成功率: 99.3%
[2026-04-08 19:45:35] INFO     
-------------------- 第 149 轮 | 最大监听: 3.3s --------------------
[2026-04-08 19:45:35] INFO     继电器 ON (开始充电)
[2026-04-08 19:45:35] INFO     继电器执行 -> ON
[2026-04-08 19:45:37] INFO     捕获目标指令: voice_msgnum:9
[2026-04-08 19:45:37] INFO     状态维稳，保持闭合 3.0s
[2026-04-08 19:45:40] INFO     继电器 OFF (切断充电)
[2026-04-08 19:45:40] INFO     继电器执行 -> OFF
[2026-04-08 19:45:40] INFO     物理断电静置 3.0s
[2026-04-08 19:45:43] INFO     【结论】 [PASS] 成功关键字: voice_msgnum:9
[2026-04-08 19:45:43] INFO     统计 -> 成功: 148 | 失败: 1 | 异常: 0 | 成功率: 99.3%
[2026-04-08 19:45:43] INFO     
-------------------- 第 150 轮 | 最大监听: 3.7s --------------------
[2026-04-08 19:45:43] INFO     继电器 ON (开始充电)
[2026-04-08 19:45:43] INFO     继电器执行 -> ON
[2026-04-08 19:45:44] INFO     捕获目标指令: voice_msgnum:9
[2026-04-08 19:45:44] INFO     状态维稳，保持闭合 3.0s
[2026-04-08 19:45:47] INFO     继电器 OFF (切断充电)
[2026-04-08 19:45:47] INFO     继电器执行 -> OFF
[2026-04-08 19:45:47] INFO     物理断电静置 3.0s
[2026-04-08 19:45:50] INFO     【结论】 [PASS] 成功关键字: voice_msgnum:9
[2026-04-08 19:45:50] INFO     统计 -> 成功: 149 | 失败: 1 | 异常: 0 | 成功率: 99.3%
[2026-04-08 19:45:50] INFO     
-------------------- 第 151 轮 | 最大监听: 3.8s --------------------
[2026-04-08 19:45:50] INFO     继电器 ON (开始充电)
[2026-04-08 19:45:50] INFO     继电器执行 -> ON
[2026-04-08 19:45:52] INFO     捕获目标指令: voice_msgnum:9
[2026-04-08 19:45:52] INFO     状态维稳，保持闭合 3.0s
[2026-04-08 19:45:55] INFO     继电器 OFF (切断充电)
[2026-04-08 19:45:55] INFO     继电器执行 -> OFF
[2026-04-08 19:45:55] INFO     物理断电静置 3.0s
[2026-04-08 19:45:58] INFO     【结论】 [PASS] 成功关键字: voice_msgnum:9
[2026-04-08 19:45:58] INFO     统计 -> 成功: 150 | 失败: 1 | 异常: 0 | 成功率: 99.3%
[2026-04-08 19:45:58] INFO     
-------------------- 第 152 轮 | 最大监听: 3.9s --------------------
[2026-04-08 19:45:58] INFO     继电器 ON (开始充电)
[2026-04-08 19:45:58] INFO     继电器执行 -> ON
[2026-04-08 19:45:59] INFO     捕获目标指令: voice_msgnum:9
[2026-04-08 19:45:59] INFO     状态维稳，保持闭合 3.0s
[2026-04-08 19:46:02] INFO     继电器 OFF (切断充电)
[2026-04-08 19:46:03] INFO     继电器执行 -> OFF
[2026-04-08 19:46:03] INFO     物理断电静置 3.0s
[2026-04-08 19:46:06] INFO     【结论】 [PASS] 成功关键字: voice_msgnum:9
[2026-04-08 19:46:06] INFO     统计 -> 成功: 151 | 失败: 1 | 异常: 0 | 成功率: 99.3%
[2026-04-08 19:46:06] INFO     
-------------------- 第 153 轮 | 最大监听: 3.3s --------------------
[2026-04-08 19:46:06] INFO     继电器 ON (开始充电)
[2026-04-08 19:46:06] INFO     继电器执行 -> ON
[2026-04-08 19:46:07] INFO     捕获目标指令: voice_msgnum:9
[2026-04-08 19:46:07] INFO     状态维稳，保持闭合 3.0s
[2026-04-08 19:46:10] INFO     继电器 OFF (切断充电)
[2026-04-08 19:46:10] INFO     继电器执行 -> OFF
[2026-04-08 19:46:10] INFO     物理断电静置 3.0s
[2026-04-08 19:46:13] INFO     【结论】 [PASS] 成功关键字: voice_msgnum:9
[2026-04-08 19:46:13] INFO     统计 -> 成功: 152 | 失败: 1 | 异常: 0 | 成功率: 99.3%
[2026-04-08 19:46:13] INFO     
-------------------- 第 154 轮 | 最大监听: 3.1s --------------------
[2026-04-08 19:46:13] INFO     继电器 ON (开始充电)
[2026-04-08 19:46:13] INFO     继电器执行 -> ON
[2026-04-08 19:46:15] INFO     捕获目标指令: voice_msgnum:9
[2026-04-08 19:46:15] INFO     状态维稳，保持闭合 3.0s
[2026-04-08 19:46:18] INFO     继电器 OFF (切断充电)
[2026-04-08 19:46:18] INFO     继电器执行 -> OFF
[2026-04-08 19:46:18] INFO     物理断电静置 3.0s
[2026-04-08 19:46:21] INFO     【结论】 [PASS] 成功关键字: voice_msgnum:9
[2026-04-08 19:46:21] INFO     统计 -> 成功: 153 | 失败: 1 | 异常: 0 | 成功率: 99.4%
[2026-04-08 19:46:21] INFO     
-------------------- 第 155 轮 | 最大监听: 3.0s --------------------
[2026-04-08 19:46:21] INFO     继电器 ON (开始充电)
[2026-04-08 19:46:21] INFO     继电器执行 -> ON
[2026-04-08 19:46:22] INFO     捕获目标指令: voice_msgnum:9
[2026-04-08 19:46:22] INFO     状态维稳，保持闭合 3.0s
[2026-04-08 19:46:25] INFO     继电器 OFF (切断充电)
[2026-04-08 19:46:25] INFO     继电器执行 -> OFF
[2026-04-08 19:46:25] INFO     物理断电静置 3.0s
[2026-04-08 19:46:28] INFO     【结论】 [PASS] 成功关键字: voice_msgnum:9
[2026-04-08 19:46:28] INFO     统计 -> 成功: 154 | 失败: 1 | 异常: 0 | 成功率: 99.4%
[2026-04-08 19:46:28] INFO     
-------------------- 第 156 轮 | 最大监听: 4.0s --------------------
[2026-04-08 19:46:28] INFO     继电器 ON (开始充电)
[2026-04-08 19:46:28] INFO     继电器执行 -> ON
[2026-04-08 19:46:30] INFO     捕获目标指令: voice_msgnum:9
[2026-04-08 19:46:30] INFO     状态维稳，保持闭合 3.0s
[2026-04-08 19:46:33] INFO     继电器 OFF (切断充电)
[2026-04-08 19:46:33] INFO     继电器执行 -> OFF
[2026-04-08 19:46:33] INFO     物理断电静置 3.0s
[2026-04-08 19:46:36] INFO     【结论】 [PASS] 成功关键字: voice_msgnum:9
[2026-04-08 19:46:36] INFO     统计 -> 成功: 155 | 失败: 1 | 异常: 0 | 成功率: 99.4%
[2026-04-08 19:46:36] INFO     
-------------------- 第 157 轮 | 最大监听: 4.0s --------------------
[2026-04-08 19:46:36] INFO     继电器 ON (开始充电)
[2026-04-08 19:46:36] INFO     继电器执行 -> ON
[2026-04-08 19:46:37] INFO     捕获目标指令: voice_msgnum:9
[2026-04-08 19:46:37] INFO     状态维稳，保持闭合 3.0s
[2026-04-08 19:46:40] INFO     继电器 OFF (切断充电)
[2026-04-08 19:46:41] INFO     继电器执行 -> OFF
[2026-04-08 19:46:41] INFO     物理断电静置 3.0s
[2026-04-08 19:46:44] INFO     【结论】 [PASS] 成功关键字: voice_msgnum:9
[2026-04-08 19:46:44] INFO     统计 -> 成功: 156 | 失败: 1 | 异常: 0 | 成功率: 99.4%
[2026-04-08 19:46:44] INFO     
-------------------- 第 158 轮 | 最大监听: 3.7s --------------------
[2026-04-08 19:46:44] INFO     继电器 ON (开始充电)
[2026-04-08 19:46:44] INFO     继电器执行 -> ON
[2026-04-08 19:46:45] INFO     捕获目标指令: voice_msgnum:9
[2026-04-08 19:46:45] INFO     状态维稳，保持闭合 3.0s
[2026-04-08 19:46:48] INFO     继电器 OFF (切断充电)
[2026-04-08 19:46:48] INFO     继电器执行 -> OFF
[2026-04-08 19:46:48] INFO     物理断电静置 3.0s
[2026-04-08 19:46:51] INFO     【结论】 [PASS] 成功关键字: voice_msgnum:9
[2026-04-08 19:46:51] INFO     统计 -> 成功: 157 | 失败: 1 | 异常: 0 | 成功率: 99.4%
[2026-04-08 19:46:51] INFO     
-------------------- 第 159 轮 | 最大监听: 3.6s --------------------
[2026-04-08 19:46:51] INFO     继电器 ON (开始充电)
[2026-04-08 19:46:51] INFO     继电器执行 -> ON
[2026-04-08 19:46:53] INFO     捕获目标指令: voice_msgnum:9
[2026-04-08 19:46:53] INFO     状态维稳，保持闭合 3.0s
[2026-04-08 19:46:56] INFO     继电器 OFF (切断充电)
[2026-04-08 19:46:56] INFO     继电器执行 -> OFF
[2026-04-08 19:46:56] INFO     物理断电静置 3.0s
[2026-04-08 19:46:59] INFO     【结论】 [PASS] 成功关键字: voice_msgnum:9
[2026-04-08 19:46:59] INFO     统计 -> 成功: 158 | 失败: 1 | 异常: 0 | 成功率: 99.4%
[2026-04-08 19:46:59] INFO     
-------------------- 第 160 轮 | 最大监听: 3.9s --------------------
[2026-04-08 19:46:59] INFO     继电器 ON (开始充电)
[2026-04-08 19:46:59] INFO     继电器执行 -> ON
[2026-04-08 19:47:00] INFO     捕获目标指令: voice_msgnum:9
[2026-04-08 19:47:00] INFO     状态维稳，保持闭合 3.0s
[2026-04-08 19:47:03] INFO     继电器 OFF (切断充电)
[2026-04-08 19:47:03] INFO     继电器执行 -> OFF
[2026-04-08 19:47:03] INFO     物理断电静置 3.0s
[2026-04-08 19:47:06] INFO     【结论】 [PASS] 成功关键字: voice_msgnum:9
[2026-04-08 19:47:06] INFO     统计 -> 成功: 159 | 失败: 1 | 异常: 0 | 成功率: 99.4%
[2026-04-08 19:47:06] INFO     
-------------------- 第 161 轮 | 最大监听: 3.9s --------------------
[2026-04-08 19:47:06] INFO     继电器 ON (开始充电)
[2026-04-08 19:47:06] INFO     继电器执行 -> ON
[2026-04-08 19:47:08] INFO     捕获目标指令: voice_msgnum:9
[2026-04-08 19:47:08] INFO     状态维稳，保持闭合 3.0s
[2026-04-08 19:47:11] INFO     继电器 OFF (切断充电)
[2026-04-08 19:47:11] INFO     继电器执行 -> OFF
[2026-04-08 19:47:11] INFO     物理断电静置 3.0s
[2026-04-08 19:47:14] INFO     【结论】 [PASS] 成功关键字: voice_msgnum:9
[2026-04-08 19:47:14] INFO     统计 -> 成功: 160 | 失败: 1 | 异常: 0 | 成功率: 99.4%
[2026-04-08 19:47:14] INFO     
-------------------- 第 162 轮 | 最大监听: 4.0s --------------------
[2026-04-08 19:47:14] INFO     继电器 ON (开始充电)
[2026-04-08 19:47:14] INFO     继电器执行 -> ON
[2026-04-08 19:47:15] INFO     捕获目标指令: voice_msgnum:9
[2026-04-08 19:47:15] INFO     状态维稳，保持闭合 3.0s
[2026-04-08 19:47:18] INFO     继电器 OFF (切断充电)
[2026-04-08 19:47:19] INFO     继电器执行 -> OFF
[2026-04-08 19:47:19] INFO     物理断电静置 3.0s
[2026-04-08 19:47:22] INFO     【结论】 [PASS] 成功关键字: voice_msgnum:9
[2026-04-08 19:47:22] INFO     统计 -> 成功: 161 | 失败: 1 | 异常: 0 | 成功率: 99.4%
[2026-04-08 19:47:22] INFO     
-------------------- 第 163 轮 | 最大监听: 3.4s --------------------
[2026-04-08 19:47:22] INFO     继电器 ON (开始充电)
[2026-04-08 19:47:22] INFO     继电器执行 -> ON
[2026-04-08 19:47:23] INFO     捕获目标指令: voice_msgnum:9
[2026-04-08 19:47:23] INFO     状态维稳，保持闭合 3.0s
[2026-04-08 19:47:26] INFO     继电器 OFF (切断充电)
[2026-04-08 19:47:26] INFO     继电器执行 -> OFF
[2026-04-08 19:47:26] INFO     物理断电静置 3.0s
[2026-04-08 19:47:29] INFO     【结论】 [PASS] 成功关键字: voice_msgnum:9
[2026-04-08 19:47:29] INFO     统计 -> 成功: 162 | 失败: 1 | 异常: 0 | 成功率: 99.4%
[2026-04-08 19:47:29] INFO     
-------------------- 第 164 轮 | 最大监听: 3.4s --------------------
[2026-04-08 19:47:29] INFO     继电器 ON (开始充电)
[2026-04-08 19:47:29] INFO     继电器执行 -> ON
[2026-04-08 19:47:31] INFO     捕获目标指令: voice_msgnum:9
[2026-04-08 19:47:31] INFO     状态维稳，保持闭合 3.0s
[2026-04-08 19:47:34] INFO     继电器 OFF (切断充电)
[2026-04-08 19:47:34] INFO     继电器执行 -> OFF
[2026-04-08 19:47:34] INFO     物理断电静置 3.0s
[2026-04-08 19:47:37] INFO     【结论】 [PASS] 成功关键字: voice_msgnum:9
[2026-04-08 19:47:37] INFO     统计 -> 成功: 163 | 失败: 1 | 异常: 0 | 成功率: 99.4%
[2026-04-08 19:47:37] INFO     
-------------------- 第 165 轮 | 最大监听: 3.7s --------------------
[2026-04-08 19:47:37] INFO     继电器 ON (开始充电)
[2026-04-08 19:47:37] INFO     继电器执行 -> ON
[2026-04-08 19:47:38] INFO     捕获目标指令: voice_msgnum:9
[2026-04-08 19:47:38] INFO     状态维稳，保持闭合 3.0s
[2026-04-08 19:47:41] INFO     继电器 OFF (切断充电)
[2026-04-08 19:47:41] INFO     继电器执行 -> OFF
[2026-04-08 19:47:41] INFO     物理断电静置 3.0s
[2026-04-08 19:47:44] INFO     【结论】 [PASS] 成功关键字: voice_msgnum:9
[2026-04-08 19:47:44] INFO     统计 -> 成功: 164 | 失败: 1 | 异常: 0 | 成功率: 99.4%
[2026-04-08 19:47:44] INFO     
-------------------- 第 166 轮 | 最大监听: 3.0s --------------------
[2026-04-08 19:47:44] INFO     继电器 ON (开始充电)
[2026-04-08 19:47:44] INFO     继电器执行 -> ON
[2026-04-08 19:47:46] INFO     捕获目标指令: voice_msgnum:9
[2026-04-08 19:47:46] INFO     状态维稳，保持闭合 3.0s
[2026-04-08 19:47:49] INFO     继电器 OFF (切断充电)
[2026-04-08 19:47:49] INFO     继电器执行 -> OFF
[2026-04-08 19:47:49] INFO     物理断电静置 3.0s
[2026-04-08 19:47:52] INFO     【结论】 [PASS] 成功关键字: voice_msgnum:9
[2026-04-08 19:47:52] INFO     统计 -> 成功: 165 | 失败: 1 | 异常: 0 | 成功率: 99.4%
[2026-04-08 19:47:52] INFO     
-------------------- 第 167 轮 | 最大监听: 3.1s --------------------
[2026-04-08 19:47:52] INFO     继电器 ON (开始充电)
[2026-04-08 19:47:52] INFO     继电器执行 -> ON
[2026-04-08 19:47:53] INFO     捕获目标指令: voice_msgnum:9
[2026-04-08 19:47:53] INFO     状态维稳，保持闭合 3.0s
[2026-04-08 19:47:56] INFO     继电器 OFF (切断充电)
[2026-04-08 19:47:57] INFO     继电器执行 -> OFF
[2026-04-08 19:47:57] INFO     物理断电静置 3.0s
[2026-04-08 19:48:00] INFO     【结论】 [PASS] 成功关键字: voice_msgnum:9
[2026-04-08 19:48:00] INFO     统计 -> 成功: 166 | 失败: 1 | 异常: 0 | 成功率: 99.4%
[2026-04-08 19:48:00] INFO     
-------------------- 第 168 轮 | 最大监听: 3.2s --------------------
[2026-04-08 19:48:00] INFO     继电器 ON (开始充电)
[2026-04-08 19:48:00] INFO     继电器执行 -> ON
[2026-04-08 19:48:01] INFO     捕获目标指令: voice_msgnum:9
[2026-04-08 19:48:01] INFO     状态维稳，保持闭合 3.0s
[2026-04-08 19:48:04] INFO     继电器 OFF (切断充电)
[2026-04-08 19:48:04] INFO     继电器执行 -> OFF
[2026-04-08 19:48:04] INFO     物理断电静置 3.0s
[2026-04-08 19:48:07] INFO     【结论】 [PASS] 成功关键字: voice_msgnum:9
[2026-04-08 19:48:07] INFO     统计 -> 成功: 167 | 失败: 1 | 异常: 0 | 成功率: 99.4%
[2026-04-08 19:48:07] INFO     
-------------------- 第 169 轮 | 最大监听: 3.8s --------------------
[2026-04-08 19:48:07] INFO     继电器 ON (开始充电)
[2026-04-08 19:48:07] INFO     继电器执行 -> ON
[2026-04-08 19:48:09] INFO     捕获目标指令: voice_msgnum:9
[2026-04-08 19:48:09] INFO     状态维稳，保持闭合 3.0s
[2026-04-08 19:48:12] INFO     继电器 OFF (切断充电)
[2026-04-08 19:48:12] INFO     继电器执行 -> OFF
[2026-04-08 19:48:12] INFO     物理断电静置 3.0s
[2026-04-08 19:48:15] INFO     【结论】 [PASS] 成功关键字: voice_msgnum:9
[2026-04-08 19:48:15] INFO     统计 -> 成功: 168 | 失败: 1 | 异常: 0 | 成功率: 99.4%
[2026-04-08 19:48:15] INFO     
-------------------- 第 170 轮 | 最大监听: 3.1s --------------------
[2026-04-08 19:48:15] INFO     继电器 ON (开始充电)
[2026-04-08 19:48:15] INFO     继电器执行 -> ON
[2026-04-08 19:48:16] INFO     捕获目标指令: voice_msgnum:9
[2026-04-08 19:48:16] INFO     状态维稳，保持闭合 3.0s
[2026-04-08 19:48:19] INFO     继电器 OFF (切断充电)
[2026-04-08 19:48:19] INFO     继电器执行 -> OFF
[2026-04-08 19:48:19] INFO     物理断电静置 3.0s
[2026-04-08 19:48:22] INFO     【结论】 [PASS] 成功关键字: voice_msgnum:9
[2026-04-08 19:48:22] INFO     统计 -> 成功: 169 | 失败: 1 | 异常: 0 | 成功率: 99.4%
[2026-04-08 19:48:22] INFO     
-------------------- 第 171 轮 | 最大监听: 3.5s --------------------
[2026-04-08 19:48:22] INFO     继电器 ON (开始充电)
[2026-04-08 19:48:22] INFO     继电器执行 -> ON
[2026-04-08 19:48:24] INFO     捕获目标指令: voice_msgnum:9
[2026-04-08 19:48:24] INFO     状态维稳，保持闭合 3.0s
[2026-04-08 19:48:27] INFO     继电器 OFF (切断充电)
[2026-04-08 19:48:27] INFO     继电器执行 -> OFF
[2026-04-08 19:48:27] INFO     物理断电静置 3.0s
[2026-04-08 19:48:30] INFO     【结论】 [PASS] 成功关键字: voice_msgnum:9
[2026-04-08 19:48:30] INFO     统计 -> 成功: 170 | 失败: 1 | 异常: 0 | 成功率: 99.4%
[2026-04-08 19:48:30] INFO     
-------------------- 第 172 轮 | 最大监听: 3.2s --------------------
[2026-04-08 19:48:30] INFO     继电器 ON (开始充电)
[2026-04-08 19:48:30] INFO     继电器执行 -> ON
[2026-04-08 19:48:31] INFO     捕获目标指令: voice_msgnum:9
[2026-04-08 19:48:31] INFO     状态维稳，保持闭合 3.0s
[2026-04-08 19:48:35] INFO     继电器 OFF (切断充电)
[2026-04-08 19:48:35] INFO     继电器执行 -> OFF
[2026-04-08 19:48:35] INFO     物理断电静置 3.0s
[2026-04-08 19:48:38] INFO     【结论】 [PASS] 成功关键字: voice_msgnum:9
[2026-04-08 19:48:38] INFO     统计 -> 成功: 171 | 失败: 1 | 异常: 0 | 成功率: 99.4%
[2026-04-08 19:48:38] INFO     
-------------------- 第 173 轮 | 最大监听: 4.0s --------------------
[2026-04-08 19:48:38] INFO     继电器 ON (开始充电)
[2026-04-08 19:48:38] INFO     继电器执行 -> ON
[2026-04-08 19:48:39] INFO     捕获目标指令: voice_msgnum:9
[2026-04-08 19:48:39] INFO     状态维稳，保持闭合 3.0s
[2026-04-08 19:48:42] INFO     继电器 OFF (切断充电)
[2026-04-08 19:48:42] INFO     继电器执行 -> OFF
[2026-04-08 19:48:42] INFO     物理断电静置 3.0s
[2026-04-08 19:48:45] INFO     【结论】 [PASS] 成功关键字: voice_msgnum:9
[2026-04-08 19:48:45] INFO     统计 -> 成功: 172 | 失败: 1 | 异常: 0 | 成功率: 99.4%
[2026-04-08 19:48:45] INFO     
-------------------- 第 174 轮 | 最大监听: 3.2s --------------------
[2026-04-08 19:48:45] INFO     继电器 ON (开始充电)
[2026-04-08 19:48:45] INFO     继电器执行 -> ON
[2026-04-08 19:48:47] INFO     捕获目标指令: voice_msgnum:9
[2026-04-08 19:48:47] INFO     状态维稳，保持闭合 3.0s
[2026-04-08 19:48:50] INFO     继电器 OFF (切断充电)
[2026-04-08 19:48:50] INFO     继电器执行 -> OFF
[2026-04-08 19:48:50] INFO     物理断电静置 3.0s
[2026-04-08 19:48:53] INFO     【结论】 [PASS] 成功关键字: voice_msgnum:9
[2026-04-08 19:48:53] INFO     统计 -> 成功: 173 | 失败: 1 | 异常: 0 | 成功率: 99.4%
[2026-04-08 19:48:53] INFO     
-------------------- 第 175 轮 | 最大监听: 3.2s --------------------
[2026-04-08 19:48:53] INFO     继电器 ON (开始充电)
[2026-04-08 19:48:53] INFO     继电器执行 -> ON
[2026-04-08 19:48:54] INFO     捕获目标指令: voice_msgnum:9
[2026-04-08 19:48:54] INFO     状态维稳，保持闭合 3.0s
[2026-04-08 19:48:57] INFO     继电器 OFF (切断充电)
[2026-04-08 19:48:57] INFO     继电器执行 -> OFF
[2026-04-08 19:48:57] INFO     物理断电静置 3.0s
[2026-04-08 19:49:00] INFO     【结论】 [PASS] 成功关键字: voice_msgnum:9
[2026-04-08 19:49:00] INFO     统计 -> 成功: 174 | 失败: 1 | 异常: 0 | 成功率: 99.4%
[2026-04-08 19:49:00] INFO     
-------------------- 第 176 轮 | 最大监听: 3.6s --------------------
[2026-04-08 19:49:00] INFO     继电器 ON (开始充电)
[2026-04-08 19:49:00] INFO     继电器执行 -> ON
[2026-04-08 19:49:02] INFO     捕获目标指令: voice_msgnum:9
[2026-04-08 19:49:02] INFO     状态维稳，保持闭合 3.0s
[2026-04-08 19:49:05] INFO     继电器 OFF (切断充电)
[2026-04-08 19:49:05] INFO     继电器执行 -> OFF
[2026-04-08 19:49:05] INFO     物理断电静置 3.0s
[2026-04-08 19:49:08] INFO     【结论】 [PASS] 成功关键字: voice_msgnum:9
[2026-04-08 19:49:08] INFO     统计 -> 成功: 175 | 失败: 1 | 异常: 0 | 成功率: 99.4%
[2026-04-08 19:49:08] INFO     
-------------------- 第 177 轮 | 最大监听: 3.8s --------------------
[2026-04-08 19:49:08] INFO     继电器 ON (开始充电)
[2026-04-08 19:49:08] INFO     继电器执行 -> ON
[2026-04-08 19:49:09] INFO     捕获目标指令: voice_msgnum:9
[2026-04-08 19:49:09] INFO     状态维稳，保持闭合 3.0s
[2026-04-08 19:49:13] INFO     继电器 OFF (切断充电)
[2026-04-08 19:49:13] INFO     继电器执行 -> OFF
[2026-04-08 19:49:13] INFO     物理断电静置 3.0s
[2026-04-08 19:49:16] INFO     【结论】 [PASS] 成功关键字: voice_msgnum:9
[2026-04-08 19:49:16] INFO     统计 -> 成功: 176 | 失败: 1 | 异常: 0 | 成功率: 99.4%
[2026-04-08 19:49:16] INFO     
-------------------- 第 178 轮 | 最大监听: 3.2s --------------------
[2026-04-08 19:49:16] INFO     继电器 ON (开始充电)
[2026-04-08 19:49:16] INFO     继电器执行 -> ON
[2026-04-08 19:49:17] INFO     捕获目标指令: voice_msgnum:9
[2026-04-08 19:49:17] INFO     状态维稳，保持闭合 3.0s
[2026-04-08 19:49:20] INFO     继电器 OFF (切断充电)
[2026-04-08 19:49:20] INFO     继电器执行 -> OFF
[2026-04-08 19:49:20] INFO     物理断电静置 3.0s
[2026-04-08 19:49:23] INFO     【结论】 [PASS] 成功关键字: voice_msgnum:9
[2026-04-08 19:49:23] INFO     统计 -> 成功: 177 | 失败: 1 | 异常: 0 | 成功率: 99.4%
[2026-04-08 19:49:23] INFO     
-------------------- 第 179 轮 | 最大监听: 3.5s --------------------
[2026-04-08 19:49:23] INFO     继电器 ON (开始充电)
[2026-04-08 19:49:23] INFO     继电器执行 -> ON
[2026-04-08 19:49:25] INFO     捕获目标指令: voice_msgnum:9
[2026-04-08 19:49:25] INFO     状态维稳，保持闭合 3.0s
[2026-04-08 19:49:28] INFO     继电器 OFF (切断充电)
[2026-04-08 19:49:28] INFO     继电器执行 -> OFF
[2026-04-08 19:49:28] INFO     物理断电静置 3.0s
[2026-04-08 19:49:31] INFO     【结论】 [PASS] 成功关键字: voice_msgnum:9
[2026-04-08 19:49:31] INFO     统计 -> 成功: 178 | 失败: 1 | 异常: 0 | 成功率: 99.4%
[2026-04-08 19:49:31] INFO     
-------------------- 第 180 轮 | 最大监听: 3.9s --------------------
[2026-04-08 19:49:31] INFO     继电器 ON (开始充电)
[2026-04-08 19:49:31] INFO     继电器执行 -> ON
[2026-04-08 19:49:32] INFO     捕获目标指令: voice_msgnum:9
[2026-04-08 19:49:32] INFO     状态维稳，保持闭合 3.0s
[2026-04-08 19:49:35] INFO     继电器 OFF (切断充电)
[2026-04-08 19:49:35] INFO     继电器执行 -> OFF
[2026-04-08 19:49:35] INFO     物理断电静置 3.0s
[2026-04-08 19:49:38] INFO     【结论】 [PASS] 成功关键字: voice_msgnum:9
[2026-04-08 19:49:38] INFO     统计 -> 成功: 179 | 失败: 1 | 异常: 0 | 成功率: 99.4%
[2026-04-08 19:49:38] INFO     
-------------------- 第 181 轮 | 最大监听: 3.4s --------------------
[2026-04-08 19:49:38] INFO     继电器 ON (开始充电)
[2026-04-08 19:49:38] INFO     继电器执行 -> ON
[2026-04-08 19:49:40] INFO     捕获目标指令: voice_msgnum:9
[2026-04-08 19:49:40] INFO     状态维稳，保持闭合 3.0s
[2026-04-08 19:49:43] INFO     继电器 OFF (切断充电)
[2026-04-08 19:49:43] INFO     继电器执行 -> OFF
[2026-04-08 19:49:43] INFO     物理断电静置 3.0s
[2026-04-08 19:49:46] INFO     【结论】 [PASS] 成功关键字: voice_msgnum:9
[2026-04-08 19:49:46] INFO     统计 -> 成功: 180 | 失败: 1 | 异常: 0 | 成功率: 99.4%
[2026-04-08 19:49:46] INFO     
-------------------- 第 182 轮 | 最大监听: 4.0s --------------------
[2026-04-08 19:49:46] INFO     继电器 ON (开始充电)
[2026-04-08 19:49:46] INFO     继电器执行 -> ON
[2026-04-08 19:49:47] INFO     捕获目标指令: voice_msgnum:9
[2026-04-08 19:49:47] INFO     状态维稳，保持闭合 3.0s
[2026-04-08 19:49:50] INFO     继电器 OFF (切断充电)
[2026-04-08 19:49:51] INFO     继电器执行 -> OFF
[2026-04-08 19:49:51] INFO     物理断电静置 3.0s
[2026-04-08 19:49:54] INFO     【结论】 [PASS] 成功关键字: voice_msgnum:9
[2026-04-08 19:49:54] INFO     统计 -> 成功: 181 | 失败: 1 | 异常: 0 | 成功率: 99.5%
[2026-04-08 19:49:54] INFO     
-------------------- 第 183 轮 | 最大监听: 3.1s --------------------
[2026-04-08 19:49:54] INFO     继电器 ON (开始充电)
[2026-04-08 19:49:54] INFO     继电器执行 -> ON
[2026-04-08 19:49:55] INFO     捕获目标指令: voice_msgnum:9
[2026-04-08 19:49:55] INFO     状态维稳，保持闭合 3.0s
[2026-04-08 19:49:58] INFO     继电器 OFF (切断充电)
[2026-04-08 19:49:58] INFO     继电器执行 -> OFF
[2026-04-08 19:49:58] INFO     物理断电静置 3.0s
[2026-04-08 19:50:01] INFO     【结论】 [PASS] 成功关键字: voice_msgnum:9
[2026-04-08 19:50:01] INFO     统计 -> 成功: 182 | 失败: 1 | 异常: 0 | 成功率: 99.5%
[2026-04-08 19:50:01] INFO     
-------------------- 第 184 轮 | 最大监听: 3.2s --------------------
[2026-04-08 19:50:01] INFO     继电器 ON (开始充电)
[2026-04-08 19:50:01] INFO     继电器执行 -> ON
[2026-04-08 19:50:03] INFO     捕获目标指令: voice_msgnum:9
[2026-04-08 19:50:03] INFO     状态维稳，保持闭合 3.0s
[2026-04-08 19:50:06] INFO     继电器 OFF (切断充电)
[2026-04-08 19:50:06] INFO     继电器执行 -> OFF
[2026-04-08 19:50:06] INFO     物理断电静置 3.0s
[2026-04-08 19:50:09] INFO     【结论】 [PASS] 成功关键字: voice_msgnum:9
[2026-04-08 19:50:09] INFO     统计 -> 成功: 183 | 失败: 1 | 异常: 0 | 成功率: 99.5%
[2026-04-08 19:50:09] INFO     
-------------------- 第 185 轮 | 最大监听: 3.7s --------------------
[2026-04-08 19:50:09] INFO     继电器 ON (开始充电)
[2026-04-08 19:50:09] INFO     继电器执行 -> ON
[2026-04-08 19:50:10] INFO     捕获目标指令: voice_msgnum:9
[2026-04-08 19:50:10] INFO     状态维稳，保持闭合 3.0s
[2026-04-08 19:50:13] INFO     继电器 OFF (切断充电)
[2026-04-08 19:50:13] INFO     继电器执行 -> OFF
[2026-04-08 19:50:13] INFO     物理断电静置 3.0s
[2026-04-08 19:50:16] INFO     【结论】 [PASS] 成功关键字: voice_msgnum:9
[2026-04-08 19:50:16] INFO     统计 -> 成功: 184 | 失败: 1 | 异常: 0 | 成功率: 99.5%
[2026-04-08 19:50:16] INFO     
-------------------- 第 186 轮 | 最大监听: 3.9s --------------------
[2026-04-08 19:50:16] INFO     继电器 ON (开始充电)
[2026-04-08 19:50:16] INFO     继电器执行 -> ON
[2026-04-08 19:50:18] INFO     捕获目标指令: voice_msgnum:9
[2026-04-08 19:50:18] INFO     状态维稳，保持闭合 3.0s
[2026-04-08 19:50:21] INFO     继电器 OFF (切断充电)
[2026-04-08 19:50:21] INFO     继电器执行 -> OFF
[2026-04-08 19:50:21] INFO     物理断电静置 3.0s
[2026-04-08 19:50:24] INFO     【结论】 [PASS] 成功关键字: voice_msgnum:9
[2026-04-08 19:50:24] INFO     统计 -> 成功: 185 | 失败: 1 | 异常: 0 | 成功率: 99.5%
[2026-04-08 19:50:24] INFO     
-------------------- 第 187 轮 | 最大监听: 3.9s --------------------
[2026-04-08 19:50:24] INFO     继电器 ON (开始充电)
[2026-04-08 19:50:24] INFO     继电器执行 -> ON
[2026-04-08 19:50:25] INFO     捕获目标指令: voice_msgnum:9
[2026-04-08 19:50:25] INFO     状态维稳，保持闭合 3.0s
[2026-04-08 19:50:28] INFO     继电器 OFF (切断充电)
[2026-04-08 19:50:29] INFO     继电器执行 -> OFF
[2026-04-08 19:50:29] INFO     物理断电静置 3.0s
[2026-04-08 19:50:32] INFO     【结论】 [PASS] 成功关键字: voice_msgnum:9
[2026-04-08 19:50:32] INFO     统计 -> 成功: 186 | 失败: 1 | 异常: 0 | 成功率: 99.5%
[2026-04-08 19:50:32] INFO     
-------------------- 第 188 轮 | 最大监听: 3.3s --------------------
[2026-04-08 19:50:32] INFO     继电器 ON (开始充电)
[2026-04-08 19:50:32] INFO     继电器执行 -> ON
[2026-04-08 19:50:33] INFO     捕获目标指令: voice_msgnum:9
[2026-04-08 19:50:33] INFO     状态维稳，保持闭合 3.0s
[2026-04-08 19:50:36] INFO     继电器 OFF (切断充电)
[2026-04-08 19:50:36] INFO     继电器执行 -> OFF
[2026-04-08 19:50:36] INFO     物理断电静置 3.0s
[2026-04-08 19:50:39] INFO     【结论】 [PASS] 成功关键字: voice_msgnum:9
[2026-04-08 19:50:39] INFO     统计 -> 成功: 187 | 失败: 1 | 异常: 0 | 成功率: 99.5%
[2026-04-08 19:50:39] INFO     
-------------------- 第 189 轮 | 最大监听: 3.3s --------------------
[2026-04-08 19:50:39] INFO     继电器 ON (开始充电)
[2026-04-08 19:50:39] INFO     继电器执行 -> ON
[2026-04-08 19:50:41] INFO     捕获目标指令: voice_msgnum:9
[2026-04-08 19:50:41] INFO     状态维稳，保持闭合 3.0s
[2026-04-08 19:50:44] INFO     继电器 OFF (切断充电)
[2026-04-08 19:50:44] INFO     继电器执行 -> OFF
[2026-04-08 19:50:44] INFO     物理断电静置 3.0s
[2026-04-08 19:50:47] INFO     【结论】 [PASS] 成功关键字: voice_msgnum:9
[2026-04-08 19:50:47] INFO     统计 -> 成功: 188 | 失败: 1 | 异常: 0 | 成功率: 99.5%
[2026-04-08 19:50:47] INFO     
-------------------- 第 190 轮 | 最大监听: 3.3s --------------------
[2026-04-08 19:50:47] INFO     继电器 ON (开始充电)
[2026-04-08 19:50:47] INFO     继电器执行 -> ON
[2026-04-08 19:50:48] INFO     捕获目标指令: voice_msgnum:9
[2026-04-08 19:50:48] INFO     状态维稳，保持闭合 3.0s
[2026-04-08 19:50:51] INFO     继电器 OFF (切断充电)
[2026-04-08 19:50:51] INFO     继电器执行 -> OFF
[2026-04-08 19:50:51] INFO     物理断电静置 3.0s
[2026-04-08 19:50:54] INFO     【结论】 [PASS] 成功关键字: voice_msgnum:9
[2026-04-08 19:50:54] INFO     统计 -> 成功: 189 | 失败: 1 | 异常: 0 | 成功率: 99.5%
[2026-04-08 19:50:54] INFO     
-------------------- 第 191 轮 | 最大监听: 3.3s --------------------
[2026-04-08 19:50:54] INFO     继电器 ON (开始充电)
[2026-04-08 19:50:54] INFO     继电器执行 -> ON
[2026-04-08 19:50:56] INFO     捕获目标指令: voice_msgnum:9
[2026-04-08 19:50:56] INFO     状态维稳，保持闭合 3.0s
[2026-04-08 19:50:59] INFO     继电器 OFF (切断充电)
[2026-04-08 19:50:59] INFO     继电器执行 -> OFF
[2026-04-08 19:50:59] INFO     物理断电静置 3.0s
[2026-04-08 19:51:02] INFO     【结论】 [PASS] 成功关键字: voice_msgnum:9
[2026-04-08 19:51:02] INFO     统计 -> 成功: 190 | 失败: 1 | 异常: 0 | 成功率: 99.5%
[2026-04-08 19:51:02] INFO     
-------------------- 第 192 轮 | 最大监听: 3.4s --------------------
[2026-04-08 19:51:02] INFO     继电器 ON (开始充电)
[2026-04-08 19:51:02] INFO     继电器执行 -> ON
[2026-04-08 19:51:03] INFO     捕获目标指令: voice_msgnum:9
[2026-04-08 19:51:03] INFO     状态维稳，保持闭合 3.0s
[2026-04-08 19:51:07] INFO     继电器 OFF (切断充电)
[2026-04-08 19:51:07] INFO     继电器执行 -> OFF
[2026-04-08 19:51:07] INFO     物理断电静置 3.0s
[2026-04-08 19:51:10] INFO     【结论】 [PASS] 成功关键字: voice_msgnum:9
[2026-04-08 19:51:10] INFO     统计 -> 成功: 191 | 失败: 1 | 异常: 0 | 成功率: 99.5%
[2026-04-08 19:51:10] INFO     
-------------------- 第 193 轮 | 最大监听: 3.6s --------------------
[2026-04-08 19:51:10] INFO     继电器 ON (开始充电)
[2026-04-08 19:51:10] INFO     继电器执行 -> ON
[2026-04-08 19:51:11] INFO     捕获目标指令: voice_msgnum:9
[2026-04-08 19:51:11] INFO     状态维稳，保持闭合 3.0s
[2026-04-08 19:51:14] INFO     继电器 OFF (切断充电)
[2026-04-08 19:51:14] INFO     继电器执行 -> OFF
[2026-04-08 19:51:14] INFO     物理断电静置 3.0s
[2026-04-08 19:51:17] INFO     【结论】 [PASS] 成功关键字: voice_msgnum:9
[2026-04-08 19:51:17] INFO     统计 -> 成功: 192 | 失败: 1 | 异常: 0 | 成功率: 99.5%
[2026-04-08 19:51:17] INFO     
-------------------- 第 194 轮 | 最大监听: 3.8s --------------------
[2026-04-08 19:51:17] INFO     继电器 ON (开始充电)
[2026-04-08 19:51:17] INFO     继电器执行 -> ON
[2026-04-08 19:51:19] INFO     捕获目标指令: voice_msgnum:9
[2026-04-08 19:51:19] INFO     状态维稳，保持闭合 3.0s
[2026-04-08 19:51:22] INFO     继电器 OFF (切断充电)
[2026-04-08 19:51:22] INFO     继电器执行 -> OFF
[2026-04-08 19:51:22] INFO     物理断电静置 3.0s
[2026-04-08 19:51:25] INFO     【结论】 [PASS] 成功关键字: voice_msgnum:9
[2026-04-08 19:51:25] INFO     统计 -> 成功: 193 | 失败: 1 | 异常: 0 | 成功率: 99.5%
[2026-04-08 19:51:25] INFO     
-------------------- 第 195 轮 | 最大监听: 3.3s --------------------
[2026-04-08 19:51:25] INFO     继电器 ON (开始充电)
[2026-04-08 19:51:25] INFO     继电器执行 -> ON
[2026-04-08 19:51:26] INFO     捕获目标指令: voice_msgnum:9
[2026-04-08 19:51:26] INFO     状态维稳，保持闭合 3.0s
[2026-04-08 19:51:29] INFO     继电器 OFF (切断充电)
[2026-04-08 19:51:29] INFO     继电器执行 -> OFF
[2026-04-08 19:51:29] INFO     物理断电静置 3.0s
[2026-04-08 19:51:32] INFO     【结论】 [PASS] 成功关键字: voice_msgnum:9
[2026-04-08 19:51:32] INFO     统计 -> 成功: 194 | 失败: 1 | 异常: 0 | 成功率: 99.5%
[2026-04-08 19:51:32] INFO     
-------------------- 第 196 轮 | 最大监听: 3.0s --------------------
[2026-04-08 19:51:32] INFO     继电器 ON (开始充电)
[2026-04-08 19:51:32] INFO     继电器执行 -> ON
[2026-04-08 19:51:34] INFO     捕获目标指令: voice_msgnum:9
[2026-04-08 19:51:34] INFO     状态维稳，保持闭合 3.0s
[2026-04-08 19:51:37] INFO     继电器 OFF (切断充电)
[2026-04-08 19:51:37] INFO     继电器执行 -> OFF
[2026-04-08 19:51:37] INFO     物理断电静置 3.0s
[2026-04-08 19:51:40] INFO     【结论】 [PASS] 成功关键字: voice_msgnum:9
[2026-04-08 19:51:40] INFO     统计 -> 成功: 195 | 失败: 1 | 异常: 0 | 成功率: 99.5%
[2026-04-08 19:51:40] INFO     
-------------------- 第 197 轮 | 最大监听: 3.1s --------------------
[2026-04-08 19:51:40] INFO     继电器 ON (开始充电)
[2026-04-08 19:51:40] INFO     继电器执行 -> ON
[2026-04-08 19:51:41] INFO     捕获目标指令: voice_msgnum:9
[2026-04-08 19:51:41] INFO     状态维稳，保持闭合 3.0s
[2026-04-08 19:51:44] INFO     继电器 OFF (切断充电)
[2026-04-08 19:51:45] INFO     继电器执行 -> OFF
[2026-04-08 19:51:45] INFO     物理断电静置 3.0s
[2026-04-08 19:51:48] INFO     【结论】 [PASS] 成功关键字: voice_msgnum:9
[2026-04-08 19:51:48] INFO     统计 -> 成功: 196 | 失败: 1 | 异常: 0 | 成功率: 99.5%
[2026-04-08 19:51:48] INFO     
-------------------- 第 198 轮 | 最大监听: 3.9s --------------------
[2026-04-08 19:51:48] INFO     继电器 ON (开始充电)
[2026-04-08 19:51:48] INFO     继电器执行 -> ON
[2026-04-08 19:51:49] INFO     捕获目标指令: voice_msgnum:9
[2026-04-08 19:51:49] INFO     状态维稳，保持闭合 3.0s
[2026-04-08 19:51:52] INFO     继电器 OFF (切断充电)
[2026-04-08 19:51:52] INFO     继电器执行 -> OFF
[2026-04-08 19:51:52] INFO     物理断电静置 3.0s
[2026-04-08 19:51:55] INFO     【结论】 [PASS] 成功关键字: voice_msgnum:9
[2026-04-08 19:51:55] INFO     统计 -> 成功: 197 | 失败: 1 | 异常: 0 | 成功率: 99.5%
[2026-04-08 19:51:55] INFO     
-------------------- 第 199 轮 | 最大监听: 3.2s --------------------
[2026-04-08 19:51:55] INFO     继电器 ON (开始充电)
[2026-04-08 19:51:55] INFO     继电器执行 -> ON
[2026-04-08 19:51:57] INFO     捕获目标指令: voice_msgnum:9
[2026-04-08 19:51:57] INFO     状态维稳，保持闭合 3.0s
[2026-04-08 19:52:00] INFO     继电器 OFF (切断充电)
[2026-04-08 19:52:00] INFO     继电器执行 -> OFF
[2026-04-08 19:52:00] INFO     物理断电静置 3.0s
[2026-04-08 19:52:03] INFO     【结论】 [PASS] 成功关键字: voice_msgnum:9
[2026-04-08 19:52:03] INFO     统计 -> 成功: 198 | 失败: 1 | 异常: 0 | 成功率: 99.5%
[2026-04-08 19:52:03] INFO     
-------------------- 第 200 轮 | 最大监听: 3.5s --------------------
[2026-04-08 19:52:03] INFO     继电器 ON (开始充电)
[2026-04-08 19:52:03] INFO     继电器执行 -> ON
[2026-04-08 19:52:04] INFO     捕获目标指令: voice_msgnum:9
[2026-04-08 19:52:04] INFO     状态维稳，保持闭合 3.0s
[2026-04-08 19:52:07] INFO     继电器 OFF (切断充电)
[2026-04-08 19:52:07] INFO     继电器执行 -> OFF
[2026-04-08 19:52:07] INFO     物理断电静置 3.0s
[2026-04-08 19:52:10] INFO     【结论】 [PASS] 成功关键字: voice_msgnum:9
[2026-04-08 19:52:10] INFO     统计 -> 成功: 199 | 失败: 1 | 异常: 0 | 成功率: 99.5%
[2026-04-08 19:52:10] INFO     
-------------------- 第 201 轮 | 最大监听: 3.8s --------------------
[2026-04-08 19:52:10] INFO     继电器 ON (开始充电)
[2026-04-08 19:52:10] INFO     继电器执行 -> ON
[2026-04-08 19:52:12] INFO     捕获目标指令: voice_msgnum:9
[2026-04-08 19:52:12] INFO     状态维稳，保持闭合 3.0s
[2026-04-08 19:52:15] INFO     继电器 OFF (切断充电)
[2026-04-08 19:52:15] INFO     继电器执行 -> OFF
[2026-04-08 19:52:15] INFO     物理断电静置 3.0s
[2026-04-08 19:52:18] INFO     【结论】 [PASS] 成功关键字: voice_msgnum:9
[2026-04-08 19:52:18] INFO     统计 -> 成功: 200 | 失败: 1 | 异常: 0 | 成功率: 99.5%
[2026-04-08 19:52:18] INFO     
-------------------- 第 202 轮 | 最大监听: 3.3s --------------------
[2026-04-08 19:52:18] INFO     继电器 ON (开始充电)
[2026-04-08 19:52:18] INFO     继电器执行 -> ON
[2026-04-08 19:52:19] INFO     捕获目标指令: voice_msgnum:9
[2026-04-08 19:52:19] INFO     状态维稳，保持闭合 3.0s
[2026-04-08 19:52:22] INFO     继电器 OFF (切断充电)
[2026-04-08 19:52:23] INFO     继电器执行 -> OFF
[2026-04-08 19:52:23] INFO     物理断电静置 3.0s
[2026-04-08 19:52:26] INFO     【结论】 [PASS] 成功关键字: voice_msgnum:9
[2026-04-08 19:52:26] INFO     统计 -> 成功: 201 | 失败: 1 | 异常: 0 | 成功率: 99.5%
[2026-04-08 19:52:26] INFO     
-------------------- 第 203 轮 | 最大监听: 3.7s --------------------
[2026-04-08 19:52:26] INFO     继电器 ON (开始充电)
[2026-04-08 19:52:26] INFO     继电器执行 -> ON
[2026-04-08 19:52:29] INFO     继电器 OFF (切断充电)
[2026-04-08 19:52:29] INFO     继电器执行 -> OFF
[2026-04-08 19:52:29] INFO     物理断电静置 3.0s
[2026-04-08 19:52:32] WARNING  【结论】 [FAIL] 超时未检测到成功关键字
[2026-04-08 19:52:32] INFO     统计 -> 成功: 201 | 失败: 2 | 异常: 0 | 成功率: 99.0%
[2026-04-08 19:52:32] INFO     
-------------------- 第 204 轮 | 最大监听: 3.2s --------------------
[2026-04-08 19:52:32] INFO     继电器 ON (开始充电)
[2026-04-08 19:52:32] INFO     继电器执行 -> ON
[2026-04-08 19:52:34] INFO     捕获目标指令: voice_msgnum:9
[2026-04-08 19:52:34] INFO     状态维稳，保持闭合 3.0s
[2026-04-08 19:52:37] INFO     继电器 OFF (切断充电)
[2026-04-08 19:52:37] INFO     继电器执行 -> OFF
[2026-04-08 19:52:37] INFO     物理断电静置 3.0s
[2026-04-08 19:52:40] INFO     【结论】 [PASS] 成功关键字: voice_msgnum:9
[2026-04-08 19:52:40] INFO     统计 -> 成功: 202 | 失败: 2 | 异常: 0 | 成功率: 99.0%
[2026-04-08 19:52:40] INFO     
-------------------- 第 205 轮 | 最大监听: 3.9s --------------------
[2026-04-08 19:52:40] INFO     继电器 ON (开始充电)
[2026-04-08 19:52:40] INFO     继电器执行 -> ON
[2026-04-08 19:52:41] INFO     捕获目标指令: voice_msgnum:9
[2026-04-08 19:52:41] INFO     状态维稳，保持闭合 3.0s
[2026-04-08 19:52:44] INFO     继电器 OFF (切断充电)
[2026-04-08 19:52:45] INFO     继电器执行 -> OFF
[2026-04-08 19:52:45] INFO     物理断电静置 3.0s
[2026-04-08 19:52:48] INFO     【结论】 [PASS] 成功关键字: voice_msgnum:9
[2026-04-08 19:52:48] INFO     统计 -> 成功: 203 | 失败: 2 | 异常: 0 | 成功率: 99.0%
[2026-04-08 19:52:48] INFO     
-------------------- 第 206 轮 | 最大监听: 3.8s --------------------
[2026-04-08 19:52:48] INFO     继电器 ON (开始充电)
[2026-04-08 19:52:48] INFO     继电器执行 -> ON
[2026-04-08 19:52:51] INFO     继电器 OFF (切断充电)
[2026-04-08 19:52:51] INFO     继电器执行 -> OFF
[2026-04-08 19:52:51] INFO     物理断电静置 3.0s
[2026-04-08 19:52:54] WARNING  【结论】 [FAIL] 超时未检测到成功关键字
[2026-04-08 19:52:54] INFO     统计 -> 成功: 203 | 失败: 3 | 异常: 0 | 成功率: 98.5%
[2026-04-08 19:52:54] INFO     
-------------------- 第 207 轮 | 最大监听: 3.3s --------------------
[2026-04-08 19:52:54] INFO     继电器 ON (开始充电)
[2026-04-08 19:52:55] INFO     继电器执行 -> ON
[2026-04-08 19:52:56] INFO     捕获目标指令: voice_msgnum:9
[2026-04-08 19:52:56] INFO     状态维稳，保持闭合 3.0s
[2026-04-08 19:52:59] INFO     继电器 OFF (切断充电)
[2026-04-08 19:52:59] INFO     继电器执行 -> OFF
[2026-04-08 19:52:59] INFO     物理断电静置 3.0s
[2026-04-08 19:53:02] INFO     【结论】 [PASS] 成功关键字: voice_msgnum:9
[2026-04-08 19:53:02] INFO     统计 -> 成功: 204 | 失败: 3 | 异常: 0 | 成功率: 98.6%
[2026-04-08 19:53:02] INFO     
-------------------- 第 208 轮 | 最大监听: 3.7s --------------------
[2026-04-08 19:53:02] INFO     继电器 ON (开始充电)
[2026-04-08 19:53:02] INFO     继电器执行 -> ON
[2026-04-08 19:53:04] INFO     捕获目标指令: voice_msgnum:9
[2026-04-08 19:53:04] INFO     状态维稳，保持闭合 3.0s
[2026-04-08 19:53:07] INFO     继电器 OFF (切断充电)
[2026-04-08 19:53:07] INFO     继电器执行 -> OFF
[2026-04-08 19:53:07] INFO     物理断电静置 3.0s
[2026-04-08 19:53:10] INFO     【结论】 [PASS] 成功关键字: voice_msgnum:9
[2026-04-08 19:53:10] INFO     统计 -> 成功: 205 | 失败: 3 | 异常: 0 | 成功率: 98.6%
[2026-04-08 19:53:10] INFO     
-------------------- 第 209 轮 | 最大监听: 3.2s --------------------
[2026-04-08 19:53:10] INFO     继电器 ON (开始充电)
[2026-04-08 19:53:10] INFO     继电器执行 -> ON
[2026-04-08 19:53:11] INFO     捕获目标指令: voice_msgnum:9
[2026-04-08 19:53:11] INFO     状态维稳，保持闭合 3.0s
[2026-04-08 19:53:14] INFO     继电器 OFF (切断充电)
[2026-04-08 19:53:14] INFO     继电器执行 -> OFF
[2026-04-08 19:53:14] INFO     物理断电静置 3.0s
[2026-04-08 19:53:17] INFO     【结论】 [PASS] 成功关键字: voice_msgnum:9
[2026-04-08 19:53:17] INFO     统计 -> 成功: 206 | 失败: 3 | 异常: 0 | 成功率: 98.6%
[2026-04-08 19:53:17] INFO     
-------------------- 第 210 轮 | 最大监听: 3.4s --------------------
[2026-04-08 19:53:17] INFO     继电器 ON (开始充电)
[2026-04-08 19:53:17] INFO     继电器执行 -> ON
[2026-04-08 19:53:19] INFO     捕获目标指令: voice_msgnum:9
[2026-04-08 19:53:19] INFO     状态维稳，保持闭合 3.0s
[2026-04-08 19:53:22] INFO     继电器 OFF (切断充电)
[2026-04-08 19:53:22] INFO     继电器执行 -> OFF
[2026-04-08 19:53:22] INFO     物理断电静置 3.0s
[2026-04-08 19:53:25] INFO     【结论】 [PASS] 成功关键字: voice_msgnum:9
[2026-04-08 19:53:25] INFO     统计 -> 成功: 207 | 失败: 3 | 异常: 0 | 成功率: 98.6%
[2026-04-08 19:53:25] INFO     
-------------------- 第 211 轮 | 最大监听: 3.5s --------------------
[2026-04-08 19:53:25] INFO     继电器 ON (开始充电)
[2026-04-08 19:53:25] INFO     继电器执行 -> ON
[2026-04-08 19:53:26] INFO     捕获目标指令: voice_msgnum:9
[2026-04-08 19:53:26] INFO     状态维稳，保持闭合 3.0s
[2026-04-08 19:53:29] INFO     继电器 OFF (切断充电)
[2026-04-08 19:53:29] INFO     继电器执行 -> OFF
[2026-04-08 19:53:29] INFO     物理断电静置 3.0s
[2026-04-08 19:53:32] INFO     【结论】 [PASS] 成功关键字: voice_msgnum:9
[2026-04-08 19:53:32] INFO     统计 -> 成功: 208 | 失败: 3 | 异常: 0 | 成功率: 98.6%
[2026-04-08 19:53:32] INFO     
-------------------- 第 212 轮 | 最大监听: 3.0s --------------------
[2026-04-08 19:53:32] INFO     继电器 ON (开始充电)
[2026-04-08 19:53:33] INFO     继电器执行 -> ON
[2026-04-08 19:53:34] INFO     捕获目标指令: voice_msgnum:9
[2026-04-08 19:53:34] INFO     状态维稳，保持闭合 3.0s
[2026-04-08 19:53:37] INFO     继电器 OFF (切断充电)
[2026-04-08 19:53:37] INFO     继电器执行 -> OFF
[2026-04-08 19:53:37] INFO     物理断电静置 3.0s
[2026-04-08 19:53:40] INFO     【结论】 [PASS] 成功关键字: voice_msgnum:9
[2026-04-08 19:53:40] INFO     统计 -> 成功: 209 | 失败: 3 | 异常: 0 | 成功率: 98.6%
[2026-04-08 19:53:40] INFO     
-------------------- 第 213 轮 | 最大监听: 3.4s --------------------
[2026-04-08 19:53:40] INFO     继电器 ON (开始充电)
[2026-04-08 19:53:40] INFO     继电器执行 -> ON
[2026-04-08 19:53:42] INFO     捕获目标指令: voice_msgnum:9
[2026-04-08 19:53:42] INFO     状态维稳，保持闭合 3.0s
[2026-04-08 19:53:45] INFO     继电器 OFF (切断充电)
[2026-04-08 19:53:45] INFO     继电器执行 -> OFF
[2026-04-08 19:53:45] INFO     物理断电静置 3.0s
[2026-04-08 19:53:48] INFO     【结论】 [PASS] 成功关键字: voice_msgnum:9
[2026-04-08 19:53:48] INFO     统计 -> 成功: 210 | 失败: 3 | 异常: 0 | 成功率: 98.6%
[2026-04-08 19:53:48] INFO     
-------------------- 第 214 轮 | 最大监听: 3.7s --------------------
[2026-04-08 19:53:48] INFO     继电器 ON (开始充电)
[2026-04-08 19:53:48] INFO     继电器执行 -> ON
[2026-04-08 19:53:49] INFO     捕获目标指令: voice_msgnum:9
[2026-04-08 19:53:49] INFO     状态维稳，保持闭合 3.0s
[2026-04-08 19:53:52] INFO     继电器 OFF (切断充电)
[2026-04-08 19:53:52] INFO     继电器执行 -> OFF
[2026-04-08 19:53:52] INFO     物理断电静置 3.0s
[2026-04-08 19:53:55] INFO     【结论】 [PASS] 成功关键字: voice_msgnum:9
[2026-04-08 19:53:55] INFO     统计 -> 成功: 211 | 失败: 3 | 异常: 0 | 成功率: 98.6%
[2026-04-08 19:53:55] INFO     
-------------------- 第 215 轮 | 最大监听: 3.9s --------------------
[2026-04-08 19:53:55] INFO     继电器 ON (开始充电)
[2026-04-08 19:53:55] INFO     继电器执行 -> ON
[2026-04-08 19:53:57] INFO     捕获目标指令: voice_msgnum:9
[2026-04-08 19:53:57] INFO     状态维稳，保持闭合 3.0s
[2026-04-08 19:54:00] INFO     继电器 OFF (切断充电)
[2026-04-08 19:54:00] INFO     继电器执行 -> OFF
[2026-04-08 19:54:00] INFO     物理断电静置 3.0s
[2026-04-08 19:54:03] INFO     【结论】 [PASS] 成功关键字: voice_msgnum:9
[2026-04-08 19:54:03] INFO     统计 -> 成功: 212 | 失败: 3 | 异常: 0 | 成功率: 98.6%
[2026-04-08 19:54:03] INFO     
-------------------- 第 216 轮 | 最大监听: 3.7s --------------------
[2026-04-08 19:54:03] INFO     继电器 ON (开始充电)
[2026-04-08 19:54:03] INFO     继电器执行 -> ON
[2026-04-08 19:54:04] INFO     捕获目标指令: voice_msgnum:9
[2026-04-08 19:54:04] INFO     状态维稳，保持闭合 3.0s
[2026-04-08 19:54:07] INFO     继电器 OFF (切断充电)
[2026-04-08 19:54:07] INFO     继电器执行 -> OFF
[2026-04-08 19:54:07] INFO     物理断电静置 3.0s
[2026-04-08 19:54:10] INFO     【结论】 [PASS] 成功关键字: voice_msgnum:9
[2026-04-08 19:54:10] INFO     统计 -> 成功: 213 | 失败: 3 | 异常: 0 | 成功率: 98.6%
[2026-04-08 19:54:10] INFO     
-------------------- 第 217 轮 | 最大监听: 3.4s --------------------
[2026-04-08 19:54:10] INFO     继电器 ON (开始充电)
[2026-04-08 19:54:11] INFO     继电器执行 -> ON
[2026-04-08 19:54:12] INFO     捕获目标指令: voice_msgnum:9
[2026-04-08 19:54:12] INFO     状态维稳，保持闭合 3.0s
[2026-04-08 19:54:15] INFO     继电器 OFF (切断充电)
[2026-04-08 19:54:15] INFO     继电器执行 -> OFF
[2026-04-08 19:54:15] INFO     物理断电静置 3.0s
[2026-04-08 19:54:18] INFO     【结论】 [PASS] 成功关键字: voice_msgnum:9
[2026-04-08 19:54:18] INFO     统计 -> 成功: 214 | 失败: 3 | 异常: 0 | 成功率: 98.6%
[2026-04-08 19:54:18] INFO     
-------------------- 第 218 轮 | 最大监听: 3.3s --------------------
[2026-04-08 19:54:18] INFO     继电器 ON (开始充电)
[2026-04-08 19:54:18] INFO     继电器执行 -> ON
[2026-04-08 19:54:20] INFO     捕获目标指令: voice_msgnum:9
[2026-04-08 19:54:20] INFO     状态维稳，保持闭合 3.0s
[2026-04-08 19:54:23] INFO     继电器 OFF (切断充电)
[2026-04-08 19:54:23] INFO     继电器执行 -> OFF
[2026-04-08 19:54:23] INFO     物理断电静置 3.0s
[2026-04-08 19:54:26] INFO     【结论】 [PASS] 成功关键字: voice_msgnum:9
[2026-04-08 19:54:26] INFO     统计 -> 成功: 215 | 失败: 3 | 异常: 0 | 成功率: 98.6%
[2026-04-08 19:54:26] INFO     
-------------------- 第 219 轮 | 最大监听: 3.6s --------------------
[2026-04-08 19:54:26] INFO     继电器 ON (开始充电)
[2026-04-08 19:54:26] INFO     继电器执行 -> ON
[2026-04-08 19:54:27] INFO     捕获目标指令: voice_msgnum:9
[2026-04-08 19:54:27] INFO     状态维稳，保持闭合 3.0s
[2026-04-08 19:54:30] INFO     继电器 OFF (切断充电)
[2026-04-08 19:54:30] INFO     继电器执行 -> OFF
[2026-04-08 19:54:30] INFO     物理断电静置 3.0s
[2026-04-08 19:54:33] INFO     【结论】 [PASS] 成功关键字: voice_msgnum:9
[2026-04-08 19:54:33] INFO     统计 -> 成功: 216 | 失败: 3 | 异常: 0 | 成功率: 98.6%
[2026-04-08 19:54:33] INFO     
-------------------- 第 220 轮 | 最大监听: 3.9s --------------------
[2026-04-08 19:54:33] INFO     继电器 ON (开始充电)
[2026-04-08 19:54:33] INFO     继电器执行 -> ON
[2026-04-08 19:54:35] INFO     捕获目标指令: voice_msgnum:9
[2026-04-08 19:54:35] INFO     状态维稳，保持闭合 3.0s
[2026-04-08 19:54:38] INFO     继电器 OFF (切断充电)
[2026-04-08 19:54:38] INFO     继电器执行 -> OFF
[2026-04-08 19:54:38] INFO     物理断电静置 3.0s
[2026-04-08 19:54:41] INFO     【结论】 [PASS] 成功关键字: voice_msgnum:9
[2026-04-08 19:54:41] INFO     统计 -> 成功: 217 | 失败: 3 | 异常: 0 | 成功率: 98.6%
[2026-04-08 19:54:41] INFO     
-------------------- 第 221 轮 | 最大监听: 3.8s --------------------
[2026-04-08 19:54:41] INFO     继电器 ON (开始充电)
[2026-04-08 19:54:41] INFO     继电器执行 -> ON
[2026-04-08 19:54:42] INFO     捕获目标指令: voice_msgnum:9
[2026-04-08 19:54:42] INFO     状态维稳，保持闭合 3.0s
[2026-04-08 19:54:45] INFO     继电器 OFF (切断充电)
[2026-04-08 19:54:45] INFO     继电器执行 -> OFF
[2026-04-08 19:54:45] INFO     物理断电静置 3.0s
[2026-04-08 19:54:48] INFO     【结论】 [PASS] 成功关键字: voice_msgnum:9
[2026-04-08 19:54:48] INFO     统计 -> 成功: 218 | 失败: 3 | 异常: 0 | 成功率: 98.6%
[2026-04-08 19:54:48] INFO     
-------------------- 第 222 轮 | 最大监听: 3.2s --------------------
[2026-04-08 19:54:48] INFO     继电器 ON (开始充电)
[2026-04-08 19:54:49] INFO     继电器执行 -> ON
[2026-04-08 19:54:50] INFO     捕获目标指令: voice_msgnum:9
[2026-04-08 19:54:50] INFO     状态维稳，保持闭合 3.0s
[2026-04-08 19:54:53] INFO     继电器 OFF (切断充电)
[2026-04-08 19:54:53] INFO     继电器执行 -> OFF
[2026-04-08 19:54:53] INFO     物理断电静置 3.0s
[2026-04-08 19:54:56] INFO     【结论】 [PASS] 成功关键字: voice_msgnum:9
[2026-04-08 19:54:56] INFO     统计 -> 成功: 219 | 失败: 3 | 异常: 0 | 成功率: 98.6%
[2026-04-08 19:54:56] INFO     
-------------------- 第 223 轮 | 最大监听: 3.8s --------------------
[2026-04-08 19:54:56] INFO     继电器 ON (开始充电)
[2026-04-08 19:54:56] INFO     继电器执行 -> ON
[2026-04-08 19:54:58] INFO     捕获目标指令: voice_msgnum:9
[2026-04-08 19:54:58] INFO     状态维稳，保持闭合 3.0s
[2026-04-08 19:55:01] INFO     继电器 OFF (切断充电)
[2026-04-08 19:55:01] INFO     继电器执行 -> OFF
[2026-04-08 19:55:01] INFO     物理断电静置 3.0s
[2026-04-08 19:55:04] INFO     【结论】 [PASS] 成功关键字: voice_msgnum:9
[2026-04-08 19:55:04] INFO     统计 -> 成功: 220 | 失败: 3 | 异常: 0 | 成功率: 98.7%
[2026-04-08 19:55:04] INFO     
-------------------- 第 224 轮 | 最大监听: 3.4s --------------------
[2026-04-08 19:55:04] INFO     继电器 ON (开始充电)
[2026-04-08 19:55:04] INFO     继电器执行 -> ON
[2026-04-08 19:55:05] INFO     捕获目标指令: voice_msgnum:9
[2026-04-08 19:55:05] INFO     状态维稳，保持闭合 3.0s
[2026-04-08 19:55:08] INFO     继电器 OFF (切断充电)
[2026-04-08 19:55:08] INFO     继电器执行 -> OFF
[2026-04-08 19:55:08] INFO     物理断电静置 3.0s
[2026-04-08 19:55:11] INFO     【结论】 [PASS] 成功关键字: voice_msgnum:9
[2026-04-08 19:55:11] INFO     统计 -> 成功: 221 | 失败: 3 | 异常: 0 | 成功率: 98.7%
[2026-04-08 19:55:11] INFO     
-------------------- 第 225 轮 | 最大监听: 3.4s --------------------
[2026-04-08 19:55:11] INFO     继电器 ON (开始充电)
[2026-04-08 19:55:11] INFO     继电器执行 -> ON
[2026-04-08 19:55:13] INFO     捕获目标指令: voice_msgnum:9
[2026-04-08 19:55:13] INFO     状态维稳，保持闭合 3.0s
[2026-04-08 19:55:16] INFO     继电器 OFF (切断充电)
[2026-04-08 19:55:16] INFO     继电器执行 -> OFF
[2026-04-08 19:55:16] INFO     物理断电静置 3.0s
[2026-04-08 19:55:19] INFO     【结论】 [PASS] 成功关键字: voice_msgnum:9
[2026-04-08 19:55:19] INFO     统计 -> 成功: 222 | 失败: 3 | 异常: 0 | 成功率: 98.7%
[2026-04-08 19:55:19] INFO     
-------------------- 第 226 轮 | 最大监听: 3.9s --------------------
[2026-04-08 19:55:19] INFO     继电器 ON (开始充电)
[2026-04-08 19:55:19] INFO     继电器执行 -> ON
[2026-04-08 19:55:20] INFO     捕获目标指令: voice_msgnum:9
[2026-04-08 19:55:20] INFO     状态维稳，保持闭合 3.0s
[2026-04-08 19:55:23] INFO     继电器 OFF (切断充电)
[2026-04-08 19:55:23] INFO     继电器执行 -> OFF
[2026-04-08 19:55:23] INFO     物理断电静置 3.0s
[2026-04-08 19:55:26] INFO     【结论】 [PASS] 成功关键字: voice_msgnum:9
[2026-04-08 19:55:26] INFO     统计 -> 成功: 223 | 失败: 3 | 异常: 0 | 成功率: 98.7%
[2026-04-08 19:55:26] INFO     
-------------------- 第 227 轮 | 最大监听: 3.2s --------------------
[2026-04-08 19:55:26] INFO     继电器 ON (开始充电)
[2026-04-08 19:55:27] INFO     继电器执行 -> ON
[2026-04-08 19:55:28] INFO     捕获目标指令: voice_msgnum:9
[2026-04-08 19:55:28] INFO     状态维稳，保持闭合 3.0s
[2026-04-08 19:55:31] INFO     继电器 OFF (切断充电)
[2026-04-08 19:55:31] INFO     继电器执行 -> OFF
[2026-04-08 19:55:31] INFO     物理断电静置 3.0s
[2026-04-08 19:55:34] INFO     【结论】 [PASS] 成功关键字: voice_msgnum:9
[2026-04-08 19:55:34] INFO     统计 -> 成功: 224 | 失败: 3 | 异常: 0 | 成功率: 98.7%
[2026-04-08 19:55:34] INFO     
-------------------- 第 228 轮 | 最大监听: 3.6s --------------------
[2026-04-08 19:55:34] INFO     继电器 ON (开始充电)
[2026-04-08 19:55:34] INFO     继电器执行 -> ON
[2026-04-08 19:55:36] INFO     捕获目标指令: voice_msgnum:9
[2026-04-08 19:55:36] INFO     状态维稳，保持闭合 3.0s
[2026-04-08 19:55:39] INFO     继电器 OFF (切断充电)
[2026-04-08 19:55:39] INFO     继电器执行 -> OFF
[2026-04-08 19:55:39] INFO     物理断电静置 3.0s
[2026-04-08 19:55:42] INFO     【结论】 [PASS] 成功关键字: voice_msgnum:9
[2026-04-08 19:55:42] INFO     统计 -> 成功: 225 | 失败: 3 | 异常: 0 | 成功率: 98.7%
[2026-04-08 19:55:42] INFO     
-------------------- 第 229 轮 | 最大监听: 3.2s --------------------
[2026-04-08 19:55:42] INFO     继电器 ON (开始充电)
[2026-04-08 19:55:42] INFO     继电器执行 -> ON
[2026-04-08 19:55:43] INFO     捕获目标指令: voice_msgnum:9
[2026-04-08 19:55:43] INFO     状态维稳，保持闭合 3.0s
[2026-04-08 19:55:46] INFO     继电器 OFF (切断充电)
[2026-04-08 19:55:46] INFO     继电器执行 -> OFF
[2026-04-08 19:55:46] INFO     物理断电静置 3.0s
[2026-04-08 19:55:49] INFO     【结论】 [PASS] 成功关键字: voice_msgnum:9
[2026-04-08 19:55:49] INFO     统计 -> 成功: 226 | 失败: 3 | 异常: 0 | 成功率: 98.7%
[2026-04-08 19:55:49] INFO     
-------------------- 第 230 轮 | 最大监听: 3.7s --------------------
[2026-04-08 19:55:49] INFO     继电器 ON (开始充电)
[2026-04-08 19:55:49] INFO     继电器执行 -> ON
[2026-04-08 19:55:51] INFO     捕获目标指令: voice_msgnum:9
[2026-04-08 19:55:51] INFO     状态维稳，保持闭合 3.0s
[2026-04-08 19:55:54] INFO     继电器 OFF (切断充电)
[2026-04-08 19:55:54] INFO     继电器执行 -> OFF
[2026-04-08 19:55:54] INFO     物理断电静置 3.0s
[2026-04-08 19:55:57] INFO     【结论】 [PASS] 成功关键字: voice_msgnum:9
[2026-04-08 19:55:57] INFO     统计 -> 成功: 227 | 失败: 3 | 异常: 0 | 成功率: 98.7%
[2026-04-08 19:55:57] INFO     
-------------------- 第 231 轮 | 最大监听: 3.6s --------------------
[2026-04-08 19:55:57] INFO     继电器 ON (开始充电)
[2026-04-08 19:55:57] INFO     继电器执行 -> ON
[2026-04-08 19:55:58] INFO     捕获目标指令: voice_msgnum:9
[2026-04-08 19:55:58] INFO     状态维稳，保持闭合 3.0s
[2026-04-08 19:56:01] INFO     继电器 OFF (切断充电)
[2026-04-08 19:56:01] INFO     继电器执行 -> OFF
[2026-04-08 19:56:01] INFO     物理断电静置 3.0s
[2026-04-08 19:56:04] INFO     【结论】 [PASS] 成功关键字: voice_msgnum:9
[2026-04-08 19:56:04] INFO     统计 -> 成功: 228 | 失败: 3 | 异常: 0 | 成功率: 98.7%
[2026-04-08 19:56:04] INFO     
-------------------- 第 232 轮 | 最大监听: 3.2s --------------------
[2026-04-08 19:56:04] INFO     继电器 ON (开始充电)
[2026-04-08 19:56:05] INFO     继电器执行 -> ON
[2026-04-08 19:56:06] INFO     捕获目标指令: voice_msgnum:9
[2026-04-08 19:56:06] INFO     状态维稳，保持闭合 3.0s
[2026-04-08 19:56:09] INFO     继电器 OFF (切断充电)
[2026-04-08 19:56:09] INFO     继电器执行 -> OFF
[2026-04-08 19:56:09] INFO     物理断电静置 3.0s
[2026-04-08 19:56:12] INFO     【结论】 [PASS] 成功关键字: voice_msgnum:9
[2026-04-08 19:56:12] INFO     统计 -> 成功: 229 | 失败: 3 | 异常: 0 | 成功率: 98.7%
[2026-04-08 19:56:12] INFO     
-------------------- 第 233 轮 | 最大监听: 3.7s --------------------
[2026-04-08 19:56:12] INFO     继电器 ON (开始充电)
[2026-04-08 19:56:12] INFO     继电器执行 -> ON
[2026-04-08 19:56:14] INFO     捕获目标指令: voice_msgnum:9
[2026-04-08 19:56:14] INFO     状态维稳，保持闭合 3.0s
[2026-04-08 19:56:17] INFO     继电器 OFF (切断充电)
[2026-04-08 19:56:17] INFO     继电器执行 -> OFF
[2026-04-08 19:56:17] INFO     物理断电静置 3.0s
[2026-04-08 19:56:20] INFO     【结论】 [PASS] 成功关键字: voice_msgnum:9
[2026-04-08 19:56:20] INFO     统计 -> 成功: 230 | 失败: 3 | 异常: 0 | 成功率: 98.7%
[2026-04-08 19:56:20] INFO     
-------------------- 第 234 轮 | 最大监听: 3.6s --------------------
[2026-04-08 19:56:20] INFO     继电器 ON (开始充电)
[2026-04-08 19:56:20] INFO     继电器执行 -> ON
[2026-04-08 19:56:21] INFO     捕获目标指令: voice_msgnum:9
[2026-04-08 19:56:21] INFO     状态维稳，保持闭合 3.0s
[2026-04-08 19:56:24] INFO     继电器 OFF (切断充电)
[2026-04-08 19:56:24] INFO     继电器执行 -> OFF
[2026-04-08 19:56:24] INFO     物理断电静置 3.0s
[2026-04-08 19:56:27] INFO     【结论】 [PASS] 成功关键字: voice_msgnum:9
[2026-04-08 19:56:27] INFO     统计 -> 成功: 231 | 失败: 3 | 异常: 0 | 成功率: 98.7%
[2026-04-08 19:56:27] INFO     
-------------------- 第 235 轮 | 最大监听: 3.1s --------------------
[2026-04-08 19:56:27] INFO     继电器 ON (开始充电)
[2026-04-08 19:56:27] INFO     继电器执行 -> ON
[2026-04-08 19:56:29] INFO     捕获目标指令: voice_msgnum:9
[2026-04-08 19:56:29] INFO     状态维稳，保持闭合 3.0s
[2026-04-08 19:56:32] INFO     继电器 OFF (切断充电)
[2026-04-08 19:56:32] INFO     继电器执行 -> OFF
[2026-04-08 19:56:32] INFO     物理断电静置 3.0s
[2026-04-08 19:56:35] INFO     【结论】 [PASS] 成功关键字: voice_msgnum:9
[2026-04-08 19:56:35] INFO     统计 -> 成功: 232 | 失败: 3 | 异常: 0 | 成功率: 98.7%
[2026-04-08 19:56:35] INFO     
-------------------- 第 236 轮 | 最大监听: 3.6s --------------------
[2026-04-08 19:56:35] INFO     继电器 ON (开始充电)
[2026-04-08 19:56:35] INFO     继电器执行 -> ON
[2026-04-08 19:56:36] INFO     捕获目标指令: voice_msgnum:9
[2026-04-08 19:56:36] INFO     状态维稳，保持闭合 3.0s
[2026-04-08 19:56:39] INFO     继电器 OFF (切断充电)
[2026-04-08 19:56:39] INFO     继电器执行 -> OFF
[2026-04-08 19:56:39] INFO     物理断电静置 3.0s
[2026-04-08 19:56:42] INFO     【结论】 [PASS] 成功关键字: voice_msgnum:9
[2026-04-08 19:56:42] INFO     统计 -> 成功: 233 | 失败: 3 | 异常: 0 | 成功率: 98.7%
[2026-04-08 19:56:42] INFO     
-------------------- 第 237 轮 | 最大监听: 3.5s --------------------
[2026-04-08 19:56:42] INFO     继电器 ON (开始充电)
[2026-04-08 19:56:43] INFO     继电器执行 -> ON
[2026-04-08 19:56:44] INFO     捕获目标指令: voice_msgnum:9
[2026-04-08 19:56:44] INFO     状态维稳，保持闭合 3.0s
[2026-04-08 19:56:47] INFO     继电器 OFF (切断充电)
[2026-04-08 19:56:47] INFO     继电器执行 -> OFF
[2026-04-08 19:56:47] INFO     物理断电静置 3.0s
[2026-04-08 19:56:50] INFO     【结论】 [PASS] 成功关键字: voice_msgnum:9
[2026-04-08 19:56:50] INFO     统计 -> 成功: 234 | 失败: 3 | 异常: 0 | 成功率: 98.7%
[2026-04-08 19:56:50] INFO     
-------------------- 第 238 轮 | 最大监听: 3.1s --------------------
[2026-04-08 19:56:50] INFO     继电器 ON (开始充电)
[2026-04-08 19:56:50] INFO     继电器执行 -> ON
[2026-04-08 19:56:52] INFO     捕获目标指令: voice_msgnum:9
[2026-04-08 19:56:52] INFO     状态维稳，保持闭合 3.0s
[2026-04-08 19:56:55] INFO     继电器 OFF (切断充电)
[2026-04-08 19:56:55] INFO     继电器执行 -> OFF
[2026-04-08 19:56:55] INFO     物理断电静置 3.0s
[2026-04-08 19:56:58] INFO     【结论】 [PASS] 成功关键字: voice_msgnum:9
[2026-04-08 19:56:58] INFO     统计 -> 成功: 235 | 失败: 3 | 异常: 0 | 成功率: 98.7%
[2026-04-08 19:56:58] INFO     
-------------------- 第 239 轮 | 最大监听: 3.1s --------------------
[2026-04-08 19:56:58] INFO     继电器 ON (开始充电)
[2026-04-08 19:56:58] INFO     继电器执行 -> ON
[2026-04-08 19:56:59] INFO     捕获目标指令: voice_msgnum:9
[2026-04-08 19:56:59] INFO     状态维稳，保持闭合 3.0s
[2026-04-08 19:57:02] INFO     继电器 OFF (切断充电)
[2026-04-08 19:57:02] INFO     继电器执行 -> OFF
[2026-04-08 19:57:02] INFO     物理断电静置 3.0s
[2026-04-08 19:57:05] INFO     【结论】 [PASS] 成功关键字: voice_msgnum:9
[2026-04-08 19:57:05] INFO     统计 -> 成功: 236 | 失败: 3 | 异常: 0 | 成功率: 98.7%
[2026-04-08 19:57:05] INFO     
-------------------- 第 240 轮 | 最大监听: 3.1s --------------------
[2026-04-08 19:57:05] INFO     继电器 ON (开始充电)
[2026-04-08 19:57:05] INFO     继电器执行 -> ON
[2026-04-08 19:57:07] INFO     捕获目标指令: voice_msgnum:9
[2026-04-08 19:57:07] INFO     状态维稳，保持闭合 3.0s
[2026-04-08 19:57:10] INFO     继电器 OFF (切断充电)
[2026-04-08 19:57:10] INFO     继电器执行 -> OFF
[2026-04-08 19:57:10] INFO     物理断电静置 3.0s
[2026-04-08 19:57:13] INFO     【结论】 [PASS] 成功关键字: voice_msgnum:9
[2026-04-08 19:57:13] INFO     统计 -> 成功: 237 | 失败: 3 | 异常: 0 | 成功率: 98.8%
[2026-04-08 19:57:13] INFO     
-------------------- 第 241 轮 | 最大监听: 3.2s --------------------
[2026-04-08 19:57:13] INFO     继电器 ON (开始充电)
[2026-04-08 19:57:13] INFO     继电器执行 -> ON
[2026-04-08 19:57:14] INFO     捕获目标指令: voice_msgnum:9
[2026-04-08 19:57:14] INFO     状态维稳，保持闭合 3.0s
[2026-04-08 19:57:17] INFO     继电器 OFF (切断充电)
[2026-04-08 19:57:17] INFO     继电器执行 -> OFF
[2026-04-08 19:57:17] INFO     物理断电静置 3.0s
[2026-04-08 19:57:20] INFO     【结论】 [PASS] 成功关键字: voice_msgnum:9
[2026-04-08 19:57:20] INFO     统计 -> 成功: 238 | 失败: 3 | 异常: 0 | 成功率: 98.8%
[2026-04-08 19:57:20] INFO     
-------------------- 第 242 轮 | 最大监听: 3.3s --------------------
[2026-04-08 19:57:20] INFO     继电器 ON (开始充电)
[2026-04-08 19:57:20] INFO     继电器执行 -> ON
[2026-04-08 19:57:22] INFO     捕获目标指令: voice_msgnum:9
[2026-04-08 19:57:22] INFO     状态维稳，保持闭合 3.0s
[2026-04-08 19:57:25] INFO     继电器 OFF (切断充电)
[2026-04-08 19:57:25] INFO     继电器执行 -> OFF
[2026-04-08 19:57:25] INFO     物理断电静置 3.0s
[2026-04-08 19:57:28] INFO     【结论】 [PASS] 成功关键字: voice_msgnum:9
[2026-04-08 19:57:28] INFO     统计 -> 成功: 239 | 失败: 3 | 异常: 0 | 成功率: 98.8%
[2026-04-08 19:57:28] INFO     
-------------------- 第 243 轮 | 最大监听: 3.4s --------------------
[2026-04-08 19:57:28] INFO     继电器 ON (开始充电)
[2026-04-08 19:57:28] INFO     继电器执行 -> ON
[2026-04-08 19:57:30] INFO     捕获目标指令: voice_msgnum:9
[2026-04-08 19:57:30] INFO     状态维稳，保持闭合 3.0s
[2026-04-08 19:57:33] INFO     继电器 OFF (切断充电)
[2026-04-08 19:57:33] INFO     继电器执行 -> OFF
[2026-04-08 19:57:33] INFO     物理断电静置 3.0s
[2026-04-08 19:57:36] INFO     【结论】 [PASS] 成功关键字: voice_msgnum:9
[2026-04-08 19:57:36] INFO     统计 -> 成功: 240 | 失败: 3 | 异常: 0 | 成功率: 98.8%
[2026-04-08 19:57:36] INFO     
-------------------- 第 244 轮 | 最大监听: 3.3s --------------------
[2026-04-08 19:57:36] INFO     继电器 ON (开始充电)
[2026-04-08 19:57:36] INFO     继电器执行 -> ON
[2026-04-08 19:57:37] INFO     捕获目标指令: voice_msgnum:9
[2026-04-08 19:57:37] INFO     状态维稳，保持闭合 3.0s
[2026-04-08 19:57:40] INFO     继电器 OFF (切断充电)
[2026-04-08 19:57:40] INFO     继电器执行 -> OFF
[2026-04-08 19:57:40] INFO     物理断电静置 3.0s
[2026-04-08 19:57:43] INFO     【结论】 [PASS] 成功关键字: voice_msgnum:9
[2026-04-08 19:57:43] INFO     统计 -> 成功: 241 | 失败: 3 | 异常: 0 | 成功率: 98.8%
[2026-04-08 19:57:43] INFO     
-------------------- 第 245 轮 | 最大监听: 3.7s --------------------
[2026-04-08 19:57:43] INFO     继电器 ON (开始充电)
[2026-04-08 19:57:43] INFO     继电器执行 -> ON
[2026-04-08 19:57:45] INFO     捕获目标指令: voice_msgnum:9
[2026-04-08 19:57:45] INFO     状态维稳，保持闭合 3.0s
[2026-04-08 19:57:48] INFO     继电器 OFF (切断充电)
[2026-04-08 19:57:48] INFO     继电器执行 -> OFF
[2026-04-08 19:57:48] INFO     物理断电静置 3.0s
[2026-04-08 19:57:51] INFO     【结论】 [PASS] 成功关键字: voice_msgnum:9
[2026-04-08 19:57:51] INFO     统计 -> 成功: 242 | 失败: 3 | 异常: 0 | 成功率: 98.8%
[2026-04-08 19:57:51] INFO     
-------------------- 第 246 轮 | 最大监听: 3.5s --------------------
[2026-04-08 19:57:51] INFO     继电器 ON (开始充电)
[2026-04-08 19:57:51] INFO     继电器执行 -> ON
[2026-04-08 19:57:52] INFO     捕获目标指令: voice_msgnum:9
[2026-04-08 19:57:52] INFO     状态维稳，保持闭合 3.0s
[2026-04-08 19:57:55] INFO     继电器 OFF (切断充电)
[2026-04-08 19:57:55] INFO     继电器执行 -> OFF
[2026-04-08 19:57:55] INFO     物理断电静置 3.0s
[2026-04-08 19:57:58] INFO     【结论】 [PASS] 成功关键字: voice_msgnum:9
[2026-04-08 19:57:58] INFO     统计 -> 成功: 243 | 失败: 3 | 异常: 0 | 成功率: 98.8%
[2026-04-08 19:57:58] INFO     
-------------------- 第 247 轮 | 最大监听: 3.2s --------------------
[2026-04-08 19:57:58] INFO     继电器 ON (开始充电)
[2026-04-08 19:57:59] INFO     继电器执行 -> ON
[2026-04-08 19:58:00] INFO     捕获目标指令: voice_msgnum:9
[2026-04-08 19:58:00] INFO     状态维稳，保持闭合 3.0s
[2026-04-08 19:58:03] INFO     继电器 OFF (切断充电)
[2026-04-08 19:58:03] INFO     继电器执行 -> OFF
[2026-04-08 19:58:03] INFO     物理断电静置 3.0s
[2026-04-08 19:58:06] INFO     【结论】 [PASS] 成功关键字: voice_msgnum:9
[2026-04-08 19:58:06] INFO     统计 -> 成功: 244 | 失败: 3 | 异常: 0 | 成功率: 98.8%
[2026-04-08 19:58:06] INFO     
-------------------- 第 248 轮 | 最大监听: 3.3s --------------------
[2026-04-08 19:58:06] INFO     继电器 ON (开始充电)
[2026-04-08 19:58:06] INFO     继电器执行 -> ON
[2026-04-08 19:58:09] INFO     继电器 OFF (切断充电)
[2026-04-08 19:58:09] INFO     继电器执行 -> OFF
[2026-04-08 19:58:09] INFO     物理断电静置 3.0s
[2026-04-08 19:58:12] WARNING  【结论】 [FAIL] 超时未检测到成功关键字
[2026-04-08 19:58:12] INFO     统计 -> 成功: 244 | 失败: 4 | 异常: 0 | 成功率: 98.4%
[2026-04-08 19:58:12] INFO     
-------------------- 第 249 轮 | 最大监听: 3.6s --------------------
[2026-04-08 19:58:12] INFO     继电器 ON (开始充电)
[2026-04-08 19:58:13] INFO     继电器执行 -> ON
[2026-04-08 19:58:14] INFO     捕获目标指令: voice_msgnum:9
[2026-04-08 19:58:14] INFO     状态维稳，保持闭合 3.0s
[2026-04-08 19:58:17] INFO     继电器 OFF (切断充电)
[2026-04-08 19:58:17] INFO     继电器执行 -> OFF
[2026-04-08 19:58:17] INFO     物理断电静置 3.0s
[2026-04-08 19:58:20] INFO     【结论】 [PASS] 成功关键字: voice_msgnum:9
[2026-04-08 19:58:20] INFO     统计 -> 成功: 245 | 失败: 4 | 异常: 0 | 成功率: 98.4%
[2026-04-08 19:58:20] INFO     
-------------------- 第 250 轮 | 最大监听: 3.1s --------------------
[2026-04-08 19:58:20] INFO     继电器 ON (开始充电)
[2026-04-08 19:58:20] INFO     继电器执行 -> ON
[2026-04-08 19:58:22] INFO     捕获目标指令: voice_msgnum:9
[2026-04-08 19:58:22] INFO     状态维稳，保持闭合 3.0s
[2026-04-08 19:58:25] INFO     继电器 OFF (切断充电)
[2026-04-08 19:58:25] INFO     继电器执行 -> OFF
[2026-04-08 19:58:25] INFO     物理断电静置 3.0s
[2026-04-08 19:58:28] INFO     【结论】 [PASS] 成功关键字: voice_msgnum:9
[2026-04-08 19:58:28] INFO     统计 -> 成功: 246 | 失败: 4 | 异常: 0 | 成功率: 98.4%
[2026-04-08 19:58:28] INFO     
-------------------- 第 251 轮 | 最大监听: 3.1s --------------------
[2026-04-08 19:58:28] INFO     继电器 ON (开始充电)
[2026-04-08 19:58:28] INFO     继电器执行 -> ON
[2026-04-08 19:58:29] INFO     捕获目标指令: voice_msgnum:9
[2026-04-08 19:58:29] INFO     状态维稳，保持闭合 3.0s
[2026-04-08 19:58:32] INFO     继电器 OFF (切断充电)
[2026-04-08 19:58:32] INFO     继电器执行 -> OFF
[2026-04-08 19:58:32] INFO     物理断电静置 3.0s
[2026-04-08 19:58:35] INFO     【结论】 [PASS] 成功关键字: voice_msgnum:9
[2026-04-08 19:58:35] INFO     统计 -> 成功: 247 | 失败: 4 | 异常: 0 | 成功率: 98.4%
[2026-04-08 19:58:35] INFO     
-------------------- 第 252 轮 | 最大监听: 3.9s --------------------
[2026-04-08 19:58:35] INFO     继电器 ON (开始充电)
[2026-04-08 19:58:35] INFO     继电器执行 -> ON
[2026-04-08 19:58:37] INFO     捕获目标指令: voice_msgnum:9
[2026-04-08 19:58:37] INFO     状态维稳，保持闭合 3.0s
[2026-04-08 19:58:40] INFO     继电器 OFF (切断充电)
[2026-04-08 19:58:40] INFO     继电器执行 -> OFF
[2026-04-08 19:58:40] INFO     物理断电静置 3.0s
[2026-04-08 19:58:43] INFO     【结论】 [PASS] 成功关键字: voice_msgnum:9
[2026-04-08 19:58:43] INFO     统计 -> 成功: 248 | 失败: 4 | 异常: 0 | 成功率: 98.4%
[2026-04-08 19:58:43] INFO     
-------------------- 第 253 轮 | 最大监听: 3.1s --------------------
[2026-04-08 19:58:43] INFO     继电器 ON (开始充电)
[2026-04-08 19:58:43] INFO     继电器执行 -> ON
[2026-04-08 19:58:44] INFO     捕获目标指令: voice_msgnum:9
[2026-04-08 19:58:44] INFO     状态维稳，保持闭合 3.0s
[2026-04-08 19:58:47] INFO     继电器 OFF (切断充电)
[2026-04-08 19:58:47] INFO     继电器执行 -> OFF
[2026-04-08 19:58:47] INFO     物理断电静置 3.0s
[2026-04-08 19:58:50] INFO     【结论】 [PASS] 成功关键字: voice_msgnum:9
[2026-04-08 19:58:50] INFO     统计 -> 成功: 249 | 失败: 4 | 异常: 0 | 成功率: 98.4%
[2026-04-08 19:58:50] INFO     
-------------------- 第 254 轮 | 最大监听: 3.8s --------------------
[2026-04-08 19:58:50] INFO     继电器 ON (开始充电)
[2026-04-08 19:58:50] INFO     继电器执行 -> ON
[2026-04-08 19:58:52] INFO     捕获目标指令: voice_msgnum:9
[2026-04-08 19:58:52] INFO     状态维稳，保持闭合 3.0s
[2026-04-08 19:58:55] INFO     继电器 OFF (切断充电)
[2026-04-08 19:58:55] INFO     继电器执行 -> OFF
[2026-04-08 19:58:55] INFO     物理断电静置 3.0s
[2026-04-08 19:58:58] INFO     【结论】 [PASS] 成功关键字: voice_msgnum:9
[2026-04-08 19:58:58] INFO     统计 -> 成功: 250 | 失败: 4 | 异常: 0 | 成功率: 98.4%
[2026-04-08 19:58:58] INFO     
-------------------- 第 255 轮 | 最大监听: 3.7s --------------------
[2026-04-08 19:58:58] INFO     继电器 ON (开始充电)
[2026-04-08 19:58:58] INFO     继电器执行 -> ON
[2026-04-08 19:59:00] INFO     捕获目标指令: voice_msgnum:9
[2026-04-08 19:59:00] INFO     状态维稳，保持闭合 3.0s
[2026-04-08 19:59:03] INFO     继电器 OFF (切断充电)
[2026-04-08 19:59:03] INFO     继电器执行 -> OFF
[2026-04-08 19:59:03] INFO     物理断电静置 3.0s
[2026-04-08 19:59:06] INFO     【结论】 [PASS] 成功关键字: voice_msgnum:9
[2026-04-08 19:59:06] INFO     统计 -> 成功: 251 | 失败: 4 | 异常: 0 | 成功率: 98.4%
[2026-04-08 19:59:06] INFO     
-------------------- 第 256 轮 | 最大监听: 3.2s --------------------
[2026-04-08 19:59:06] INFO     继电器 ON (开始充电)
[2026-04-08 19:59:06] INFO     继电器执行 -> ON
[2026-04-08 19:59:07] INFO     捕获目标指令: voice_msgnum:9
[2026-04-08 19:59:07] INFO     状态维稳，保持闭合 3.0s
[2026-04-08 19:59:10] INFO     继电器 OFF (切断充电)
[2026-04-08 19:59:10] INFO     继电器执行 -> OFF
[2026-04-08 19:59:10] INFO     物理断电静置 3.0s
[2026-04-08 19:59:13] INFO     【结论】 [PASS] 成功关键字: voice_msgnum:9
[2026-04-08 19:59:13] INFO     统计 -> 成功: 252 | 失败: 4 | 异常: 0 | 成功率: 98.4%
[2026-04-08 19:59:13] INFO     
-------------------- 第 257 轮 | 最大监听: 4.0s --------------------
[2026-04-08 19:59:13] INFO     继电器 ON (开始充电)
[2026-04-08 19:59:13] INFO     继电器执行 -> ON
[2026-04-08 19:59:15] INFO     捕获目标指令: voice_msgnum:9
[2026-04-08 19:59:15] INFO     状态维稳，保持闭合 3.0s
[2026-04-08 19:59:18] INFO     继电器 OFF (切断充电)
[2026-04-08 19:59:18] INFO     继电器执行 -> OFF
[2026-04-08 19:59:18] INFO     物理断电静置 3.0s
[2026-04-08 19:59:21] INFO     【结论】 [PASS] 成功关键字: voice_msgnum:9
[2026-04-08 19:59:21] INFO     统计 -> 成功: 253 | 失败: 4 | 异常: 0 | 成功率: 98.4%
[2026-04-08 19:59:21] INFO     
-------------------- 第 258 轮 | 最大监听: 3.9s --------------------
[2026-04-08 19:59:21] INFO     继电器 ON (开始充电)
[2026-04-08 19:59:21] INFO     继电器执行 -> ON
[2026-04-08 19:59:22] INFO     捕获目标指令: voice_msgnum:9
[2026-04-08 19:59:22] INFO     状态维稳，保持闭合 3.0s
[2026-04-08 19:59:25] INFO     继电器 OFF (切断充电)
[2026-04-08 19:59:25] INFO     继电器执行 -> OFF
[2026-04-08 19:59:25] INFO     物理断电静置 3.0s
[2026-04-08 19:59:28] INFO     【结论】 [PASS] 成功关键字: voice_msgnum:9
[2026-04-08 19:59:28] INFO     统计 -> 成功: 254 | 失败: 4 | 异常: 0 | 成功率: 98.4%
[2026-04-08 19:59:28] INFO     
-------------------- 第 259 轮 | 最大监听: 3.4s --------------------
[2026-04-08 19:59:28] INFO     继电器 ON (开始充电)
[2026-04-08 19:59:28] INFO     继电器执行 -> ON
[2026-04-08 19:59:30] INFO     捕获目标指令: voice_msgnum:9
[2026-04-08 19:59:30] INFO     状态维稳，保持闭合 3.0s
[2026-04-08 19:59:33] INFO     继电器 OFF (切断充电)
[2026-04-08 19:59:33] INFO     继电器执行 -> OFF
[2026-04-08 19:59:33] INFO     物理断电静置 3.0s
[2026-04-08 19:59:36] INFO     【结论】 [PASS] 成功关键字: voice_msgnum:9
[2026-04-08 19:59:36] INFO     统计 -> 成功: 255 | 失败: 4 | 异常: 0 | 成功率: 98.5%
[2026-04-08 19:59:36] INFO     
-------------------- 第 260 轮 | 最大监听: 3.3s --------------------
[2026-04-08 19:59:36] INFO     继电器 ON (开始充电)
[2026-04-08 19:59:36] INFO     继电器执行 -> ON
[2026-04-08 19:59:39] INFO     继电器 OFF (切断充电)
[2026-04-08 19:59:39] INFO     继电器执行 -> OFF
[2026-04-08 19:59:39] INFO     物理断电静置 3.0s
[2026-04-08 19:59:42] WARNING  【结论】 [FAIL] 超时未检测到成功关键字
[2026-04-08 19:59:42] INFO     统计 -> 成功: 255 | 失败: 5 | 异常: 0 | 成功率: 98.1%
[2026-04-08 19:59:42] INFO     
-------------------- 第 261 轮 | 最大监听: 3.5s --------------------
[2026-04-08 19:59:42] INFO     继电器 ON (开始充电)
[2026-04-08 19:59:43] INFO     继电器执行 -> ON
[2026-04-08 19:59:46] INFO     继电器 OFF (切断充电)
[2026-04-08 19:59:46] INFO     继电器执行 -> OFF
[2026-04-08 19:59:46] INFO     物理断电静置 3.0s
[2026-04-08 19:59:49] WARNING  【结论】 [FAIL] 超时未检测到成功关键字
[2026-04-08 19:59:49] INFO     统计 -> 成功: 255 | 失败: 6 | 异常: 0 | 成功率: 97.7%
[2026-04-08 19:59:49] INFO     
-------------------- 第 262 轮 | 最大监听: 3.4s --------------------
[2026-04-08 19:59:49] INFO     继电器 ON (开始充电)
[2026-04-08 19:59:49] INFO     继电器执行 -> ON
[2026-04-08 19:59:51] INFO     捕获目标指令: voice_msgnum:9
[2026-04-08 19:59:51] INFO     状态维稳，保持闭合 3.0s
[2026-04-08 19:59:54] INFO     继电器 OFF (切断充电)
[2026-04-08 19:59:54] INFO     继电器执行 -> OFF
[2026-04-08 19:59:54] INFO     物理断电静置 3.0s
[2026-04-08 19:59:57] INFO     【结论】 [PASS] 成功关键字: voice_msgnum:9
[2026-04-08 19:59:57] INFO     统计 -> 成功: 256 | 失败: 6 | 异常: 0 | 成功率: 97.7%
[2026-04-08 19:59:57] INFO     
-------------------- 第 263 轮 | 最大监听: 3.7s --------------------
[2026-04-08 19:59:57] INFO     继电器 ON (开始充电)
[2026-04-08 19:59:57] INFO     继电器执行 -> ON
[2026-04-08 19:59:58] INFO     捕获目标指令: voice_msgnum:9
[2026-04-08 19:59:58] INFO     状态维稳，保持闭合 3.0s
[2026-04-08 20:00:01] INFO     继电器 OFF (切断充电)
[2026-04-08 20:00:01] INFO     继电器执行 -> OFF
[2026-04-08 20:00:01] INFO     物理断电静置 3.0s
[2026-04-08 20:00:04] INFO     【结论】 [PASS] 成功关键字: voice_msgnum:9
[2026-04-08 20:00:04] INFO     统计 -> 成功: 257 | 失败: 6 | 异常: 0 | 成功率: 97.7%
[2026-04-08 20:00:04] INFO     
-------------------- 第 264 轮 | 最大监听: 3.2s --------------------
[2026-04-08 20:00:04] INFO     继电器 ON (开始充电)
[2026-04-08 20:00:04] INFO     继电器执行 -> ON
[2026-04-08 20:00:06] INFO     捕获目标指令: voice_msgnum:9
[2026-04-08 20:00:06] INFO     状态维稳，保持闭合 3.0s
[2026-04-08 20:00:09] INFO     继电器 OFF (切断充电)
[2026-04-08 20:00:09] INFO     继电器执行 -> OFF
[2026-04-08 20:00:09] INFO     物理断电静置 3.0s
[2026-04-08 20:00:12] INFO     【结论】 [PASS] 成功关键字: voice_msgnum:9
[2026-04-08 20:00:12] INFO     统计 -> 成功: 258 | 失败: 6 | 异常: 0 | 成功率: 97.7%
[2026-04-08 20:00:12] INFO     
-------------------- 第 265 轮 | 最大监听: 3.8s --------------------
[2026-04-08 20:00:12] INFO     继电器 ON (开始充电)
[2026-04-08 20:00:12] INFO     继电器执行 -> ON
[2026-04-08 20:00:13] INFO     捕获目标指令: voice_msgnum:9
[2026-04-08 20:00:13] INFO     状态维稳，保持闭合 3.0s
[2026-04-08 20:00:16] INFO     继电器 OFF (切断充电)
[2026-04-08 20:00:16] INFO     继电器执行 -> OFF
[2026-04-08 20:00:16] INFO     物理断电静置 3.0s
[2026-04-08 20:00:19] INFO     【结论】 [PASS] 成功关键字: voice_msgnum:9
[2026-04-08 20:00:19] INFO     统计 -> 成功: 259 | 失败: 6 | 异常: 0 | 成功率: 97.7%
[2026-04-08 20:00:19] INFO     
-------------------- 第 266 轮 | 最大监听: 3.9s --------------------
[2026-04-08 20:00:19] INFO     继电器 ON (开始充电)
[2026-04-08 20:00:20] INFO     继电器执行 -> ON
[2026-04-08 20:00:21] INFO     捕获目标指令: voice_msgnum:9
[2026-04-08 20:00:21] INFO     状态维稳，保持闭合 3.0s
[2026-04-08 20:00:24] INFO     继电器 OFF (切断充电)
[2026-04-08 20:00:24] INFO     继电器执行 -> OFF
[2026-04-08 20:00:24] INFO     物理断电静置 3.0s
[2026-04-08 20:00:27] INFO     【结论】 [PASS] 成功关键字: voice_msgnum:9
[2026-04-08 20:00:27] INFO     统计 -> 成功: 260 | 失败: 6 | 异常: 0 | 成功率: 97.7%
[2026-04-08 20:00:27] INFO     
-------------------- 第 267 轮 | 最大监听: 3.4s --------------------
[2026-04-08 20:00:27] INFO     继电器 ON (开始充电)
[2026-04-08 20:00:27] INFO     继电器执行 -> ON
[2026-04-08 20:00:29] INFO     捕获目标指令: voice_msgnum:9
[2026-04-08 20:00:29] INFO     状态维稳，保持闭合 3.0s
[2026-04-08 20:00:32] INFO     继电器 OFF (切断充电)
[2026-04-08 20:00:32] INFO     继电器执行 -> OFF
[2026-04-08 20:00:32] INFO     物理断电静置 3.0s
[2026-04-08 20:00:35] INFO     【结论】 [PASS] 成功关键字: voice_msgnum:9
[2026-04-08 20:00:35] INFO     统计 -> 成功: 261 | 失败: 6 | 异常: 0 | 成功率: 97.8%
[2026-04-08 20:00:35] INFO     
-------------------- 第 268 轮 | 最大监听: 3.7s --------------------
[2026-04-08 20:00:35] INFO     继电器 ON (开始充电)
[2026-04-08 20:00:35] INFO     继电器执行 -> ON
[2026-04-08 20:00:38] INFO     继电器 OFF (切断充电)
[2026-04-08 20:00:38] INFO     继电器执行 -> OFF
[2026-04-08 20:00:38] INFO     物理断电静置 3.0s
[2026-04-08 20:00:41] WARNING  【结论】 [FAIL] 超时未检测到成功关键字
[2026-04-08 20:00:41] INFO     统计 -> 成功: 261 | 失败: 7 | 异常: 0 | 成功率: 97.4%
[2026-04-08 20:00:41] INFO     
-------------------- 第 269 轮 | 最大监听: 3.7s --------------------
[2026-04-08 20:00:41] INFO     继电器 ON (开始充电)
[2026-04-08 20:00:42] INFO     继电器执行 -> ON
[2026-04-08 20:00:45] INFO     继电器 OFF (切断充电)
[2026-04-08 20:00:45] INFO     继电器执行 -> OFF
[2026-04-08 20:00:45] INFO     物理断电静置 3.0s
[2026-04-08 20:00:48] WARNING  【结论】 [FAIL] 超时未检测到成功关键字
[2026-04-08 20:00:48] INFO     统计 -> 成功: 261 | 失败: 8 | 异常: 0 | 成功率: 97.0%
[2026-04-08 20:00:48] INFO     
-------------------- 第 270 轮 | 最大监听: 3.5s --------------------
[2026-04-08 20:00:48] INFO     继电器 ON (开始充电)
[2026-04-08 20:00:48] INFO     继电器执行 -> ON
[2026-04-08 20:00:50] INFO     捕获目标指令: voice_msgnum:9
[2026-04-08 20:00:50] INFO     状态维稳，保持闭合 3.0s
[2026-04-08 20:00:53] INFO     继电器 OFF (切断充电)
[2026-04-08 20:00:53] INFO     继电器执行 -> OFF
[2026-04-08 20:00:53] INFO     物理断电静置 3.0s
[2026-04-08 20:00:56] INFO     【结论】 [PASS] 成功关键字: voice_msgnum:9
[2026-04-08 20:00:56] INFO     统计 -> 成功: 262 | 失败: 8 | 异常: 0 | 成功率: 97.0%
[2026-04-08 20:00:56] INFO     
-------------------- 第 271 轮 | 最大监听: 3.7s --------------------
[2026-04-08 20:00:56] INFO     继电器 ON (开始充电)
[2026-04-08 20:00:56] INFO     继电器执行 -> ON
[2026-04-08 20:00:57] INFO     捕获目标指令: voice_msgnum:9
[2026-04-08 20:00:57] INFO     状态维稳，保持闭合 3.0s
[2026-04-08 20:01:00] INFO     继电器 OFF (切断充电)
[2026-04-08 20:01:01] INFO     继电器执行 -> OFF
[2026-04-08 20:01:01] INFO     物理断电静置 3.0s
[2026-04-08 20:01:04] INFO     【结论】 [PASS] 成功关键字: voice_msgnum:9
[2026-04-08 20:01:04] INFO     统计 -> 成功: 263 | 失败: 8 | 异常: 0 | 成功率: 97.0%
[2026-04-08 20:01:04] INFO     
-------------------- 第 272 轮 | 最大监听: 3.5s --------------------
[2026-04-08 20:01:04] INFO     继电器 ON (开始充电)
[2026-04-08 20:01:04] INFO     继电器执行 -> ON
[2026-04-08 20:01:05] INFO     捕获目标指令: voice_msgnum:9
[2026-04-08 20:01:05] INFO     状态维稳，保持闭合 3.0s
[2026-04-08 20:01:08] INFO     继电器 OFF (切断充电)
[2026-04-08 20:01:08] INFO     继电器执行 -> OFF
[2026-04-08 20:01:08] INFO     物理断电静置 3.0s
[2026-04-08 20:01:11] INFO     【结论】 [PASS] 成功关键字: voice_msgnum:9
[2026-04-08 20:01:11] INFO     统计 -> 成功: 264 | 失败: 8 | 异常: 0 | 成功率: 97.1%
[2026-04-08 20:01:11] INFO     
-------------------- 第 273 轮 | 最大监听: 3.9s --------------------
[2026-04-08 20:01:11] INFO     继电器 ON (开始充电)
[2026-04-08 20:01:11] INFO     继电器执行 -> ON
[2026-04-08 20:01:13] INFO     捕获目标指令: voice_msgnum:9
[2026-04-08 20:01:13] INFO     状态维稳，保持闭合 3.0s
[2026-04-08 20:01:16] INFO     继电器 OFF (切断充电)
[2026-04-08 20:01:16] INFO     继电器执行 -> OFF
[2026-04-08 20:01:16] INFO     物理断电静置 3.0s
[2026-04-08 20:01:19] INFO     【结论】 [PASS] 成功关键字: voice_msgnum:9
[2026-04-08 20:01:19] INFO     统计 -> 成功: 265 | 失败: 8 | 异常: 0 | 成功率: 97.1%
[2026-04-08 20:01:19] INFO     
-------------------- 第 274 轮 | 最大监听: 4.0s --------------------
[2026-04-08 20:01:19] INFO     继电器 ON (开始充电)
[2026-04-08 20:01:19] INFO     继电器执行 -> ON
[2026-04-08 20:01:20] INFO     捕获目标指令: voice_msgnum:9
[2026-04-08 20:01:20] INFO     状态维稳，保持闭合 3.0s
[2026-04-08 20:01:23] INFO     继电器 OFF (切断充电)
[2026-04-08 20:01:23] INFO     继电器执行 -> OFF
[2026-04-08 20:01:23] INFO     物理断电静置 3.0s
[2026-04-08 20:01:26] INFO     【结论】 [PASS] 成功关键字: voice_msgnum:9
[2026-04-08 20:01:26] INFO     统计 -> 成功: 266 | 失败: 8 | 异常: 0 | 成功率: 97.1%
[2026-04-08 20:01:26] INFO     
-------------------- 第 275 轮 | 最大监听: 3.9s --------------------
[2026-04-08 20:01:26] INFO     继电器 ON (开始充电)
[2026-04-08 20:01:26] INFO     继电器执行 -> ON
[2026-04-08 20:01:28] INFO     捕获目标指令: voice_msgnum:9
[2026-04-08 20:01:28] INFO     状态维稳，保持闭合 3.0s
[2026-04-08 20:01:31] INFO     继电器 OFF (切断充电)
[2026-04-08 20:01:31] INFO     继电器执行 -> OFF
[2026-04-08 20:01:31] INFO     物理断电静置 3.0s
[2026-04-08 20:01:34] INFO     【结论】 [PASS] 成功关键字: voice_msgnum:9
[2026-04-08 20:01:34] INFO     统计 -> 成功: 267 | 失败: 8 | 异常: 0 | 成功率: 97.1%
[2026-04-08 20:01:34] INFO     
-------------------- 第 276 轮 | 最大监听: 3.4s --------------------
[2026-04-08 20:01:34] INFO     继电器 ON (开始充电)
[2026-04-08 20:01:34] INFO     继电器执行 -> ON
[2026-04-08 20:01:35] INFO     捕获目标指令: voice_msgnum:9
[2026-04-08 20:01:35] INFO     状态维稳，保持闭合 3.0s
[2026-04-08 20:01:38] INFO     继电器 OFF (切断充电)
[2026-04-08 20:01:39] INFO     继电器执行 -> OFF
[2026-04-08 20:01:39] INFO     物理断电静置 3.0s
[2026-04-08 20:01:42] INFO     【结论】 [PASS] 成功关键字: voice_msgnum:9
[2026-04-08 20:01:42] INFO     统计 -> 成功: 268 | 失败: 8 | 异常: 0 | 成功率: 97.1%
[2026-04-08 20:01:42] INFO     
-------------------- 第 277 轮 | 最大监听: 3.7s --------------------
[2026-04-08 20:01:42] INFO     继电器 ON (开始充电)
[2026-04-08 20:01:42] INFO     继电器执行 -> ON
[2026-04-08 20:01:43] INFO     捕获目标指令: voice_msgnum:9
[2026-04-08 20:01:43] INFO     状态维稳，保持闭合 3.0s
[2026-04-08 20:01:46] INFO     继电器 OFF (切断充电)
[2026-04-08 20:01:46] INFO     继电器执行 -> OFF
[2026-04-08 20:01:46] INFO     物理断电静置 3.0s
[2026-04-08 20:01:49] INFO     【结论】 [PASS] 成功关键字: voice_msgnum:9
[2026-04-08 20:01:49] INFO     统计 -> 成功: 269 | 失败: 8 | 异常: 0 | 成功率: 97.1%
[2026-04-08 20:01:49] INFO     
-------------------- 第 278 轮 | 最大监听: 3.3s --------------------
[2026-04-08 20:01:49] INFO     继电器 ON (开始充电)
[2026-04-08 20:01:49] INFO     继电器执行 -> ON
[2026-04-08 20:01:51] INFO     捕获目标指令: voice_msgnum:9
[2026-04-08 20:01:51] INFO     状态维稳，保持闭合 3.0s
[2026-04-08 20:01:54] INFO     继电器 OFF (切断充电)
[2026-04-08 20:01:54] INFO     继电器执行 -> OFF
[2026-04-08 20:01:54] INFO     物理断电静置 3.0s
[2026-04-08 20:01:57] INFO     【结论】 [PASS] 成功关键字: voice_msgnum:9
[2026-04-08 20:01:57] INFO     统计 -> 成功: 270 | 失败: 8 | 异常: 0 | 成功率: 97.1%
[2026-04-08 20:01:57] INFO     
-------------------- 第 279 轮 | 最大监听: 3.5s --------------------
[2026-04-08 20:01:57] INFO     继电器 ON (开始充电)
[2026-04-08 20:01:57] INFO     继电器执行 -> ON
[2026-04-08 20:01:58] INFO     捕获目标指令: voice_msgnum:9
[2026-04-08 20:01:58] INFO     状态维稳，保持闭合 3.0s
[2026-04-08 20:02:01] INFO     继电器 OFF (切断充电)
[2026-04-08 20:02:01] INFO     继电器执行 -> OFF
[2026-04-08 20:02:01] INFO     物理断电静置 3.0s
[2026-04-08 20:02:04] INFO     【结论】 [PASS] 成功关键字: voice_msgnum:9
[2026-04-08 20:02:04] INFO     统计 -> 成功: 271 | 失败: 8 | 异常: 0 | 成功率: 97.1%
[2026-04-08 20:02:04] INFO     
-------------------- 第 280 轮 | 最大监听: 3.3s --------------------
[2026-04-08 20:02:04] INFO     继电器 ON (开始充电)
[2026-04-08 20:02:04] INFO     继电器执行 -> ON
[2026-04-08 20:02:06] INFO     捕获目标指令: voice_msgnum:9
[2026-04-08 20:02:06] INFO     状态维稳，保持闭合 3.0s
[2026-04-08 20:02:09] INFO     继电器 OFF (切断充电)
[2026-04-08 20:02:09] INFO     继电器执行 -> OFF
[2026-04-08 20:02:09] INFO     物理断电静置 3.0s
[2026-04-08 20:02:12] INFO     【结论】 [PASS] 成功关键字: voice_msgnum:9
[2026-04-08 20:02:12] INFO     统计 -> 成功: 272 | 失败: 8 | 异常: 0 | 成功率: 97.1%
[2026-04-08 20:02:12] INFO     
-------------------- 第 281 轮 | 最大监听: 3.6s --------------------
[2026-04-08 20:02:12] INFO     继电器 ON (开始充电)
[2026-04-08 20:02:12] INFO     继电器执行 -> ON
[2026-04-08 20:02:14] INFO     捕获目标指令: voice_msgnum:9
[2026-04-08 20:02:14] INFO     状态维稳，保持闭合 3.0s
[2026-04-08 20:02:17] INFO     继电器 OFF (切断充电)
[2026-04-08 20:02:17] INFO     继电器执行 -> OFF
[2026-04-08 20:02:17] INFO     物理断电静置 3.0s
[2026-04-08 20:02:20] INFO     【结论】 [PASS] 成功关键字: voice_msgnum:9
[2026-04-08 20:02:20] INFO     统计 -> 成功: 273 | 失败: 8 | 异常: 0 | 成功率: 97.2%
[2026-04-08 20:02:20] INFO     
-------------------- 第 282 轮 | 最大监听: 3.7s --------------------
[2026-04-08 20:02:20] INFO     继电器 ON (开始充电)
[2026-04-08 20:02:20] INFO     继电器执行 -> ON
[2026-04-08 20:02:21] INFO     捕获目标指令: voice_msgnum:9
[2026-04-08 20:02:21] INFO     状态维稳，保持闭合 3.0s
[2026-04-08 20:02:24] INFO     继电器 OFF (切断充电)
[2026-04-08 20:02:24] INFO     继电器执行 -> OFF
[2026-04-08 20:02:24] INFO     物理断电静置 3.0s
[2026-04-08 20:02:27] INFO     【结论】 [PASS] 成功关键字: voice_msgnum:9
[2026-04-08 20:02:27] INFO     统计 -> 成功: 274 | 失败: 8 | 异常: 0 | 成功率: 97.2%
[2026-04-08 20:02:27] INFO     
-------------------- 第 283 轮 | 最大监听: 3.1s --------------------
[2026-04-08 20:02:27] INFO     继电器 ON (开始充电)
[2026-04-08 20:02:27] INFO     继电器执行 -> ON
[2026-04-08 20:02:29] INFO     捕获目标指令: voice_msgnum:9
[2026-04-08 20:02:29] INFO     状态维稳，保持闭合 3.0s
[2026-04-08 20:02:32] INFO     继电器 OFF (切断充电)
[2026-04-08 20:02:32] INFO     继电器执行 -> OFF
[2026-04-08 20:02:32] INFO     物理断电静置 3.0s
[2026-04-08 20:02:35] INFO     【结论】 [PASS] 成功关键字: voice_msgnum:9
[2026-04-08 20:02:35] INFO     统计 -> 成功: 275 | 失败: 8 | 异常: 0 | 成功率: 97.2%
[2026-04-08 20:02:35] INFO     
-------------------- 第 284 轮 | 最大监听: 3.9s --------------------
[2026-04-08 20:02:35] INFO     继电器 ON (开始充电)
[2026-04-08 20:02:35] INFO     继电器执行 -> ON
[2026-04-08 20:02:36] INFO     捕获目标指令: voice_msgnum:9
[2026-04-08 20:02:36] INFO     状态维稳，保持闭合 3.0s
[2026-04-08 20:02:39] INFO     继电器 OFF (切断充电)
[2026-04-08 20:02:39] INFO     继电器执行 -> OFF
[2026-04-08 20:02:39] INFO     物理断电静置 3.0s
[2026-04-08 20:02:42] INFO     【结论】 [PASS] 成功关键字: voice_msgnum:9
[2026-04-08 20:02:42] INFO     统计 -> 成功: 276 | 失败: 8 | 异常: 0 | 成功率: 97.2%
[2026-04-08 20:02:42] INFO     
-------------------- 第 285 轮 | 最大监听: 4.0s --------------------
[2026-04-08 20:02:42] INFO     继电器 ON (开始充电)
[2026-04-08 20:02:43] INFO     继电器执行 -> ON
[2026-04-08 20:02:44] INFO     捕获目标指令: voice_msgnum:9
[2026-04-08 20:02:44] INFO     状态维稳，保持闭合 3.0s
[2026-04-08 20:02:47] INFO     继电器 OFF (切断充电)
[2026-04-08 20:02:47] INFO     继电器执行 -> OFF
[2026-04-08 20:02:47] INFO     物理断电静置 3.0s
[2026-04-08 20:02:50] INFO     【结论】 [PASS] 成功关键字: voice_msgnum:9
[2026-04-08 20:02:50] INFO     统计 -> 成功: 277 | 失败: 8 | 异常: 0 | 成功率: 97.2%
[2026-04-08 20:02:50] INFO     
-------------------- 第 286 轮 | 最大监听: 3.6s --------------------
[2026-04-08 20:02:50] INFO     继电器 ON (开始充电)
[2026-04-08 20:02:50] INFO     继电器执行 -> ON
[2026-04-08 20:02:52] INFO     捕获目标指令: voice_msgnum:9
[2026-04-08 20:02:52] INFO     状态维稳，保持闭合 3.0s
[2026-04-08 20:02:55] INFO     继电器 OFF (切断充电)
[2026-04-08 20:02:55] INFO     继电器执行 -> OFF
[2026-04-08 20:02:55] INFO     物理断电静置 3.0s
[2026-04-08 20:02:58] INFO     【结论】 [PASS] 成功关键字: voice_msgnum:9
[2026-04-08 20:02:58] INFO     统计 -> 成功: 278 | 失败: 8 | 异常: 0 | 成功率: 97.2%
[2026-04-08 20:02:58] INFO     
-------------------- 第 287 轮 | 最大监听: 3.3s --------------------
[2026-04-08 20:02:58] INFO     继电器 ON (开始充电)
[2026-04-08 20:02:58] INFO     继电器执行 -> ON
[2026-04-08 20:02:59] INFO     捕获目标指令: voice_msgnum:9
[2026-04-08 20:02:59] INFO     状态维稳，保持闭合 3.0s
[2026-04-08 20:03:02] INFO     继电器 OFF (切断充电)
[2026-04-08 20:03:02] INFO     继电器执行 -> OFF
[2026-04-08 20:03:02] INFO     物理断电静置 3.0s
[2026-04-08 20:03:05] INFO     【结论】 [PASS] 成功关键字: voice_msgnum:9
[2026-04-08 20:03:05] INFO     统计 -> 成功: 279 | 失败: 8 | 异常: 0 | 成功率: 97.2%
[2026-04-08 20:03:05] INFO     
-------------------- 第 288 轮 | 最大监听: 3.7s --------------------
[2026-04-08 20:03:05] INFO     继电器 ON (开始充电)
[2026-04-08 20:03:05] INFO     继电器执行 -> ON
[2026-04-08 20:03:07] INFO     捕获目标指令: voice_msgnum:9
[2026-04-08 20:03:07] INFO     状态维稳，保持闭合 3.0s
[2026-04-08 20:03:10] INFO     继电器 OFF (切断充电)
[2026-04-08 20:03:10] INFO     继电器执行 -> OFF
[2026-04-08 20:03:10] INFO     物理断电静置 3.0s
[2026-04-08 20:03:13] INFO     【结论】 [PASS] 成功关键字: voice_msgnum:9
[2026-04-08 20:03:13] INFO     统计 -> 成功: 280 | 失败: 8 | 异常: 0 | 成功率: 97.2%
[2026-04-08 20:03:13] INFO     
-------------------- 第 289 轮 | 最大监听: 3.6s --------------------
[2026-04-08 20:03:13] INFO     继电器 ON (开始充电)
[2026-04-08 20:03:13] INFO     继电器执行 -> ON
[2026-04-08 20:03:14] INFO     捕获目标指令: voice_msgnum:9
[2026-04-08 20:03:14] INFO     状态维稳，保持闭合 3.0s
[2026-04-08 20:03:17] INFO     继电器 OFF (切断充电)
[2026-04-08 20:03:17] INFO     继电器执行 -> OFF
[2026-04-08 20:03:17] INFO     物理断电静置 3.0s
[2026-04-08 20:03:20] INFO     【结论】 [PASS] 成功关键字: voice_msgnum:9
[2026-04-08 20:03:20] INFO     统计 -> 成功: 281 | 失败: 8 | 异常: 0 | 成功率: 97.2%
[2026-04-08 20:03:20] INFO     
-------------------- 第 290 轮 | 最大监听: 3.4s --------------------
[2026-04-08 20:03:20] INFO     继电器 ON (开始充电)
[2026-04-08 20:03:21] INFO     继电器执行 -> ON
[2026-04-08 20:03:22] INFO     捕获目标指令: voice_msgnum:9
[2026-04-08 20:03:22] INFO     状态维稳，保持闭合 3.0s
[2026-04-08 20:03:25] INFO     继电器 OFF (切断充电)
[2026-04-08 20:03:25] INFO     继电器执行 -> OFF
[2026-04-08 20:03:25] INFO     物理断电静置 3.0s
[2026-04-08 20:03:28] INFO     【结论】 [PASS] 成功关键字: voice_msgnum:9
[2026-04-08 20:03:28] INFO     统计 -> 成功: 282 | 失败: 8 | 异常: 0 | 成功率: 97.2%
[2026-04-08 20:03:28] INFO     
-------------------- 第 291 轮 | 最大监听: 3.6s --------------------
[2026-04-08 20:03:28] INFO     继电器 ON (开始充电)
[2026-04-08 20:03:28] INFO     继电器执行 -> ON
[2026-04-08 20:03:30] INFO     捕获目标指令: voice_msgnum:9
[2026-04-08 20:03:30] INFO     状态维稳，保持闭合 3.0s
[2026-04-08 20:03:33] INFO     继电器 OFF (切断充电)
[2026-04-08 20:03:33] INFO     继电器执行 -> OFF
[2026-04-08 20:03:33] INFO     物理断电静置 3.0s
[2026-04-08 20:03:36] INFO     【结论】 [PASS] 成功关键字: voice_msgnum:9
[2026-04-08 20:03:36] INFO     统计 -> 成功: 283 | 失败: 8 | 异常: 0 | 成功率: 97.3%
[2026-04-08 20:03:36] INFO     
-------------------- 第 292 轮 | 最大监听: 3.8s --------------------
[2026-04-08 20:03:36] INFO     继电器 ON (开始充电)
[2026-04-08 20:03:36] INFO     继电器执行 -> ON
[2026-04-08 20:03:37] INFO     捕获目标指令: voice_msgnum:9
[2026-04-08 20:03:37] INFO     状态维稳，保持闭合 3.0s
[2026-04-08 20:03:40] INFO     继电器 OFF (切断充电)
[2026-04-08 20:03:40] INFO     继电器执行 -> OFF
[2026-04-08 20:03:40] INFO     物理断电静置 3.0s
[2026-04-08 20:03:43] INFO     【结论】 [PASS] 成功关键字: voice_msgnum:9
[2026-04-08 20:03:43] INFO     统计 -> 成功: 284 | 失败: 8 | 异常: 0 | 成功率: 97.3%
[2026-04-08 20:03:43] INFO     
-------------------- 第 293 轮 | 最大监听: 3.8s --------------------
[2026-04-08 20:03:43] INFO     继电器 ON (开始充电)
[2026-04-08 20:03:43] INFO     继电器执行 -> ON
[2026-04-08 20:03:45] INFO     捕获目标指令: voice_msgnum:9
[2026-04-08 20:03:45] INFO     状态维稳，保持闭合 3.0s
[2026-04-08 20:03:48] INFO     继电器 OFF (切断充电)
[2026-04-08 20:03:48] INFO     继电器执行 -> OFF
[2026-04-08 20:03:48] INFO     物理断电静置 3.0s
[2026-04-08 20:03:51] INFO     【结论】 [PASS] 成功关键字: voice_msgnum:9
[2026-04-08 20:03:51] INFO     统计 -> 成功: 285 | 失败: 8 | 异常: 0 | 成功率: 97.3%
[2026-04-08 20:03:51] INFO     
-------------------- 第 294 轮 | 最大监听: 3.6s --------------------
[2026-04-08 20:03:51] INFO     继电器 ON (开始充电)
[2026-04-08 20:03:51] INFO     继电器执行 -> ON
[2026-04-08 20:03:52] INFO     捕获目标指令: voice_msgnum:9
[2026-04-08 20:03:52] INFO     状态维稳，保持闭合 3.0s
[2026-04-08 20:03:55] INFO     继电器 OFF (切断充电)
[2026-04-08 20:03:55] INFO     继电器执行 -> OFF
[2026-04-08 20:03:55] INFO     物理断电静置 3.0s
[2026-04-08 20:03:58] INFO     【结论】 [PASS] 成功关键字: voice_msgnum:9
[2026-04-08 20:03:58] INFO     统计 -> 成功: 286 | 失败: 8 | 异常: 0 | 成功率: 97.3%
[2026-04-08 20:03:58] INFO     
-------------------- 第 295 轮 | 最大监听: 3.4s --------------------
[2026-04-08 20:03:58] INFO     继电器 ON (开始充电)
[2026-04-08 20:03:58] INFO     继电器执行 -> ON
[2026-04-08 20:04:00] INFO     捕获目标指令: voice_msgnum:9
[2026-04-08 20:04:00] INFO     状态维稳，保持闭合 3.0s
[2026-04-08 20:04:03] INFO     继电器 OFF (切断充电)
[2026-04-08 20:04:03] INFO     继电器执行 -> OFF
[2026-04-08 20:04:03] INFO     物理断电静置 3.0s
[2026-04-08 20:04:06] INFO     【结论】 [PASS] 成功关键字: voice_msgnum:9
[2026-04-08 20:04:06] INFO     统计 -> 成功: 287 | 失败: 8 | 异常: 0 | 成功率: 97.3%
[2026-04-08 20:04:06] INFO     
-------------------- 第 296 轮 | 最大监听: 3.9s --------------------
[2026-04-08 20:04:06] INFO     继电器 ON (开始充电)
[2026-04-08 20:04:06] INFO     继电器执行 -> ON
[2026-04-08 20:04:08] INFO     捕获目标指令: voice_msgnum:9
[2026-04-08 20:04:08] INFO     状态维稳，保持闭合 3.0s
[2026-04-08 20:04:11] INFO     继电器 OFF (切断充电)
[2026-04-08 20:04:11] INFO     继电器执行 -> OFF
[2026-04-08 20:04:11] INFO     物理断电静置 3.0s
[2026-04-08 20:04:14] INFO     【结论】 [PASS] 成功关键字: voice_msgnum:9
[2026-04-08 20:04:14] INFO     统计 -> 成功: 288 | 失败: 8 | 异常: 0 | 成功率: 97.3%
[2026-04-08 20:04:14] INFO     
-------------------- 第 297 轮 | 最大监听: 3.7s --------------------
[2026-04-08 20:04:14] INFO     继电器 ON (开始充电)
[2026-04-08 20:04:14] INFO     继电器执行 -> ON
[2026-04-08 20:04:15] INFO     捕获目标指令: voice_msgnum:9
[2026-04-08 20:04:15] INFO     状态维稳，保持闭合 3.0s
[2026-04-08 20:04:18] INFO     继电器 OFF (切断充电)
[2026-04-08 20:04:18] INFO     继电器执行 -> OFF
[2026-04-08 20:04:18] INFO     物理断电静置 3.0s
[2026-04-08 20:04:21] INFO     【结论】 [PASS] 成功关键字: voice_msgnum:9
[2026-04-08 20:04:21] INFO     统计 -> 成功: 289 | 失败: 8 | 异常: 0 | 成功率: 97.3%
[2026-04-08 20:04:21] INFO     
-------------------- 第 298 轮 | 最大监听: 3.1s --------------------
[2026-04-08 20:04:21] INFO     继电器 ON (开始充电)
[2026-04-08 20:04:21] INFO     继电器执行 -> ON
[2026-04-08 20:04:23] INFO     捕获目标指令: voice_msgnum:9
[2026-04-08 20:04:23] INFO     状态维稳，保持闭合 3.0s
[2026-04-08 20:04:26] INFO     继电器 OFF (切断充电)
[2026-04-08 20:04:26] INFO     继电器执行 -> OFF
[2026-04-08 20:04:26] INFO     物理断电静置 3.0s
[2026-04-08 20:04:29] INFO     【结论】 [PASS] 成功关键字: voice_msgnum:9
[2026-04-08 20:04:29] INFO     统计 -> 成功: 290 | 失败: 8 | 异常: 0 | 成功率: 97.3%
[2026-04-08 20:04:29] INFO     
-------------------- 第 299 轮 | 最大监听: 4.0s --------------------
[2026-04-08 20:04:29] INFO     继电器 ON (开始充电)
[2026-04-08 20:04:29] INFO     继电器执行 -> ON
[2026-04-08 20:04:30] INFO     捕获目标指令: voice_msgnum:9
[2026-04-08 20:04:30] INFO     状态维稳，保持闭合 3.0s
[2026-04-08 20:04:33] INFO     继电器 OFF (切断充电)
[2026-04-08 20:04:33] INFO     继电器执行 -> OFF
[2026-04-08 20:04:33] INFO     物理断电静置 3.0s
[2026-04-08 20:04:36] INFO     【结论】 [PASS] 成功关键字: voice_msgnum:9
[2026-04-08 20:04:36] INFO     统计 -> 成功: 291 | 失败: 8 | 异常: 0 | 成功率: 97.3%
[2026-04-08 20:04:36] INFO     
-------------------- 第 300 轮 | 最大监听: 3.4s --------------------
[2026-04-08 20:04:36] INFO     继电器 ON (开始充电)
[2026-04-08 20:04:37] INFO     继电器执行 -> ON
[2026-04-08 20:04:38] INFO     捕获目标指令: voice_msgnum:9
[2026-04-08 20:04:38] INFO     状态维稳，保持闭合 3.0s
[2026-04-08 20:04:41] INFO     继电器 OFF (切断充电)
[2026-04-08 20:04:41] INFO     继电器执行 -> OFF
[2026-04-08 20:04:41] INFO     物理断电静置 3.0s
[2026-04-08 20:04:44] INFO     【结论】 [PASS] 成功关键字: voice_msgnum:9
[2026-04-08 20:04:44] INFO     统计 -> 成功: 292 | 失败: 8 | 异常: 0 | 成功率: 97.3%
[2026-04-08 20:04:44] INFO     
-------------------- 第 301 轮 | 最大监听: 3.1s --------------------
[2026-04-08 20:04:44] INFO     继电器 ON (开始充电)
[2026-04-08 20:04:44] INFO     继电器执行 -> ON
[2026-04-08 20:04:46] INFO     捕获目标指令: voice_msgnum:9
[2026-04-08 20:04:46] INFO     状态维稳，保持闭合 3.0s
[2026-04-08 20:04:49] INFO     继电器 OFF (切断充电)
[2026-04-08 20:04:49] INFO     继电器执行 -> OFF
[2026-04-08 20:04:49] INFO     物理断电静置 3.0s
[2026-04-08 20:04:52] INFO     【结论】 [PASS] 成功关键字: voice_msgnum:9
[2026-04-08 20:04:52] INFO     统计 -> 成功: 293 | 失败: 8 | 异常: 0 | 成功率: 97.3%
[2026-04-08 20:04:52] INFO     
-------------------- 第 302 轮 | 最大监听: 3.4s --------------------
[2026-04-08 20:04:52] INFO     继电器 ON (开始充电)
[2026-04-08 20:04:52] INFO     继电器执行 -> ON
[2026-04-08 20:04:53] INFO     捕获目标指令: voice_msgnum:9
[2026-04-08 20:04:53] INFO     状态维稳，保持闭合 3.0s
[2026-04-08 20:04:56] INFO     继电器 OFF (切断充电)
[2026-04-08 20:04:56] INFO     继电器执行 -> OFF
[2026-04-08 20:04:56] INFO     物理断电静置 3.0s
[2026-04-08 20:04:59] INFO     【结论】 [PASS] 成功关键字: voice_msgnum:9
[2026-04-08 20:04:59] INFO     统计 -> 成功: 294 | 失败: 8 | 异常: 0 | 成功率: 97.4%
[2026-04-08 20:04:59] INFO     
-------------------- 第 303 轮 | 最大监听: 3.1s --------------------
[2026-04-08 20:04:59] INFO     继电器 ON (开始充电)
[2026-04-08 20:04:59] INFO     继电器执行 -> ON
[2026-04-08 20:05:01] INFO     捕获目标指令: voice_msgnum:9
[2026-04-08 20:05:01] INFO     状态维稳，保持闭合 3.0s
[2026-04-08 20:05:04] INFO     继电器 OFF (切断充电)
[2026-04-08 20:05:04] INFO     继电器执行 -> OFF
[2026-04-08 20:05:04] INFO     物理断电静置 3.0s
[2026-04-08 20:05:07] INFO     【结论】 [PASS] 成功关键字: voice_msgnum:9
[2026-04-08 20:05:07] INFO     统计 -> 成功: 295 | 失败: 8 | 异常: 0 | 成功率: 97.4%
[2026-04-08 20:05:07] INFO     
-------------------- 第 304 轮 | 最大监听: 3.4s --------------------
[2026-04-08 20:05:07] INFO     继电器 ON (开始充电)
[2026-04-08 20:05:07] INFO     继电器执行 -> ON
[2026-04-08 20:05:08] INFO     捕获目标指令: voice_msgnum:9
[2026-04-08 20:05:08] INFO     状态维稳，保持闭合 3.0s
[2026-04-08 20:05:11] INFO     继电器 OFF (切断充电)
[2026-04-08 20:05:11] INFO     继电器执行 -> OFF
[2026-04-08 20:05:11] INFO     物理断电静置 3.0s
[2026-04-08 20:05:14] INFO     【结论】 [PASS] 成功关键字: voice_msgnum:9
[2026-04-08 20:05:14] INFO     统计 -> 成功: 296 | 失败: 8 | 异常: 0 | 成功率: 97.4%
[2026-04-08 20:05:14] INFO     
-------------------- 第 305 轮 | 最大监听: 3.5s --------------------
[2026-04-08 20:05:14] INFO     继电器 ON (开始充电)
[2026-04-08 20:05:14] INFO     继电器执行 -> ON
[2026-04-08 20:05:16] INFO     捕获目标指令: voice_msgnum:9
[2026-04-08 20:05:16] INFO     状态维稳，保持闭合 3.0s
[2026-04-08 20:05:19] INFO     继电器 OFF (切断充电)
[2026-04-08 20:05:19] INFO     继电器执行 -> OFF
[2026-04-08 20:05:19] INFO     物理断电静置 3.0s
[2026-04-08 20:05:22] INFO     【结论】 [PASS] 成功关键字: voice_msgnum:9
[2026-04-08 20:05:22] INFO     统计 -> 成功: 297 | 失败: 8 | 异常: 0 | 成功率: 97.4%
[2026-04-08 20:05:22] INFO     
-------------------- 第 306 轮 | 最大监听: 3.1s --------------------
[2026-04-08 20:05:22] INFO     继电器 ON (开始充电)
[2026-04-08 20:05:22] INFO     继电器执行 -> ON
[2026-04-08 20:05:24] INFO     捕获目标指令: voice_msgnum:9
[2026-04-08 20:05:24] INFO     状态维稳，保持闭合 3.0s
[2026-04-08 20:05:27] INFO     继电器 OFF (切断充电)
[2026-04-08 20:05:27] INFO     继电器执行 -> OFF
[2026-04-08 20:05:27] INFO     物理断电静置 3.0s
[2026-04-08 20:05:30] INFO     【结论】 [PASS] 成功关键字: voice_msgnum:9
[2026-04-08 20:05:30] INFO     统计 -> 成功: 298 | 失败: 8 | 异常: 0 | 成功率: 97.4%
[2026-04-08 20:05:30] INFO     
-------------------- 第 307 轮 | 最大监听: 3.6s --------------------
[2026-04-08 20:05:30] INFO     继电器 ON (开始充电)
[2026-04-08 20:05:30] INFO     继电器执行 -> ON
[2026-04-08 20:05:31] INFO     捕获目标指令: voice_msgnum:9
[2026-04-08 20:05:31] INFO     状态维稳，保持闭合 3.0s
[2026-04-08 20:05:34] INFO     继电器 OFF (切断充电)
[2026-04-08 20:05:34] INFO     继电器执行 -> OFF
[2026-04-08 20:05:34] INFO     物理断电静置 3.0s
[2026-04-08 20:05:37] INFO     【结论】 [PASS] 成功关键字: voice_msgnum:9
[2026-04-08 20:05:37] INFO     统计 -> 成功: 299 | 失败: 8 | 异常: 0 | 成功率: 97.4%
[2026-04-08 20:05:37] INFO     
-------------------- 第 308 轮 | 最大监听: 3.3s --------------------
[2026-04-08 20:05:37] INFO     继电器 ON (开始充电)
[2026-04-08 20:05:37] INFO     继电器执行 -> ON
[2026-04-08 20:05:39] INFO     捕获目标指令: voice_msgnum:9
[2026-04-08 20:05:39] INFO     状态维稳，保持闭合 3.0s
[2026-04-08 20:05:42] INFO     继电器 OFF (切断充电)
[2026-04-08 20:05:42] INFO     继电器执行 -> OFF
[2026-04-08 20:05:42] INFO     物理断电静置 3.0s
[2026-04-08 20:05:45] INFO     【结论】 [PASS] 成功关键字: voice_msgnum:9
[2026-04-08 20:05:45] INFO     统计 -> 成功: 300 | 失败: 8 | 异常: 0 | 成功率: 97.4%
[2026-04-08 20:05:45] INFO     
-------------------- 第 309 轮 | 最大监听: 3.7s --------------------
[2026-04-08 20:05:45] INFO     继电器 ON (开始充电)
[2026-04-08 20:05:45] INFO     继电器执行 -> ON
[2026-04-08 20:05:46] INFO     捕获目标指令: voice_msgnum:9
[2026-04-08 20:05:46] INFO     状态维稳，保持闭合 3.0s
[2026-04-08 20:05:49] INFO     继电器 OFF (切断充电)
[2026-04-08 20:05:49] INFO     继电器执行 -> OFF
[2026-04-08 20:05:49] INFO     物理断电静置 3.0s
[2026-04-08 20:05:52] INFO     【结论】 [PASS] 成功关键字: voice_msgnum:9
[2026-04-08 20:05:52] INFO     统计 -> 成功: 301 | 失败: 8 | 异常: 0 | 成功率: 97.4%
[2026-04-08 20:05:52] INFO     
-------------------- 第 310 轮 | 最大监听: 3.4s --------------------
[2026-04-08 20:05:52] INFO     继电器 ON (开始充电)
[2026-04-08 20:05:52] INFO     继电器执行 -> ON
[2026-04-08 20:05:54] INFO     捕获目标指令: voice_msgnum:9
[2026-04-08 20:05:54] INFO     状态维稳，保持闭合 3.0s
[2026-04-08 20:05:57] INFO     继电器 OFF (切断充电)
[2026-04-08 20:05:57] INFO     继电器执行 -> OFF
[2026-04-08 20:05:57] INFO     物理断电静置 3.0s
[2026-04-08 20:06:00] INFO     【结论】 [PASS] 成功关键字: voice_msgnum:9
[2026-04-08 20:06:00] INFO     统计 -> 成功: 302 | 失败: 8 | 异常: 0 | 成功率: 97.4%
[2026-04-08 20:06:00] INFO     
-------------------- 第 311 轮 | 最大监听: 3.4s --------------------
[2026-04-08 20:06:00] INFO     继电器 ON (开始充电)
[2026-04-08 20:06:00] INFO     继电器执行 -> ON
[2026-04-08 20:06:02] INFO     捕获目标指令: voice_msgnum:9
[2026-04-08 20:06:02] INFO     状态维稳，保持闭合 3.0s
[2026-04-08 20:06:05] INFO     继电器 OFF (切断充电)
[2026-04-08 20:06:05] INFO     继电器执行 -> OFF
[2026-04-08 20:06:05] INFO     物理断电静置 3.0s
[2026-04-08 20:06:08] INFO     【结论】 [PASS] 成功关键字: voice_msgnum:9
[2026-04-08 20:06:08] INFO     统计 -> 成功: 303 | 失败: 8 | 异常: 0 | 成功率: 97.4%
[2026-04-08 20:06:08] INFO     
-------------------- 第 312 轮 | 最大监听: 3.0s --------------------
[2026-04-08 20:06:08] INFO     继电器 ON (开始充电)
[2026-04-08 20:06:08] INFO     继电器执行 -> ON
[2026-04-08 20:06:09] INFO     捕获目标指令: voice_msgnum:9
[2026-04-08 20:06:09] INFO     状态维稳，保持闭合 3.0s
[2026-04-08 20:06:12] INFO     继电器 OFF (切断充电)
[2026-04-08 20:06:12] INFO     继电器执行 -> OFF
[2026-04-08 20:06:12] INFO     物理断电静置 3.0s
[2026-04-08 20:06:15] INFO     【结论】 [PASS] 成功关键字: voice_msgnum:9
[2026-04-08 20:06:15] INFO     统计 -> 成功: 304 | 失败: 8 | 异常: 0 | 成功率: 97.4%
[2026-04-08 20:06:15] INFO     
-------------------- 第 313 轮 | 最大监听: 3.3s --------------------
[2026-04-08 20:06:15] INFO     继电器 ON (开始充电)
[2026-04-08 20:06:15] INFO     继电器执行 -> ON
[2026-04-08 20:06:17] INFO     捕获目标指令: voice_msgnum:9
[2026-04-08 20:06:17] INFO     状态维稳，保持闭合 3.0s
[2026-04-08 20:06:20] INFO     继电器 OFF (切断充电)
[2026-04-08 20:06:20] INFO     继电器执行 -> OFF
[2026-04-08 20:06:20] INFO     物理断电静置 3.0s
[2026-04-08 20:06:23] INFO     【结论】 [PASS] 成功关键字: voice_msgnum:9
[2026-04-08 20:06:23] INFO     统计 -> 成功: 305 | 失败: 8 | 异常: 0 | 成功率: 97.4%
[2026-04-08 20:06:23] INFO     
-------------------- 第 314 轮 | 最大监听: 3.7s --------------------
[2026-04-08 20:06:23] INFO     继电器 ON (开始充电)
[2026-04-08 20:06:23] INFO     继电器执行 -> ON
[2026-04-08 20:06:24] INFO     捕获目标指令: voice_msgnum:9
[2026-04-08 20:06:24] INFO     状态维稳，保持闭合 3.0s
[2026-04-08 20:06:27] INFO     继电器 OFF (切断充电)
[2026-04-08 20:06:27] INFO     继电器执行 -> OFF
[2026-04-08 20:06:27] INFO     物理断电静置 3.0s
[2026-04-08 20:06:30] INFO     【结论】 [PASS] 成功关键字: voice_msgnum:9
[2026-04-08 20:06:30] INFO     统计 -> 成功: 306 | 失败: 8 | 异常: 0 | 成功率: 97.5%
[2026-04-08 20:06:30] INFO     
-------------------- 第 315 轮 | 最大监听: 4.0s --------------------
[2026-04-08 20:06:30] INFO     继电器 ON (开始充电)
[2026-04-08 20:06:31] INFO     继电器执行 -> ON
[2026-04-08 20:06:32] INFO     捕获目标指令: voice_msgnum:9
[2026-04-08 20:06:32] INFO     状态维稳，保持闭合 3.0s
[2026-04-08 20:06:35] INFO     继电器 OFF (切断充电)
[2026-04-08 20:06:35] INFO     继电器执行 -> OFF
[2026-04-08 20:06:35] INFO     物理断电静置 3.0s
[2026-04-08 20:06:38] INFO     【结论】 [PASS] 成功关键字: voice_msgnum:9
[2026-04-08 20:06:38] INFO     统计 -> 成功: 307 | 失败: 8 | 异常: 0 | 成功率: 97.5%
[2026-04-08 20:06:38] INFO     
-------------------- 第 316 轮 | 最大监听: 3.1s --------------------
[2026-04-08 20:06:38] INFO     继电器 ON (开始充电)
[2026-04-08 20:06:38] INFO     继电器执行 -> ON
[2026-04-08 20:06:40] INFO     捕获目标指令: voice_msgnum:9
[2026-04-08 20:06:40] INFO     状态维稳，保持闭合 3.0s
[2026-04-08 20:06:43] INFO     继电器 OFF (切断充电)
[2026-04-08 20:06:43] INFO     继电器执行 -> OFF
[2026-04-08 20:06:43] INFO     物理断电静置 3.0s
[2026-04-08 20:06:46] INFO     【结论】 [PASS] 成功关键字: voice_msgnum:9
[2026-04-08 20:06:46] INFO     统计 -> 成功: 308 | 失败: 8 | 异常: 0 | 成功率: 97.5%
[2026-04-08 20:06:46] INFO     
-------------------- 第 317 轮 | 最大监听: 3.0s --------------------
[2026-04-08 20:06:46] INFO     继电器 ON (开始充电)
[2026-04-08 20:06:46] INFO     继电器执行 -> ON
[2026-04-08 20:06:47] INFO     捕获目标指令: voice_msgnum:9
[2026-04-08 20:06:47] INFO     状态维稳，保持闭合 3.0s
[2026-04-08 20:06:50] INFO     继电器 OFF (切断充电)
[2026-04-08 20:06:50] INFO     继电器执行 -> OFF
[2026-04-08 20:06:50] INFO     物理断电静置 3.0s
[2026-04-08 20:06:53] INFO     【结论】 [PASS] 成功关键字: voice_msgnum:9
[2026-04-08 20:06:53] INFO     统计 -> 成功: 309 | 失败: 8 | 异常: 0 | 成功率: 97.5%
[2026-04-08 20:06:53] INFO     
-------------------- 第 318 轮 | 最大监听: 3.6s --------------------
[2026-04-08 20:06:53] INFO     继电器 ON (开始充电)
[2026-04-08 20:06:53] INFO     继电器执行 -> ON
[2026-04-08 20:06:55] INFO     捕获目标指令: voice_msgnum:9
[2026-04-08 20:06:55] INFO     状态维稳，保持闭合 3.0s
[2026-04-08 20:06:58] INFO     继电器 OFF (切断充电)
[2026-04-08 20:06:58] INFO     继电器执行 -> OFF
[2026-04-08 20:06:58] INFO     物理断电静置 3.0s
[2026-04-08 20:07:01] INFO     【结论】 [PASS] 成功关键字: voice_msgnum:9
[2026-04-08 20:07:01] INFO     统计 -> 成功: 310 | 失败: 8 | 异常: 0 | 成功率: 97.5%
[2026-04-08 20:07:01] INFO     
-------------------- 第 319 轮 | 最大监听: 3.7s --------------------
[2026-04-08 20:07:01] INFO     继电器 ON (开始充电)
[2026-04-08 20:07:01] INFO     继电器执行 -> ON
[2026-04-08 20:07:02] INFO     捕获目标指令: voice_msgnum:9
[2026-04-08 20:07:02] INFO     状态维稳，保持闭合 3.0s
[2026-04-08 20:07:05] INFO     继电器 OFF (切断充电)
[2026-04-08 20:07:05] INFO     继电器执行 -> OFF
[2026-04-08 20:07:05] INFO     物理断电静置 3.0s
[2026-04-08 20:07:08] INFO     【结论】 [PASS] 成功关键字: voice_msgnum:9
[2026-04-08 20:07:08] INFO     统计 -> 成功: 311 | 失败: 8 | 异常: 0 | 成功率: 97.5%
[2026-04-08 20:07:08] INFO     
-------------------- 第 320 轮 | 最大监听: 3.3s --------------------
[2026-04-08 20:07:08] INFO     继电器 ON (开始充电)
[2026-04-08 20:07:09] INFO     继电器执行 -> ON
[2026-04-08 20:07:10] INFO     捕获目标指令: voice_msgnum:9
[2026-04-08 20:07:10] INFO     状态维稳，保持闭合 3.0s
[2026-04-08 20:07:13] INFO     继电器 OFF (切断充电)
[2026-04-08 20:07:13] INFO     继电器执行 -> OFF
[2026-04-08 20:07:13] INFO     物理断电静置 3.0s
[2026-04-08 20:07:16] INFO     【结论】 [PASS] 成功关键字: voice_msgnum:9
[2026-04-08 20:07:16] INFO     统计 -> 成功: 312 | 失败: 8 | 异常: 0 | 成功率: 97.5%
[2026-04-08 20:07:16] INFO     
-------------------- 第 321 轮 | 最大监听: 3.0s --------------------
[2026-04-08 20:07:16] INFO     继电器 ON (开始充电)
[2026-04-08 20:07:16] INFO     继电器执行 -> ON
[2026-04-08 20:07:18] INFO     捕获目标指令: voice_msgnum:9
[2026-04-08 20:07:18] INFO     状态维稳，保持闭合 3.0s
[2026-04-08 20:07:21] INFO     继电器 OFF (切断充电)
[2026-04-08 20:07:21] INFO     继电器执行 -> OFF
[2026-04-08 20:07:21] INFO     物理断电静置 3.0s
[2026-04-08 20:07:24] INFO     【结论】 [PASS] 成功关键字: voice_msgnum:9
[2026-04-08 20:07:24] INFO     统计 -> 成功: 313 | 失败: 8 | 异常: 0 | 成功率: 97.5%
[2026-04-08 20:07:24] INFO     
-------------------- 第 322 轮 | 最大监听: 3.8s --------------------
[2026-04-08 20:07:24] INFO     继电器 ON (开始充电)
[2026-04-08 20:07:24] INFO     继电器执行 -> ON
[2026-04-08 20:07:25] INFO     捕获目标指令: voice_msgnum:9
[2026-04-08 20:07:25] INFO     状态维稳，保持闭合 3.0s
[2026-04-08 20:07:28] INFO     继电器 OFF (切断充电)
[2026-04-08 20:07:28] INFO     继电器执行 -> OFF
[2026-04-08 20:07:28] INFO     物理断电静置 3.0s
[2026-04-08 20:07:31] INFO     【结论】 [PASS] 成功关键字: voice_msgnum:9
[2026-04-08 20:07:31] INFO     统计 -> 成功: 314 | 失败: 8 | 异常: 0 | 成功率: 97.5%
[2026-04-08 20:07:31] INFO     
-------------------- 第 323 轮 | 最大监听: 3.6s --------------------
[2026-04-08 20:07:31] INFO     继电器 ON (开始充电)
[2026-04-08 20:07:31] INFO     继电器执行 -> ON
[2026-04-08 20:07:33] INFO     捕获目标指令: voice_msgnum:9
[2026-04-08 20:07:33] INFO     状态维稳，保持闭合 3.0s
[2026-04-08 20:07:36] INFO     继电器 OFF (切断充电)
[2026-04-08 20:07:36] INFO     继电器执行 -> OFF
[2026-04-08 20:07:36] INFO     物理断电静置 3.0s
[2026-04-08 20:07:39] INFO     【结论】 [PASS] 成功关键字: voice_msgnum:9
[2026-04-08 20:07:39] INFO     统计 -> 成功: 315 | 失败: 8 | 异常: 0 | 成功率: 97.5%
[2026-04-08 20:07:39] INFO     
-------------------- 第 324 轮 | 最大监听: 3.5s --------------------
[2026-04-08 20:07:39] INFO     继电器 ON (开始充电)
[2026-04-08 20:07:39] INFO     继电器执行 -> ON
[2026-04-08 20:07:40] INFO     捕获目标指令: voice_msgnum:9
[2026-04-08 20:07:40] INFO     状态维稳，保持闭合 3.0s
[2026-04-08 20:07:43] INFO     继电器 OFF (切断充电)
[2026-04-08 20:07:43] INFO     继电器执行 -> OFF
[2026-04-08 20:07:43] INFO     物理断电静置 3.0s
[2026-04-08 20:07:46] INFO     【结论】 [PASS] 成功关键字: voice_msgnum:9
[2026-04-08 20:07:46] INFO     统计 -> 成功: 316 | 失败: 8 | 异常: 0 | 成功率: 97.5%
[2026-04-08 20:07:46] INFO     
-------------------- 第 325 轮 | 最大监听: 3.4s --------------------
[2026-04-08 20:07:46] INFO     继电器 ON (开始充电)
[2026-04-08 20:07:46] INFO     继电器执行 -> ON
[2026-04-08 20:07:48] INFO     捕获目标指令: voice_msgnum:9
[2026-04-08 20:07:48] INFO     状态维稳，保持闭合 3.0s
[2026-04-08 20:07:51] INFO     继电器 OFF (切断充电)
[2026-04-08 20:07:51] INFO     继电器执行 -> OFF
[2026-04-08 20:07:51] INFO     物理断电静置 3.0s
[2026-04-08 20:07:54] INFO     【结论】 [PASS] 成功关键字: voice_msgnum:9
[2026-04-08 20:07:54] INFO     统计 -> 成功: 317 | 失败: 8 | 异常: 0 | 成功率: 97.5%
[2026-04-08 20:07:54] INFO     
-------------------- 第 326 轮 | 最大监听: 3.2s --------------------
[2026-04-08 20:07:54] INFO     继电器 ON (开始充电)
[2026-04-08 20:07:54] INFO     继电器执行 -> ON
[2026-04-08 20:07:56] INFO     捕获目标指令: voice_msgnum:9
[2026-04-08 20:07:56] INFO     状态维稳，保持闭合 3.0s
[2026-04-08 20:07:59] INFO     继电器 OFF (切断充电)
[2026-04-08 20:07:59] INFO     继电器执行 -> OFF
[2026-04-08 20:07:59] INFO     物理断电静置 3.0s
[2026-04-08 20:08:02] INFO     【结论】 [PASS] 成功关键字: voice_msgnum:9
[2026-04-08 20:08:02] INFO     统计 -> 成功: 318 | 失败: 8 | 异常: 0 | 成功率: 97.5%
[2026-04-08 20:08:02] INFO     
-------------------- 第 327 轮 | 最大监听: 3.2s --------------------
[2026-04-08 20:08:02] INFO     继电器 ON (开始充电)
[2026-04-08 20:08:02] INFO     继电器执行 -> ON
[2026-04-08 20:08:03] INFO     捕获目标指令: voice_msgnum:9
[2026-04-08 20:08:03] INFO     状态维稳，保持闭合 3.0s
[2026-04-08 20:08:06] INFO     继电器 OFF (切断充电)
[2026-04-08 20:08:06] INFO     继电器执行 -> OFF
[2026-04-08 20:08:06] INFO     物理断电静置 3.0s
[2026-04-08 20:08:09] INFO     【结论】 [PASS] 成功关键字: voice_msgnum:9
[2026-04-08 20:08:09] INFO     统计 -> 成功: 319 | 失败: 8 | 异常: 0 | 成功率: 97.6%
[2026-04-08 20:08:09] INFO     
-------------------- 第 328 轮 | 最大监听: 4.0s --------------------
[2026-04-08 20:08:09] INFO     继电器 ON (开始充电)
[2026-04-08 20:08:09] INFO     继电器执行 -> ON
[2026-04-08 20:08:11] INFO     捕获目标指令: voice_msgnum:9
[2026-04-08 20:08:11] INFO     状态维稳，保持闭合 3.0s
[2026-04-08 20:08:14] INFO     继电器 OFF (切断充电)
[2026-04-08 20:08:14] INFO     继电器执行 -> OFF
[2026-04-08 20:08:14] INFO     物理断电静置 3.0s
[2026-04-08 20:08:17] INFO     【结论】 [PASS] 成功关键字: voice_msgnum:9
[2026-04-08 20:08:17] INFO     统计 -> 成功: 320 | 失败: 8 | 异常: 0 | 成功率: 97.6%
[2026-04-08 20:08:17] INFO     
-------------------- 第 329 轮 | 最大监听: 3.5s --------------------
[2026-04-08 20:08:17] INFO     继电器 ON (开始充电)
[2026-04-08 20:08:17] INFO     继电器执行 -> ON
[2026-04-08 20:08:18] INFO     捕获目标指令: voice_msgnum:9
[2026-04-08 20:08:18] INFO     状态维稳，保持闭合 3.0s
[2026-04-08 20:08:21] INFO     继电器 OFF (切断充电)
[2026-04-08 20:08:21] INFO     继电器执行 -> OFF
[2026-04-08 20:08:21] INFO     物理断电静置 3.0s
[2026-04-08 20:08:24] INFO     【结论】 [PASS] 成功关键字: voice_msgnum:9
[2026-04-08 20:08:24] INFO     统计 -> 成功: 321 | 失败: 8 | 异常: 0 | 成功率: 97.6%
[2026-04-08 20:08:24] INFO     
-------------------- 第 330 轮 | 最大监听: 3.8s --------------------
[2026-04-08 20:08:24] INFO     继电器 ON (开始充电)
[2026-04-08 20:08:24] INFO     继电器执行 -> ON
[2026-04-08 20:08:26] INFO     捕获目标指令: voice_msgnum:9
[2026-04-08 20:08:26] INFO     状态维稳，保持闭合 3.0s
[2026-04-08 20:08:29] INFO     继电器 OFF (切断充电)
[2026-04-08 20:08:29] INFO     继电器执行 -> OFF
[2026-04-08 20:08:29] INFO     物理断电静置 3.0s
[2026-04-08 20:08:32] INFO     【结论】 [PASS] 成功关键字: voice_msgnum:9
[2026-04-08 20:08:32] INFO     统计 -> 成功: 322 | 失败: 8 | 异常: 0 | 成功率: 97.6%
[2026-04-08 20:08:32] INFO     
-------------------- 第 331 轮 | 最大监听: 3.6s --------------------
[2026-04-08 20:08:32] INFO     继电器 ON (开始充电)
[2026-04-08 20:08:32] INFO     继电器执行 -> ON
[2026-04-08 20:08:34] INFO     捕获目标指令: voice_msgnum:9
[2026-04-08 20:08:34] INFO     状态维稳，保持闭合 3.0s
[2026-04-08 20:08:37] INFO     继电器 OFF (切断充电)
[2026-04-08 20:08:37] INFO     继电器执行 -> OFF
[2026-04-08 20:08:37] INFO     物理断电静置 3.0s
[2026-04-08 20:08:40] INFO     【结论】 [PASS] 成功关键字: voice_msgnum:9
[2026-04-08 20:08:40] INFO     统计 -> 成功: 323 | 失败: 8 | 异常: 0 | 成功率: 97.6%
[2026-04-08 20:08:40] INFO     
-------------------- 第 332 轮 | 最大监听: 3.1s --------------------
[2026-04-08 20:08:40] INFO     继电器 ON (开始充电)
[2026-04-08 20:08:40] INFO     继电器执行 -> ON
[2026-04-08 20:08:41] INFO     捕获目标指令: voice_msgnum:9
[2026-04-08 20:08:41] INFO     状态维稳，保持闭合 3.0s
[2026-04-08 20:08:44] INFO     继电器 OFF (切断充电)
[2026-04-08 20:08:44] INFO     继电器执行 -> OFF
[2026-04-08 20:08:44] INFO     物理断电静置 3.0s
[2026-04-08 20:08:47] INFO     【结论】 [PASS] 成功关键字: voice_msgnum:9
[2026-04-08 20:08:47] INFO     统计 -> 成功: 324 | 失败: 8 | 异常: 0 | 成功率: 97.6%
[2026-04-08 20:08:47] INFO     
-------------------- 第 333 轮 | 最大监听: 3.8s --------------------
[2026-04-08 20:08:47] INFO     继电器 ON (开始充电)
[2026-04-08 20:08:47] INFO     继电器执行 -> ON
[2026-04-08 20:08:49] INFO     捕获目标指令: voice_msgnum:9
[2026-04-08 20:08:49] INFO     状态维稳，保持闭合 3.0s
[2026-04-08 20:08:52] INFO     继电器 OFF (切断充电)
[2026-04-08 20:08:52] INFO     继电器执行 -> OFF
[2026-04-08 20:08:52] INFO     物理断电静置 3.0s
[2026-04-08 20:08:55] INFO     【结论】 [PASS] 成功关键字: voice_msgnum:9
[2026-04-08 20:08:55] INFO     统计 -> 成功: 325 | 失败: 8 | 异常: 0 | 成功率: 97.6%
[2026-04-08 20:08:55] INFO     
-------------------- 第 334 轮 | 最大监听: 3.8s --------------------
[2026-04-08 20:08:55] INFO     继电器 ON (开始充电)
[2026-04-08 20:08:55] INFO     继电器执行 -> ON
[2026-04-08 20:08:56] INFO     捕获目标指令: voice_msgnum:9
[2026-04-08 20:08:56] INFO     状态维稳，保持闭合 3.0s
[2026-04-08 20:08:59] INFO     继电器 OFF (切断充电)
[2026-04-08 20:08:59] INFO     继电器执行 -> OFF
[2026-04-08 20:08:59] INFO     物理断电静置 3.0s
[2026-04-08 20:09:02] INFO     【结论】 [PASS] 成功关键字: voice_msgnum:9
[2026-04-08 20:09:02] INFO     统计 -> 成功: 326 | 失败: 8 | 异常: 0 | 成功率: 97.6%
[2026-04-08 20:09:02] INFO     
-------------------- 第 335 轮 | 最大监听: 3.9s --------------------
[2026-04-08 20:09:02] INFO     继电器 ON (开始充电)
[2026-04-08 20:09:02] INFO     继电器执行 -> ON
[2026-04-08 20:09:04] INFO     捕获目标指令: voice_msgnum:9
[2026-04-08 20:09:04] INFO     状态维稳，保持闭合 3.0s
[2026-04-08 20:09:07] INFO     继电器 OFF (切断充电)
[2026-04-08 20:09:07] INFO     继电器执行 -> OFF
[2026-04-08 20:09:07] INFO     物理断电静置 3.0s
[2026-04-08 20:09:10] INFO     【结论】 [PASS] 成功关键字: voice_msgnum:9
[2026-04-08 20:09:10] INFO     统计 -> 成功: 327 | 失败: 8 | 异常: 0 | 成功率: 97.6%
[2026-04-08 20:09:10] INFO     
-------------------- 第 336 轮 | 最大监听: 3.2s --------------------
[2026-04-08 20:09:10] INFO     继电器 ON (开始充电)
[2026-04-08 20:09:10] INFO     继电器执行 -> ON
[2026-04-08 20:09:12] INFO     捕获目标指令: voice_msgnum:9
[2026-04-08 20:09:12] INFO     状态维稳，保持闭合 3.0s
[2026-04-08 20:09:15] INFO     继电器 OFF (切断充电)
[2026-04-08 20:09:15] INFO     继电器执行 -> OFF
[2026-04-08 20:09:15] INFO     物理断电静置 3.0s
[2026-04-08 20:09:18] INFO     【结论】 [PASS] 成功关键字: voice_msgnum:9
[2026-04-08 20:09:18] INFO     统计 -> 成功: 328 | 失败: 8 | 异常: 0 | 成功率: 97.6%
[2026-04-08 20:09:18] INFO     
-------------------- 第 337 轮 | 最大监听: 3.4s --------------------
[2026-04-08 20:09:18] INFO     继电器 ON (开始充电)
[2026-04-08 20:09:18] INFO     继电器执行 -> ON
[2026-04-08 20:09:19] INFO     捕获目标指令: voice_msgnum:9
[2026-04-08 20:09:19] INFO     状态维稳，保持闭合 3.0s
[2026-04-08 20:09:22] INFO     继电器 OFF (切断充电)
[2026-04-08 20:09:22] INFO     继电器执行 -> OFF
[2026-04-08 20:09:22] INFO     物理断电静置 3.0s
[2026-04-08 20:09:25] INFO     【结论】 [PASS] 成功关键字: voice_msgnum:9
[2026-04-08 20:09:25] INFO     统计 -> 成功: 329 | 失败: 8 | 异常: 0 | 成功率: 97.6%
[2026-04-08 20:09:25] INFO     
-------------------- 第 338 轮 | 最大监听: 3.8s --------------------
[2026-04-08 20:09:25] INFO     继电器 ON (开始充电)
[2026-04-08 20:09:25] INFO     继电器执行 -> ON
[2026-04-08 20:09:27] INFO     捕获目标指令: voice_msgnum:9
[2026-04-08 20:09:27] INFO     状态维稳，保持闭合 3.0s
[2026-04-08 20:09:30] INFO     继电器 OFF (切断充电)
[2026-04-08 20:09:30] INFO     继电器执行 -> OFF
[2026-04-08 20:09:30] INFO     物理断电静置 3.0s
[2026-04-08 20:09:33] INFO     【结论】 [PASS] 成功关键字: voice_msgnum:9
[2026-04-08 20:09:33] INFO     统计 -> 成功: 330 | 失败: 8 | 异常: 0 | 成功率: 97.6%
[2026-04-08 20:09:33] INFO     
-------------------- 第 339 轮 | 最大监听: 3.7s --------------------
[2026-04-08 20:09:33] INFO     继电器 ON (开始充电)
[2026-04-08 20:09:33] INFO     继电器执行 -> ON
[2026-04-08 20:09:34] INFO     捕获目标指令: voice_msgnum:9
[2026-04-08 20:09:34] INFO     状态维稳，保持闭合 3.0s
[2026-04-08 20:09:37] INFO     继电器 OFF (切断充电)
[2026-04-08 20:09:37] INFO     继电器执行 -> OFF
[2026-04-08 20:09:37] INFO     物理断电静置 3.0s
[2026-04-08 20:09:40] INFO     【结论】 [PASS] 成功关键字: voice_msgnum:9
[2026-04-08 20:09:40] INFO     统计 -> 成功: 331 | 失败: 8 | 异常: 0 | 成功率: 97.6%
[2026-04-08 20:09:40] INFO     
-------------------- 第 340 轮 | 最大监听: 3.6s --------------------
[2026-04-08 20:09:40] INFO     继电器 ON (开始充电)
[2026-04-08 20:09:40] INFO     继电器执行 -> ON
[2026-04-08 20:09:42] INFO     捕获目标指令: voice_msgnum:9
[2026-04-08 20:09:42] INFO     状态维稳，保持闭合 3.0s
[2026-04-08 20:09:45] INFO     继电器 OFF (切断充电)
[2026-04-08 20:09:45] INFO     继电器执行 -> OFF
[2026-04-08 20:09:45] INFO     物理断电静置 3.0s
[2026-04-08 20:09:48] INFO     【结论】 [PASS] 成功关键字: voice_msgnum:9
[2026-04-08 20:09:48] INFO     统计 -> 成功: 332 | 失败: 8 | 异常: 0 | 成功率: 97.6%
[2026-04-08 20:09:48] INFO     
-------------------- 第 341 轮 | 最大监听: 3.9s --------------------
[2026-04-08 20:09:48] INFO     继电器 ON (开始充电)
[2026-04-08 20:09:48] INFO     继电器执行 -> ON
[2026-04-08 20:09:50] INFO     捕获目标指令: voice_msgnum:9
[2026-04-08 20:09:50] INFO     状态维稳，保持闭合 3.0s
[2026-04-08 20:09:53] INFO     继电器 OFF (切断充电)
[2026-04-08 20:09:53] INFO     继电器执行 -> OFF
[2026-04-08 20:09:53] INFO     物理断电静置 3.0s
[2026-04-08 20:09:56] INFO     【结论】 [PASS] 成功关键字: voice_msgnum:9
[2026-04-08 20:09:56] INFO     统计 -> 成功: 333 | 失败: 8 | 异常: 0 | 成功率: 97.7%
[2026-04-08 20:09:56] INFO     
-------------------- 第 342 轮 | 最大监听: 3.4s --------------------
[2026-04-08 20:09:56] INFO     继电器 ON (开始充电)
[2026-04-08 20:09:56] INFO     继电器执行 -> ON
[2026-04-08 20:09:57] INFO     捕获目标指令: voice_msgnum:9
[2026-04-08 20:09:57] INFO     状态维稳，保持闭合 3.0s
[2026-04-08 20:10:00] INFO     继电器 OFF (切断充电)
[2026-04-08 20:10:00] INFO     继电器执行 -> OFF
[2026-04-08 20:10:00] INFO     物理断电静置 3.0s
[2026-04-08 20:10:03] INFO     【结论】 [PASS] 成功关键字: voice_msgnum:9
[2026-04-08 20:10:03] INFO     统计 -> 成功: 334 | 失败: 8 | 异常: 0 | 成功率: 97.7%
[2026-04-08 20:10:03] INFO     
-------------------- 第 343 轮 | 最大监听: 3.9s --------------------
[2026-04-08 20:10:03] INFO     继电器 ON (开始充电)
[2026-04-08 20:10:03] INFO     继电器执行 -> ON
[2026-04-08 20:10:05] INFO     捕获目标指令: voice_msgnum:9
[2026-04-08 20:10:05] INFO     状态维稳，保持闭合 3.0s
[2026-04-08 20:10:08] INFO     继电器 OFF (切断充电)
[2026-04-08 20:10:08] INFO     继电器执行 -> OFF
[2026-04-08 20:10:08] INFO     物理断电静置 3.0s
[2026-04-08 20:10:11] INFO     【结论】 [PASS] 成功关键字: voice_msgnum:9
[2026-04-08 20:10:11] INFO     统计 -> 成功: 335 | 失败: 8 | 异常: 0 | 成功率: 97.7%
[2026-04-08 20:10:11] INFO     
-------------------- 第 344 轮 | 最大监听: 3.2s --------------------
[2026-04-08 20:10:11] INFO     继电器 ON (开始充电)
[2026-04-08 20:10:11] INFO     继电器执行 -> ON
[2026-04-08 20:10:12] INFO     捕获目标指令: voice_msgnum:9
[2026-04-08 20:10:12] INFO     状态维稳，保持闭合 3.0s
[2026-04-08 20:10:15] INFO     继电器 OFF (切断充电)
[2026-04-08 20:10:15] INFO     继电器执行 -> OFF
[2026-04-08 20:10:15] INFO     物理断电静置 3.0s
[2026-04-08 20:10:18] INFO     【结论】 [PASS] 成功关键字: voice_msgnum:9
[2026-04-08 20:10:18] INFO     统计 -> 成功: 336 | 失败: 8 | 异常: 0 | 成功率: 97.7%
[2026-04-08 20:10:18] INFO     
-------------------- 第 345 轮 | 最大监听: 3.8s --------------------
[2026-04-08 20:10:18] INFO     继电器 ON (开始充电)
[2026-04-08 20:10:18] INFO     继电器执行 -> ON
[2026-04-08 20:10:20] INFO     捕获目标指令: voice_msgnum:9
[2026-04-08 20:10:20] INFO     状态维稳，保持闭合 3.0s
[2026-04-08 20:10:23] INFO     继电器 OFF (切断充电)
[2026-04-08 20:10:23] INFO     继电器执行 -> OFF
[2026-04-08 20:10:23] INFO     物理断电静置 3.0s
[2026-04-08 20:10:26] INFO     【结论】 [PASS] 成功关键字: voice_msgnum:9
[2026-04-08 20:10:26] INFO     统计 -> 成功: 337 | 失败: 8 | 异常: 0 | 成功率: 97.7%
[2026-04-08 20:10:26] INFO     
-------------------- 第 346 轮 | 最大监听: 3.6s --------------------
[2026-04-08 20:10:26] INFO     继电器 ON (开始充电)
[2026-04-08 20:10:26] INFO     继电器执行 -> ON
[2026-04-08 20:10:28] INFO     捕获目标指令: voice_msgnum:9
[2026-04-08 20:10:28] INFO     状态维稳，保持闭合 3.0s
[2026-04-08 20:10:31] INFO     继电器 OFF (切断充电)
[2026-04-08 20:10:31] INFO     继电器执行 -> OFF
[2026-04-08 20:10:31] INFO     物理断电静置 3.0s
[2026-04-08 20:10:34] INFO     【结论】 [PASS] 成功关键字: voice_msgnum:9
[2026-04-08 20:10:34] INFO     统计 -> 成功: 338 | 失败: 8 | 异常: 0 | 成功率: 97.7%
[2026-04-08 20:10:34] INFO     
-------------------- 第 347 轮 | 最大监听: 3.2s --------------------
[2026-04-08 20:10:34] INFO     继电器 ON (开始充电)
[2026-04-08 20:10:34] INFO     继电器执行 -> ON
[2026-04-08 20:10:35] INFO     捕获目标指令: voice_msgnum:9
[2026-04-08 20:10:35] INFO     状态维稳，保持闭合 3.0s
[2026-04-08 20:10:38] INFO     继电器 OFF (切断充电)
[2026-04-08 20:10:38] INFO     继电器执行 -> OFF
[2026-04-08 20:10:38] INFO     物理断电静置 3.0s
[2026-04-08 20:10:41] INFO     【结论】 [PASS] 成功关键字: voice_msgnum:9
[2026-04-08 20:10:41] INFO     统计 -> 成功: 339 | 失败: 8 | 异常: 0 | 成功率: 97.7%
[2026-04-08 20:10:41] INFO     
-------------------- 第 348 轮 | 最大监听: 3.8s --------------------
[2026-04-08 20:10:41] INFO     继电器 ON (开始充电)
[2026-04-08 20:10:41] INFO     继电器执行 -> ON
[2026-04-08 20:10:43] INFO     捕获目标指令: voice_msgnum:9
[2026-04-08 20:10:43] INFO     状态维稳，保持闭合 3.0s
[2026-04-08 20:10:46] INFO     继电器 OFF (切断充电)
[2026-04-08 20:10:46] INFO     继电器执行 -> OFF
[2026-04-08 20:10:46] INFO     物理断电静置 3.0s
[2026-04-08 20:10:49] INFO     【结论】 [PASS] 成功关键字: voice_msgnum:9
[2026-04-08 20:10:49] INFO     统计 -> 成功: 340 | 失败: 8 | 异常: 0 | 成功率: 97.7%
[2026-04-08 20:10:49] INFO     
-------------------- 第 349 轮 | 最大监听: 3.9s --------------------
[2026-04-08 20:10:49] INFO     继电器 ON (开始充电)
[2026-04-08 20:10:49] INFO     继电器执行 -> ON
[2026-04-08 20:10:50] INFO     捕获目标指令: voice_msgnum:9
[2026-04-08 20:10:50] INFO     状态维稳，保持闭合 3.0s
[2026-04-08 20:10:53] INFO     继电器 OFF (切断充电)
[2026-04-08 20:10:53] INFO     继电器执行 -> OFF
[2026-04-08 20:10:53] INFO     物理断电静置 3.0s
[2026-04-08 20:10:56] INFO     【结论】 [PASS] 成功关键字: voice_msgnum:9
[2026-04-08 20:10:56] INFO     统计 -> 成功: 341 | 失败: 8 | 异常: 0 | 成功率: 97.7%
[2026-04-08 20:10:56] INFO     
-------------------- 第 350 轮 | 最大监听: 4.0s --------------------
[2026-04-08 20:10:56] INFO     继电器 ON (开始充电)
[2026-04-08 20:10:56] INFO     继电器执行 -> ON
[2026-04-08 20:10:58] INFO     捕获目标指令: voice_msgnum:9
[2026-04-08 20:10:58] INFO     状态维稳，保持闭合 3.0s
[2026-04-08 20:11:01] INFO     继电器 OFF (切断充电)
[2026-04-08 20:11:01] INFO     继电器执行 -> OFF
[2026-04-08 20:11:01] INFO     物理断电静置 3.0s
[2026-04-08 20:11:04] INFO     【结论】 [PASS] 成功关键字: voice_msgnum:9
[2026-04-08 20:11:04] INFO     统计 -> 成功: 342 | 失败: 8 | 异常: 0 | 成功率: 97.7%
[2026-04-08 20:11:04] INFO     
-------------------- 第 351 轮 | 最大监听: 3.2s --------------------
[2026-04-08 20:11:04] INFO     继电器 ON (开始充电)
[2026-04-08 20:11:04] INFO     继电器执行 -> ON
[2026-04-08 20:11:06] INFO     捕获目标指令: voice_msgnum:9
[2026-04-08 20:11:06] INFO     状态维稳，保持闭合 3.0s
[2026-04-08 20:11:09] INFO     继电器 OFF (切断充电)
[2026-04-08 20:11:09] INFO     继电器执行 -> OFF
[2026-04-08 20:11:09] INFO     物理断电静置 3.0s
[2026-04-08 20:11:12] INFO     【结论】 [PASS] 成功关键字: voice_msgnum:9
[2026-04-08 20:11:12] INFO     统计 -> 成功: 343 | 失败: 8 | 异常: 0 | 成功率: 97.7%
[2026-04-08 20:11:12] INFO     
-------------------- 第 352 轮 | 最大监听: 3.7s --------------------
[2026-04-08 20:11:12] INFO     继电器 ON (开始充电)
[2026-04-08 20:11:12] INFO     继电器执行 -> ON
[2026-04-08 20:11:13] INFO     捕获目标指令: voice_msgnum:9
[2026-04-08 20:11:13] INFO     状态维稳，保持闭合 3.0s
[2026-04-08 20:11:16] INFO     继电器 OFF (切断充电)
[2026-04-08 20:11:16] INFO     继电器执行 -> OFF
[2026-04-08 20:11:16] INFO     物理断电静置 3.0s
[2026-04-08 20:11:19] INFO     【结论】 [PASS] 成功关键字: voice_msgnum:9
[2026-04-08 20:11:19] INFO     统计 -> 成功: 344 | 失败: 8 | 异常: 0 | 成功率: 97.7%
[2026-04-08 20:11:19] INFO     
-------------------- 第 353 轮 | 最大监听: 3.6s --------------------
[2026-04-08 20:11:19] INFO     继电器 ON (开始充电)
[2026-04-08 20:11:19] INFO     继电器执行 -> ON
[2026-04-08 20:11:21] INFO     捕获目标指令: voice_msgnum:9
[2026-04-08 20:11:21] INFO     状态维稳，保持闭合 3.0s
[2026-04-08 20:11:24] INFO     继电器 OFF (切断充电)
[2026-04-08 20:11:24] INFO     继电器执行 -> OFF
[2026-04-08 20:11:24] INFO     物理断电静置 3.0s
[2026-04-08 20:11:27] INFO     【结论】 [PASS] 成功关键字: voice_msgnum:9
[2026-04-08 20:11:27] INFO     统计 -> 成功: 345 | 失败: 8 | 异常: 0 | 成功率: 97.7%
[2026-04-08 20:11:27] INFO     
-------------------- 第 354 轮 | 最大监听: 3.0s --------------------
[2026-04-08 20:11:27] INFO     继电器 ON (开始充电)
[2026-04-08 20:11:27] INFO     继电器执行 -> ON
[2026-04-08 20:11:28] INFO     捕获目标指令: voice_msgnum:9
[2026-04-08 20:11:28] INFO     状态维稳，保持闭合 3.0s
[2026-04-08 20:11:31] INFO     继电器 OFF (切断充电)
[2026-04-08 20:11:31] INFO     继电器执行 -> OFF
[2026-04-08 20:11:31] INFO     物理断电静置 3.0s
[2026-04-08 20:11:34] INFO     【结论】 [PASS] 成功关键字: voice_msgnum:9
[2026-04-08 20:11:34] INFO     统计 -> 成功: 346 | 失败: 8 | 异常: 0 | 成功率: 97.7%
[2026-04-08 20:11:34] INFO     
-------------------- 第 355 轮 | 最大监听: 3.3s --------------------
[2026-04-08 20:11:34] INFO     继电器 ON (开始充电)
[2026-04-08 20:11:34] INFO     继电器执行 -> ON
[2026-04-08 20:11:36] INFO     捕获目标指令: voice_msgnum:9
[2026-04-08 20:11:36] INFO     状态维稳，保持闭合 3.0s
[2026-04-08 20:11:39] INFO     继电器 OFF (切断充电)
[2026-04-08 20:11:39] INFO     继电器执行 -> OFF
[2026-04-08 20:11:39] INFO     物理断电静置 3.0s
[2026-04-08 20:11:42] INFO     【结论】 [PASS] 成功关键字: voice_msgnum:9
[2026-04-08 20:11:42] INFO     统计 -> 成功: 347 | 失败: 8 | 异常: 0 | 成功率: 97.7%
[2026-04-08 20:11:42] INFO     
-------------------- 第 356 轮 | 最大监听: 3.4s --------------------
[2026-04-08 20:11:42] INFO     继电器 ON (开始充电)
[2026-04-08 20:11:42] INFO     继电器执行 -> ON
[2026-04-08 20:11:44] INFO     捕获目标指令: voice_msgnum:9
[2026-04-08 20:11:44] INFO     状态维稳，保持闭合 3.0s
[2026-04-08 20:11:47] INFO     继电器 OFF (切断充电)
[2026-04-08 20:11:47] INFO     继电器执行 -> OFF
[2026-04-08 20:11:47] INFO     物理断电静置 3.0s
[2026-04-08 20:11:50] INFO     【结论】 [PASS] 成功关键字: voice_msgnum:9
[2026-04-08 20:11:50] INFO     统计 -> 成功: 348 | 失败: 8 | 异常: 0 | 成功率: 97.8%
[2026-04-08 20:11:50] INFO     
-------------------- 第 357 轮 | 最大监听: 3.6s --------------------
[2026-04-08 20:11:50] INFO     继电器 ON (开始充电)
[2026-04-08 20:11:50] INFO     继电器执行 -> ON
[2026-04-08 20:11:51] INFO     捕获目标指令: voice_msgnum:9
[2026-04-08 20:11:51] INFO     状态维稳，保持闭合 3.0s
[2026-04-08 20:11:54] INFO     继电器 OFF (切断充电)
[2026-04-08 20:11:54] INFO     继电器执行 -> OFF
[2026-04-08 20:11:54] INFO     物理断电静置 3.0s
[2026-04-08 20:11:57] INFO     【结论】 [PASS] 成功关键字: voice_msgnum:9
[2026-04-08 20:11:57] INFO     统计 -> 成功: 349 | 失败: 8 | 异常: 0 | 成功率: 97.8%
[2026-04-08 20:11:57] INFO     
-------------------- 第 358 轮 | 最大监听: 3.4s --------------------
[2026-04-08 20:11:57] INFO     继电器 ON (开始充电)
[2026-04-08 20:11:57] INFO     继电器执行 -> ON
[2026-04-08 20:11:59] INFO     捕获目标指令: voice_msgnum:9
[2026-04-08 20:11:59] INFO     状态维稳，保持闭合 3.0s
[2026-04-08 20:12:02] INFO     继电器 OFF (切断充电)
[2026-04-08 20:12:02] INFO     继电器执行 -> OFF
[2026-04-08 20:12:02] INFO     物理断电静置 3.0s
[2026-04-08 20:12:05] INFO     【结论】 [PASS] 成功关键字: voice_msgnum:9
[2026-04-08 20:12:05] INFO     统计 -> 成功: 350 | 失败: 8 | 异常: 0 | 成功率: 97.8%
[2026-04-08 20:12:05] INFO     
-------------------- 第 359 轮 | 最大监听: 3.8s --------------------
[2026-04-08 20:12:05] INFO     继电器 ON (开始充电)
[2026-04-08 20:12:05] INFO     继电器执行 -> ON
[2026-04-08 20:12:06] INFO     捕获目标指令: voice_msgnum:9
[2026-04-08 20:12:06] INFO     状态维稳，保持闭合 3.0s
[2026-04-08 20:12:09] INFO     继电器 OFF (切断充电)
[2026-04-08 20:12:09] INFO     继电器执行 -> OFF
[2026-04-08 20:12:09] INFO     物理断电静置 3.0s
[2026-04-08 20:12:12] INFO     【结论】 [PASS] 成功关键字: voice_msgnum:9
[2026-04-08 20:12:12] INFO     统计 -> 成功: 351 | 失败: 8 | 异常: 0 | 成功率: 97.8%
[2026-04-08 20:12:12] INFO     
-------------------- 第 360 轮 | 最大监听: 3.5s --------------------
[2026-04-08 20:12:12] INFO     继电器 ON (开始充电)
[2026-04-08 20:12:12] INFO     继电器执行 -> ON
[2026-04-08 20:12:14] INFO     捕获目标指令: voice_msgnum:9
[2026-04-08 20:12:14] INFO     状态维稳，保持闭合 3.0s
[2026-04-08 20:12:17] INFO     继电器 OFF (切断充电)
[2026-04-08 20:12:17] INFO     继电器执行 -> OFF
[2026-04-08 20:12:17] INFO     物理断电静置 3.0s
[2026-04-08 20:12:20] INFO     【结论】 [PASS] 成功关键字: voice_msgnum:9
[2026-04-08 20:12:20] INFO     统计 -> 成功: 352 | 失败: 8 | 异常: 0 | 成功率: 97.8%
[2026-04-08 20:12:20] INFO     
-------------------- 第 361 轮 | 最大监听: 3.7s --------------------
[2026-04-08 20:12:20] INFO     继电器 ON (开始充电)
[2026-04-08 20:12:20] INFO     继电器执行 -> ON
[2026-04-08 20:12:22] INFO     捕获目标指令: voice_msgnum:9
[2026-04-08 20:12:22] INFO     状态维稳，保持闭合 3.0s
[2026-04-08 20:12:25] INFO     继电器 OFF (切断充电)
[2026-04-08 20:12:25] INFO     继电器执行 -> OFF
[2026-04-08 20:12:25] INFO     物理断电静置 3.0s
[2026-04-08 20:12:28] INFO     【结论】 [PASS] 成功关键字: voice_msgnum:9
[2026-04-08 20:12:28] INFO     统计 -> 成功: 353 | 失败: 8 | 异常: 0 | 成功率: 97.8%
[2026-04-08 20:12:28] INFO     
-------------------- 第 362 轮 | 最大监听: 3.7s --------------------
[2026-04-08 20:12:28] INFO     继电器 ON (开始充电)
[2026-04-08 20:12:28] INFO     继电器执行 -> ON
[2026-04-08 20:12:29] INFO     捕获目标指令: voice_msgnum:9
[2026-04-08 20:12:29] INFO     状态维稳，保持闭合 3.0s
[2026-04-08 20:12:32] INFO     继电器 OFF (切断充电)
[2026-04-08 20:12:32] INFO     继电器执行 -> OFF
[2026-04-08 20:12:32] INFO     物理断电静置 3.0s
[2026-04-08 20:12:35] INFO     【结论】 [PASS] 成功关键字: voice_msgnum:9
[2026-04-08 20:12:35] INFO     统计 -> 成功: 354 | 失败: 8 | 异常: 0 | 成功率: 97.8%
[2026-04-08 20:12:35] INFO     
-------------------- 第 363 轮 | 最大监听: 3.9s --------------------
[2026-04-08 20:12:35] INFO     继电器 ON (开始充电)
[2026-04-08 20:12:35] INFO     继电器执行 -> ON
[2026-04-08 20:12:37] INFO     捕获目标指令: voice_msgnum:9
[2026-04-08 20:12:37] INFO     状态维稳，保持闭合 3.0s
[2026-04-08 20:12:40] INFO     继电器 OFF (切断充电)
[2026-04-08 20:12:40] INFO     继电器执行 -> OFF
[2026-04-08 20:12:40] INFO     物理断电静置 3.0s
[2026-04-08 20:12:43] INFO     【结论】 [PASS] 成功关键字: voice_msgnum:9
[2026-04-08 20:12:43] INFO     统计 -> 成功: 355 | 失败: 8 | 异常: 0 | 成功率: 97.8%
[2026-04-08 20:12:43] INFO     
-------------------- 第 364 轮 | 最大监听: 3.1s --------------------
[2026-04-08 20:12:43] INFO     继电器 ON (开始充电)
[2026-04-08 20:12:43] INFO     继电器执行 -> ON
[2026-04-08 20:12:44] INFO     捕获目标指令: voice_msgnum:9
[2026-04-08 20:12:44] INFO     状态维稳，保持闭合 3.0s
[2026-04-08 20:12:47] INFO     继电器 OFF (切断充电)
[2026-04-08 20:12:47] INFO     继电器执行 -> OFF
[2026-04-08 20:12:47] INFO     物理断电静置 3.0s
[2026-04-08 20:12:50] INFO     【结论】 [PASS] 成功关键字: voice_msgnum:9
[2026-04-08 20:12:50] INFO     统计 -> 成功: 356 | 失败: 8 | 异常: 0 | 成功率: 97.8%
[2026-04-08 20:12:50] INFO     
-------------------- 第 365 轮 | 最大监听: 3.3s --------------------
[2026-04-08 20:12:50] INFO     继电器 ON (开始充电)
[2026-04-08 20:12:50] INFO     继电器执行 -> ON
[2026-04-08 20:12:52] INFO     捕获目标指令: voice_msgnum:9
[2026-04-08 20:12:52] INFO     状态维稳，保持闭合 3.0s
[2026-04-08 20:12:55] INFO     继电器 OFF (切断充电)
[2026-04-08 20:12:55] INFO     继电器执行 -> OFF
[2026-04-08 20:12:55] INFO     物理断电静置 3.0s
[2026-04-08 20:12:58] INFO     【结论】 [PASS] 成功关键字: voice_msgnum:9
[2026-04-08 20:12:58] INFO     统计 -> 成功: 357 | 失败: 8 | 异常: 0 | 成功率: 97.8%
[2026-04-08 20:12:58] INFO     
-------------------- 第 366 轮 | 最大监听: 3.9s --------------------
[2026-04-08 20:12:58] INFO     继电器 ON (开始充电)
[2026-04-08 20:12:58] INFO     继电器执行 -> ON
[2026-04-08 20:13:00] INFO     捕获目标指令: voice_msgnum:9
[2026-04-08 20:13:00] INFO     状态维稳，保持闭合 3.0s
[2026-04-08 20:13:03] INFO     继电器 OFF (切断充电)
[2026-04-08 20:13:03] INFO     继电器执行 -> OFF
[2026-04-08 20:13:03] INFO     物理断电静置 3.0s
[2026-04-08 20:13:06] INFO     【结论】 [PASS] 成功关键字: voice_msgnum:9
[2026-04-08 20:13:06] INFO     统计 -> 成功: 358 | 失败: 8 | 异常: 0 | 成功率: 97.8%
[2026-04-08 20:13:06] INFO     
-------------------- 第 367 轮 | 最大监听: 3.1s --------------------
[2026-04-08 20:13:06] INFO     继电器 ON (开始充电)
[2026-04-08 20:13:06] INFO     继电器执行 -> ON
[2026-04-08 20:13:07] INFO     捕获目标指令: voice_msgnum:9
[2026-04-08 20:13:07] INFO     状态维稳，保持闭合 3.0s
[2026-04-08 20:13:10] INFO     继电器 OFF (切断充电)
[2026-04-08 20:13:10] INFO     继电器执行 -> OFF
[2026-04-08 20:13:10] INFO     物理断电静置 3.0s
[2026-04-08 20:13:13] INFO     【结论】 [PASS] 成功关键字: voice_msgnum:9
[2026-04-08 20:13:13] INFO     统计 -> 成功: 359 | 失败: 8 | 异常: 0 | 成功率: 97.8%
[2026-04-08 20:13:13] INFO     
-------------------- 第 368 轮 | 最大监听: 3.9s --------------------
[2026-04-08 20:13:13] INFO     继电器 ON (开始充电)
[2026-04-08 20:13:13] INFO     继电器执行 -> ON
[2026-04-08 20:13:15] INFO     捕获目标指令: voice_msgnum:9
[2026-04-08 20:13:15] INFO     状态维稳，保持闭合 3.0s
[2026-04-08 20:13:18] INFO     继电器 OFF (切断充电)
[2026-04-08 20:13:18] INFO     继电器执行 -> OFF
[2026-04-08 20:13:18] INFO     物理断电静置 3.0s
[2026-04-08 20:13:21] INFO     【结论】 [PASS] 成功关键字: voice_msgnum:9
[2026-04-08 20:13:21] INFO     统计 -> 成功: 360 | 失败: 8 | 异常: 0 | 成功率: 97.8%
[2026-04-08 20:13:21] INFO     
-------------------- 第 369 轮 | 最大监听: 3.4s --------------------
[2026-04-08 20:13:21] INFO     继电器 ON (开始充电)
[2026-04-08 20:13:21] INFO     继电器执行 -> ON
[2026-04-08 20:13:22] INFO     捕获目标指令: voice_msgnum:9
[2026-04-08 20:13:22] INFO     状态维稳，保持闭合 3.0s
[2026-04-08 20:13:25] INFO     继电器 OFF (切断充电)
[2026-04-08 20:13:25] INFO     继电器执行 -> OFF
[2026-04-08 20:13:25] INFO     物理断电静置 3.0s
[2026-04-08 20:13:28] INFO     【结论】 [PASS] 成功关键字: voice_msgnum:9
[2026-04-08 20:13:28] INFO     统计 -> 成功: 361 | 失败: 8 | 异常: 0 | 成功率: 97.8%
[2026-04-08 20:13:28] INFO     
-------------------- 第 370 轮 | 最大监听: 3.5s --------------------
[2026-04-08 20:13:28] INFO     继电器 ON (开始充电)
[2026-04-08 20:13:28] INFO     继电器执行 -> ON
[2026-04-08 20:13:32] INFO     继电器 OFF (切断充电)
[2026-04-08 20:13:32] INFO     继电器执行 -> OFF
[2026-04-08 20:13:32] INFO     物理断电静置 3.0s
[2026-04-08 20:13:35] WARNING  【结论】 [FAIL] 超时未检测到成功关键字
[2026-04-08 20:13:35] INFO     统计 -> 成功: 361 | 失败: 9 | 异常: 0 | 成功率: 97.6%
[2026-04-08 20:13:35] INFO     
-------------------- 第 371 轮 | 最大监听: 3.3s --------------------
[2026-04-08 20:13:35] INFO     继电器 ON (开始充电)
[2026-04-08 20:13:35] INFO     继电器执行 -> ON
[2026-04-08 20:13:37] INFO     捕获目标指令: voice_msgnum:9
[2026-04-08 20:13:37] INFO     状态维稳，保持闭合 3.0s
[2026-04-08 20:13:40] INFO     继电器 OFF (切断充电)
[2026-04-08 20:13:40] INFO     继电器执行 -> OFF
[2026-04-08 20:13:40] INFO     物理断电静置 3.0s
[2026-04-08 20:13:43] INFO     【结论】 [PASS] 成功关键字: voice_msgnum:9
[2026-04-08 20:13:43] INFO     统计 -> 成功: 362 | 失败: 9 | 异常: 0 | 成功率: 97.6%
[2026-04-08 20:13:43] INFO     
-------------------- 第 372 轮 | 最大监听: 3.8s --------------------
[2026-04-08 20:13:43] INFO     继电器 ON (开始充电)
[2026-04-08 20:13:43] INFO     继电器执行 -> ON
[2026-04-08 20:13:44] INFO     捕获目标指令: voice_msgnum:9
[2026-04-08 20:13:44] INFO     状态维稳，保持闭合 3.0s
[2026-04-08 20:13:47] INFO     继电器 OFF (切断充电)
[2026-04-08 20:13:47] INFO     继电器执行 -> OFF
[2026-04-08 20:13:47] INFO     物理断电静置 3.0s
[2026-04-08 20:13:50] INFO     【结论】 [PASS] 成功关键字: voice_msgnum:9
[2026-04-08 20:13:50] INFO     统计 -> 成功: 363 | 失败: 9 | 异常: 0 | 成功率: 97.6%
[2026-04-08 20:13:50] INFO     
-------------------- 第 373 轮 | 最大监听: 3.6s --------------------
[2026-04-08 20:13:50] INFO     继电器 ON (开始充电)
[2026-04-08 20:13:50] INFO     继电器执行 -> ON
[2026-04-08 20:13:52] INFO     捕获目标指令: voice_msgnum:9
[2026-04-08 20:13:52] INFO     状态维稳，保持闭合 3.0s
[2026-04-08 20:13:55] INFO     继电器 OFF (切断充电)
[2026-04-08 20:13:55] INFO     继电器执行 -> OFF
[2026-04-08 20:13:55] INFO     物理断电静置 3.0s
[2026-04-08 20:13:58] INFO     【结论】 [PASS] 成功关键字: voice_msgnum:9
[2026-04-08 20:13:58] INFO     统计 -> 成功: 364 | 失败: 9 | 异常: 0 | 成功率: 97.6%
[2026-04-08 20:13:58] INFO     
-------------------- 第 374 轮 | 最大监听: 3.9s --------------------
[2026-04-08 20:13:58] INFO     继电器 ON (开始充电)
[2026-04-08 20:13:58] INFO     继电器执行 -> ON
[2026-04-08 20:13:59] INFO     捕获目标指令: voice_msgnum:9
[2026-04-08 20:13:59] INFO     状态维稳，保持闭合 3.0s
[2026-04-08 20:14:02] INFO     继电器 OFF (切断充电)
[2026-04-08 20:14:02] INFO     继电器执行 -> OFF
[2026-04-08 20:14:02] INFO     物理断电静置 3.0s
[2026-04-08 20:14:05] INFO     【结论】 [PASS] 成功关键字: voice_msgnum:9
[2026-04-08 20:14:05] INFO     统计 -> 成功: 365 | 失败: 9 | 异常: 0 | 成功率: 97.6%
[2026-04-08 20:14:05] INFO     
-------------------- 第 375 轮 | 最大监听: 3.5s --------------------
[2026-04-08 20:14:05] INFO     继电器 ON (开始充电)
[2026-04-08 20:14:05] INFO     继电器执行 -> ON
[2026-04-08 20:14:09] INFO     继电器 OFF (切断充电)
[2026-04-08 20:14:09] INFO     继电器执行 -> OFF
[2026-04-08 20:14:09] INFO     物理断电静置 3.0s
[2026-04-08 20:14:12] WARNING  【结论】 [FAIL] 超时未检测到成功关键字
[2026-04-08 20:14:12] INFO     统计 -> 成功: 365 | 失败: 10 | 异常: 0 | 成功率: 97.3%
[2026-04-08 20:14:12] INFO     
-------------------- 第 376 轮 | 最大监听: 3.7s --------------------
[2026-04-08 20:14:12] INFO     继电器 ON (开始充电)
[2026-04-08 20:14:12] INFO     继电器执行 -> ON
[2026-04-08 20:14:14] INFO     捕获目标指令: voice_msgnum:9
[2026-04-08 20:14:14] INFO     状态维稳，保持闭合 3.0s
[2026-04-08 20:14:17] INFO     继电器 OFF (切断充电)
[2026-04-08 20:14:17] INFO     继电器执行 -> OFF
[2026-04-08 20:14:17] INFO     物理断电静置 3.0s
[2026-04-08 20:14:20] INFO     【结论】 [PASS] 成功关键字: voice_msgnum:9
[2026-04-08 20:14:20] INFO     统计 -> 成功: 366 | 失败: 10 | 异常: 0 | 成功率: 97.3%
[2026-04-08 20:14:20] INFO     
-------------------- 第 377 轮 | 最大监听: 3.4s --------------------
[2026-04-08 20:14:20] INFO     继电器 ON (开始充电)
[2026-04-08 20:14:20] INFO     继电器执行 -> ON
[2026-04-08 20:14:21] INFO     捕获目标指令: voice_msgnum:9
[2026-04-08 20:14:21] INFO     状态维稳，保持闭合 3.0s
[2026-04-08 20:14:24] INFO     继电器 OFF (切断充电)
[2026-04-08 20:14:24] INFO     继电器执行 -> OFF
[2026-04-08 20:14:24] INFO     物理断电静置 3.0s
[2026-04-08 20:14:27] INFO     【结论】 [PASS] 成功关键字: voice_msgnum:9
[2026-04-08 20:14:27] INFO     统计 -> 成功: 367 | 失败: 10 | 异常: 0 | 成功率: 97.3%
[2026-04-08 20:14:27] INFO     
-------------------- 第 378 轮 | 最大监听: 3.8s --------------------
[2026-04-08 20:14:27] INFO     继电器 ON (开始充电)
[2026-04-08 20:14:27] INFO     继电器执行 -> ON
[2026-04-08 20:14:29] INFO     捕获目标指令: voice_msgnum:9
[2026-04-08 20:14:29] INFO     状态维稳，保持闭合 3.0s
[2026-04-08 20:14:32] INFO     继电器 OFF (切断充电)
[2026-04-08 20:14:32] INFO     继电器执行 -> OFF
[2026-04-08 20:14:32] INFO     物理断电静置 3.0s
[2026-04-08 20:14:35] INFO     【结论】 [PASS] 成功关键字: voice_msgnum:9
[2026-04-08 20:14:35] INFO     统计 -> 成功: 368 | 失败: 10 | 异常: 0 | 成功率: 97.4%
[2026-04-08 20:14:35] INFO     
-------------------- 第 379 轮 | 最大监听: 3.3s --------------------
[2026-04-08 20:14:35] INFO     继电器 ON (开始充电)
[2026-04-08 20:14:35] INFO     继电器执行 -> ON
[2026-04-08 20:14:36] INFO     捕获目标指令: voice_msgnum:9
[2026-04-08 20:14:36] INFO     状态维稳，保持闭合 3.0s
[2026-04-08 20:14:39] INFO     继电器 OFF (切断充电)
[2026-04-08 20:14:39] INFO     继电器执行 -> OFF
[2026-04-08 20:14:39] INFO     物理断电静置 3.0s
[2026-04-08 20:14:42] INFO     【结论】 [PASS] 成功关键字: voice_msgnum:9
[2026-04-08 20:14:42] INFO     统计 -> 成功: 369 | 失败: 10 | 异常: 0 | 成功率: 97.4%
[2026-04-08 20:14:42] INFO     
-------------------- 第 380 轮 | 最大监听: 3.6s --------------------
[2026-04-08 20:14:42] INFO     继电器 ON (开始充电)
[2026-04-08 20:14:42] INFO     继电器执行 -> ON
[2026-04-08 20:14:44] INFO     捕获目标指令: voice_msgnum:9
[2026-04-08 20:14:44] INFO     状态维稳，保持闭合 3.0s
[2026-04-08 20:14:47] INFO     继电器 OFF (切断充电)
[2026-04-08 20:14:47] INFO     继电器执行 -> OFF
[2026-04-08 20:14:47] INFO     物理断电静置 3.0s
[2026-04-08 20:14:50] INFO     【结论】 [PASS] 成功关键字: voice_msgnum:9
[2026-04-08 20:14:50] INFO     统计 -> 成功: 370 | 失败: 10 | 异常: 0 | 成功率: 97.4%
[2026-04-08 20:14:50] INFO     
-------------------- 第 381 轮 | 最大监听: 3.3s --------------------
[2026-04-08 20:14:50] INFO     继电器 ON (开始充电)
[2026-04-08 20:14:50] INFO     继电器执行 -> ON
[2026-04-08 20:14:52] INFO     捕获目标指令: voice_msgnum:9
[2026-04-08 20:14:52] INFO     状态维稳，保持闭合 3.0s
[2026-04-08 20:14:55] INFO     继电器 OFF (切断充电)
[2026-04-08 20:14:55] INFO     继电器执行 -> OFF
[2026-04-08 20:14:55] INFO     物理断电静置 3.0s
[2026-04-08 20:14:58] INFO     【结论】 [PASS] 成功关键字: voice_msgnum:9
[2026-04-08 20:14:58] INFO     统计 -> 成功: 371 | 失败: 10 | 异常: 0 | 成功率: 97.4%
[2026-04-08 20:14:58] INFO     
-------------------- 第 382 轮 | 最大监听: 3.2s --------------------
[2026-04-08 20:14:58] INFO     继电器 ON (开始充电)
[2026-04-08 20:14:58] INFO     继电器执行 -> ON
[2026-04-08 20:14:59] INFO     捕获目标指令: voice_msgnum:9
[2026-04-08 20:14:59] INFO     状态维稳，保持闭合 3.0s
[2026-04-08 20:15:02] INFO     继电器 OFF (切断充电)
[2026-04-08 20:15:02] INFO     继电器执行 -> OFF
[2026-04-08 20:15:02] INFO     物理断电静置 3.0s
[2026-04-08 20:15:05] INFO     【结论】 [PASS] 成功关键字: voice_msgnum:9
[2026-04-08 20:15:05] INFO     统计 -> 成功: 372 | 失败: 10 | 异常: 0 | 成功率: 97.4%
[2026-04-08 20:15:05] INFO     
-------------------- 第 383 轮 | 最大监听: 3.4s --------------------
[2026-04-08 20:15:05] INFO     继电器 ON (开始充电)
[2026-04-08 20:15:05] INFO     继电器执行 -> ON
[2026-04-08 20:15:07] INFO     捕获目标指令: voice_msgnum:9
[2026-04-08 20:15:07] INFO     状态维稳，保持闭合 3.0s
[2026-04-08 20:15:10] INFO     继电器 OFF (切断充电)
[2026-04-08 20:15:10] INFO     继电器执行 -> OFF
[2026-04-08 20:15:10] INFO     物理断电静置 3.0s
[2026-04-08 20:15:13] INFO     【结论】 [PASS] 成功关键字: voice_msgnum:9
[2026-04-08 20:15:13] INFO     统计 -> 成功: 373 | 失败: 10 | 异常: 0 | 成功率: 97.4%
[2026-04-08 20:15:13] INFO     
-------------------- 第 384 轮 | 最大监听: 3.7s --------------------
[2026-04-08 20:15:13] INFO     继电器 ON (开始充电)
[2026-04-08 20:15:13] INFO     继电器执行 -> ON
[2026-04-08 20:15:14] INFO     捕获目标指令: voice_msgnum:9
[2026-04-08 20:15:14] INFO     状态维稳，保持闭合 3.0s
[2026-04-08 20:15:17] INFO     继电器 OFF (切断充电)
[2026-04-08 20:15:17] INFO     继电器执行 -> OFF
[2026-04-08 20:15:17] INFO     物理断电静置 3.0s
[2026-04-08 20:15:20] INFO     【结论】 [PASS] 成功关键字: voice_msgnum:9
[2026-04-08 20:15:20] INFO     统计 -> 成功: 374 | 失败: 10 | 异常: 0 | 成功率: 97.4%
[2026-04-08 20:15:20] INFO     
-------------------- 第 385 轮 | 最大监听: 3.0s --------------------
[2026-04-08 20:15:20] INFO     继电器 ON (开始充电)
[2026-04-08 20:15:20] INFO     继电器执行 -> ON
[2026-04-08 20:15:22] INFO     捕获目标指令: voice_msgnum:9
[2026-04-08 20:15:22] INFO     状态维稳，保持闭合 3.0s
[2026-04-08 20:15:25] INFO     继电器 OFF (切断充电)
[2026-04-08 20:15:25] INFO     继电器执行 -> OFF
[2026-04-08 20:15:25] INFO     物理断电静置 3.0s
[2026-04-08 20:15:28] INFO     【结论】 [PASS] 成功关键字: voice_msgnum:9
[2026-04-08 20:15:28] INFO     统计 -> 成功: 375 | 失败: 10 | 异常: 0 | 成功率: 97.4%
[2026-04-08 20:15:28] INFO     
-------------------- 第 386 轮 | 最大监听: 3.4s --------------------
[2026-04-08 20:15:28] INFO     继电器 ON (开始充电)
[2026-04-08 20:15:28] INFO     继电器执行 -> ON
[2026-04-08 20:15:30] INFO     捕获目标指令: voice_msgnum:9
[2026-04-08 20:15:30] INFO     状态维稳，保持闭合 3.0s
[2026-04-08 20:15:33] INFO     继电器 OFF (切断充电)
[2026-04-08 20:15:33] INFO     继电器执行 -> OFF
[2026-04-08 20:15:33] INFO     物理断电静置 3.0s
[2026-04-08 20:15:36] INFO     【结论】 [PASS] 成功关键字: voice_msgnum:9
[2026-04-08 20:15:36] INFO     统计 -> 成功: 376 | 失败: 10 | 异常: 0 | 成功率: 97.4%
[2026-04-08 20:15:36] INFO     
-------------------- 第 387 轮 | 最大监听: 3.6s --------------------
[2026-04-08 20:15:36] INFO     继电器 ON (开始充电)
[2026-04-08 20:15:36] INFO     继电器执行 -> ON
[2026-04-08 20:15:37] INFO     捕获目标指令: voice_msgnum:9
[2026-04-08 20:15:37] INFO     状态维稳，保持闭合 3.0s
[2026-04-08 20:15:40] INFO     继电器 OFF (切断充电)
[2026-04-08 20:15:40] INFO     继电器执行 -> OFF
[2026-04-08 20:15:40] INFO     物理断电静置 3.0s
[2026-04-08 20:15:43] INFO     【结论】 [PASS] 成功关键字: voice_msgnum:9
[2026-04-08 20:15:43] INFO     统计 -> 成功: 377 | 失败: 10 | 异常: 0 | 成功率: 97.4%
[2026-04-08 20:15:43] INFO     
-------------------- 第 388 轮 | 最大监听: 3.4s --------------------
[2026-04-08 20:15:43] INFO     继电器 ON (开始充电)
[2026-04-08 20:15:43] INFO     继电器执行 -> ON
[2026-04-08 20:15:45] INFO     捕获目标指令: voice_msgnum:9
[2026-04-08 20:15:45] INFO     状态维稳，保持闭合 3.0s
[2026-04-08 20:15:48] INFO     继电器 OFF (切断充电)
[2026-04-08 20:15:48] INFO     继电器执行 -> OFF
[2026-04-08 20:15:48] INFO     物理断电静置 3.0s
[2026-04-08 20:15:51] INFO     【结论】 [PASS] 成功关键字: voice_msgnum:9
[2026-04-08 20:15:51] INFO     统计 -> 成功: 378 | 失败: 10 | 异常: 0 | 成功率: 97.4%
[2026-04-08 20:15:51] INFO     
-------------------- 第 389 轮 | 最大监听: 3.2s --------------------
[2026-04-08 20:15:51] INFO     继电器 ON (开始充电)
[2026-04-08 20:15:51] INFO     继电器执行 -> ON
[2026-04-08 20:15:52] INFO     捕获目标指令: voice_msgnum:9
[2026-04-08 20:15:52] INFO     状态维稳，保持闭合 3.0s
[2026-04-08 20:15:55] INFO     继电器 OFF (切断充电)
[2026-04-08 20:15:55] INFO     继电器执行 -> OFF
[2026-04-08 20:15:55] INFO     物理断电静置 3.0s
[2026-04-08 20:15:58] INFO     【结论】 [PASS] 成功关键字: voice_msgnum:9
[2026-04-08 20:15:58] INFO     统计 -> 成功: 379 | 失败: 10 | 异常: 0 | 成功率: 97.4%
[2026-04-08 20:15:58] INFO     
-------------------- 第 390 轮 | 最大监听: 3.2s --------------------
[2026-04-08 20:15:58] INFO     继电器 ON (开始充电)
[2026-04-08 20:15:58] INFO     继电器执行 -> ON
[2026-04-08 20:16:00] INFO     捕获目标指令: voice_msgnum:9
[2026-04-08 20:16:00] INFO     状态维稳，保持闭合 3.0s
[2026-04-08 20:16:03] INFO     继电器 OFF (切断充电)
[2026-04-08 20:16:03] INFO     继电器执行 -> OFF
[2026-04-08 20:16:03] INFO     物理断电静置 3.0s
[2026-04-08 20:16:06] INFO     【结论】 [PASS] 成功关键字: voice_msgnum:9
[2026-04-08 20:16:06] INFO     统计 -> 成功: 380 | 失败: 10 | 异常: 0 | 成功率: 97.4%
[2026-04-08 20:16:06] INFO     
-------------------- 第 391 轮 | 最大监听: 3.6s --------------------
[2026-04-08 20:16:06] INFO     继电器 ON (开始充电)
[2026-04-08 20:16:06] INFO     继电器执行 -> ON
[2026-04-08 20:16:08] INFO     捕获目标指令: voice_msgnum:9
[2026-04-08 20:16:08] INFO     状态维稳，保持闭合 3.0s
[2026-04-08 20:16:11] INFO     继电器 OFF (切断充电)
[2026-04-08 20:16:11] INFO     继电器执行 -> OFF
[2026-04-08 20:16:11] INFO     物理断电静置 3.0s
[2026-04-08 20:16:14] INFO     【结论】 [PASS] 成功关键字: voice_msgnum:9
[2026-04-08 20:16:14] INFO     统计 -> 成功: 381 | 失败: 10 | 异常: 0 | 成功率: 97.4%
[2026-04-08 20:16:14] INFO     
-------------------- 第 392 轮 | 最大监听: 3.9s --------------------
[2026-04-08 20:16:14] INFO     继电器 ON (开始充电)
[2026-04-08 20:16:14] INFO     继电器执行 -> ON
[2026-04-08 20:16:15] INFO     捕获目标指令: voice_msgnum:9
[2026-04-08 20:16:15] INFO     状态维稳，保持闭合 3.0s
[2026-04-08 20:16:18] INFO     继电器 OFF (切断充电)
[2026-04-08 20:16:18] INFO     继电器执行 -> OFF
[2026-04-08 20:16:18] INFO     物理断电静置 3.0s
[2026-04-08 20:16:21] INFO     【结论】 [PASS] 成功关键字: voice_msgnum:9
[2026-04-08 20:16:21] INFO     统计 -> 成功: 382 | 失败: 10 | 异常: 0 | 成功率: 97.4%
[2026-04-08 20:16:21] INFO     
-------------------- 第 393 轮 | 最大监听: 3.1s --------------------
[2026-04-08 20:16:21] INFO     继电器 ON (开始充电)
[2026-04-08 20:16:21] INFO     继电器执行 -> ON
[2026-04-08 20:16:23] INFO     捕获目标指令: voice_msgnum:9
[2026-04-08 20:16:23] INFO     状态维稳，保持闭合 3.0s
[2026-04-08 20:16:26] INFO     继电器 OFF (切断充电)
[2026-04-08 20:16:26] INFO     继电器执行 -> OFF
[2026-04-08 20:16:26] INFO     物理断电静置 3.0s
[2026-04-08 20:16:29] INFO     【结论】 [PASS] 成功关键字: voice_msgnum:9
[2026-04-08 20:16:29] INFO     统计 -> 成功: 383 | 失败: 10 | 异常: 0 | 成功率: 97.5%
[2026-04-08 20:16:29] INFO     
-------------------- 第 394 轮 | 最大监听: 3.2s --------------------
[2026-04-08 20:16:29] INFO     继电器 ON (开始充电)
[2026-04-08 20:16:29] INFO     继电器执行 -> ON
[2026-04-08 20:16:30] INFO     捕获目标指令: voice_msgnum:9
[2026-04-08 20:16:30] INFO     状态维稳，保持闭合 3.0s
[2026-04-08 20:16:33] INFO     继电器 OFF (切断充电)
[2026-04-08 20:16:33] INFO     继电器执行 -> OFF
[2026-04-08 20:16:33] INFO     物理断电静置 3.0s
[2026-04-08 20:16:36] INFO     【结论】 [PASS] 成功关键字: voice_msgnum:9
[2026-04-08 20:16:36] INFO     统计 -> 成功: 384 | 失败: 10 | 异常: 0 | 成功率: 97.5%
[2026-04-08 20:16:36] INFO     
-------------------- 第 395 轮 | 最大监听: 3.1s --------------------
[2026-04-08 20:16:36] INFO     继电器 ON (开始充电)
[2026-04-08 20:16:36] INFO     继电器执行 -> ON
[2026-04-08 20:16:38] INFO     捕获目标指令: voice_msgnum:9
[2026-04-08 20:16:38] INFO     状态维稳，保持闭合 3.0s
[2026-04-08 20:16:41] INFO     继电器 OFF (切断充电)
[2026-04-08 20:16:41] INFO     继电器执行 -> OFF
[2026-04-08 20:16:41] INFO     物理断电静置 3.0s
[2026-04-08 20:16:44] INFO     【结论】 [PASS] 成功关键字: voice_msgnum:9
[2026-04-08 20:16:44] INFO     统计 -> 成功: 385 | 失败: 10 | 异常: 0 | 成功率: 97.5%
[2026-04-08 20:16:44] INFO     
-------------------- 第 396 轮 | 最大监听: 3.2s --------------------
[2026-04-08 20:16:44] INFO     继电器 ON (开始充电)
[2026-04-08 20:16:44] INFO     继电器执行 -> ON
[2026-04-08 20:16:46] INFO     捕获目标指令: voice_msgnum:9
[2026-04-08 20:16:46] INFO     状态维稳，保持闭合 3.0s
[2026-04-08 20:16:49] INFO     继电器 OFF (切断充电)
[2026-04-08 20:16:49] INFO     继电器执行 -> OFF
[2026-04-08 20:16:49] INFO     物理断电静置 3.0s
[2026-04-08 20:16:52] INFO     【结论】 [PASS] 成功关键字: voice_msgnum:9
[2026-04-08 20:16:52] INFO     统计 -> 成功: 386 | 失败: 10 | 异常: 0 | 成功率: 97.5%
[2026-04-08 20:16:52] INFO     
-------------------- 第 397 轮 | 最大监听: 3.9s --------------------
[2026-04-08 20:16:52] INFO     继电器 ON (开始充电)
[2026-04-08 20:16:52] INFO     继电器执行 -> ON
[2026-04-08 20:16:53] INFO     捕获目标指令: voice_msgnum:9
[2026-04-08 20:16:53] INFO     状态维稳，保持闭合 3.0s
[2026-04-08 20:16:56] INFO     继电器 OFF (切断充电)
[2026-04-08 20:16:56] INFO     继电器执行 -> OFF
[2026-04-08 20:16:56] INFO     物理断电静置 3.0s
[2026-04-08 20:16:59] INFO     【结论】 [PASS] 成功关键字: voice_msgnum:9
[2026-04-08 20:16:59] INFO     统计 -> 成功: 387 | 失败: 10 | 异常: 0 | 成功率: 97.5%
[2026-04-08 20:16:59] INFO     
-------------------- 第 398 轮 | 最大监听: 3.1s --------------------
[2026-04-08 20:16:59] INFO     继电器 ON (开始充电)
[2026-04-08 20:16:59] INFO     继电器执行 -> ON
[2026-04-08 20:17:01] INFO     捕获目标指令: voice_msgnum:9
[2026-04-08 20:17:01] INFO     状态维稳，保持闭合 3.0s
[2026-04-08 20:17:04] INFO     继电器 OFF (切断充电)
[2026-04-08 20:17:04] INFO     继电器执行 -> OFF
[2026-04-08 20:17:04] INFO     物理断电静置 3.0s
[2026-04-08 20:17:07] INFO     【结论】 [PASS] 成功关键字: voice_msgnum:9
[2026-04-08 20:17:07] INFO     统计 -> 成功: 388 | 失败: 10 | 异常: 0 | 成功率: 97.5%
[2026-04-08 20:17:07] INFO     
-------------------- 第 399 轮 | 最大监听: 3.1s --------------------
[2026-04-08 20:17:07] INFO     继电器 ON (开始充电)
[2026-04-08 20:17:07] INFO     继电器执行 -> ON
[2026-04-08 20:17:08] INFO     捕获目标指令: voice_msgnum:9
[2026-04-08 20:17:08] INFO     状态维稳，保持闭合 3.0s
[2026-04-08 20:17:11] INFO     继电器 OFF (切断充电)
[2026-04-08 20:17:11] INFO     继电器执行 -> OFF
[2026-04-08 20:17:11] INFO     物理断电静置 3.0s
[2026-04-08 20:17:14] INFO     【结论】 [PASS] 成功关键字: voice_msgnum:9
[2026-04-08 20:17:14] INFO     统计 -> 成功: 389 | 失败: 10 | 异常: 0 | 成功率: 97.5%
[2026-04-08 20:17:14] INFO     
-------------------- 第 400 轮 | 最大监听: 3.2s --------------------
[2026-04-08 20:17:14] INFO     继电器 ON (开始充电)
[2026-04-08 20:17:14] INFO     继电器执行 -> ON
[2026-04-08 20:17:16] INFO     捕获目标指令: voice_msgnum:9
[2026-04-08 20:17:16] INFO     状态维稳，保持闭合 3.0s
[2026-04-08 20:17:19] INFO     继电器 OFF (切断充电)
[2026-04-08 20:17:19] INFO     继电器执行 -> OFF
[2026-04-08 20:17:19] INFO     物理断电静置 3.0s
[2026-04-08 20:17:22] INFO     【结论】 [PASS] 成功关键字: voice_msgnum:9
[2026-04-08 20:17:22] INFO     统计 -> 成功: 390 | 失败: 10 | 异常: 0 | 成功率: 97.5%
[2026-04-08 20:17:22] INFO     
-------------------- 第 401 轮 | 最大监听: 3.5s --------------------
[2026-04-08 20:17:22] INFO     继电器 ON (开始充电)
[2026-04-08 20:17:22] INFO     继电器执行 -> ON
[2026-04-08 20:17:24] INFO     捕获目标指令: voice_msgnum:9
[2026-04-08 20:17:24] INFO     状态维稳，保持闭合 3.0s
[2026-04-08 20:17:27] INFO     继电器 OFF (切断充电)
[2026-04-08 20:17:27] INFO     继电器执行 -> OFF
[2026-04-08 20:17:27] INFO     物理断电静置 3.0s
[2026-04-08 20:17:30] INFO     【结论】 [PASS] 成功关键字: voice_msgnum:9
[2026-04-08 20:17:30] INFO     统计 -> 成功: 391 | 失败: 10 | 异常: 0 | 成功率: 97.5%
[2026-04-08 20:17:30] INFO     
-------------------- 第 402 轮 | 最大监听: 3.7s --------------------
[2026-04-08 20:17:30] INFO     继电器 ON (开始充电)
[2026-04-08 20:17:30] INFO     继电器执行 -> ON
[2026-04-08 20:17:31] INFO     捕获目标指令: voice_msgnum:9
[2026-04-08 20:17:31] INFO     状态维稳，保持闭合 3.0s
[2026-04-08 20:17:34] INFO     继电器 OFF (切断充电)
[2026-04-08 20:17:34] INFO     继电器执行 -> OFF
[2026-04-08 20:17:34] INFO     物理断电静置 3.0s
[2026-04-08 20:17:37] INFO     【结论】 [PASS] 成功关键字: voice_msgnum:9
[2026-04-08 20:17:37] INFO     统计 -> 成功: 392 | 失败: 10 | 异常: 0 | 成功率: 97.5%
[2026-04-08 20:17:37] INFO     
-------------------- 第 403 轮 | 最大监听: 3.9s --------------------
[2026-04-08 20:17:37] INFO     继电器 ON (开始充电)
[2026-04-08 20:17:37] INFO     继电器执行 -> ON
[2026-04-08 20:17:39] INFO     捕获目标指令: voice_msgnum:9
[2026-04-08 20:17:39] INFO     状态维稳，保持闭合 3.0s
[2026-04-08 20:17:42] INFO     继电器 OFF (切断充电)
[2026-04-08 20:17:42] INFO     继电器执行 -> OFF
[2026-04-08 20:17:42] INFO     物理断电静置 3.0s
[2026-04-08 20:17:45] INFO     【结论】 [PASS] 成功关键字: voice_msgnum:9
[2026-04-08 20:17:45] INFO     统计 -> 成功: 393 | 失败: 10 | 异常: 0 | 成功率: 97.5%
[2026-04-08 20:17:45] INFO     
-------------------- 第 404 轮 | 最大监听: 3.0s --------------------
[2026-04-08 20:17:45] INFO     继电器 ON (开始充电)
[2026-04-08 20:17:45] INFO     继电器执行 -> ON
[2026-04-08 20:17:46] INFO     捕获目标指令: voice_msgnum:9
[2026-04-08 20:17:46] INFO     状态维稳，保持闭合 3.0s
[2026-04-08 20:17:49] INFO     继电器 OFF (切断充电)
[2026-04-08 20:17:49] INFO     继电器执行 -> OFF
[2026-04-08 20:17:49] INFO     物理断电静置 3.0s
[2026-04-08 20:17:52] INFO     【结论】 [PASS] 成功关键字: voice_msgnum:9
[2026-04-08 20:17:52] INFO     统计 -> 成功: 394 | 失败: 10 | 异常: 0 | 成功率: 97.5%
[2026-04-08 20:17:52] INFO     
-------------------- 第 405 轮 | 最大监听: 3.5s --------------------
[2026-04-08 20:17:52] INFO     继电器 ON (开始充电)
[2026-04-08 20:17:52] INFO     继电器执行 -> ON
[2026-04-08 20:17:54] INFO     捕获目标指令: voice_msgnum:9
[2026-04-08 20:17:54] INFO     状态维稳，保持闭合 3.0s
[2026-04-08 20:17:57] INFO     继电器 OFF (切断充电)
[2026-04-08 20:17:57] INFO     继电器执行 -> OFF
[2026-04-08 20:17:57] INFO     物理断电静置 3.0s
[2026-04-08 20:18:00] INFO     【结论】 [PASS] 成功关键字: voice_msgnum:9
[2026-04-08 20:18:00] INFO     统计 -> 成功: 395 | 失败: 10 | 异常: 0 | 成功率: 97.5%
[2026-04-08 20:18:00] INFO     
-------------------- 第 406 轮 | 最大监听: 3.7s --------------------
[2026-04-08 20:18:00] INFO     继电器 ON (开始充电)
[2026-04-08 20:18:00] INFO     继电器执行 -> ON
[2026-04-08 20:18:02] INFO     捕获目标指令: voice_msgnum:9
[2026-04-08 20:18:02] INFO     状态维稳，保持闭合 3.0s
[2026-04-08 20:18:05] INFO     继电器 OFF (切断充电)
[2026-04-08 20:18:05] INFO     继电器执行 -> OFF
[2026-04-08 20:18:05] INFO     物理断电静置 3.0s
[2026-04-08 20:18:08] INFO     【结论】 [PASS] 成功关键字: voice_msgnum:9
[2026-04-08 20:18:08] INFO     统计 -> 成功: 396 | 失败: 10 | 异常: 0 | 成功率: 97.5%
[2026-04-08 20:18:08] INFO     
-------------------- 第 407 轮 | 最大监听: 3.4s --------------------
[2026-04-08 20:18:08] INFO     继电器 ON (开始充电)
[2026-04-08 20:18:08] INFO     继电器执行 -> ON
[2026-04-08 20:18:09] INFO     捕获目标指令: voice_msgnum:9
[2026-04-08 20:18:09] INFO     状态维稳，保持闭合 3.0s
[2026-04-08 20:18:12] INFO     继电器 OFF (切断充电)
[2026-04-08 20:18:12] INFO     继电器执行 -> OFF
[2026-04-08 20:18:12] INFO     物理断电静置 3.0s
[2026-04-08 20:18:15] INFO     【结论】 [PASS] 成功关键字: voice_msgnum:9
[2026-04-08 20:18:15] INFO     统计 -> 成功: 397 | 失败: 10 | 异常: 0 | 成功率: 97.5%
[2026-04-08 20:18:15] INFO     
-------------------- 第 408 轮 | 最大监听: 3.4s --------------------
[2026-04-08 20:18:15] INFO     继电器 ON (开始充电)
[2026-04-08 20:18:15] INFO     继电器执行 -> ON
[2026-04-08 20:18:17] INFO     捕获目标指令: voice_msgnum:9
[2026-04-08 20:18:17] INFO     状态维稳，保持闭合 3.0s
[2026-04-08 20:18:20] INFO     继电器 OFF (切断充电)
[2026-04-08 20:18:20] INFO     继电器执行 -> OFF
[2026-04-08 20:18:20] INFO     物理断电静置 3.0s
[2026-04-08 20:18:23] INFO     【结论】 [PASS] 成功关键字: voice_msgnum:9
[2026-04-08 20:18:23] INFO     统计 -> 成功: 398 | 失败: 10 | 异常: 0 | 成功率: 97.5%
[2026-04-08 20:18:23] INFO     
-------------------- 第 409 轮 | 最大监听: 3.1s --------------------
[2026-04-08 20:18:23] INFO     继电器 ON (开始充电)
[2026-04-08 20:18:23] INFO     继电器执行 -> ON
[2026-04-08 20:18:24] INFO     捕获目标指令: voice_msgnum:9
[2026-04-08 20:18:24] INFO     状态维稳，保持闭合 3.0s
[2026-04-08 20:18:27] INFO     继电器 OFF (切断充电)
[2026-04-08 20:18:27] INFO     继电器执行 -> OFF
[2026-04-08 20:18:27] INFO     物理断电静置 3.0s
[2026-04-08 20:18:30] INFO     【结论】 [PASS] 成功关键字: voice_msgnum:9
[2026-04-08 20:18:30] INFO     统计 -> 成功: 399 | 失败: 10 | 异常: 0 | 成功率: 97.6%
[2026-04-08 20:18:30] INFO     
-------------------- 第 410 轮 | 最大监听: 3.4s --------------------
[2026-04-08 20:18:30] INFO     继电器 ON (开始充电)
[2026-04-08 20:18:30] INFO     继电器执行 -> ON
[2026-04-08 20:18:32] INFO     捕获目标指令: voice_msgnum:9
[2026-04-08 20:18:32] INFO     状态维稳，保持闭合 3.0s
[2026-04-08 20:18:35] INFO     继电器 OFF (切断充电)
[2026-04-08 20:18:35] INFO     继电器执行 -> OFF
[2026-04-08 20:18:35] INFO     物理断电静置 3.0s
[2026-04-08 20:18:38] INFO     【结论】 [PASS] 成功关键字: voice_msgnum:9
[2026-04-08 20:18:38] INFO     统计 -> 成功: 400 | 失败: 10 | 异常: 0 | 成功率: 97.6%
[2026-04-08 20:18:38] INFO     
-------------------- 第 411 轮 | 最大监听: 3.1s --------------------
[2026-04-08 20:18:38] INFO     继电器 ON (开始充电)
[2026-04-08 20:18:38] INFO     继电器执行 -> ON
[2026-04-08 20:18:40] INFO     捕获目标指令: voice_msgnum:9
[2026-04-08 20:18:40] INFO     状态维稳，保持闭合 3.0s
[2026-04-08 20:18:43] INFO     继电器 OFF (切断充电)
[2026-04-08 20:18:43] INFO     继电器执行 -> OFF
[2026-04-08 20:18:43] INFO     物理断电静置 3.0s
[2026-04-08 20:18:46] INFO     【结论】 [PASS] 成功关键字: voice_msgnum:9
[2026-04-08 20:18:46] INFO     统计 -> 成功: 401 | 失败: 10 | 异常: 0 | 成功率: 97.6%
[2026-04-08 20:18:46] INFO     
-------------------- 第 412 轮 | 最大监听: 3.6s --------------------
[2026-04-08 20:18:46] INFO     继电器 ON (开始充电)
[2026-04-08 20:18:46] INFO     继电器执行 -> ON
[2026-04-08 20:18:47] INFO     捕获目标指令: voice_msgnum:9
[2026-04-08 20:18:47] INFO     状态维稳，保持闭合 3.0s
[2026-04-08 20:18:50] INFO     继电器 OFF (切断充电)
[2026-04-08 20:18:50] INFO     继电器执行 -> OFF
[2026-04-08 20:18:50] INFO     物理断电静置 3.0s
[2026-04-08 20:18:53] INFO     【结论】 [PASS] 成功关键字: voice_msgnum:9
[2026-04-08 20:18:53] INFO     统计 -> 成功: 402 | 失败: 10 | 异常: 0 | 成功率: 97.6%
[2026-04-08 20:18:53] INFO     
-------------------- 第 413 轮 | 最大监听: 3.8s --------------------
[2026-04-08 20:18:53] INFO     继电器 ON (开始充电)
[2026-04-08 20:18:53] INFO     继电器执行 -> ON
[2026-04-08 20:18:55] INFO     捕获目标指令: voice_msgnum:9
[2026-04-08 20:18:55] INFO     状态维稳，保持闭合 3.0s
[2026-04-08 20:18:58] INFO     继电器 OFF (切断充电)
[2026-04-08 20:18:58] INFO     继电器执行 -> OFF
[2026-04-08 20:18:58] INFO     物理断电静置 3.0s
[2026-04-08 20:19:01] INFO     【结论】 [PASS] 成功关键字: voice_msgnum:9
[2026-04-08 20:19:01] INFO     统计 -> 成功: 403 | 失败: 10 | 异常: 0 | 成功率: 97.6%
[2026-04-08 20:19:01] INFO     
-------------------- 第 414 轮 | 最大监听: 3.2s --------------------
[2026-04-08 20:19:01] INFO     继电器 ON (开始充电)
[2026-04-08 20:19:01] INFO     继电器执行 -> ON
[2026-04-08 20:19:02] INFO     捕获目标指令: voice_msgnum:9
[2026-04-08 20:19:02] INFO     状态维稳，保持闭合 3.0s
[2026-04-08 20:19:05] INFO     继电器 OFF (切断充电)
[2026-04-08 20:19:05] INFO     继电器执行 -> OFF
[2026-04-08 20:19:05] INFO     物理断电静置 3.0s
[2026-04-08 20:19:08] INFO     【结论】 [PASS] 成功关键字: voice_msgnum:9
[2026-04-08 20:19:08] INFO     统计 -> 成功: 404 | 失败: 10 | 异常: 0 | 成功率: 97.6%
[2026-04-08 20:19:08] INFO     
-------------------- 第 415 轮 | 最大监听: 3.9s --------------------
[2026-04-08 20:19:08] INFO     继电器 ON (开始充电)
[2026-04-08 20:19:08] INFO     继电器执行 -> ON
[2026-04-08 20:19:10] INFO     捕获目标指令: voice_msgnum:9
[2026-04-08 20:19:10] INFO     状态维稳，保持闭合 3.0s
[2026-04-08 20:19:13] INFO     继电器 OFF (切断充电)
[2026-04-08 20:19:13] INFO     继电器执行 -> OFF
[2026-04-08 20:19:13] INFO     物理断电静置 3.0s
[2026-04-08 20:19:16] INFO     【结论】 [PASS] 成功关键字: voice_msgnum:9
[2026-04-08 20:19:16] INFO     统计 -> 成功: 405 | 失败: 10 | 异常: 0 | 成功率: 97.6%
[2026-04-08 20:19:16] INFO     
-------------------- 第 416 轮 | 最大监听: 3.3s --------------------
[2026-04-08 20:19:16] INFO     继电器 ON (开始充电)
[2026-04-08 20:19:16] INFO     继电器执行 -> ON
[2026-04-08 20:19:18] INFO     捕获目标指令: voice_msgnum:9
[2026-04-08 20:19:18] INFO     状态维稳，保持闭合 3.0s
[2026-04-08 20:19:21] INFO     继电器 OFF (切断充电)
[2026-04-08 20:19:21] INFO     继电器执行 -> OFF
[2026-04-08 20:19:21] INFO     物理断电静置 3.0s
[2026-04-08 20:19:24] INFO     【结论】 [PASS] 成功关键字: voice_msgnum:9
[2026-04-08 20:19:24] INFO     统计 -> 成功: 406 | 失败: 10 | 异常: 0 | 成功率: 97.6%
[2026-04-08 20:19:24] INFO     
-------------------- 第 417 轮 | 最大监听: 3.5s --------------------
[2026-04-08 20:19:24] INFO     继电器 ON (开始充电)
[2026-04-08 20:19:24] INFO     继电器执行 -> ON
[2026-04-08 20:19:25] INFO     捕获目标指令: voice_msgnum:9
[2026-04-08 20:19:25] INFO     状态维稳，保持闭合 3.0s
[2026-04-08 20:19:28] INFO     继电器 OFF (切断充电)
[2026-04-08 20:19:28] INFO     继电器执行 -> OFF
[2026-04-08 20:19:28] INFO     物理断电静置 3.0s
[2026-04-08 20:19:31] INFO     【结论】 [PASS] 成功关键字: voice_msgnum:9
[2026-04-08 20:19:31] INFO     统计 -> 成功: 407 | 失败: 10 | 异常: 0 | 成功率: 97.6%
[2026-04-08 20:19:31] INFO     
-------------------- 第 418 轮 | 最大监听: 3.0s --------------------
[2026-04-08 20:19:31] INFO     继电器 ON (开始充电)
[2026-04-08 20:19:31] INFO     继电器执行 -> ON
[2026-04-08 20:19:33] INFO     捕获目标指令: voice_msgnum:9
[2026-04-08 20:19:33] INFO     状态维稳，保持闭合 3.0s
[2026-04-08 20:19:36] INFO     继电器 OFF (切断充电)
[2026-04-08 20:19:36] INFO     继电器执行 -> OFF
[2026-04-08 20:19:36] INFO     物理断电静置 3.0s
[2026-04-08 20:19:39] INFO     【结论】 [PASS] 成功关键字: voice_msgnum:9
[2026-04-08 20:19:39] INFO     统计 -> 成功: 408 | 失败: 10 | 异常: 0 | 成功率: 97.6%
[2026-04-08 20:19:39] INFO     
-------------------- 第 419 轮 | 最大监听: 4.0s --------------------
[2026-04-08 20:19:39] INFO     继电器 ON (开始充电)
[2026-04-08 20:19:39] INFO     继电器执行 -> ON
[2026-04-08 20:19:40] INFO     捕获目标指令: voice_msgnum:9
[2026-04-08 20:19:40] INFO     状态维稳，保持闭合 3.0s
[2026-04-08 20:19:43] INFO     继电器 OFF (切断充电)
[2026-04-08 20:19:43] INFO     继电器执行 -> OFF
[2026-04-08 20:19:43] INFO     物理断电静置 3.0s
[2026-04-08 20:19:46] INFO     【结论】 [PASS] 成功关键字: voice_msgnum:9
[2026-04-08 20:19:46] INFO     统计 -> 成功: 409 | 失败: 10 | 异常: 0 | 成功率: 97.6%
[2026-04-08 20:19:46] INFO     
-------------------- 第 420 轮 | 最大监听: 3.2s --------------------
[2026-04-08 20:19:46] INFO     继电器 ON (开始充电)
[2026-04-08 20:19:46] INFO     继电器执行 -> ON
[2026-04-08 20:19:48] INFO     捕获目标指令: voice_msgnum:9
[2026-04-08 20:19:48] INFO     状态维稳，保持闭合 3.0s
[2026-04-08 20:19:51] INFO     继电器 OFF (切断充电)
[2026-04-08 20:19:51] INFO     继电器执行 -> OFF
[2026-04-08 20:19:51] INFO     物理断电静置 3.0s
[2026-04-08 20:19:54] INFO     【结论】 [PASS] 成功关键字: voice_msgnum:9
[2026-04-08 20:19:54] INFO     统计 -> 成功: 410 | 失败: 10 | 异常: 0 | 成功率: 97.6%
[2026-04-08 20:19:54] INFO     
-------------------- 第 421 轮 | 最大监听: 3.3s --------------------
[2026-04-08 20:19:54] INFO     继电器 ON (开始充电)
[2026-04-08 20:19:54] INFO     继电器执行 -> ON
[2026-04-08 20:19:56] INFO     捕获目标指令: voice_msgnum:9
[2026-04-08 20:19:56] INFO     状态维稳，保持闭合 3.0s
[2026-04-08 20:19:59] INFO     继电器 OFF (切断充电)
[2026-04-08 20:19:59] INFO     继电器执行 -> OFF
[2026-04-08 20:19:59] INFO     物理断电静置 3.0s
[2026-04-08 20:20:02] INFO     【结论】 [PASS] 成功关键字: voice_msgnum:9
[2026-04-08 20:20:02] INFO     统计 -> 成功: 411 | 失败: 10 | 异常: 0 | 成功率: 97.6%
[2026-04-08 20:20:02] INFO     
-------------------- 第 422 轮 | 最大监听: 3.3s --------------------
[2026-04-08 20:20:02] INFO     继电器 ON (开始充电)
[2026-04-08 20:20:02] INFO     继电器执行 -> ON
[2026-04-08 20:20:03] INFO     捕获目标指令: voice_msgnum:9
[2026-04-08 20:20:03] INFO     状态维稳，保持闭合 3.0s
[2026-04-08 20:20:06] INFO     继电器 OFF (切断充电)
[2026-04-08 20:20:06] INFO     继电器执行 -> OFF
[2026-04-08 20:20:06] INFO     物理断电静置 3.0s
[2026-04-08 20:20:09] INFO     【结论】 [PASS] 成功关键字: voice_msgnum:9
[2026-04-08 20:20:09] INFO     统计 -> 成功: 412 | 失败: 10 | 异常: 0 | 成功率: 97.6%
[2026-04-08 20:20:09] INFO     
-------------------- 第 423 轮 | 最大监听: 3.6s --------------------
[2026-04-08 20:20:09] INFO     继电器 ON (开始充电)
[2026-04-08 20:20:09] INFO     继电器执行 -> ON
[2026-04-08 20:20:11] INFO     捕获目标指令: voice_msgnum:9
[2026-04-08 20:20:11] INFO     状态维稳，保持闭合 3.0s
[2026-04-08 20:20:14] INFO     继电器 OFF (切断充电)
[2026-04-08 20:20:14] INFO     继电器执行 -> OFF
[2026-04-08 20:20:14] INFO     物理断电静置 3.0s
[2026-04-08 20:20:17] INFO     【结论】 [PASS] 成功关键字: voice_msgnum:9
[2026-04-08 20:20:17] INFO     统计 -> 成功: 413 | 失败: 10 | 异常: 0 | 成功率: 97.6%
[2026-04-08 20:20:17] INFO     
-------------------- 第 424 轮 | 最大监听: 3.3s --------------------
[2026-04-08 20:20:17] INFO     继电器 ON (开始充电)
[2026-04-08 20:20:17] INFO     继电器执行 -> ON
[2026-04-08 20:20:18] INFO     捕获目标指令: voice_msgnum:9
[2026-04-08 20:20:18] INFO     状态维稳，保持闭合 3.0s
[2026-04-08 20:20:21] INFO     继电器 OFF (切断充电)
[2026-04-08 20:20:21] INFO     继电器执行 -> OFF
[2026-04-08 20:20:21] INFO     物理断电静置 3.0s
[2026-04-08 20:20:24] INFO     【结论】 [PASS] 成功关键字: voice_msgnum:9
[2026-04-08 20:20:24] INFO     统计 -> 成功: 414 | 失败: 10 | 异常: 0 | 成功率: 97.6%
[2026-04-08 20:20:24] INFO     
-------------------- 第 425 轮 | 最大监听: 3.9s --------------------
[2026-04-08 20:20:24] INFO     继电器 ON (开始充电)
[2026-04-08 20:20:24] INFO     继电器执行 -> ON
[2026-04-08 20:20:26] INFO     捕获目标指令: voice_msgnum:9
[2026-04-08 20:20:26] INFO     状态维稳，保持闭合 3.0s
[2026-04-08 20:20:29] INFO     继电器 OFF (切断充电)
[2026-04-08 20:20:29] INFO     继电器执行 -> OFF
[2026-04-08 20:20:29] INFO     物理断电静置 3.0s
[2026-04-08 20:20:32] INFO     【结论】 [PASS] 成功关键字: voice_msgnum:9
[2026-04-08 20:20:32] INFO     统计 -> 成功: 415 | 失败: 10 | 异常: 0 | 成功率: 97.6%
[2026-04-08 20:20:32] INFO     
-------------------- 第 426 轮 | 最大监听: 3.0s --------------------
[2026-04-08 20:20:32] INFO     继电器 ON (开始充电)
[2026-04-08 20:20:32] INFO     继电器执行 -> ON
[2026-04-08 20:20:34] INFO     捕获目标指令: voice_msgnum:9
[2026-04-08 20:20:34] INFO     状态维稳，保持闭合 3.0s
[2026-04-08 20:20:37] INFO     继电器 OFF (切断充电)
[2026-04-08 20:20:37] INFO     继电器执行 -> OFF
[2026-04-08 20:20:37] INFO     物理断电静置 3.0s
[2026-04-08 20:20:40] INFO     【结论】 [PASS] 成功关键字: voice_msgnum:9
[2026-04-08 20:20:40] INFO     统计 -> 成功: 416 | 失败: 10 | 异常: 0 | 成功率: 97.7%
[2026-04-08 20:20:40] INFO     
-------------------- 第 427 轮 | 最大监听: 3.4s --------------------
[2026-04-08 20:20:40] INFO     继电器 ON (开始充电)
[2026-04-08 20:20:40] INFO     继电器执行 -> ON
[2026-04-08 20:20:41] INFO     捕获目标指令: voice_msgnum:9
[2026-04-08 20:20:41] INFO     状态维稳，保持闭合 3.0s
[2026-04-08 20:20:44] INFO     继电器 OFF (切断充电)
[2026-04-08 20:20:44] INFO     继电器执行 -> OFF
[2026-04-08 20:20:44] INFO     物理断电静置 3.0s
[2026-04-08 20:20:47] INFO     【结论】 [PASS] 成功关键字: voice_msgnum:9
[2026-04-08 20:20:47] INFO     统计 -> 成功: 417 | 失败: 10 | 异常: 0 | 成功率: 97.7%
[2026-04-08 20:20:47] INFO     
-------------------- 第 428 轮 | 最大监听: 3.5s --------------------
[2026-04-08 20:20:47] INFO     继电器 ON (开始充电)
[2026-04-08 20:20:47] INFO     继电器执行 -> ON
[2026-04-08 20:20:49] INFO     捕获目标指令: voice_msgnum:9
[2026-04-08 20:20:49] INFO     状态维稳，保持闭合 3.0s
[2026-04-08 20:20:52] INFO     继电器 OFF (切断充电)
[2026-04-08 20:20:52] INFO     继电器执行 -> OFF
[2026-04-08 20:20:52] INFO     物理断电静置 3.0s
[2026-04-08 20:20:55] INFO     【结论】 [PASS] 成功关键字: voice_msgnum:9
[2026-04-08 20:20:55] INFO     统计 -> 成功: 418 | 失败: 10 | 异常: 0 | 成功率: 97.7%
[2026-04-08 20:20:55] INFO     
-------------------- 第 429 轮 | 最大监听: 3.6s --------------------
[2026-04-08 20:20:55] INFO     继电器 ON (开始充电)
[2026-04-08 20:20:55] INFO     继电器执行 -> ON
[2026-04-08 20:20:56] INFO     捕获目标指令: voice_msgnum:9
[2026-04-08 20:20:56] INFO     状态维稳，保持闭合 3.0s
[2026-04-08 20:20:59] INFO     继电器 OFF (切断充电)
[2026-04-08 20:20:59] INFO     继电器执行 -> OFF
[2026-04-08 20:20:59] INFO     物理断电静置 3.0s
[2026-04-08 20:21:02] INFO     【结论】 [PASS] 成功关键字: voice_msgnum:9
[2026-04-08 20:21:02] INFO     统计 -> 成功: 419 | 失败: 10 | 异常: 0 | 成功率: 97.7%
[2026-04-08 20:21:02] INFO     
-------------------- 第 430 轮 | 最大监听: 3.8s --------------------
[2026-04-08 20:21:02] INFO     继电器 ON (开始充电)
[2026-04-08 20:21:02] INFO     继电器执行 -> ON
[2026-04-08 20:21:04] INFO     捕获目标指令: voice_msgnum:9
[2026-04-08 20:21:04] INFO     状态维稳，保持闭合 3.0s
[2026-04-08 20:21:07] INFO     继电器 OFF (切断充电)
[2026-04-08 20:21:07] INFO     继电器执行 -> OFF
[2026-04-08 20:21:07] INFO     物理断电静置 3.0s
[2026-04-08 20:21:10] INFO     【结论】 [PASS] 成功关键字: voice_msgnum:9
[2026-04-08 20:21:10] INFO     统计 -> 成功: 420 | 失败: 10 | 异常: 0 | 成功率: 97.7%
[2026-04-08 20:21:10] INFO     
-------------------- 第 431 轮 | 最大监听: 3.0s --------------------
[2026-04-08 20:21:10] INFO     继电器 ON (开始充电)
[2026-04-08 20:21:10] INFO     继电器执行 -> ON
[2026-04-08 20:21:12] INFO     捕获目标指令: voice_msgnum:9
[2026-04-08 20:21:12] INFO     状态维稳，保持闭合 3.0s
[2026-04-08 20:21:15] INFO     继电器 OFF (切断充电)
[2026-04-08 20:21:15] INFO     继电器执行 -> OFF
[2026-04-08 20:21:15] INFO     物理断电静置 3.0s
[2026-04-08 20:21:18] INFO     【结论】 [PASS] 成功关键字: voice_msgnum:9
[2026-04-08 20:21:18] INFO     统计 -> 成功: 421 | 失败: 10 | 异常: 0 | 成功率: 97.7%
[2026-04-08 20:21:18] INFO     
-------------------- 第 432 轮 | 最大监听: 3.2s --------------------
[2026-04-08 20:21:18] INFO     继电器 ON (开始充电)
[2026-04-08 20:21:18] INFO     继电器执行 -> ON
[2026-04-08 20:21:19] INFO     捕获目标指令: voice_msgnum:9
[2026-04-08 20:21:19] INFO     状态维稳，保持闭合 3.0s
[2026-04-08 20:21:22] INFO     继电器 OFF (切断充电)
[2026-04-08 20:21:22] INFO     继电器执行 -> OFF
[2026-04-08 20:21:22] INFO     物理断电静置 3.0s
[2026-04-08 20:21:25] INFO     【结论】 [PASS] 成功关键字: voice_msgnum:9
[2026-04-08 20:21:25] INFO     统计 -> 成功: 422 | 失败: 10 | 异常: 0 | 成功率: 97.7%
[2026-04-08 20:21:25] INFO     
-------------------- 第 433 轮 | 最大监听: 3.9s --------------------
[2026-04-08 20:21:25] INFO     继电器 ON (开始充电)
[2026-04-08 20:21:25] INFO     继电器执行 -> ON
[2026-04-08 20:21:27] INFO     捕获目标指令: voice_msgnum:9
[2026-04-08 20:21:27] INFO     状态维稳，保持闭合 3.0s
[2026-04-08 20:21:30] INFO     继电器 OFF (切断充电)
[2026-04-08 20:21:30] INFO     继电器执行 -> OFF
[2026-04-08 20:21:30] INFO     物理断电静置 3.0s
[2026-04-08 20:21:33] INFO     【结论】 [PASS] 成功关键字: voice_msgnum:9
[2026-04-08 20:21:33] INFO     统计 -> 成功: 423 | 失败: 10 | 异常: 0 | 成功率: 97.7%
[2026-04-08 20:21:33] INFO     
-------------------- 第 434 轮 | 最大监听: 3.5s --------------------
[2026-04-08 20:21:33] INFO     继电器 ON (开始充电)
[2026-04-08 20:21:33] INFO     继电器执行 -> ON
[2026-04-08 20:21:34] INFO     捕获目标指令: voice_msgnum:9
[2026-04-08 20:21:34] INFO     状态维稳，保持闭合 3.0s
[2026-04-08 20:21:37] INFO     继电器 OFF (切断充电)
[2026-04-08 20:21:37] INFO     继电器执行 -> OFF
[2026-04-08 20:21:37] INFO     物理断电静置 3.0s
[2026-04-08 20:21:40] INFO     【结论】 [PASS] 成功关键字: voice_msgnum:9
[2026-04-08 20:21:40] INFO     统计 -> 成功: 424 | 失败: 10 | 异常: 0 | 成功率: 97.7%
[2026-04-08 20:21:40] INFO     
-------------------- 第 435 轮 | 最大监听: 3.0s --------------------
[2026-04-08 20:21:40] INFO     继电器 ON (开始充电)
[2026-04-08 20:21:40] INFO     继电器执行 -> ON
[2026-04-08 20:21:42] INFO     捕获目标指令: voice_msgnum:9
[2026-04-08 20:21:42] INFO     状态维稳，保持闭合 3.0s
[2026-04-08 20:21:45] INFO     继电器 OFF (切断充电)
[2026-04-08 20:21:45] INFO     继电器执行 -> OFF
[2026-04-08 20:21:45] INFO     物理断电静置 3.0s
[2026-04-08 20:21:48] INFO     【结论】 [PASS] 成功关键字: voice_msgnum:9
[2026-04-08 20:21:48] INFO     统计 -> 成功: 425 | 失败: 10 | 异常: 0 | 成功率: 97.7%
[2026-04-08 20:21:48] INFO     
-------------------- 第 436 轮 | 最大监听: 3.9s --------------------
[2026-04-08 20:21:48] INFO     继电器 ON (开始充电)
[2026-04-08 20:21:48] INFO     继电器执行 -> ON
[2026-04-08 20:21:50] INFO     捕获目标指令: voice_msgnum:9
[2026-04-08 20:21:50] INFO     状态维稳，保持闭合 3.0s
[2026-04-08 20:21:53] INFO     继电器 OFF (切断充电)
[2026-04-08 20:21:53] INFO     继电器执行 -> OFF
[2026-04-08 20:21:53] INFO     物理断电静置 3.0s
[2026-04-08 20:21:56] INFO     【结论】 [PASS] 成功关键字: voice_msgnum:9
[2026-04-08 20:21:56] INFO     统计 -> 成功: 426 | 失败: 10 | 异常: 0 | 成功率: 97.7%
[2026-04-08 20:21:56] INFO     
-------------------- 第 437 轮 | 最大监听: 3.5s --------------------
[2026-04-08 20:21:56] INFO     继电器 ON (开始充电)
[2026-04-08 20:21:56] INFO     继电器执行 -> ON
[2026-04-08 20:21:57] INFO     捕获目标指令: voice_msgnum:9
[2026-04-08 20:21:57] INFO     状态维稳，保持闭合 3.0s
[2026-04-08 20:22:00] INFO     继电器 OFF (切断充电)
[2026-04-08 20:22:00] INFO     继电器执行 -> OFF
[2026-04-08 20:22:00] INFO     物理断电静置 3.0s
[2026-04-08 20:22:03] INFO     【结论】 [PASS] 成功关键字: voice_msgnum:9
[2026-04-08 20:22:03] INFO     统计 -> 成功: 427 | 失败: 10 | 异常: 0 | 成功率: 97.7%
[2026-04-08 20:22:03] INFO     
-------------------- 第 438 轮 | 最大监听: 3.5s --------------------
[2026-04-08 20:22:03] INFO     继电器 ON (开始充电)
[2026-04-08 20:22:03] INFO     继电器执行 -> ON
[2026-04-08 20:22:05] INFO     捕获目标指令: voice_msgnum:9
[2026-04-08 20:22:05] INFO     状态维稳，保持闭合 3.0s
[2026-04-08 20:22:08] INFO     继电器 OFF (切断充电)
[2026-04-08 20:22:08] INFO     继电器执行 -> OFF
[2026-04-08 20:22:08] INFO     物理断电静置 3.0s
[2026-04-08 20:22:11] INFO     【结论】 [PASS] 成功关键字: voice_msgnum:9
[2026-04-08 20:22:11] INFO     统计 -> 成功: 428 | 失败: 10 | 异常: 0 | 成功率: 97.7%
[2026-04-08 20:22:11] INFO     
-------------------- 第 439 轮 | 最大监听: 4.0s --------------------
[2026-04-08 20:22:11] INFO     继电器 ON (开始充电)
[2026-04-08 20:22:11] INFO     继电器执行 -> ON
[2026-04-08 20:22:12] INFO     捕获目标指令: voice_msgnum:9
[2026-04-08 20:22:12] INFO     状态维稳，保持闭合 3.0s
[2026-04-08 20:22:15] INFO     继电器 OFF (切断充电)
[2026-04-08 20:22:15] INFO     继电器执行 -> OFF
[2026-04-08 20:22:15] INFO     物理断电静置 3.0s
[2026-04-08 20:22:18] INFO     【结论】 [PASS] 成功关键字: voice_msgnum:9
[2026-04-08 20:22:18] INFO     统计 -> 成功: 429 | 失败: 10 | 异常: 0 | 成功率: 97.7%
[2026-04-08 20:22:18] INFO     
-------------------- 第 440 轮 | 最大监听: 3.3s --------------------
[2026-04-08 20:22:18] INFO     继电器 ON (开始充电)
[2026-04-08 20:22:18] INFO     继电器执行 -> ON
[2026-04-08 20:22:20] INFO     捕获目标指令: voice_msgnum:9
[2026-04-08 20:22:20] INFO     状态维稳，保持闭合 3.0s
[2026-04-08 20:22:23] INFO     继电器 OFF (切断充电)
[2026-04-08 20:22:23] INFO     继电器执行 -> OFF
[2026-04-08 20:22:23] INFO     物理断电静置 3.0s
[2026-04-08 20:22:26] INFO     【结论】 [PASS] 成功关键字: voice_msgnum:9
[2026-04-08 20:22:26] INFO     统计 -> 成功: 430 | 失败: 10 | 异常: 0 | 成功率: 97.7%
[2026-04-08 20:22:26] INFO     
-------------------- 第 441 轮 | 最大监听: 3.0s --------------------
[2026-04-08 20:22:26] INFO     继电器 ON (开始充电)
[2026-04-08 20:22:26] INFO     继电器执行 -> ON
[2026-04-08 20:22:28] INFO     捕获目标指令: voice_msgnum:9
[2026-04-08 20:22:28] INFO     状态维稳，保持闭合 3.0s
[2026-04-08 20:22:31] INFO     继电器 OFF (切断充电)
[2026-04-08 20:22:31] INFO     继电器执行 -> OFF
[2026-04-08 20:22:31] INFO     物理断电静置 3.0s
[2026-04-08 20:22:34] INFO     【结论】 [PASS] 成功关键字: voice_msgnum:9
[2026-04-08 20:22:34] INFO     统计 -> 成功: 431 | 失败: 10 | 异常: 0 | 成功率: 97.7%
[2026-04-08 20:22:34] INFO     
-------------------- 第 442 轮 | 最大监听: 3.5s --------------------
[2026-04-08 20:22:34] INFO     继电器 ON (开始充电)
[2026-04-08 20:22:34] INFO     继电器执行 -> ON
[2026-04-08 20:22:35] INFO     捕获目标指令: voice_msgnum:9
[2026-04-08 20:22:35] INFO     状态维稳，保持闭合 3.0s
[2026-04-08 20:22:38] INFO     继电器 OFF (切断充电)
[2026-04-08 20:22:38] INFO     继电器执行 -> OFF
[2026-04-08 20:22:38] INFO     物理断电静置 3.0s
[2026-04-08 20:22:41] INFO     【结论】 [PASS] 成功关键字: voice_msgnum:9
[2026-04-08 20:22:41] INFO     统计 -> 成功: 432 | 失败: 10 | 异常: 0 | 成功率: 97.7%
[2026-04-08 20:22:41] INFO     
-------------------- 第 443 轮 | 最大监听: 3.3s --------------------
[2026-04-08 20:22:41] INFO     继电器 ON (开始充电)
[2026-04-08 20:22:41] INFO     继电器执行 -> ON
[2026-04-08 20:22:43] INFO     捕获目标指令: voice_msgnum:9
[2026-04-08 20:22:43] INFO     状态维稳，保持闭合 3.0s
[2026-04-08 20:22:46] INFO     继电器 OFF (切断充电)
[2026-04-08 20:22:46] INFO     继电器执行 -> OFF
[2026-04-08 20:22:46] INFO     物理断电静置 3.0s
[2026-04-08 20:22:49] INFO     【结论】 [PASS] 成功关键字: voice_msgnum:9
[2026-04-08 20:22:49] INFO     统计 -> 成功: 433 | 失败: 10 | 异常: 0 | 成功率: 97.7%
[2026-04-08 20:22:49] INFO     
-------------------- 第 444 轮 | 最大监听: 3.5s --------------------
[2026-04-08 20:22:49] INFO     继电器 ON (开始充电)
[2026-04-08 20:22:49] INFO     继电器执行 -> ON
[2026-04-08 20:22:50] INFO     捕获目标指令: voice_msgnum:9
[2026-04-08 20:22:50] INFO     状态维稳，保持闭合 3.0s
[2026-04-08 20:22:53] INFO     继电器 OFF (切断充电)
[2026-04-08 20:22:53] INFO     继电器执行 -> OFF
[2026-04-08 20:22:53] INFO     物理断电静置 3.0s
[2026-04-08 20:22:56] INFO     【结论】 [PASS] 成功关键字: voice_msgnum:9
[2026-04-08 20:22:56] INFO     统计 -> 成功: 434 | 失败: 10 | 异常: 0 | 成功率: 97.7%
[2026-04-08 20:22:56] INFO     
-------------------- 第 445 轮 | 最大监听: 3.4s --------------------
[2026-04-08 20:22:56] INFO     继电器 ON (开始充电)
[2026-04-08 20:22:56] INFO     继电器执行 -> ON
[2026-04-08 20:22:58] INFO     捕获目标指令: voice_msgnum:9
[2026-04-08 20:22:58] INFO     状态维稳，保持闭合 3.0s
[2026-04-08 20:23:01] INFO     继电器 OFF (切断充电)
[2026-04-08 20:23:01] INFO     继电器执行 -> OFF
[2026-04-08 20:23:01] INFO     物理断电静置 3.0s
[2026-04-08 20:23:04] INFO     【结论】 [PASS] 成功关键字: voice_msgnum:9
[2026-04-08 20:23:04] INFO     统计 -> 成功: 435 | 失败: 10 | 异常: 0 | 成功率: 97.8%
[2026-04-08 20:23:04] INFO     
-------------------- 第 446 轮 | 最大监听: 3.2s --------------------
[2026-04-08 20:23:04] INFO     继电器 ON (开始充电)
[2026-04-08 20:23:04] INFO     继电器执行 -> ON
[2026-04-08 20:23:06] INFO     捕获目标指令: voice_msgnum:9
[2026-04-08 20:23:06] INFO     状态维稳，保持闭合 3.0s
[2026-04-08 20:23:09] INFO     继电器 OFF (切断充电)
[2026-04-08 20:23:09] INFO     继电器执行 -> OFF
[2026-04-08 20:23:09] INFO     物理断电静置 3.0s
[2026-04-08 20:23:12] INFO     【结论】 [PASS] 成功关键字: voice_msgnum:9
[2026-04-08 20:23:12] INFO     统计 -> 成功: 436 | 失败: 10 | 异常: 0 | 成功率: 97.8%
[2026-04-08 20:23:12] INFO     
-------------------- 第 447 轮 | 最大监听: 3.6s --------------------
[2026-04-08 20:23:12] INFO     继电器 ON (开始充电)
[2026-04-08 20:23:12] INFO     继电器执行 -> ON
[2026-04-08 20:23:13] INFO     捕获目标指令: voice_msgnum:9
[2026-04-08 20:23:13] INFO     状态维稳，保持闭合 3.0s
[2026-04-08 20:23:16] INFO     继电器 OFF (切断充电)
[2026-04-08 20:23:16] INFO     继电器执行 -> OFF
[2026-04-08 20:23:16] INFO     物理断电静置 3.0s
[2026-04-08 20:23:19] INFO     【结论】 [PASS] 成功关键字: voice_msgnum:9
[2026-04-08 20:23:19] INFO     统计 -> 成功: 437 | 失败: 10 | 异常: 0 | 成功率: 97.8%
[2026-04-08 20:23:19] INFO     
-------------------- 第 448 轮 | 最大监听: 3.5s --------------------
[2026-04-08 20:23:19] INFO     继电器 ON (开始充电)
[2026-04-08 20:23:19] INFO     继电器执行 -> ON
[2026-04-08 20:23:21] INFO     捕获目标指令: voice_msgnum:9
[2026-04-08 20:23:21] INFO     状态维稳，保持闭合 3.0s
[2026-04-08 20:23:24] INFO     继电器 OFF (切断充电)
[2026-04-08 20:23:24] INFO     继电器执行 -> OFF
[2026-04-08 20:23:24] INFO     物理断电静置 3.0s
[2026-04-08 20:23:27] INFO     【结论】 [PASS] 成功关键字: voice_msgnum:9
[2026-04-08 20:23:27] INFO     统计 -> 成功: 438 | 失败: 10 | 异常: 0 | 成功率: 97.8%
[2026-04-08 20:23:27] INFO     
-------------------- 第 449 轮 | 最大监听: 3.5s --------------------
[2026-04-08 20:23:27] INFO     继电器 ON (开始充电)
[2026-04-08 20:23:27] INFO     继电器执行 -> ON
[2026-04-08 20:23:28] INFO     捕获目标指令: voice_msgnum:9
[2026-04-08 20:23:28] INFO     状态维稳，保持闭合 3.0s
[2026-04-08 20:23:31] INFO     继电器 OFF (切断充电)
[2026-04-08 20:23:31] INFO     继电器执行 -> OFF
[2026-04-08 20:23:31] INFO     物理断电静置 3.0s
[2026-04-08 20:23:34] INFO     【结论】 [PASS] 成功关键字: voice_msgnum:9
[2026-04-08 20:23:34] INFO     统计 -> 成功: 439 | 失败: 10 | 异常: 0 | 成功率: 97.8%
[2026-04-08 20:23:34] INFO     
-------------------- 第 450 轮 | 最大监听: 3.7s --------------------
[2026-04-08 20:23:34] INFO     继电器 ON (开始充电)
[2026-04-08 20:23:34] INFO     继电器执行 -> ON
[2026-04-08 20:23:36] INFO     捕获目标指令: voice_msgnum:9
[2026-04-08 20:23:36] INFO     状态维稳，保持闭合 3.0s
[2026-04-08 20:23:39] INFO     继电器 OFF (切断充电)
[2026-04-08 20:23:39] INFO     继电器执行 -> OFF
[2026-04-08 20:23:39] INFO     物理断电静置 3.0s
[2026-04-08 20:23:42] INFO     【结论】 [PASS] 成功关键字: voice_msgnum:9
[2026-04-08 20:23:42] INFO     统计 -> 成功: 440 | 失败: 10 | 异常: 0 | 成功率: 97.8%
[2026-04-08 20:23:42] INFO     
-------------------- 第 451 轮 | 最大监听: 3.5s --------------------
[2026-04-08 20:23:42] INFO     继电器 ON (开始充电)
[2026-04-08 20:23:42] INFO     继电器执行 -> ON
[2026-04-08 20:23:44] INFO     捕获目标指令: voice_msgnum:9
[2026-04-08 20:23:44] INFO     状态维稳，保持闭合 3.0s
[2026-04-08 20:23:47] INFO     继电器 OFF (切断充电)
[2026-04-08 20:23:47] INFO     继电器执行 -> OFF
[2026-04-08 20:23:47] INFO     物理断电静置 3.0s
[2026-04-08 20:23:50] INFO     【结论】 [PASS] 成功关键字: voice_msgnum:9
[2026-04-08 20:23:50] INFO     统计 -> 成功: 441 | 失败: 10 | 异常: 0 | 成功率: 97.8%
[2026-04-08 20:23:50] INFO     
-------------------- 第 452 轮 | 最大监听: 3.0s --------------------
[2026-04-08 20:23:50] INFO     继电器 ON (开始充电)
[2026-04-08 20:23:50] INFO     继电器执行 -> ON
[2026-04-08 20:23:51] INFO     捕获目标指令: voice_msgnum:9
[2026-04-08 20:23:51] INFO     状态维稳，保持闭合 3.0s
[2026-04-08 20:23:54] INFO     继电器 OFF (切断充电)
[2026-04-08 20:23:54] INFO     继电器执行 -> OFF
[2026-04-08 20:23:54] INFO     物理断电静置 3.0s
[2026-04-08 20:23:57] INFO     【结论】 [PASS] 成功关键字: voice_msgnum:9
[2026-04-08 20:23:57] INFO     统计 -> 成功: 442 | 失败: 10 | 异常: 0 | 成功率: 97.8%
[2026-04-08 20:23:57] INFO     
-------------------- 第 453 轮 | 最大监听: 3.6s --------------------
[2026-04-08 20:23:57] INFO     继电器 ON (开始充电)
[2026-04-08 20:23:57] INFO     继电器执行 -> ON
[2026-04-08 20:23:59] INFO     捕获目标指令: voice_msgnum:9
[2026-04-08 20:23:59] INFO     状态维稳，保持闭合 3.0s
[2026-04-08 20:24:02] INFO     继电器 OFF (切断充电)
[2026-04-08 20:24:02] INFO     继电器执行 -> OFF
[2026-04-08 20:24:02] INFO     物理断电静置 3.0s
[2026-04-08 20:24:05] INFO     【结论】 [PASS] 成功关键字: voice_msgnum:9
[2026-04-08 20:24:05] INFO     统计 -> 成功: 443 | 失败: 10 | 异常: 0 | 成功率: 97.8%
[2026-04-08 20:24:05] INFO     
-------------------- 第 454 轮 | 最大监听: 3.4s --------------------
[2026-04-08 20:24:05] INFO     继电器 ON (开始充电)
[2026-04-08 20:24:05] INFO     继电器执行 -> ON
[2026-04-08 20:24:06] INFO     捕获目标指令: voice_msgnum:9
[2026-04-08 20:24:06] INFO     状态维稳，保持闭合 3.0s
[2026-04-08 20:24:09] INFO     继电器 OFF (切断充电)
[2026-04-08 20:24:09] INFO     继电器执行 -> OFF
[2026-04-08 20:24:09] INFO     物理断电静置 3.0s
[2026-04-08 20:24:12] INFO     【结论】 [PASS] 成功关键字: voice_msgnum:9
[2026-04-08 20:24:12] INFO     统计 -> 成功: 444 | 失败: 10 | 异常: 0 | 成功率: 97.8%
[2026-04-08 20:24:12] INFO     
-------------------- 第 455 轮 | 最大监听: 3.0s --------------------
[2026-04-08 20:24:12] INFO     继电器 ON (开始充电)
[2026-04-08 20:24:12] INFO     继电器执行 -> ON
[2026-04-08 20:24:14] INFO     捕获目标指令: voice_msgnum:9
[2026-04-08 20:24:14] INFO     状态维稳，保持闭合 3.0s
[2026-04-08 20:24:17] INFO     继电器 OFF (切断充电)
[2026-04-08 20:24:17] INFO     继电器执行 -> OFF
[2026-04-08 20:24:17] INFO     物理断电静置 3.0s
[2026-04-08 20:24:20] INFO     【结论】 [PASS] 成功关键字: voice_msgnum:9
[2026-04-08 20:24:20] INFO     统计 -> 成功: 445 | 失败: 10 | 异常: 0 | 成功率: 97.8%
[2026-04-08 20:24:20] INFO     
-------------------- 第 456 轮 | 最大监听: 3.8s --------------------
[2026-04-08 20:24:20] INFO     继电器 ON (开始充电)
[2026-04-08 20:24:20] INFO     继电器执行 -> ON
[2026-04-08 20:24:22] INFO     捕获目标指令: voice_msgnum:9
[2026-04-08 20:24:22] INFO     状态维稳，保持闭合 3.0s
[2026-04-08 20:24:25] INFO     继电器 OFF (切断充电)
[2026-04-08 20:24:25] INFO     继电器执行 -> OFF
[2026-04-08 20:24:25] INFO     物理断电静置 3.0s
[2026-04-08 20:24:28] INFO     【结论】 [PASS] 成功关键字: voice_msgnum:9
[2026-04-08 20:24:28] INFO     统计 -> 成功: 446 | 失败: 10 | 异常: 0 | 成功率: 97.8%
[2026-04-08 20:24:28] INFO     
-------------------- 第 457 轮 | 最大监听: 3.7s --------------------
[2026-04-08 20:24:28] INFO     继电器 ON (开始充电)
[2026-04-08 20:24:28] INFO     继电器执行 -> ON
[2026-04-08 20:24:29] INFO     捕获目标指令: voice_msgnum:9
[2026-04-08 20:24:29] INFO     状态维稳，保持闭合 3.0s
[2026-04-08 20:24:32] INFO     继电器 OFF (切断充电)
[2026-04-08 20:24:32] INFO     继电器执行 -> OFF
[2026-04-08 20:24:32] INFO     物理断电静置 3.0s
[2026-04-08 20:24:35] INFO     【结论】 [PASS] 成功关键字: voice_msgnum:9
[2026-04-08 20:24:35] INFO     统计 -> 成功: 447 | 失败: 10 | 异常: 0 | 成功率: 97.8%
[2026-04-08 20:24:35] INFO     
-------------------- 第 458 轮 | 最大监听: 3.3s --------------------
[2026-04-08 20:24:35] INFO     继电器 ON (开始充电)
[2026-04-08 20:24:35] INFO     继电器执行 -> ON
[2026-04-08 20:24:37] INFO     捕获目标指令: voice_msgnum:9
[2026-04-08 20:24:37] INFO     状态维稳，保持闭合 3.0s
[2026-04-08 20:24:40] INFO     继电器 OFF (切断充电)
[2026-04-08 20:24:40] INFO     继电器执行 -> OFF
[2026-04-08 20:24:40] INFO     物理断电静置 3.0s
[2026-04-08 20:24:43] INFO     【结论】 [PASS] 成功关键字: voice_msgnum:9
[2026-04-08 20:24:43] INFO     统计 -> 成功: 448 | 失败: 10 | 异常: 0 | 成功率: 97.8%
[2026-04-08 20:24:43] INFO     
-------------------- 第 459 轮 | 最大监听: 3.2s --------------------
[2026-04-08 20:24:43] INFO     继电器 ON (开始充电)
[2026-04-08 20:24:43] INFO     继电器执行 -> ON
[2026-04-08 20:24:44] INFO     捕获目标指令: voice_msgnum:9
[2026-04-08 20:24:44] INFO     状态维稳，保持闭合 3.0s
[2026-04-08 20:24:47] INFO     继电器 OFF (切断充电)
[2026-04-08 20:24:47] INFO     继电器执行 -> OFF
[2026-04-08 20:24:47] INFO     物理断电静置 3.0s
[2026-04-08 20:24:50] INFO     【结论】 [PASS] 成功关键字: voice_msgnum:9
[2026-04-08 20:24:50] INFO     统计 -> 成功: 449 | 失败: 10 | 异常: 0 | 成功率: 97.8%
[2026-04-08 20:24:50] INFO     
-------------------- 第 460 轮 | 最大监听: 3.9s --------------------
[2026-04-08 20:24:50] INFO     继电器 ON (开始充电)
[2026-04-08 20:24:50] INFO     继电器执行 -> ON
[2026-04-08 20:24:52] INFO     捕获目标指令: voice_msgnum:9
[2026-04-08 20:24:52] INFO     状态维稳，保持闭合 3.0s
[2026-04-08 20:24:55] INFO     继电器 OFF (切断充电)
[2026-04-08 20:24:55] INFO     继电器执行 -> OFF
[2026-04-08 20:24:55] INFO     物理断电静置 3.0s
[2026-04-08 20:24:58] INFO     【结论】 [PASS] 成功关键字: voice_msgnum:9
[2026-04-08 20:24:58] INFO     统计 -> 成功: 450 | 失败: 10 | 异常: 0 | 成功率: 97.8%
[2026-04-08 20:24:58] INFO     
-------------------- 第 461 轮 | 最大监听: 3.8s --------------------
[2026-04-08 20:24:58] INFO     继电器 ON (开始充电)
[2026-04-08 20:24:58] INFO     继电器执行 -> ON
[2026-04-08 20:25:00] INFO     捕获目标指令: voice_msgnum:9
[2026-04-08 20:25:00] INFO     状态维稳，保持闭合 3.0s
[2026-04-08 20:25:03] INFO     继电器 OFF (切断充电)
[2026-04-08 20:25:03] INFO     继电器执行 -> OFF
[2026-04-08 20:25:03] INFO     物理断电静置 3.0s
[2026-04-08 20:25:06] INFO     【结论】 [PASS] 成功关键字: voice_msgnum:9
[2026-04-08 20:25:06] INFO     统计 -> 成功: 451 | 失败: 10 | 异常: 0 | 成功率: 97.8%
[2026-04-08 20:25:06] INFO     
-------------------- 第 462 轮 | 最大监听: 3.3s --------------------
[2026-04-08 20:25:06] INFO     继电器 ON (开始充电)
[2026-04-08 20:25:06] INFO     继电器执行 -> ON
[2026-04-08 20:25:07] INFO     捕获目标指令: voice_msgnum:9
[2026-04-08 20:25:07] INFO     状态维稳，保持闭合 3.0s
[2026-04-08 20:25:10] INFO     继电器 OFF (切断充电)
[2026-04-08 20:25:10] INFO     继电器执行 -> OFF
[2026-04-08 20:25:10] INFO     物理断电静置 3.0s
[2026-04-08 20:25:13] INFO     【结论】 [PASS] 成功关键字: voice_msgnum:9
[2026-04-08 20:25:13] INFO     统计 -> 成功: 452 | 失败: 10 | 异常: 0 | 成功率: 97.8%
[2026-04-08 20:25:13] INFO     
-------------------- 第 463 轮 | 最大监听: 3.3s --------------------
[2026-04-08 20:25:13] INFO     继电器 ON (开始充电)
[2026-04-08 20:25:13] INFO     继电器执行 -> ON
[2026-04-08 20:25:15] INFO     捕获目标指令: voice_msgnum:9
[2026-04-08 20:25:15] INFO     状态维稳，保持闭合 3.0s
[2026-04-08 20:25:18] INFO     继电器 OFF (切断充电)
[2026-04-08 20:25:18] INFO     继电器执行 -> OFF
[2026-04-08 20:25:18] INFO     物理断电静置 3.0s
[2026-04-08 20:25:21] INFO     【结论】 [PASS] 成功关键字: voice_msgnum:9
[2026-04-08 20:25:21] INFO     统计 -> 成功: 453 | 失败: 10 | 异常: 0 | 成功率: 97.8%
[2026-04-08 20:25:21] INFO     
-------------------- 第 464 轮 | 最大监听: 3.8s --------------------
[2026-04-08 20:25:21] INFO     继电器 ON (开始充电)
[2026-04-08 20:25:21] INFO     继电器执行 -> ON
[2026-04-08 20:25:22] INFO     捕获目标指令: voice_msgnum:9
[2026-04-08 20:25:22] INFO     状态维稳，保持闭合 3.0s
[2026-04-08 20:25:25] INFO     继电器 OFF (切断充电)
[2026-04-08 20:25:25] INFO     继电器执行 -> OFF
[2026-04-08 20:25:25] INFO     物理断电静置 3.0s
[2026-04-08 20:25:28] INFO     【结论】 [PASS] 成功关键字: voice_msgnum:9
[2026-04-08 20:25:28] INFO     统计 -> 成功: 454 | 失败: 10 | 异常: 0 | 成功率: 97.8%
[2026-04-08 20:25:28] INFO     
-------------------- 第 465 轮 | 最大监听: 3.6s --------------------
[2026-04-08 20:25:28] INFO     继电器 ON (开始充电)
[2026-04-08 20:25:28] INFO     继电器执行 -> ON
[2026-04-08 20:25:30] INFO     捕获目标指令: voice_msgnum:9
[2026-04-08 20:25:30] INFO     状态维稳，保持闭合 3.0s
[2026-04-08 20:25:33] INFO     继电器 OFF (切断充电)
[2026-04-08 20:25:33] INFO     继电器执行 -> OFF
[2026-04-08 20:25:33] INFO     物理断电静置 3.0s
[2026-04-08 20:25:36] INFO     【结论】 [PASS] 成功关键字: voice_msgnum:9
[2026-04-08 20:25:36] INFO     统计 -> 成功: 455 | 失败: 10 | 异常: 0 | 成功率: 97.8%
[2026-04-08 20:25:36] INFO     
-------------------- 第 466 轮 | 最大监听: 3.2s --------------------
[2026-04-08 20:25:36] INFO     继电器 ON (开始充电)
[2026-04-08 20:25:36] INFO     继电器执行 -> ON
[2026-04-08 20:25:38] INFO     捕获目标指令: voice_msgnum:9
[2026-04-08 20:25:38] INFO     状态维稳，保持闭合 3.0s
[2026-04-08 20:25:41] INFO     继电器 OFF (切断充电)
[2026-04-08 20:25:41] INFO     继电器执行 -> OFF
[2026-04-08 20:25:41] INFO     物理断电静置 3.0s
[2026-04-08 20:25:44] INFO     【结论】 [PASS] 成功关键字: voice_msgnum:9
[2026-04-08 20:25:44] INFO     统计 -> 成功: 456 | 失败: 10 | 异常: 0 | 成功率: 97.9%
[2026-04-08 20:25:44] INFO     
-------------------- 第 467 轮 | 最大监听: 3.3s --------------------
[2026-04-08 20:25:44] INFO     继电器 ON (开始充电)
[2026-04-08 20:25:44] INFO     继电器执行 -> ON
[2026-04-08 20:25:45] INFO     捕获目标指令: voice_msgnum:9
[2026-04-08 20:25:45] INFO     状态维稳，保持闭合 3.0s
[2026-04-08 20:25:48] INFO     继电器 OFF (切断充电)
[2026-04-08 20:25:48] INFO     继电器执行 -> OFF
[2026-04-08 20:25:48] INFO     物理断电静置 3.0s
[2026-04-08 20:25:51] INFO     【结论】 [PASS] 成功关键字: voice_msgnum:9
[2026-04-08 20:25:51] INFO     统计 -> 成功: 457 | 失败: 10 | 异常: 0 | 成功率: 97.9%
[2026-04-08 20:25:51] INFO     
-------------------- 第 468 轮 | 最大监听: 3.5s --------------------
[2026-04-08 20:25:51] INFO     继电器 ON (开始充电)
[2026-04-08 20:25:51] INFO     继电器执行 -> ON
[2026-04-08 20:25:53] INFO     捕获目标指令: voice_msgnum:9
[2026-04-08 20:25:53] INFO     状态维稳，保持闭合 3.0s
[2026-04-08 20:25:56] INFO     继电器 OFF (切断充电)
[2026-04-08 20:25:56] INFO     继电器执行 -> OFF
[2026-04-08 20:25:56] INFO     物理断电静置 3.0s
[2026-04-08 20:25:59] INFO     【结论】 [PASS] 成功关键字: voice_msgnum:9
[2026-04-08 20:25:59] INFO     统计 -> 成功: 458 | 失败: 10 | 异常: 0 | 成功率: 97.9%
[2026-04-08 20:25:59] INFO     
-------------------- 第 469 轮 | 最大监听: 3.9s --------------------
[2026-04-08 20:25:59] INFO     继电器 ON (开始充电)
[2026-04-08 20:25:59] INFO     继电器执行 -> ON
[2026-04-08 20:26:00] INFO     捕获目标指令: voice_msgnum:9
[2026-04-08 20:26:00] INFO     状态维稳，保持闭合 3.0s
[2026-04-08 20:26:03] INFO     继电器 OFF (切断充电)
[2026-04-08 20:26:03] INFO     继电器执行 -> OFF
[2026-04-08 20:26:03] INFO     物理断电静置 3.0s
[2026-04-08 20:26:06] INFO     【结论】 [PASS] 成功关键字: voice_msgnum:9
[2026-04-08 20:26:06] INFO     统计 -> 成功: 459 | 失败: 10 | 异常: 0 | 成功率: 97.9%
[2026-04-08 20:26:06] INFO     
-------------------- 第 470 轮 | 最大监听: 3.3s --------------------
[2026-04-08 20:26:06] INFO     继电器 ON (开始充电)
[2026-04-08 20:26:06] INFO     继电器执行 -> ON
[2026-04-08 20:26:08] INFO     捕获目标指令: voice_msgnum:9
[2026-04-08 20:26:08] INFO     状态维稳，保持闭合 3.0s
[2026-04-08 20:26:11] INFO     继电器 OFF (切断充电)
[2026-04-08 20:26:11] INFO     继电器执行 -> OFF
[2026-04-08 20:26:11] INFO     物理断电静置 3.0s
[2026-04-08 20:26:14] INFO     【结论】 [PASS] 成功关键字: voice_msgnum:9
[2026-04-08 20:26:14] INFO     统计 -> 成功: 460 | 失败: 10 | 异常: 0 | 成功率: 97.9%
[2026-04-08 20:26:14] INFO     
-------------------- 第 471 轮 | 最大监听: 3.4s --------------------
[2026-04-08 20:26:14] INFO     继电器 ON (开始充电)
[2026-04-08 20:26:14] INFO     继电器执行 -> ON
[2026-04-08 20:26:16] INFO     捕获目标指令: voice_msgnum:9
[2026-04-08 20:26:16] INFO     状态维稳，保持闭合 3.0s
[2026-04-08 20:26:19] INFO     继电器 OFF (切断充电)
[2026-04-08 20:26:19] INFO     继电器执行 -> OFF
[2026-04-08 20:26:19] INFO     物理断电静置 3.0s
[2026-04-08 20:26:22] INFO     【结论】 [PASS] 成功关键字: voice_msgnum:9
[2026-04-08 20:26:22] INFO     统计 -> 成功: 461 | 失败: 10 | 异常: 0 | 成功率: 97.9%
[2026-04-08 20:26:22] INFO     
-------------------- 第 472 轮 | 最大监听: 3.0s --------------------
[2026-04-08 20:26:22] INFO     继电器 ON (开始充电)
[2026-04-08 20:26:22] INFO     继电器执行 -> ON
[2026-04-08 20:26:23] INFO     捕获目标指令: voice_msgnum:9
[2026-04-08 20:26:23] INFO     状态维稳，保持闭合 3.0s
[2026-04-08 20:26:26] INFO     继电器 OFF (切断充电)
[2026-04-08 20:26:26] INFO     继电器执行 -> OFF
[2026-04-08 20:26:26] INFO     物理断电静置 3.0s
[2026-04-08 20:26:29] INFO     【结论】 [PASS] 成功关键字: voice_msgnum:9
[2026-04-08 20:26:29] INFO     统计 -> 成功: 462 | 失败: 10 | 异常: 0 | 成功率: 97.9%
[2026-04-08 20:26:29] INFO     
-------------------- 第 473 轮 | 最大监听: 3.9s --------------------
[2026-04-08 20:26:29] INFO     继电器 ON (开始充电)
[2026-04-08 20:26:29] INFO     继电器执行 -> ON
[2026-04-08 20:26:31] INFO     捕获目标指令: voice_msgnum:9
[2026-04-08 20:26:31] INFO     状态维稳，保持闭合 3.0s
[2026-04-08 20:26:34] INFO     继电器 OFF (切断充电)
[2026-04-08 20:26:34] INFO     继电器执行 -> OFF
[2026-04-08 20:26:34] INFO     物理断电静置 3.0s
[2026-04-08 20:26:37] INFO     【结论】 [PASS] 成功关键字: voice_msgnum:9
[2026-04-08 20:26:37] INFO     统计 -> 成功: 463 | 失败: 10 | 异常: 0 | 成功率: 97.9%
[2026-04-08 20:26:37] INFO     
-------------------- 第 474 轮 | 最大监听: 3.1s --------------------
[2026-04-08 20:26:37] INFO     继电器 ON (开始充电)
[2026-04-08 20:26:37] INFO     继电器执行 -> ON
[2026-04-08 20:26:38] INFO     捕获目标指令: voice_msgnum:9
[2026-04-08 20:26:38] INFO     状态维稳，保持闭合 3.0s
[2026-04-08 20:26:41] INFO     继电器 OFF (切断充电)
[2026-04-08 20:26:41] INFO     继电器执行 -> OFF
[2026-04-08 20:26:41] INFO     物理断电静置 3.0s
[2026-04-08 20:26:44] INFO     【结论】 [PASS] 成功关键字: voice_msgnum:9
[2026-04-08 20:26:44] INFO     统计 -> 成功: 464 | 失败: 10 | 异常: 0 | 成功率: 97.9%
[2026-04-08 20:26:44] INFO     
-------------------- 第 475 轮 | 最大监听: 3.5s --------------------
[2026-04-08 20:26:44] INFO     继电器 ON (开始充电)
[2026-04-08 20:26:44] INFO     继电器执行 -> ON
[2026-04-08 20:26:46] INFO     捕获目标指令: voice_msgnum:9
[2026-04-08 20:26:46] INFO     状态维稳，保持闭合 3.0s
[2026-04-08 20:26:49] INFO     继电器 OFF (切断充电)
[2026-04-08 20:26:49] INFO     继电器执行 -> OFF
[2026-04-08 20:26:49] INFO     物理断电静置 3.0s
[2026-04-08 20:26:52] INFO     【结论】 [PASS] 成功关键字: voice_msgnum:9
[2026-04-08 20:26:52] INFO     统计 -> 成功: 465 | 失败: 10 | 异常: 0 | 成功率: 97.9%
[2026-04-08 20:26:52] INFO     
-------------------- 第 476 轮 | 最大监听: 3.6s --------------------
[2026-04-08 20:26:52] INFO     继电器 ON (开始充电)
[2026-04-08 20:26:52] INFO     继电器执行 -> ON
[2026-04-08 20:26:54] INFO     捕获目标指令: voice_msgnum:9
[2026-04-08 20:26:54] INFO     状态维稳，保持闭合 3.0s
[2026-04-08 20:26:57] INFO     继电器 OFF (切断充电)
[2026-04-08 20:26:57] INFO     继电器执行 -> OFF
[2026-04-08 20:26:57] INFO     物理断电静置 3.0s
[2026-04-08 20:27:00] INFO     【结论】 [PASS] 成功关键字: voice_msgnum:9
[2026-04-08 20:27:00] INFO     统计 -> 成功: 466 | 失败: 10 | 异常: 0 | 成功率: 97.9%
[2026-04-08 20:27:00] INFO     
-------------------- 第 477 轮 | 最大监听: 3.6s --------------------
[2026-04-08 20:27:00] INFO     继电器 ON (开始充电)
[2026-04-08 20:27:00] INFO     继电器执行 -> ON
[2026-04-08 20:27:01] INFO     捕获目标指令: voice_msgnum:9
[2026-04-08 20:27:01] INFO     状态维稳，保持闭合 3.0s
[2026-04-08 20:27:04] INFO     继电器 OFF (切断充电)
[2026-04-08 20:27:04] INFO     继电器执行 -> OFF
[2026-04-08 20:27:04] INFO     物理断电静置 3.0s
[2026-04-08 20:27:07] INFO     【结论】 [PASS] 成功关键字: voice_msgnum:9
[2026-04-08 20:27:07] INFO     统计 -> 成功: 467 | 失败: 10 | 异常: 0 | 成功率: 97.9%
[2026-04-08 20:27:07] INFO     
-------------------- 第 478 轮 | 最大监听: 3.1s --------------------
[2026-04-08 20:27:07] INFO     继电器 ON (开始充电)
[2026-04-08 20:27:07] INFO     继电器执行 -> ON
[2026-04-08 20:27:09] INFO     捕获目标指令: voice_msgnum:9
[2026-04-08 20:27:09] INFO     状态维稳，保持闭合 3.0s
[2026-04-08 20:27:12] INFO     继电器 OFF (切断充电)
[2026-04-08 20:27:12] INFO     继电器执行 -> OFF
[2026-04-08 20:27:12] INFO     物理断电静置 3.0s
[2026-04-08 20:27:15] INFO     【结论】 [PASS] 成功关键字: voice_msgnum:9
[2026-04-08 20:27:15] INFO     统计 -> 成功: 468 | 失败: 10 | 异常: 0 | 成功率: 97.9%
[2026-04-08 20:27:15] INFO     
-------------------- 第 479 轮 | 最大监听: 3.4s --------------------
[2026-04-08 20:27:15] INFO     继电器 ON (开始充电)
[2026-04-08 20:27:15] INFO     继电器执行 -> ON
[2026-04-08 20:27:16] INFO     捕获目标指令: voice_msgnum:9
[2026-04-08 20:27:16] INFO     状态维稳，保持闭合 3.0s
[2026-04-08 20:27:19] INFO     继电器 OFF (切断充电)
[2026-04-08 20:27:19] INFO     继电器执行 -> OFF
[2026-04-08 20:27:19] INFO     物理断电静置 3.0s
[2026-04-08 20:27:22] INFO     【结论】 [PASS] 成功关键字: voice_msgnum:9
[2026-04-08 20:27:22] INFO     统计 -> 成功: 469 | 失败: 10 | 异常: 0 | 成功率: 97.9%
[2026-04-08 20:27:22] INFO     
-------------------- 第 480 轮 | 最大监听: 3.5s --------------------
[2026-04-08 20:27:22] INFO     继电器 ON (开始充电)
[2026-04-08 20:27:22] INFO     继电器执行 -> ON
[2026-04-08 20:27:24] INFO     捕获目标指令: voice_msgnum:9
[2026-04-08 20:27:24] INFO     状态维稳，保持闭合 3.0s
[2026-04-08 20:27:27] INFO     继电器 OFF (切断充电)
[2026-04-08 20:27:27] INFO     继电器执行 -> OFF
[2026-04-08 20:27:27] INFO     物理断电静置 3.0s
[2026-04-08 20:27:30] INFO     【结论】 [PASS] 成功关键字: voice_msgnum:9
[2026-04-08 20:27:30] INFO     统计 -> 成功: 470 | 失败: 10 | 异常: 0 | 成功率: 97.9%
[2026-04-08 20:27:30] INFO     
-------------------- 第 481 轮 | 最大监听: 3.5s --------------------
[2026-04-08 20:27:30] INFO     继电器 ON (开始充电)
[2026-04-08 20:27:30] INFO     继电器执行 -> ON
[2026-04-08 20:27:32] INFO     捕获目标指令: voice_msgnum:9
[2026-04-08 20:27:32] INFO     状态维稳，保持闭合 3.0s
[2026-04-08 20:27:35] INFO     继电器 OFF (切断充电)
[2026-04-08 20:27:35] INFO     继电器执行 -> OFF
[2026-04-08 20:27:35] INFO     物理断电静置 3.0s
[2026-04-08 20:27:38] INFO     【结论】 [PASS] 成功关键字: voice_msgnum:9
[2026-04-08 20:27:38] INFO     统计 -> 成功: 471 | 失败: 10 | 异常: 0 | 成功率: 97.9%
[2026-04-08 20:27:38] INFO     
-------------------- 第 482 轮 | 最大监听: 3.1s --------------------
[2026-04-08 20:27:38] INFO     继电器 ON (开始充电)
[2026-04-08 20:27:38] INFO     继电器执行 -> ON
[2026-04-08 20:27:39] INFO     捕获目标指令: voice_msgnum:9
[2026-04-08 20:27:39] INFO     状态维稳，保持闭合 3.0s
[2026-04-08 20:27:42] INFO     继电器 OFF (切断充电)
[2026-04-08 20:27:42] INFO     继电器执行 -> OFF
[2026-04-08 20:27:42] INFO     物理断电静置 3.0s
[2026-04-08 20:27:45] INFO     【结论】 [PASS] 成功关键字: voice_msgnum:9
[2026-04-08 20:27:45] INFO     统计 -> 成功: 472 | 失败: 10 | 异常: 0 | 成功率: 97.9%
[2026-04-08 20:27:45] INFO     
-------------------- 第 483 轮 | 最大监听: 3.6s --------------------
[2026-04-08 20:27:45] INFO     继电器 ON (开始充电)
[2026-04-08 20:27:45] INFO     继电器执行 -> ON
[2026-04-08 20:27:47] INFO     捕获目标指令: voice_msgnum:9
[2026-04-08 20:27:47] INFO     状态维稳，保持闭合 3.0s
[2026-04-08 20:27:50] INFO     继电器 OFF (切断充电)
[2026-04-08 20:27:50] INFO     继电器执行 -> OFF
[2026-04-08 20:27:50] INFO     物理断电静置 3.0s
[2026-04-08 20:27:53] INFO     【结论】 [PASS] 成功关键字: voice_msgnum:9
[2026-04-08 20:27:53] INFO     统计 -> 成功: 473 | 失败: 10 | 异常: 0 | 成功率: 97.9%
[2026-04-08 20:27:53] INFO     
-------------------- 第 484 轮 | 最大监听: 3.4s --------------------
[2026-04-08 20:27:53] INFO     继电器 ON (开始充电)
[2026-04-08 20:27:53] INFO     继电器执行 -> ON
[2026-04-08 20:27:54] INFO     捕获目标指令: voice_msgnum:9
[2026-04-08 20:27:54] INFO     状态维稳，保持闭合 3.0s
[2026-04-08 20:27:57] INFO     继电器 OFF (切断充电)
[2026-04-08 20:27:57] INFO     继电器执行 -> OFF
[2026-04-08 20:27:57] INFO     物理断电静置 3.0s
[2026-04-08 20:28:00] INFO     【结论】 [PASS] 成功关键字: voice_msgnum:9
[2026-04-08 20:28:00] INFO     统计 -> 成功: 474 | 失败: 10 | 异常: 0 | 成功率: 97.9%
[2026-04-08 20:28:00] INFO     
-------------------- 第 485 轮 | 最大监听: 3.1s --------------------
[2026-04-08 20:28:00] INFO     继电器 ON (开始充电)
[2026-04-08 20:28:00] INFO     继电器执行 -> ON
[2026-04-08 20:28:02] INFO     捕获目标指令: voice_msgnum:9
[2026-04-08 20:28:02] INFO     状态维稳，保持闭合 3.0s
[2026-04-08 20:28:05] INFO     继电器 OFF (切断充电)
[2026-04-08 20:28:05] INFO     继电器执行 -> OFF
[2026-04-08 20:28:05] INFO     物理断电静置 3.0s
[2026-04-08 20:28:08] INFO     【结论】 [PASS] 成功关键字: voice_msgnum:9
[2026-04-08 20:28:08] INFO     统计 -> 成功: 475 | 失败: 10 | 异常: 0 | 成功率: 97.9%
[2026-04-08 20:28:08] INFO     
-------------------- 第 486 轮 | 最大监听: 3.9s --------------------
[2026-04-08 20:28:08] INFO     继电器 ON (开始充电)
[2026-04-08 20:28:08] INFO     继电器执行 -> ON
[2026-04-08 20:28:10] INFO     捕获目标指令: voice_msgnum:9
[2026-04-08 20:28:10] INFO     状态维稳，保持闭合 3.0s
[2026-04-08 20:28:13] INFO     继电器 OFF (切断充电)
[2026-04-08 20:28:13] INFO     继电器执行 -> OFF
[2026-04-08 20:28:13] INFO     物理断电静置 3.0s
[2026-04-08 20:28:16] INFO     【结论】 [PASS] 成功关键字: voice_msgnum:9
[2026-04-08 20:28:16] INFO     统计 -> 成功: 476 | 失败: 10 | 异常: 0 | 成功率: 97.9%
[2026-04-08 20:28:16] INFO     
-------------------- 第 487 轮 | 最大监听: 3.4s --------------------
[2026-04-08 20:28:16] INFO     继电器 ON (开始充电)
[2026-04-08 20:28:16] INFO     继电器执行 -> ON
[2026-04-08 20:28:17] INFO     捕获目标指令: voice_msgnum:9
[2026-04-08 20:28:17] INFO     状态维稳，保持闭合 3.0s
[2026-04-08 20:28:20] INFO     继电器 OFF (切断充电)
[2026-04-08 20:28:20] INFO     继电器执行 -> OFF
[2026-04-08 20:28:20] INFO     物理断电静置 3.0s
[2026-04-08 20:28:23] INFO     【结论】 [PASS] 成功关键字: voice_msgnum:9
[2026-04-08 20:28:23] INFO     统计 -> 成功: 477 | 失败: 10 | 异常: 0 | 成功率: 97.9%
[2026-04-08 20:28:23] INFO     
-------------------- 第 488 轮 | 最大监听: 3.6s --------------------
[2026-04-08 20:28:23] INFO     继电器 ON (开始充电)
[2026-04-08 20:28:23] INFO     继电器执行 -> ON
[2026-04-08 20:28:25] INFO     捕获目标指令: voice_msgnum:9
[2026-04-08 20:28:25] INFO     状态维稳，保持闭合 3.0s
[2026-04-08 20:28:28] INFO     继电器 OFF (切断充电)
[2026-04-08 20:28:28] INFO     继电器执行 -> OFF
[2026-04-08 20:28:28] INFO     物理断电静置 3.0s
[2026-04-08 20:28:31] INFO     【结论】 [PASS] 成功关键字: voice_msgnum:9
[2026-04-08 20:28:31] INFO     统计 -> 成功: 478 | 失败: 10 | 异常: 0 | 成功率: 98.0%
[2026-04-08 20:28:31] INFO     
-------------------- 第 489 轮 | 最大监听: 3.8s --------------------
[2026-04-08 20:28:31] INFO     继电器 ON (开始充电)
[2026-04-08 20:28:31] INFO     继电器执行 -> ON
[2026-04-08 20:28:32] INFO     捕获目标指令: voice_msgnum:9
[2026-04-08 20:28:32] INFO     状态维稳，保持闭合 3.0s
[2026-04-08 20:28:35] INFO     继电器 OFF (切断充电)
[2026-04-08 20:28:35] INFO     继电器执行 -> OFF
[2026-04-08 20:28:35] INFO     物理断电静置 3.0s
[2026-04-08 20:28:38] INFO     【结论】 [PASS] 成功关键字: voice_msgnum:9
[2026-04-08 20:28:38] INFO     统计 -> 成功: 479 | 失败: 10 | 异常: 0 | 成功率: 98.0%
[2026-04-08 20:28:38] INFO     
-------------------- 第 490 轮 | 最大监听: 3.9s --------------------
[2026-04-08 20:28:38] INFO     继电器 ON (开始充电)
[2026-04-08 20:28:38] INFO     继电器执行 -> ON
[2026-04-08 20:28:40] INFO     捕获目标指令: voice_msgnum:9
[2026-04-08 20:28:40] INFO     状态维稳，保持闭合 3.0s
[2026-04-08 20:28:43] INFO     继电器 OFF (切断充电)
[2026-04-08 20:28:43] INFO     继电器执行 -> OFF
[2026-04-08 20:28:43] INFO     物理断电静置 3.0s
[2026-04-08 20:28:46] INFO     【结论】 [PASS] 成功关键字: voice_msgnum:9
[2026-04-08 20:28:46] INFO     统计 -> 成功: 480 | 失败: 10 | 异常: 0 | 成功率: 98.0%
[2026-04-08 20:28:46] INFO     
-------------------- 第 491 轮 | 最大监听: 3.1s --------------------
[2026-04-08 20:28:46] INFO     继电器 ON (开始充电)
[2026-04-08 20:28:46] INFO     继电器执行 -> ON
[2026-04-08 20:28:48] INFO     捕获目标指令: voice_msgnum:9
[2026-04-08 20:28:48] INFO     状态维稳，保持闭合 3.0s
[2026-04-08 20:28:51] INFO     继电器 OFF (切断充电)
[2026-04-08 20:28:51] INFO     继电器执行 -> OFF
[2026-04-08 20:28:51] INFO     物理断电静置 3.0s
[2026-04-08 20:28:54] INFO     【结论】 [PASS] 成功关键字: voice_msgnum:9
[2026-04-08 20:28:54] INFO     统计 -> 成功: 481 | 失败: 10 | 异常: 0 | 成功率: 98.0%
[2026-04-08 20:28:54] INFO     
-------------------- 第 492 轮 | 最大监听: 3.3s --------------------
[2026-04-08 20:28:54] INFO     继电器 ON (开始充电)
[2026-04-08 20:28:54] INFO     继电器执行 -> ON
[2026-04-08 20:28:55] INFO     捕获目标指令: voice_msgnum:9
[2026-04-08 20:28:55] INFO     状态维稳，保持闭合 3.0s
[2026-04-08 20:28:58] INFO     继电器 OFF (切断充电)
[2026-04-08 20:28:58] INFO     继电器执行 -> OFF
[2026-04-08 20:28:58] INFO     物理断电静置 3.0s
[2026-04-08 20:29:01] INFO     【结论】 [PASS] 成功关键字: voice_msgnum:9
[2026-04-08 20:29:01] INFO     统计 -> 成功: 482 | 失败: 10 | 异常: 0 | 成功率: 98.0%
[2026-04-08 20:29:01] INFO     
-------------------- 第 493 轮 | 最大监听: 3.2s --------------------
[2026-04-08 20:29:01] INFO     继电器 ON (开始充电)
[2026-04-08 20:29:01] INFO     继电器执行 -> ON
[2026-04-08 20:29:03] INFO     捕获目标指令: voice_msgnum:9
[2026-04-08 20:29:03] INFO     状态维稳，保持闭合 3.0s
[2026-04-08 20:29:06] INFO     继电器 OFF (切断充电)
[2026-04-08 20:29:06] INFO     继电器执行 -> OFF
[2026-04-08 20:29:06] INFO     物理断电静置 3.0s
[2026-04-08 20:29:09] INFO     【结论】 [PASS] 成功关键字: voice_msgnum:9
[2026-04-08 20:29:09] INFO     统计 -> 成功: 483 | 失败: 10 | 异常: 0 | 成功率: 98.0%
[2026-04-08 20:29:09] INFO     
-------------------- 第 494 轮 | 最大监听: 3.8s --------------------
[2026-04-08 20:29:09] INFO     继电器 ON (开始充电)
[2026-04-08 20:29:09] INFO     继电器执行 -> ON
[2026-04-08 20:29:10] INFO     捕获目标指令: voice_msgnum:9
[2026-04-08 20:29:10] INFO     状态维稳，保持闭合 3.0s
[2026-04-08 20:29:13] INFO     继电器 OFF (切断充电)
[2026-04-08 20:29:13] INFO     继电器执行 -> OFF
[2026-04-08 20:29:13] INFO     物理断电静置 3.0s
[2026-04-08 20:29:16] INFO     【结论】 [PASS] 成功关键字: voice_msgnum:9
[2026-04-08 20:29:16] INFO     统计 -> 成功: 484 | 失败: 10 | 异常: 0 | 成功率: 98.0%
[2026-04-08 20:29:16] INFO     
-------------------- 第 495 轮 | 最大监听: 4.0s --------------------
[2026-04-08 20:29:16] INFO     继电器 ON (开始充电)
[2026-04-08 20:29:16] INFO     继电器执行 -> ON
[2026-04-08 20:29:18] INFO     捕获目标指令: voice_msgnum:9
[2026-04-08 20:29:18] INFO     状态维稳，保持闭合 3.0s
[2026-04-08 20:29:21] INFO     继电器 OFF (切断充电)
[2026-04-08 20:29:21] INFO     继电器执行 -> OFF
[2026-04-08 20:29:21] INFO     物理断电静置 3.0s
[2026-04-08 20:29:24] INFO     【结论】 [PASS] 成功关键字: voice_msgnum:9
[2026-04-08 20:29:24] INFO     统计 -> 成功: 485 | 失败: 10 | 异常: 0 | 成功率: 98.0%
[2026-04-08 20:29:24] INFO     
-------------------- 第 496 轮 | 最大监听: 3.7s --------------------
[2026-04-08 20:29:24] INFO     继电器 ON (开始充电)
[2026-04-08 20:29:24] INFO     继电器执行 -> ON
[2026-04-08 20:29:26] INFO     捕获目标指令: voice_msgnum:9
[2026-04-08 20:29:26] INFO     状态维稳，保持闭合 3.0s
[2026-04-08 20:29:29] INFO     继电器 OFF (切断充电)
[2026-04-08 20:29:29] INFO     继电器执行 -> OFF
[2026-04-08 20:29:29] INFO     物理断电静置 3.0s
[2026-04-08 20:29:32] INFO     【结论】 [PASS] 成功关键字: voice_msgnum:9
[2026-04-08 20:29:32] INFO     统计 -> 成功: 486 | 失败: 10 | 异常: 0 | 成功率: 98.0%
[2026-04-08 20:29:32] INFO     
-------------------- 第 497 轮 | 最大监听: 3.4s --------------------
[2026-04-08 20:29:32] INFO     继电器 ON (开始充电)
[2026-04-08 20:29:32] INFO     继电器执行 -> ON
[2026-04-08 20:29:33] INFO     捕获目标指令: voice_msgnum:9
[2026-04-08 20:29:33] INFO     状态维稳，保持闭合 3.0s
[2026-04-08 20:29:36] INFO     继电器 OFF (切断充电)
[2026-04-08 20:29:36] INFO     继电器执行 -> OFF
[2026-04-08 20:29:36] INFO     物理断电静置 3.0s
[2026-04-08 20:29:39] INFO     【结论】 [PASS] 成功关键字: voice_msgnum:9
[2026-04-08 20:29:39] INFO     统计 -> 成功: 487 | 失败: 10 | 异常: 0 | 成功率: 98.0%
[2026-04-08 20:29:39] INFO     
-------------------- 第 498 轮 | 最大监听: 3.8s --------------------
[2026-04-08 20:29:39] INFO     继电器 ON (开始充电)
[2026-04-08 20:29:39] INFO     继电器执行 -> ON
[2026-04-08 20:29:41] INFO     捕获目标指令: voice_msgnum:9
[2026-04-08 20:29:41] INFO     状态维稳，保持闭合 3.0s
[2026-04-08 20:29:44] INFO     继电器 OFF (切断充电)
[2026-04-08 20:29:44] INFO     继电器执行 -> OFF
[2026-04-08 20:29:44] INFO     物理断电静置 3.0s
[2026-04-08 20:29:47] INFO     【结论】 [PASS] 成功关键字: voice_msgnum:9
[2026-04-08 20:29:47] INFO     统计 -> 成功: 488 | 失败: 10 | 异常: 0 | 成功率: 98.0%
[2026-04-08 20:29:47] INFO     
-------------------- 第 499 轮 | 最大监听: 3.5s --------------------
[2026-04-08 20:29:47] INFO     继电器 ON (开始充电)
[2026-04-08 20:29:47] INFO     继电器执行 -> ON
[2026-04-08 20:29:48] INFO     捕获目标指令: voice_msgnum:9
[2026-04-08 20:29:48] INFO     状态维稳，保持闭合 3.0s
[2026-04-08 20:29:51] INFO     继电器 OFF (切断充电)
[2026-04-08 20:29:51] INFO     继电器执行 -> OFF
[2026-04-08 20:29:51] INFO     物理断电静置 3.0s
[2026-04-08 20:29:54] INFO     【结论】 [PASS] 成功关键字: voice_msgnum:9
[2026-04-08 20:29:54] INFO     统计 -> 成功: 489 | 失败: 10 | 异常: 0 | 成功率: 98.0%
[2026-04-08 20:29:54] INFO     
-------------------- 第 500 轮 | 最大监听: 3.8s --------------------
[2026-04-08 20:29:54] INFO     继电器 ON (开始充电)
[2026-04-08 20:29:54] INFO     继电器执行 -> ON
[2026-04-08 20:29:56] INFO     捕获目标指令: voice_msgnum:9
[2026-04-08 20:29:56] INFO     状态维稳，保持闭合 3.0s
[2026-04-08 20:29:59] INFO     继电器 OFF (切断充电)
[2026-04-08 20:29:59] INFO     继电器执行 -> OFF
[2026-04-08 20:29:59] INFO     物理断电静置 3.0s
[2026-04-08 20:30:02] INFO     【结论】 [PASS] 成功关键字: voice_msgnum:9
[2026-04-08 20:30:02] INFO     统计 -> 成功: 490 | 失败: 10 | 异常: 0 | 成功率: 98.0%
[2026-04-08 20:30:02] INFO     
-------------------- 第 501 轮 | 最大监听: 3.3s --------------------
[2026-04-08 20:30:02] INFO     继电器 ON (开始充电)
[2026-04-08 20:30:02] INFO     继电器执行 -> ON
[2026-04-08 20:30:04] INFO     捕获目标指令: voice_msgnum:9
[2026-04-08 20:30:04] INFO     状态维稳，保持闭合 3.0s
[2026-04-08 20:30:07] INFO     继电器 OFF (切断充电)
[2026-04-08 20:30:07] INFO     继电器执行 -> OFF
[2026-04-08 20:30:07] INFO     物理断电静置 3.0s
[2026-04-08 20:30:10] INFO     【结论】 [PASS] 成功关键字: voice_msgnum:9
[2026-04-08 20:30:10] INFO     统计 -> 成功: 491 | 失败: 10 | 异常: 0 | 成功率: 98.0%
[2026-04-08 20:30:10] INFO     
-------------------- 第 502 轮 | 最大监听: 3.0s --------------------
[2026-04-08 20:30:10] INFO     继电器 ON (开始充电)
[2026-04-08 20:30:10] INFO     继电器执行 -> ON
[2026-04-08 20:30:11] INFO     捕获目标指令: voice_msgnum:9
[2026-04-08 20:30:11] INFO     状态维稳，保持闭合 3.0s
[2026-04-08 20:30:14] INFO     继电器 OFF (切断充电)
[2026-04-08 20:30:14] INFO     继电器执行 -> OFF
[2026-04-08 20:30:14] INFO     物理断电静置 3.0s
[2026-04-08 20:30:17] INFO     【结论】 [PASS] 成功关键字: voice_msgnum:9
[2026-04-08 20:30:17] INFO     统计 -> 成功: 492 | 失败: 10 | 异常: 0 | 成功率: 98.0%
[2026-04-08 20:30:17] INFO     
-------------------- 第 503 轮 | 最大监听: 3.7s --------------------
[2026-04-08 20:30:17] INFO     继电器 ON (开始充电)
[2026-04-08 20:30:17] INFO     继电器执行 -> ON
[2026-04-08 20:30:19] INFO     捕获目标指令: voice_msgnum:9
[2026-04-08 20:30:19] INFO     状态维稳，保持闭合 3.0s
[2026-04-08 20:30:22] INFO     继电器 OFF (切断充电)
[2026-04-08 20:30:22] INFO     继电器执行 -> OFF
[2026-04-08 20:30:22] INFO     物理断电静置 3.0s
[2026-04-08 20:30:25] INFO     【结论】 [PASS] 成功关键字: voice_msgnum:9
[2026-04-08 20:30:25] INFO     统计 -> 成功: 493 | 失败: 10 | 异常: 0 | 成功率: 98.0%
[2026-04-08 20:30:25] INFO     
-------------------- 第 504 轮 | 最大监听: 3.9s --------------------
[2026-04-08 20:30:25] INFO     继电器 ON (开始充电)
[2026-04-08 20:30:25] INFO     继电器执行 -> ON
[2026-04-08 20:30:26] INFO     捕获目标指令: voice_msgnum:9
[2026-04-08 20:30:26] INFO     状态维稳，保持闭合 3.0s
[2026-04-08 20:30:29] INFO     继电器 OFF (切断充电)
[2026-04-08 20:30:29] INFO     继电器执行 -> OFF
[2026-04-08 20:30:29] INFO     物理断电静置 3.0s
[2026-04-08 20:30:32] INFO     【结论】 [PASS] 成功关键字: voice_msgnum:9
[2026-04-08 20:30:32] INFO     统计 -> 成功: 494 | 失败: 10 | 异常: 0 | 成功率: 98.0%
[2026-04-08 20:30:32] INFO     
-------------------- 第 505 轮 | 最大监听: 3.0s --------------------
[2026-04-08 20:30:32] INFO     继电器 ON (开始充电)
[2026-04-08 20:30:32] INFO     继电器执行 -> ON
[2026-04-08 20:30:34] INFO     捕获目标指令: voice_msgnum:9
[2026-04-08 20:30:34] INFO     状态维稳，保持闭合 3.0s
[2026-04-08 20:30:37] INFO     继电器 OFF (切断充电)
[2026-04-08 20:30:37] INFO     继电器执行 -> OFF
[2026-04-08 20:30:37] INFO     物理断电静置 3.0s
[2026-04-08 20:30:40] INFO     【结论】 [PASS] 成功关键字: voice_msgnum:9
[2026-04-08 20:30:40] INFO     统计 -> 成功: 495 | 失败: 10 | 异常: 0 | 成功率: 98.0%
[2026-04-08 20:30:40] INFO     
-------------------- 第 506 轮 | 最大监听: 3.5s --------------------
[2026-04-08 20:30:40] INFO     继电器 ON (开始充电)
[2026-04-08 20:30:40] INFO     继电器执行 -> ON
[2026-04-08 20:30:42] INFO     捕获目标指令: voice_msgnum:9
[2026-04-08 20:30:42] INFO     状态维稳，保持闭合 3.0s
[2026-04-08 20:30:45] INFO     继电器 OFF (切断充电)
[2026-04-08 20:30:45] INFO     继电器执行 -> OFF
[2026-04-08 20:30:45] INFO     物理断电静置 3.0s
[2026-04-08 20:30:48] INFO     【结论】 [PASS] 成功关键字: voice_msgnum:9
[2026-04-08 20:30:48] INFO     统计 -> 成功: 496 | 失败: 10 | 异常: 0 | 成功率: 98.0%
[2026-04-08 20:30:48] INFO     
-------------------- 第 507 轮 | 最大监听: 3.1s --------------------
[2026-04-08 20:30:48] INFO     继电器 ON (开始充电)
[2026-04-08 20:30:48] INFO     继电器执行 -> ON
[2026-04-08 20:30:49] INFO     捕获目标指令: voice_msgnum:9
[2026-04-08 20:30:49] INFO     状态维稳，保持闭合 3.0s
[2026-04-08 20:30:52] INFO     继电器 OFF (切断充电)
[2026-04-08 20:30:52] INFO     继电器执行 -> OFF
[2026-04-08 20:30:52] INFO     物理断电静置 3.0s
[2026-04-08 20:30:55] INFO     【结论】 [PASS] 成功关键字: voice_msgnum:9
[2026-04-08 20:30:55] INFO     统计 -> 成功: 497 | 失败: 10 | 异常: 0 | 成功率: 98.0%
[2026-04-08 20:30:55] INFO     
-------------------- 第 508 轮 | 最大监听: 4.0s --------------------
[2026-04-08 20:30:55] INFO     继电器 ON (开始充电)
[2026-04-08 20:30:55] INFO     继电器执行 -> ON
[2026-04-08 20:30:57] INFO     捕获目标指令: voice_msgnum:9
[2026-04-08 20:30:57] INFO     状态维稳，保持闭合 3.0s
[2026-04-08 20:31:00] INFO     继电器 OFF (切断充电)
[2026-04-08 20:31:00] INFO     继电器执行 -> OFF
[2026-04-08 20:31:00] INFO     物理断电静置 3.0s
[2026-04-08 20:31:03] INFO     【结论】 [PASS] 成功关键字: voice_msgnum:9
[2026-04-08 20:31:03] INFO     统计 -> 成功: 498 | 失败: 10 | 异常: 0 | 成功率: 98.0%
[2026-04-08 20:31:03] INFO     
-------------------- 第 509 轮 | 最大监听: 3.3s --------------------
[2026-04-08 20:31:03] INFO     继电器 ON (开始充电)
[2026-04-08 20:31:03] INFO     继电器执行 -> ON
[2026-04-08 20:31:04] INFO     捕获目标指令: voice_msgnum:9
[2026-04-08 20:31:04] INFO     状态维稳，保持闭合 3.0s
[2026-04-08 20:31:07] INFO     继电器 OFF (切断充电)
[2026-04-08 20:31:07] INFO     继电器执行 -> OFF
[2026-04-08 20:31:07] INFO     物理断电静置 3.0s
[2026-04-08 20:31:10] INFO     【结论】 [PASS] 成功关键字: voice_msgnum:9
[2026-04-08 20:31:10] INFO     统计 -> 成功: 499 | 失败: 10 | 异常: 0 | 成功率: 98.0%
[2026-04-08 20:31:10] INFO     
-------------------- 第 510 轮 | 最大监听: 3.6s --------------------
[2026-04-08 20:31:10] INFO     继电器 ON (开始充电)
[2026-04-08 20:31:10] INFO     继电器执行 -> ON
[2026-04-08 20:31:12] INFO     捕获目标指令: voice_msgnum:9
[2026-04-08 20:31:12] INFO     状态维稳，保持闭合 3.0s
[2026-04-08 20:31:15] INFO     继电器 OFF (切断充电)
[2026-04-08 20:31:15] INFO     继电器执行 -> OFF
[2026-04-08 20:31:15] INFO     物理断电静置 3.0s
[2026-04-08 20:31:18] INFO     【结论】 [PASS] 成功关键字: voice_msgnum:9
[2026-04-08 20:31:18] INFO     统计 -> 成功: 500 | 失败: 10 | 异常: 0 | 成功率: 98.0%
[2026-04-08 20:31:18] INFO     
-------------------- 第 511 轮 | 最大监听: 3.6s --------------------
[2026-04-08 20:31:18] INFO     继电器 ON (开始充电)
[2026-04-08 20:31:18] INFO     继电器执行 -> ON
[2026-04-08 20:31:20] INFO     捕获目标指令: voice_msgnum:9
[2026-04-08 20:31:20] INFO     状态维稳，保持闭合 3.0s
[2026-04-08 20:31:23] INFO     继电器 OFF (切断充电)
[2026-04-08 20:31:23] INFO     继电器执行 -> OFF
[2026-04-08 20:31:23] INFO     物理断电静置 3.0s
[2026-04-08 20:31:26] INFO     【结论】 [PASS] 成功关键字: voice_msgnum:9
[2026-04-08 20:31:26] INFO     统计 -> 成功: 501 | 失败: 10 | 异常: 0 | 成功率: 98.0%
[2026-04-08 20:31:26] INFO     
-------------------- 第 512 轮 | 最大监听: 3.5s --------------------
[2026-04-08 20:31:26] INFO     继电器 ON (开始充电)
[2026-04-08 20:31:26] INFO     继电器执行 -> ON
[2026-04-08 20:31:27] INFO     捕获目标指令: voice_msgnum:9
[2026-04-08 20:31:27] INFO     状态维稳，保持闭合 3.0s
[2026-04-08 20:31:30] INFO     继电器 OFF (切断充电)
[2026-04-08 20:31:30] INFO     继电器执行 -> OFF
[2026-04-08 20:31:30] INFO     物理断电静置 3.0s
[2026-04-08 20:31:33] INFO     【结论】 [PASS] 成功关键字: voice_msgnum:9
[2026-04-08 20:31:33] INFO     统计 -> 成功: 502 | 失败: 10 | 异常: 0 | 成功率: 98.0%
[2026-04-08 20:31:33] INFO     
-------------------- 第 513 轮 | 最大监听: 3.4s --------------------
[2026-04-08 20:31:33] INFO     继电器 ON (开始充电)
[2026-04-08 20:31:33] INFO     继电器执行 -> ON
[2026-04-08 20:31:35] INFO     捕获目标指令: voice_msgnum:9
[2026-04-08 20:31:35] INFO     状态维稳，保持闭合 3.0s
[2026-04-08 20:31:38] INFO     继电器 OFF (切断充电)
[2026-04-08 20:31:38] INFO     继电器执行 -> OFF
[2026-04-08 20:31:38] INFO     物理断电静置 3.0s
[2026-04-08 20:31:41] INFO     【结论】 [PASS] 成功关键字: voice_msgnum:9
[2026-04-08 20:31:41] INFO     统计 -> 成功: 503 | 失败: 10 | 异常: 0 | 成功率: 98.1%
[2026-04-08 20:31:41] INFO     
-------------------- 第 514 轮 | 最大监听: 3.0s --------------------
[2026-04-08 20:31:41] INFO     继电器 ON (开始充电)
[2026-04-08 20:31:41] INFO     继电器执行 -> ON
[2026-04-08 20:31:42] INFO     捕获目标指令: voice_msgnum:9
[2026-04-08 20:31:42] INFO     状态维稳，保持闭合 3.0s
[2026-04-08 20:31:45] INFO     继电器 OFF (切断充电)
[2026-04-08 20:31:45] INFO     继电器执行 -> OFF
[2026-04-08 20:31:45] INFO     物理断电静置 3.0s
[2026-04-08 20:31:48] INFO     【结论】 [PASS] 成功关键字: voice_msgnum:9
[2026-04-08 20:31:48] INFO     统计 -> 成功: 504 | 失败: 10 | 异常: 0 | 成功率: 98.1%
[2026-04-08 20:31:48] INFO     
-------------------- 第 515 轮 | 最大监听: 4.0s --------------------
[2026-04-08 20:31:48] INFO     继电器 ON (开始充电)
[2026-04-08 20:31:48] INFO     继电器执行 -> ON
[2026-04-08 20:31:50] INFO     捕获目标指令: voice_msgnum:9
[2026-04-08 20:31:50] INFO     状态维稳，保持闭合 3.0s
[2026-04-08 20:31:53] INFO     继电器 OFF (切断充电)
[2026-04-08 20:31:53] INFO     继电器执行 -> OFF
[2026-04-08 20:31:53] INFO     物理断电静置 3.0s
[2026-04-08 20:31:56] INFO     【结论】 [PASS] 成功关键字: voice_msgnum:9
[2026-04-08 20:31:56] INFO     统计 -> 成功: 505 | 失败: 10 | 异常: 0 | 成功率: 98.1%
[2026-04-08 20:31:56] INFO     
-------------------- 第 516 轮 | 最大监听: 3.3s --------------------
[2026-04-08 20:31:56] INFO     继电器 ON (开始充电)
[2026-04-08 20:31:56] INFO     继电器执行 -> ON
[2026-04-08 20:31:58] INFO     捕获目标指令: voice_msgnum:9
[2026-04-08 20:31:58] INFO     状态维稳，保持闭合 3.0s
[2026-04-08 20:32:01] INFO     继电器 OFF (切断充电)
[2026-04-08 20:32:01] INFO     继电器执行 -> OFF
[2026-04-08 20:32:01] INFO     物理断电静置 3.0s
[2026-04-08 20:32:04] INFO     【结论】 [PASS] 成功关键字: voice_msgnum:9
[2026-04-08 20:32:04] INFO     统计 -> 成功: 506 | 失败: 10 | 异常: 0 | 成功率: 98.1%
[2026-04-08 20:32:04] INFO     
-------------------- 第 517 轮 | 最大监听: 3.4s --------------------
[2026-04-08 20:32:04] INFO     继电器 ON (开始充电)
[2026-04-08 20:32:04] INFO     继电器执行 -> ON
[2026-04-08 20:32:05] INFO     捕获目标指令: voice_msgnum:9
[2026-04-08 20:32:05] INFO     状态维稳，保持闭合 3.0s
[2026-04-08 20:32:08] INFO     继电器 OFF (切断充电)
[2026-04-08 20:32:08] INFO     继电器执行 -> OFF
[2026-04-08 20:32:08] INFO     物理断电静置 3.0s
[2026-04-08 20:32:11] INFO     【结论】 [PASS] 成功关键字: voice_msgnum:9
[2026-04-08 20:32:11] INFO     统计 -> 成功: 507 | 失败: 10 | 异常: 0 | 成功率: 98.1%
[2026-04-08 20:32:11] INFO     
-------------------- 第 518 轮 | 最大监听: 3.9s --------------------
[2026-04-08 20:32:11] INFO     继电器 ON (开始充电)
[2026-04-08 20:32:11] INFO     继电器执行 -> ON
[2026-04-08 20:32:13] INFO     捕获目标指令: voice_msgnum:9
[2026-04-08 20:32:13] INFO     状态维稳，保持闭合 3.0s
[2026-04-08 20:32:16] INFO     继电器 OFF (切断充电)
[2026-04-08 20:32:16] INFO     继电器执行 -> OFF
[2026-04-08 20:32:16] INFO     物理断电静置 3.0s
[2026-04-08 20:32:19] INFO     【结论】 [PASS] 成功关键字: voice_msgnum:9
[2026-04-08 20:32:19] INFO     统计 -> 成功: 508 | 失败: 10 | 异常: 0 | 成功率: 98.1%
[2026-04-08 20:32:19] INFO     
-------------------- 第 519 轮 | 最大监听: 3.7s --------------------
[2026-04-08 20:32:19] INFO     继电器 ON (开始充电)
[2026-04-08 20:32:19] INFO     继电器执行 -> ON
[2026-04-08 20:32:20] INFO     捕获目标指令: voice_msgnum:9
[2026-04-08 20:32:20] INFO     状态维稳，保持闭合 3.0s
[2026-04-08 20:32:23] INFO     继电器 OFF (切断充电)
[2026-04-08 20:32:23] INFO     继电器执行 -> OFF
[2026-04-08 20:32:23] INFO     物理断电静置 3.0s
[2026-04-08 20:32:26] INFO     【结论】 [PASS] 成功关键字: voice_msgnum:9
[2026-04-08 20:32:26] INFO     统计 -> 成功: 509 | 失败: 10 | 异常: 0 | 成功率: 98.1%
[2026-04-08 20:32:26] INFO     
-------------------- 第 520 轮 | 最大监听: 3.0s --------------------
[2026-04-08 20:32:26] INFO     继电器 ON (开始充电)
[2026-04-08 20:32:26] INFO     继电器执行 -> ON
[2026-04-08 20:32:28] INFO     捕获目标指令: voice_msgnum:9
[2026-04-08 20:32:28] INFO     状态维稳，保持闭合 3.0s
[2026-04-08 20:32:31] INFO     继电器 OFF (切断充电)
[2026-04-08 20:32:31] INFO     继电器执行 -> OFF
[2026-04-08 20:32:31] INFO     物理断电静置 3.0s
[2026-04-08 20:32:34] INFO     【结论】 [PASS] 成功关键字: voice_msgnum:9
[2026-04-08 20:32:34] INFO     统计 -> 成功: 510 | 失败: 10 | 异常: 0 | 成功率: 98.1%
[2026-04-08 20:32:34] INFO     
-------------------- 第 521 轮 | 最大监听: 3.2s --------------------
[2026-04-08 20:32:34] INFO     继电器 ON (开始充电)
[2026-04-08 20:32:34] INFO     继电器执行 -> ON
[2026-04-08 20:32:36] INFO     捕获目标指令: voice_msgnum:9
[2026-04-08 20:32:36] INFO     状态维稳，保持闭合 3.0s
[2026-04-08 20:32:39] INFO     继电器 OFF (切断充电)
[2026-04-08 20:32:39] INFO     继电器执行 -> OFF
[2026-04-08 20:32:39] INFO     物理断电静置 3.0s
[2026-04-08 20:32:42] INFO     【结论】 [PASS] 成功关键字: voice_msgnum:9
[2026-04-08 20:32:42] INFO     统计 -> 成功: 511 | 失败: 10 | 异常: 0 | 成功率: 98.1%
[2026-04-08 20:32:42] INFO     
-------------------- 第 522 轮 | 最大监听: 3.2s --------------------
[2026-04-08 20:32:42] INFO     继电器 ON (开始充电)
[2026-04-08 20:32:42] INFO     继电器执行 -> ON
[2026-04-08 20:32:43] INFO     捕获目标指令: voice_msgnum:9
[2026-04-08 20:32:43] INFO     状态维稳，保持闭合 3.0s
[2026-04-08 20:32:46] INFO     继电器 OFF (切断充电)
[2026-04-08 20:32:46] INFO     继电器执行 -> OFF
[2026-04-08 20:32:46] INFO     物理断电静置 3.0s
[2026-04-08 20:32:49] INFO     【结论】 [PASS] 成功关键字: voice_msgnum:9
[2026-04-08 20:32:49] INFO     统计 -> 成功: 512 | 失败: 10 | 异常: 0 | 成功率: 98.1%
[2026-04-08 20:32:49] INFO     
-------------------- 第 523 轮 | 最大监听: 3.4s --------------------
[2026-04-08 20:32:49] INFO     继电器 ON (开始充电)
[2026-04-08 20:32:49] INFO     继电器执行 -> ON
[2026-04-08 20:32:51] INFO     捕获目标指令: voice_msgnum:9
[2026-04-08 20:32:51] INFO     状态维稳，保持闭合 3.0s
[2026-04-08 20:32:54] INFO     继电器 OFF (切断充电)
[2026-04-08 20:32:54] INFO     继电器执行 -> OFF
[2026-04-08 20:32:54] INFO     物理断电静置 3.0s
[2026-04-08 20:32:57] INFO     【结论】 [PASS] 成功关键字: voice_msgnum:9
[2026-04-08 20:32:57] INFO     统计 -> 成功: 513 | 失败: 10 | 异常: 0 | 成功率: 98.1%
[2026-04-08 20:32:57] INFO     
-------------------- 第 524 轮 | 最大监听: 3.7s --------------------
[2026-04-08 20:32:57] INFO     继电器 ON (开始充电)
[2026-04-08 20:32:57] INFO     继电器执行 -> ON
[2026-04-08 20:32:58] INFO     捕获目标指令: voice_msgnum:9
[2026-04-08 20:32:58] INFO     状态维稳，保持闭合 3.0s
[2026-04-08 20:33:01] INFO     继电器 OFF (切断充电)
[2026-04-08 20:33:01] INFO     继电器执行 -> OFF
[2026-04-08 20:33:01] INFO     物理断电静置 3.0s
[2026-04-08 20:33:04] INFO     【结论】 [PASS] 成功关键字: voice_msgnum:9
[2026-04-08 20:33:04] INFO     统计 -> 成功: 514 | 失败: 10 | 异常: 0 | 成功率: 98.1%
[2026-04-08 20:33:04] INFO     
-------------------- 第 525 轮 | 最大监听: 3.5s --------------------
[2026-04-08 20:33:04] INFO     继电器 ON (开始充电)
[2026-04-08 20:33:04] INFO     继电器执行 -> ON
[2026-04-08 20:33:06] INFO     捕获目标指令: voice_msgnum:9
[2026-04-08 20:33:06] INFO     状态维稳，保持闭合 3.0s
[2026-04-08 20:33:09] INFO     继电器 OFF (切断充电)
[2026-04-08 20:33:09] INFO     继电器执行 -> OFF
[2026-04-08 20:33:09] INFO     物理断电静置 3.0s
[2026-04-08 20:33:12] INFO     【结论】 [PASS] 成功关键字: voice_msgnum:9
[2026-04-08 20:33:12] INFO     统计 -> 成功: 515 | 失败: 10 | 异常: 0 | 成功率: 98.1%
[2026-04-08 20:33:12] INFO     
-------------------- 第 526 轮 | 最大监听: 3.5s --------------------
[2026-04-08 20:33:12] INFO     继电器 ON (开始充电)
[2026-04-08 20:33:12] INFO     继电器执行 -> ON
[2026-04-08 20:33:14] INFO     捕获目标指令: voice_msgnum:9
[2026-04-08 20:33:14] INFO     状态维稳，保持闭合 3.0s
[2026-04-08 20:33:17] INFO     继电器 OFF (切断充电)
[2026-04-08 20:33:17] INFO     继电器执行 -> OFF
[2026-04-08 20:33:17] INFO     物理断电静置 3.0s
[2026-04-08 20:33:20] INFO     【结论】 [PASS] 成功关键字: voice_msgnum:9
[2026-04-08 20:33:20] INFO     统计 -> 成功: 516 | 失败: 10 | 异常: 0 | 成功率: 98.1%
[2026-04-08 20:33:20] INFO     
-------------------- 第 527 轮 | 最大监听: 3.6s --------------------
[2026-04-08 20:33:20] INFO     继电器 ON (开始充电)
[2026-04-08 20:33:20] INFO     继电器执行 -> ON
[2026-04-08 20:33:21] INFO     捕获目标指令: voice_msgnum:9
[2026-04-08 20:33:21] INFO     状态维稳，保持闭合 3.0s
[2026-04-08 20:33:24] INFO     继电器 OFF (切断充电)
[2026-04-08 20:33:24] INFO     继电器执行 -> OFF
[2026-04-08 20:33:24] INFO     物理断电静置 3.0s
[2026-04-08 20:33:27] INFO     【结论】 [PASS] 成功关键字: voice_msgnum:9
[2026-04-08 20:33:27] INFO     统计 -> 成功: 517 | 失败: 10 | 异常: 0 | 成功率: 98.1%
[2026-04-08 20:33:27] INFO     
-------------------- 第 528 轮 | 最大监听: 3.6s --------------------
[2026-04-08 20:33:27] INFO     继电器 ON (开始充电)
[2026-04-08 20:33:27] INFO     继电器执行 -> ON
[2026-04-08 20:33:29] INFO     捕获目标指令: voice_msgnum:9
[2026-04-08 20:33:29] INFO     状态维稳，保持闭合 3.0s
[2026-04-08 20:33:32] INFO     继电器 OFF (切断充电)
[2026-04-08 20:33:32] INFO     继电器执行 -> OFF
[2026-04-08 20:33:32] INFO     物理断电静置 3.0s
[2026-04-08 20:33:35] INFO     【结论】 [PASS] 成功关键字: voice_msgnum:9
[2026-04-08 20:33:35] INFO     统计 -> 成功: 518 | 失败: 10 | 异常: 0 | 成功率: 98.1%
[2026-04-08 20:33:35] INFO     
-------------------- 第 529 轮 | 最大监听: 3.6s --------------------
[2026-04-08 20:33:35] INFO     继电器 ON (开始充电)
[2026-04-08 20:33:35] INFO     继电器执行 -> ON
[2026-04-08 20:33:36] INFO     捕获目标指令: voice_msgnum:9
[2026-04-08 20:33:36] INFO     状态维稳，保持闭合 3.0s
[2026-04-08 20:33:39] INFO     继电器 OFF (切断充电)
[2026-04-08 20:33:39] INFO     继电器执行 -> OFF
[2026-04-08 20:33:39] INFO     物理断电静置 3.0s
[2026-04-08 20:33:42] INFO     【结论】 [PASS] 成功关键字: voice_msgnum:9
[2026-04-08 20:33:42] INFO     统计 -> 成功: 519 | 失败: 10 | 异常: 0 | 成功率: 98.1%
[2026-04-08 20:33:42] INFO     
-------------------- 第 530 轮 | 最大监听: 3.0s --------------------
[2026-04-08 20:33:42] INFO     继电器 ON (开始充电)
[2026-04-08 20:33:42] INFO     继电器执行 -> ON
[2026-04-08 20:33:44] INFO     捕获目标指令: voice_msgnum:9
[2026-04-08 20:33:44] INFO     状态维稳，保持闭合 3.0s
[2026-04-08 20:33:47] INFO     继电器 OFF (切断充电)
[2026-04-08 20:33:47] INFO     继电器执行 -> OFF
[2026-04-08 20:33:47] INFO     物理断电静置 3.0s
[2026-04-08 20:33:50] INFO     【结论】 [PASS] 成功关键字: voice_msgnum:9
[2026-04-08 20:33:50] INFO     统计 -> 成功: 520 | 失败: 10 | 异常: 0 | 成功率: 98.1%
[2026-04-08 20:33:50] INFO     
-------------------- 第 531 轮 | 最大监听: 3.6s --------------------
[2026-04-08 20:33:50] INFO     继电器 ON (开始充电)
[2026-04-08 20:33:50] INFO     继电器执行 -> ON
[2026-04-08 20:33:52] INFO     捕获目标指令: voice_msgnum:9
[2026-04-08 20:33:52] INFO     状态维稳，保持闭合 3.0s
[2026-04-08 20:33:55] INFO     继电器 OFF (切断充电)
[2026-04-08 20:33:55] INFO     继电器执行 -> OFF
[2026-04-08 20:33:55] INFO     物理断电静置 3.0s
[2026-04-08 20:33:58] INFO     【结论】 [PASS] 成功关键字: voice_msgnum:9
[2026-04-08 20:33:58] INFO     统计 -> 成功: 521 | 失败: 10 | 异常: 0 | 成功率: 98.1%
[2026-04-08 20:33:58] INFO     
-------------------- 第 532 轮 | 最大监听: 3.5s --------------------
[2026-04-08 20:33:58] INFO     继电器 ON (开始充电)
[2026-04-08 20:33:58] INFO     继电器执行 -> ON
[2026-04-08 20:33:59] INFO     捕获目标指令: voice_msgnum:9
[2026-04-08 20:33:59] INFO     状态维稳，保持闭合 3.0s
[2026-04-08 20:34:02] INFO     继电器 OFF (切断充电)
[2026-04-08 20:34:02] INFO     继电器执行 -> OFF
[2026-04-08 20:34:02] INFO     物理断电静置 3.0s
[2026-04-08 20:34:05] INFO     【结论】 [PASS] 成功关键字: voice_msgnum:9
[2026-04-08 20:34:05] INFO     统计 -> 成功: 522 | 失败: 10 | 异常: 0 | 成功率: 98.1%
[2026-04-08 20:34:05] INFO     
-------------------- 第 533 轮 | 最大监听: 3.6s --------------------
[2026-04-08 20:34:05] INFO     继电器 ON (开始充电)
[2026-04-08 20:34:05] INFO     继电器执行 -> ON
[2026-04-08 20:34:07] INFO     捕获目标指令: voice_msgnum:9
[2026-04-08 20:34:07] INFO     状态维稳，保持闭合 3.0s
[2026-04-08 20:34:10] INFO     继电器 OFF (切断充电)
[2026-04-08 20:34:10] INFO     继电器执行 -> OFF
[2026-04-08 20:34:10] INFO     物理断电静置 3.0s
[2026-04-08 20:34:13] INFO     【结论】 [PASS] 成功关键字: voice_msgnum:9
[2026-04-08 20:34:13] INFO     统计 -> 成功: 523 | 失败: 10 | 异常: 0 | 成功率: 98.1%
[2026-04-08 20:34:13] INFO     
-------------------- 第 534 轮 | 最大监听: 3.5s --------------------
[2026-04-08 20:34:13] INFO     继电器 ON (开始充电)
[2026-04-08 20:34:13] INFO     继电器执行 -> ON
[2026-04-08 20:34:14] INFO     捕获目标指令: voice_msgnum:9
[2026-04-08 20:34:14] INFO     状态维稳，保持闭合 3.0s
[2026-04-08 20:34:17] INFO     继电器 OFF (切断充电)
[2026-04-08 20:34:17] INFO     继电器执行 -> OFF
[2026-04-08 20:34:17] INFO     物理断电静置 3.0s
[2026-04-08 20:34:21] INFO     【结论】 [PASS] 成功关键字: voice_msgnum:9
[2026-04-08 20:34:21] INFO     统计 -> 成功: 524 | 失败: 10 | 异常: 0 | 成功率: 98.1%
[2026-04-08 20:34:21] INFO     
-------------------- 第 535 轮 | 最大监听: 3.3s --------------------
[2026-04-08 20:34:21] INFO     继电器 ON (开始充电)
[2026-04-08 20:34:21] INFO     继电器执行 -> ON
[2026-04-08 20:34:22] INFO     捕获目标指令: voice_msgnum:9
[2026-04-08 20:34:22] INFO     状态维稳，保持闭合 3.0s
[2026-04-08 20:34:25] INFO     继电器 OFF (切断充电)
[2026-04-08 20:34:25] INFO     继电器执行 -> OFF
[2026-04-08 20:34:25] INFO     物理断电静置 3.0s
[2026-04-08 20:34:28] INFO     【结论】 [PASS] 成功关键字: voice_msgnum:9
[2026-04-08 20:34:28] INFO     统计 -> 成功: 525 | 失败: 10 | 异常: 0 | 成功率: 98.1%
[2026-04-08 20:34:28] INFO     
-------------------- 第 536 轮 | 最大监听: 3.9s --------------------
[2026-04-08 20:34:28] INFO     继电器 ON (开始充电)
[2026-04-08 20:34:28] INFO     继电器执行 -> ON
[2026-04-08 20:34:30] INFO     捕获目标指令: voice_msgnum:9
[2026-04-08 20:34:30] INFO     状态维稳，保持闭合 3.0s
[2026-04-08 20:34:33] INFO     继电器 OFF (切断充电)
[2026-04-08 20:34:33] INFO     继电器执行 -> OFF
[2026-04-08 20:34:33] INFO     物理断电静置 3.0s
[2026-04-08 20:34:36] INFO     【结论】 [PASS] 成功关键字: voice_msgnum:9
[2026-04-08 20:34:36] INFO     统计 -> 成功: 526 | 失败: 10 | 异常: 0 | 成功率: 98.1%
[2026-04-08 20:34:36] INFO     
-------------------- 第 537 轮 | 最大监听: 3.9s --------------------
[2026-04-08 20:34:36] INFO     继电器 ON (开始充电)
[2026-04-08 20:34:36] INFO     继电器执行 -> ON
[2026-04-08 20:34:37] INFO     捕获目标指令: voice_msgnum:9
[2026-04-08 20:34:37] INFO     状态维稳，保持闭合 3.0s
[2026-04-08 20:34:40] INFO     继电器 OFF (切断充电)
[2026-04-08 20:34:40] INFO     继电器执行 -> OFF
[2026-04-08 20:34:40] INFO     物理断电静置 3.0s
[2026-04-08 20:34:43] INFO     【结论】 [PASS] 成功关键字: voice_msgnum:9
[2026-04-08 20:34:43] INFO     统计 -> 成功: 527 | 失败: 10 | 异常: 0 | 成功率: 98.1%
[2026-04-08 20:34:43] INFO     
-------------------- 第 538 轮 | 最大监听: 3.4s --------------------
[2026-04-08 20:34:43] INFO     继电器 ON (开始充电)
[2026-04-08 20:34:43] INFO     继电器执行 -> ON
[2026-04-08 20:34:45] INFO     捕获目标指令: voice_msgnum:9
[2026-04-08 20:34:45] INFO     状态维稳，保持闭合 3.0s
[2026-04-08 20:34:48] INFO     继电器 OFF (切断充电)
[2026-04-08 20:34:48] INFO     继电器执行 -> OFF
[2026-04-08 20:34:48] INFO     物理断电静置 3.0s
[2026-04-08 20:34:51] INFO     【结论】 [PASS] 成功关键字: voice_msgnum:9
[2026-04-08 20:34:51] INFO     统计 -> 成功: 528 | 失败: 10 | 异常: 0 | 成功率: 98.1%
[2026-04-08 20:34:51] INFO     
-------------------- 第 539 轮 | 最大监听: 3.4s --------------------
[2026-04-08 20:34:51] INFO     继电器 ON (开始充电)
[2026-04-08 20:34:51] INFO     继电器执行 -> ON
[2026-04-08 20:34:52] INFO     捕获目标指令: voice_msgnum:9
[2026-04-08 20:34:52] INFO     状态维稳，保持闭合 3.0s
[2026-04-08 20:34:55] INFO     继电器 OFF (切断充电)
[2026-04-08 20:34:55] INFO     继电器执行 -> OFF
[2026-04-08 20:34:55] INFO     物理断电静置 3.0s
[2026-04-08 20:34:58] INFO     【结论】 [PASS] 成功关键字: voice_msgnum:9
[2026-04-08 20:34:58] INFO     统计 -> 成功: 529 | 失败: 10 | 异常: 0 | 成功率: 98.1%
[2026-04-08 20:34:58] INFO     
-------------------- 第 540 轮 | 最大监听: 3.5s --------------------
[2026-04-08 20:34:58] INFO     继电器 ON (开始充电)
[2026-04-08 20:34:59] INFO     继电器执行 -> ON
[2026-04-08 20:35:00] INFO     捕获目标指令: voice_msgnum:9
[2026-04-08 20:35:00] INFO     状态维稳，保持闭合 3.0s
[2026-04-08 20:35:03] INFO     继电器 OFF (切断充电)
[2026-04-08 20:35:03] INFO     继电器执行 -> OFF
[2026-04-08 20:35:03] INFO     物理断电静置 3.0s
[2026-04-08 20:35:06] INFO     【结论】 [PASS] 成功关键字: voice_msgnum:9
[2026-04-08 20:35:06] INFO     统计 -> 成功: 530 | 失败: 10 | 异常: 0 | 成功率: 98.1%
[2026-04-08 20:35:06] INFO     
-------------------- 第 541 轮 | 最大监听: 3.8s --------------------
[2026-04-08 20:35:06] INFO     继电器 ON (开始充电)
[2026-04-08 20:35:06] INFO     继电器执行 -> ON
[2026-04-08 20:35:08] INFO     捕获目标指令: voice_msgnum:9
[2026-04-08 20:35:08] INFO     状态维稳，保持闭合 3.0s
[2026-04-08 20:35:11] INFO     继电器 OFF (切断充电)
[2026-04-08 20:35:11] INFO     继电器执行 -> OFF
[2026-04-08 20:35:11] INFO     物理断电静置 3.0s
[2026-04-08 20:35:14] INFO     【结论】 [PASS] 成功关键字: voice_msgnum:9
[2026-04-08 20:35:14] INFO     统计 -> 成功: 531 | 失败: 10 | 异常: 0 | 成功率: 98.2%
[2026-04-08 20:35:14] INFO     
-------------------- 第 542 轮 | 最大监听: 3.1s --------------------
[2026-04-08 20:35:14] INFO     继电器 ON (开始充电)
[2026-04-08 20:35:14] INFO     继电器执行 -> ON
[2026-04-08 20:35:15] INFO     捕获目标指令: voice_msgnum:9
[2026-04-08 20:35:15] INFO     状态维稳，保持闭合 3.0s
[2026-04-08 20:35:18] INFO     继电器 OFF (切断充电)
[2026-04-08 20:35:18] INFO     继电器执行 -> OFF
[2026-04-08 20:35:18] INFO     物理断电静置 3.0s
[2026-04-08 20:35:21] INFO     【结论】 [PASS] 成功关键字: voice_msgnum:9
[2026-04-08 20:35:21] INFO     统计 -> 成功: 532 | 失败: 10 | 异常: 0 | 成功率: 98.2%
[2026-04-08 20:35:21] INFO     
-------------------- 第 543 轮 | 最大监听: 3.7s --------------------
[2026-04-08 20:35:21] INFO     继电器 ON (开始充电)
[2026-04-08 20:35:21] INFO     继电器执行 -> ON
[2026-04-08 20:35:23] INFO     捕获目标指令: voice_msgnum:9
[2026-04-08 20:35:23] INFO     状态维稳，保持闭合 3.0s
[2026-04-08 20:35:26] INFO     继电器 OFF (切断充电)
[2026-04-08 20:35:26] INFO     继电器执行 -> OFF
[2026-04-08 20:35:26] INFO     物理断电静置 3.0s
[2026-04-08 20:35:29] INFO     【结论】 [PASS] 成功关键字: voice_msgnum:9
[2026-04-08 20:35:29] INFO     统计 -> 成功: 533 | 失败: 10 | 异常: 0 | 成功率: 98.2%
[2026-04-08 20:35:29] INFO     
-------------------- 第 544 轮 | 最大监听: 3.2s --------------------
[2026-04-08 20:35:29] INFO     继电器 ON (开始充电)
[2026-04-08 20:35:29] INFO     继电器执行 -> ON
[2026-04-08 20:35:30] INFO     捕获目标指令: voice_msgnum:9
[2026-04-08 20:35:30] INFO     状态维稳，保持闭合 3.0s
[2026-04-08 20:35:33] INFO     继电器 OFF (切断充电)
[2026-04-08 20:35:33] INFO     继电器执行 -> OFF
[2026-04-08 20:35:33] INFO     物理断电静置 3.0s
[2026-04-08 20:35:36] INFO     【结论】 [PASS] 成功关键字: voice_msgnum:9
[2026-04-08 20:35:36] INFO     统计 -> 成功: 534 | 失败: 10 | 异常: 0 | 成功率: 98.2%
[2026-04-08 20:35:36] INFO     
-------------------- 第 545 轮 | 最大监听: 3.3s --------------------
[2026-04-08 20:35:36] INFO     继电器 ON (开始充电)
[2026-04-08 20:35:37] INFO     继电器执行 -> ON
[2026-04-08 20:35:38] INFO     捕获目标指令: voice_msgnum:9
[2026-04-08 20:35:38] INFO     状态维稳，保持闭合 3.0s
[2026-04-08 20:35:41] INFO     继电器 OFF (切断充电)
[2026-04-08 20:35:41] INFO     继电器执行 -> OFF
[2026-04-08 20:35:41] INFO     物理断电静置 3.0s
[2026-04-08 20:35:44] INFO     【结论】 [PASS] 成功关键字: voice_msgnum:9
[2026-04-08 20:35:44] INFO     统计 -> 成功: 535 | 失败: 10 | 异常: 0 | 成功率: 98.2%
[2026-04-08 20:35:44] INFO     
-------------------- 第 546 轮 | 最大监听: 3.6s --------------------
[2026-04-08 20:35:44] INFO     继电器 ON (开始充电)
[2026-04-08 20:35:44] INFO     继电器执行 -> ON
[2026-04-08 20:35:46] INFO     捕获目标指令: voice_msgnum:9
[2026-04-08 20:35:46] INFO     状态维稳，保持闭合 3.0s
[2026-04-08 20:35:49] INFO     继电器 OFF (切断充电)
[2026-04-08 20:35:49] INFO     继电器执行 -> OFF
[2026-04-08 20:35:49] INFO     物理断电静置 3.0s
[2026-04-08 20:35:52] INFO     【结论】 [PASS] 成功关键字: voice_msgnum:9
[2026-04-08 20:35:52] INFO     统计 -> 成功: 536 | 失败: 10 | 异常: 0 | 成功率: 98.2%
[2026-04-08 20:35:52] INFO     
-------------------- 第 547 轮 | 最大监听: 3.3s --------------------
[2026-04-08 20:35:52] INFO     继电器 ON (开始充电)
[2026-04-08 20:35:52] INFO     继电器执行 -> ON
[2026-04-08 20:35:53] INFO     捕获目标指令: voice_msgnum:9
[2026-04-08 20:35:53] INFO     状态维稳，保持闭合 3.0s
[2026-04-08 20:35:56] INFO     继电器 OFF (切断充电)
[2026-04-08 20:35:56] INFO     继电器执行 -> OFF
[2026-04-08 20:35:56] INFO     物理断电静置 3.0s
[2026-04-08 20:35:59] INFO     【结论】 [PASS] 成功关键字: voice_msgnum:9
[2026-04-08 20:35:59] INFO     统计 -> 成功: 537 | 失败: 10 | 异常: 0 | 成功率: 98.2%
[2026-04-08 20:35:59] INFO     
-------------------- 第 548 轮 | 最大监听: 3.3s --------------------
[2026-04-08 20:35:59] INFO     继电器 ON (开始充电)
[2026-04-08 20:35:59] INFO     继电器执行 -> ON
[2026-04-08 20:36:01] INFO     捕获目标指令: voice_msgnum:9
[2026-04-08 20:36:01] INFO     状态维稳，保持闭合 3.0s
[2026-04-08 20:36:04] INFO     继电器 OFF (切断充电)
[2026-04-08 20:36:04] INFO     继电器执行 -> OFF
[2026-04-08 20:36:04] INFO     物理断电静置 3.0s
[2026-04-08 20:36:07] INFO     【结论】 [PASS] 成功关键字: voice_msgnum:9
[2026-04-08 20:36:07] INFO     统计 -> 成功: 538 | 失败: 10 | 异常: 0 | 成功率: 98.2%
[2026-04-08 20:36:07] INFO     
-------------------- 第 549 轮 | 最大监听: 3.1s --------------------
[2026-04-08 20:36:07] INFO     继电器 ON (开始充电)
[2026-04-08 20:36:07] INFO     继电器执行 -> ON
[2026-04-08 20:36:08] INFO     捕获目标指令: voice_msgnum:9
[2026-04-08 20:36:08] INFO     状态维稳，保持闭合 3.0s
[2026-04-08 20:36:11] INFO     继电器 OFF (切断充电)
[2026-04-08 20:36:11] INFO     继电器执行 -> OFF
[2026-04-08 20:36:11] INFO     物理断电静置 3.0s
[2026-04-08 20:36:15] INFO     【结论】 [PASS] 成功关键字: voice_msgnum:9
[2026-04-08 20:36:15] INFO     统计 -> 成功: 539 | 失败: 10 | 异常: 0 | 成功率: 98.2%
[2026-04-08 20:36:15] INFO     
-------------------- 第 550 轮 | 最大监听: 3.6s --------------------
[2026-04-08 20:36:15] INFO     继电器 ON (开始充电)
[2026-04-08 20:36:15] INFO     继电器执行 -> ON
[2026-04-08 20:36:16] INFO     捕获目标指令: voice_msgnum:9
[2026-04-08 20:36:16] INFO     状态维稳，保持闭合 3.0s
[2026-04-08 20:36:19] INFO     继电器 OFF (切断充电)
[2026-04-08 20:36:19] INFO     继电器执行 -> OFF
[2026-04-08 20:36:19] INFO     物理断电静置 3.0s
[2026-04-08 20:36:22] INFO     【结论】 [PASS] 成功关键字: voice_msgnum:9
[2026-04-08 20:36:22] INFO     统计 -> 成功: 540 | 失败: 10 | 异常: 0 | 成功率: 98.2%
[2026-04-08 20:36:22] INFO     
-------------------- 第 551 轮 | 最大监听: 3.3s --------------------
[2026-04-08 20:36:22] INFO     继电器 ON (开始充电)
[2026-04-08 20:36:22] INFO     继电器执行 -> ON
[2026-04-08 20:36:24] INFO     捕获目标指令: voice_msgnum:9
[2026-04-08 20:36:24] INFO     状态维稳，保持闭合 3.0s
[2026-04-08 20:36:27] INFO     继电器 OFF (切断充电)
[2026-04-08 20:36:27] INFO     继电器执行 -> OFF
[2026-04-08 20:36:27] INFO     物理断电静置 3.0s
[2026-04-08 20:36:30] INFO     【结论】 [PASS] 成功关键字: voice_msgnum:9
[2026-04-08 20:36:30] INFO     统计 -> 成功: 541 | 失败: 10 | 异常: 0 | 成功率: 98.2%
[2026-04-08 20:36:30] INFO     
-------------------- 第 552 轮 | 最大监听: 3.4s --------------------
[2026-04-08 20:36:30] INFO     继电器 ON (开始充电)
[2026-04-08 20:36:30] INFO     继电器执行 -> ON
[2026-04-08 20:36:31] INFO     捕获目标指令: voice_msgnum:9
[2026-04-08 20:36:31] INFO     状态维稳，保持闭合 3.0s
[2026-04-08 20:36:34] INFO     继电器 OFF (切断充电)
[2026-04-08 20:36:34] INFO     继电器执行 -> OFF
[2026-04-08 20:36:34] INFO     物理断电静置 3.0s
[2026-04-08 20:36:37] INFO     【结论】 [PASS] 成功关键字: voice_msgnum:9
[2026-04-08 20:36:37] INFO     统计 -> 成功: 542 | 失败: 10 | 异常: 0 | 成功率: 98.2%
[2026-04-08 20:36:37] INFO     
-------------------- 第 553 轮 | 最大监听: 3.5s --------------------
[2026-04-08 20:36:37] INFO     继电器 ON (开始充电)
[2026-04-08 20:36:37] INFO     继电器执行 -> ON
[2026-04-08 20:36:39] INFO     捕获目标指令: voice_msgnum:9
[2026-04-08 20:36:39] INFO     状态维稳，保持闭合 3.0s
[2026-04-08 20:36:42] INFO     继电器 OFF (切断充电)
[2026-04-08 20:36:42] INFO     继电器执行 -> OFF
[2026-04-08 20:36:42] INFO     物理断电静置 3.0s
[2026-04-08 20:36:45] INFO     【结论】 [PASS] 成功关键字: voice_msgnum:9
[2026-04-08 20:36:45] INFO     统计 -> 成功: 543 | 失败: 10 | 异常: 0 | 成功率: 98.2%
[2026-04-08 20:36:45] INFO     
-------------------- 第 554 轮 | 最大监听: 3.8s --------------------
[2026-04-08 20:36:45] INFO     继电器 ON (开始充电)
[2026-04-08 20:36:45] INFO     继电器执行 -> ON
[2026-04-08 20:36:46] INFO     捕获目标指令: voice_msgnum:9
[2026-04-08 20:36:46] INFO     状态维稳，保持闭合 3.0s
[2026-04-08 20:36:49] INFO     继电器 OFF (切断充电)
[2026-04-08 20:36:49] INFO     继电器执行 -> OFF
[2026-04-08 20:36:49] INFO     物理断电静置 3.0s
[2026-04-08 20:36:52] INFO     【结论】 [PASS] 成功关键字: voice_msgnum:9
[2026-04-08 20:36:52] INFO     统计 -> 成功: 544 | 失败: 10 | 异常: 0 | 成功率: 98.2%
[2026-04-08 20:36:52] INFO     
-------------------- 第 555 轮 | 最大监听: 3.2s --------------------
[2026-04-08 20:36:52] INFO     继电器 ON (开始充电)
[2026-04-08 20:36:53] INFO     继电器执行 -> ON
[2026-04-08 20:36:54] INFO     捕获目标指令: voice_msgnum:9
[2026-04-08 20:36:54] INFO     状态维稳，保持闭合 3.0s
[2026-04-08 20:36:57] INFO     继电器 OFF (切断充电)
[2026-04-08 20:36:57] INFO     继电器执行 -> OFF
[2026-04-08 20:36:57] INFO     物理断电静置 3.0s
[2026-04-08 20:37:00] INFO     【结论】 [PASS] 成功关键字: voice_msgnum:9
[2026-04-08 20:37:00] INFO     统计 -> 成功: 545 | 失败: 10 | 异常: 0 | 成功率: 98.2%
[2026-04-08 20:37:00] INFO     
-------------------- 第 556 轮 | 最大监听: 3.4s --------------------
[2026-04-08 20:37:00] INFO     继电器 ON (开始充电)
[2026-04-08 20:37:00] INFO     继电器执行 -> ON
[2026-04-08 20:37:02] INFO     捕获目标指令: voice_msgnum:9
[2026-04-08 20:37:02] INFO     状态维稳，保持闭合 3.0s
[2026-04-08 20:37:05] INFO     继电器 OFF (切断充电)
[2026-04-08 20:37:05] INFO     继电器执行 -> OFF
[2026-04-08 20:37:05] INFO     物理断电静置 3.0s
[2026-04-08 20:37:08] INFO     【结论】 [PASS] 成功关键字: voice_msgnum:9
[2026-04-08 20:37:08] INFO     统计 -> 成功: 546 | 失败: 10 | 异常: 0 | 成功率: 98.2%
[2026-04-08 20:37:08] INFO     
-------------------- 第 557 轮 | 最大监听: 3.2s --------------------
[2026-04-08 20:37:08] INFO     继电器 ON (开始充电)
[2026-04-08 20:37:08] INFO     继电器执行 -> ON
[2026-04-08 20:37:09] INFO     捕获目标指令: voice_msgnum:9
[2026-04-08 20:37:09] INFO     状态维稳，保持闭合 3.0s
[2026-04-08 20:37:12] INFO     继电器 OFF (切断充电)
[2026-04-08 20:37:12] INFO     继电器执行 -> OFF
[2026-04-08 20:37:12] INFO     物理断电静置 3.0s
[2026-04-08 20:37:15] INFO     【结论】 [PASS] 成功关键字: voice_msgnum:9
[2026-04-08 20:37:15] INFO     统计 -> 成功: 547 | 失败: 10 | 异常: 0 | 成功率: 98.2%
[2026-04-08 20:37:15] INFO     
-------------------- 第 558 轮 | 最大监听: 3.4s --------------------
[2026-04-08 20:37:15] INFO     继电器 ON (开始充电)
[2026-04-08 20:37:15] INFO     继电器执行 -> ON
[2026-04-08 20:37:17] INFO     捕获目标指令: voice_msgnum:9
[2026-04-08 20:37:17] INFO     状态维稳，保持闭合 3.0s
[2026-04-08 20:37:20] INFO     继电器 OFF (切断充电)
[2026-04-08 20:37:20] INFO     继电器执行 -> OFF
[2026-04-08 20:37:20] INFO     物理断电静置 3.0s
[2026-04-08 20:37:23] INFO     【结论】 [PASS] 成功关键字: voice_msgnum:9
[2026-04-08 20:37:23] INFO     统计 -> 成功: 548 | 失败: 10 | 异常: 0 | 成功率: 98.2%
[2026-04-08 20:37:23] INFO     
-------------------- 第 559 轮 | 最大监听: 3.5s --------------------
[2026-04-08 20:37:23] INFO     继电器 ON (开始充电)
[2026-04-08 20:37:23] INFO     继电器执行 -> ON
[2026-04-08 20:37:24] INFO     捕获目标指令: voice_msgnum:9
[2026-04-08 20:37:24] INFO     状态维稳，保持闭合 3.0s
[2026-04-08 20:37:27] INFO     继电器 OFF (切断充电)
[2026-04-08 20:37:27] INFO     继电器执行 -> OFF
[2026-04-08 20:37:27] INFO     物理断电静置 3.0s
[2026-04-08 20:37:30] INFO     【结论】 [PASS] 成功关键字: voice_msgnum:9
[2026-04-08 20:37:30] INFO     统计 -> 成功: 549 | 失败: 10 | 异常: 0 | 成功率: 98.2%
[2026-04-08 20:37:30] INFO     
-------------------- 第 560 轮 | 最大监听: 3.3s --------------------
[2026-04-08 20:37:30] INFO     继电器 ON (开始充电)
[2026-04-08 20:37:31] INFO     继电器执行 -> ON
[2026-04-08 20:37:32] INFO     捕获目标指令: voice_msgnum:9
[2026-04-08 20:37:32] INFO     状态维稳，保持闭合 3.0s
[2026-04-08 20:37:35] INFO     继电器 OFF (切断充电)
[2026-04-08 20:37:35] INFO     继电器执行 -> OFF
[2026-04-08 20:37:35] INFO     物理断电静置 3.0s
[2026-04-08 20:37:38] INFO     【结论】 [PASS] 成功关键字: voice_msgnum:9
[2026-04-08 20:37:38] INFO     统计 -> 成功: 550 | 失败: 10 | 异常: 0 | 成功率: 98.2%
[2026-04-08 20:37:38] INFO     
-------------------- 第 561 轮 | 最大监听: 4.0s --------------------
[2026-04-08 20:37:38] INFO     继电器 ON (开始充电)
[2026-04-08 20:37:38] INFO     继电器执行 -> ON
[2026-04-08 20:37:40] INFO     捕获目标指令: voice_msgnum:9
[2026-04-08 20:37:40] INFO     状态维稳，保持闭合 3.0s
[2026-04-08 20:37:43] INFO     继电器 OFF (切断充电)
[2026-04-08 20:37:43] INFO     继电器执行 -> OFF
[2026-04-08 20:37:43] INFO     物理断电静置 3.0s
[2026-04-08 20:37:46] INFO     【结论】 [PASS] 成功关键字: voice_msgnum:9
[2026-04-08 20:37:46] INFO     统计 -> 成功: 551 | 失败: 10 | 异常: 0 | 成功率: 98.2%
[2026-04-08 20:37:46] INFO     
-------------------- 第 562 轮 | 最大监听: 3.8s --------------------
[2026-04-08 20:37:46] INFO     继电器 ON (开始充电)
[2026-04-08 20:37:46] INFO     继电器执行 -> ON
[2026-04-08 20:37:47] INFO     捕获目标指令: voice_msgnum:9
[2026-04-08 20:37:47] INFO     状态维稳，保持闭合 3.0s
[2026-04-08 20:37:50] INFO     继电器 OFF (切断充电)
[2026-04-08 20:37:50] INFO     继电器执行 -> OFF
[2026-04-08 20:37:50] INFO     物理断电静置 3.0s
[2026-04-08 20:37:53] INFO     【结论】 [PASS] 成功关键字: voice_msgnum:9
[2026-04-08 20:37:53] INFO     统计 -> 成功: 552 | 失败: 10 | 异常: 0 | 成功率: 98.2%
[2026-04-08 20:37:53] INFO     
-------------------- 第 563 轮 | 最大监听: 4.0s --------------------
[2026-04-08 20:37:53] INFO     继电器 ON (开始充电)
[2026-04-08 20:37:53] INFO     继电器执行 -> ON
[2026-04-08 20:37:55] INFO     捕获目标指令: voice_msgnum:9
[2026-04-08 20:37:55] INFO     状态维稳，保持闭合 3.0s
[2026-04-08 20:37:58] INFO     继电器 OFF (切断充电)
[2026-04-08 20:37:58] INFO     继电器执行 -> OFF
[2026-04-08 20:37:58] INFO     物理断电静置 3.0s
[2026-04-08 20:38:01] INFO     【结论】 [PASS] 成功关键字: voice_msgnum:9
[2026-04-08 20:38:01] INFO     统计 -> 成功: 553 | 失败: 10 | 异常: 0 | 成功率: 98.2%
[2026-04-08 20:38:01] INFO     
-------------------- 第 564 轮 | 最大监听: 3.1s --------------------
[2026-04-08 20:38:01] INFO     继电器 ON (开始充电)
[2026-04-08 20:38:01] INFO     继电器执行 -> ON
[2026-04-08 20:38:02] INFO     捕获目标指令: voice_msgnum:9
[2026-04-08 20:38:02] INFO     状态维稳，保持闭合 3.0s
[2026-04-08 20:38:05] INFO     继电器 OFF (切断充电)
[2026-04-08 20:38:05] INFO     继电器执行 -> OFF
[2026-04-08 20:38:05] INFO     物理断电静置 3.0s
[2026-04-08 20:38:08] INFO     【结论】 [PASS] 成功关键字: voice_msgnum:9
[2026-04-08 20:38:08] INFO     统计 -> 成功: 554 | 失败: 10 | 异常: 0 | 成功率: 98.2%
[2026-04-08 20:38:08] INFO     
-------------------- 第 565 轮 | 最大监听: 3.9s --------------------
[2026-04-08 20:38:08] INFO     继电器 ON (开始充电)
[2026-04-08 20:38:09] INFO     继电器执行 -> ON
[2026-04-08 20:38:10] INFO     捕获目标指令: voice_msgnum:9
[2026-04-08 20:38:10] INFO     状态维稳，保持闭合 3.0s
[2026-04-08 20:38:13] INFO     继电器 OFF (切断充电)
[2026-04-08 20:38:13] INFO     继电器执行 -> OFF
[2026-04-08 20:38:13] INFO     物理断电静置 3.0s
[2026-04-08 20:38:16] INFO     【结论】 [PASS] 成功关键字: voice_msgnum:9
[2026-04-08 20:38:16] INFO     统计 -> 成功: 555 | 失败: 10 | 异常: 0 | 成功率: 98.2%
[2026-04-08 20:38:16] INFO     
-------------------- 第 566 轮 | 最大监听: 3.1s --------------------
[2026-04-08 20:38:16] INFO     继电器 ON (开始充电)
[2026-04-08 20:38:16] INFO     继电器执行 -> ON
[2026-04-08 20:38:18] INFO     捕获目标指令: voice_msgnum:9
[2026-04-08 20:38:18] INFO     状态维稳，保持闭合 3.0s
[2026-04-08 20:38:21] INFO     继电器 OFF (切断充电)
[2026-04-08 20:38:21] INFO     继电器执行 -> OFF
[2026-04-08 20:38:21] INFO     物理断电静置 3.0s
[2026-04-08 20:38:24] INFO     【结论】 [PASS] 成功关键字: voice_msgnum:9
[2026-04-08 20:38:24] INFO     统计 -> 成功: 556 | 失败: 10 | 异常: 0 | 成功率: 98.2%
[2026-04-08 20:38:24] INFO     
-------------------- 第 567 轮 | 最大监听: 3.9s --------------------
[2026-04-08 20:38:24] INFO     继电器 ON (开始充电)
[2026-04-08 20:38:24] INFO     继电器执行 -> ON
[2026-04-08 20:38:25] INFO     捕获目标指令: voice_msgnum:9
[2026-04-08 20:38:25] INFO     状态维稳，保持闭合 3.0s
[2026-04-08 20:38:28] INFO     继电器 OFF (切断充电)
[2026-04-08 20:38:28] INFO     继电器执行 -> OFF
[2026-04-08 20:38:28] INFO     物理断电静置 3.0s
[2026-04-08 20:38:31] INFO     【结论】 [PASS] 成功关键字: voice_msgnum:9
[2026-04-08 20:38:31] INFO     统计 -> 成功: 557 | 失败: 10 | 异常: 0 | 成功率: 98.2%
[2026-04-08 20:38:31] INFO     
-------------------- 第 568 轮 | 最大监听: 3.9s --------------------
[2026-04-08 20:38:31] INFO     继电器 ON (开始充电)
[2026-04-08 20:38:31] INFO     继电器执行 -> ON
[2026-04-08 20:38:33] INFO     捕获目标指令: voice_msgnum:9
[2026-04-08 20:38:33] INFO     状态维稳，保持闭合 3.0s
[2026-04-08 20:38:36] INFO     继电器 OFF (切断充电)
[2026-04-08 20:38:36] INFO     继电器执行 -> OFF
[2026-04-08 20:38:36] INFO     物理断电静置 3.0s
[2026-04-08 20:38:39] INFO     【结论】 [PASS] 成功关键字: voice_msgnum:9
[2026-04-08 20:38:39] INFO     统计 -> 成功: 558 | 失败: 10 | 异常: 0 | 成功率: 98.2%
[2026-04-08 20:38:39] INFO     
-------------------- 第 569 轮 | 最大监听: 3.9s --------------------
[2026-04-08 20:38:39] INFO     继电器 ON (开始充电)
[2026-04-08 20:38:39] INFO     继电器执行 -> ON
[2026-04-08 20:38:40] INFO     捕获目标指令: voice_msgnum:9
[2026-04-08 20:38:40] INFO     状态维稳，保持闭合 3.0s
[2026-04-08 20:38:43] INFO     继电器 OFF (切断充电)
[2026-04-08 20:38:43] INFO     继电器执行 -> OFF
[2026-04-08 20:38:43] INFO     物理断电静置 3.0s
[2026-04-08 20:38:46] INFO     【结论】 [PASS] 成功关键字: voice_msgnum:9
[2026-04-08 20:38:46] INFO     统计 -> 成功: 559 | 失败: 10 | 异常: 0 | 成功率: 98.2%
[2026-04-08 20:38:46] INFO     
-------------------- 第 570 轮 | 最大监听: 3.1s --------------------
[2026-04-08 20:38:46] INFO     继电器 ON (开始充电)
[2026-04-08 20:38:47] INFO     继电器执行 -> ON
[2026-04-08 20:38:48] INFO     捕获目标指令: voice_msgnum:9
[2026-04-08 20:38:48] INFO     状态维稳，保持闭合 3.0s
[2026-04-08 20:38:51] INFO     继电器 OFF (切断充电)
[2026-04-08 20:38:51] INFO     继电器执行 -> OFF
[2026-04-08 20:38:51] INFO     物理断电静置 3.0s
[2026-04-08 20:38:54] INFO     【结论】 [PASS] 成功关键字: voice_msgnum:9
[2026-04-08 20:38:54] INFO     统计 -> 成功: 560 | 失败: 10 | 异常: 0 | 成功率: 98.2%
[2026-04-08 20:38:54] INFO     
-------------------- 第 571 轮 | 最大监听: 3.4s --------------------
[2026-04-08 20:38:54] INFO     继电器 ON (开始充电)
[2026-04-08 20:38:54] INFO     继电器执行 -> ON
[2026-04-08 20:38:56] INFO     捕获目标指令: voice_msgnum:9
[2026-04-08 20:38:56] INFO     状态维稳，保持闭合 3.0s
[2026-04-08 20:38:59] INFO     继电器 OFF (切断充电)
[2026-04-08 20:38:59] INFO     继电器执行 -> OFF
[2026-04-08 20:38:59] INFO     物理断电静置 3.0s
[2026-04-08 20:39:02] INFO     【结论】 [PASS] 成功关键字: voice_msgnum:9
[2026-04-08 20:39:02] INFO     统计 -> 成功: 561 | 失败: 10 | 异常: 0 | 成功率: 98.2%
[2026-04-08 20:39:02] INFO     
-------------------- 第 572 轮 | 最大监听: 3.6s --------------------
[2026-04-08 20:39:02] INFO     继电器 ON (开始充电)
[2026-04-08 20:39:02] INFO     继电器执行 -> ON
[2026-04-08 20:39:03] INFO     捕获目标指令: voice_msgnum:9
[2026-04-08 20:39:03] INFO     状态维稳，保持闭合 3.0s
[2026-04-08 20:39:06] INFO     继电器 OFF (切断充电)
[2026-04-08 20:39:06] INFO     继电器执行 -> OFF
[2026-04-08 20:39:06] INFO     物理断电静置 3.0s
[2026-04-08 20:39:09] INFO     【结论】 [PASS] 成功关键字: voice_msgnum:9
[2026-04-08 20:39:09] INFO     统计 -> 成功: 562 | 失败: 10 | 异常: 0 | 成功率: 98.3%
[2026-04-08 20:39:09] INFO     
-------------------- 第 573 轮 | 最大监听: 4.0s --------------------
[2026-04-08 20:39:09] INFO     继电器 ON (开始充电)
[2026-04-08 20:39:09] INFO     继电器执行 -> ON
[2026-04-08 20:39:11] INFO     捕获目标指令: voice_msgnum:9
[2026-04-08 20:39:11] INFO     状态维稳，保持闭合 3.0s
[2026-04-08 20:39:14] INFO     继电器 OFF (切断充电)
[2026-04-08 20:39:14] INFO     继电器执行 -> OFF
[2026-04-08 20:39:14] INFO     物理断电静置 3.0s
[2026-04-08 20:39:17] INFO     【结论】 [PASS] 成功关键字: voice_msgnum:9
[2026-04-08 20:39:17] INFO     统计 -> 成功: 563 | 失败: 10 | 异常: 0 | 成功率: 98.3%
[2026-04-08 20:39:17] INFO     
-------------------- 第 574 轮 | 最大监听: 3.5s --------------------
[2026-04-08 20:39:17] INFO     继电器 ON (开始充电)
[2026-04-08 20:39:17] INFO     继电器执行 -> ON
[2026-04-08 20:39:18] INFO     捕获目标指令: voice_msgnum:9
[2026-04-08 20:39:18] INFO     状态维稳，保持闭合 3.0s
[2026-04-08 20:39:21] INFO     继电器 OFF (切断充电)
[2026-04-08 20:39:21] INFO     继电器执行 -> OFF
[2026-04-08 20:39:21] INFO     物理断电静置 3.0s
[2026-04-08 20:39:24] INFO     【结论】 [PASS] 成功关键字: voice_msgnum:9
[2026-04-08 20:39:24] INFO     统计 -> 成功: 564 | 失败: 10 | 异常: 0 | 成功率: 98.3%
[2026-04-08 20:39:24] INFO     
-------------------- 第 575 轮 | 最大监听: 3.1s --------------------
[2026-04-08 20:39:24] INFO     继电器 ON (开始充电)
[2026-04-08 20:39:25] INFO     继电器执行 -> ON
[2026-04-08 20:39:26] INFO     捕获目标指令: voice_msgnum:9
[2026-04-08 20:39:26] INFO     状态维稳，保持闭合 3.0s
[2026-04-08 20:39:29] INFO     继电器 OFF (切断充电)
[2026-04-08 20:39:29] INFO     继电器执行 -> OFF
[2026-04-08 20:39:29] INFO     物理断电静置 3.0s
[2026-04-08 20:39:32] INFO     【结论】 [PASS] 成功关键字: voice_msgnum:9
[2026-04-08 20:39:32] INFO     统计 -> 成功: 565 | 失败: 10 | 异常: 0 | 成功率: 98.3%
[2026-04-08 20:39:32] INFO     
-------------------- 第 576 轮 | 最大监听: 3.1s --------------------
[2026-04-08 20:39:32] INFO     继电器 ON (开始充电)
[2026-04-08 20:39:32] INFO     继电器执行 -> ON
[2026-04-08 20:39:34] INFO     捕获目标指令: voice_msgnum:9
[2026-04-08 20:39:34] INFO     状态维稳，保持闭合 3.0s
[2026-04-08 20:39:37] INFO     继电器 OFF (切断充电)
[2026-04-08 20:39:37] INFO     继电器执行 -> OFF
[2026-04-08 20:39:37] INFO     物理断电静置 3.0s
[2026-04-08 20:39:40] INFO     【结论】 [PASS] 成功关键字: voice_msgnum:9
[2026-04-08 20:39:40] INFO     统计 -> 成功: 566 | 失败: 10 | 异常: 0 | 成功率: 98.3%
[2026-04-08 20:39:40] INFO     
-------------------- 第 577 轮 | 最大监听: 3.7s --------------------
[2026-04-08 20:39:40] INFO     继电器 ON (开始充电)
[2026-04-08 20:39:40] INFO     继电器执行 -> ON
[2026-04-08 20:39:41] INFO     捕获目标指令: voice_msgnum:9
[2026-04-08 20:39:41] INFO     状态维稳，保持闭合 3.0s
[2026-04-08 20:39:44] INFO     继电器 OFF (切断充电)
[2026-04-08 20:39:44] INFO     继电器执行 -> OFF
[2026-04-08 20:39:44] INFO     物理断电静置 3.0s
[2026-04-08 20:39:47] INFO     【结论】 [PASS] 成功关键字: voice_msgnum:9
[2026-04-08 20:39:47] INFO     统计 -> 成功: 567 | 失败: 10 | 异常: 0 | 成功率: 98.3%
[2026-04-08 20:39:47] INFO     
-------------------- 第 578 轮 | 最大监听: 3.0s --------------------
[2026-04-08 20:39:47] INFO     继电器 ON (开始充电)
[2026-04-08 20:39:47] INFO     继电器执行 -> ON
[2026-04-08 20:39:49] INFO     捕获目标指令: voice_msgnum:9
[2026-04-08 20:39:49] INFO     状态维稳，保持闭合 3.0s
[2026-04-08 20:39:52] INFO     继电器 OFF (切断充电)
[2026-04-08 20:39:52] INFO     继电器执行 -> OFF
[2026-04-08 20:39:52] INFO     物理断电静置 3.0s
[2026-04-08 20:39:55] INFO     【结论】 [PASS] 成功关键字: voice_msgnum:9
[2026-04-08 20:39:55] INFO     统计 -> 成功: 568 | 失败: 10 | 异常: 0 | 成功率: 98.3%
[2026-04-08 20:39:55] INFO     
-------------------- 第 579 轮 | 最大监听: 3.2s --------------------
[2026-04-08 20:39:55] INFO     继电器 ON (开始充电)
[2026-04-08 20:39:55] INFO     继电器执行 -> ON
[2026-04-08 20:39:56] INFO     捕获目标指令: voice_msgnum:9
[2026-04-08 20:39:56] INFO     状态维稳，保持闭合 3.0s
[2026-04-08 20:39:59] INFO     继电器 OFF (切断充电)
[2026-04-08 20:39:59] INFO     继电器执行 -> OFF
[2026-04-08 20:39:59] INFO     物理断电静置 3.0s
[2026-04-08 20:40:02] INFO     【结论】 [PASS] 成功关键字: voice_msgnum:9
[2026-04-08 20:40:02] INFO     统计 -> 成功: 569 | 失败: 10 | 异常: 0 | 成功率: 98.3%
[2026-04-08 20:40:02] INFO     
-------------------- 第 580 轮 | 最大监听: 3.4s --------------------
[2026-04-08 20:40:02] INFO     继电器 ON (开始充电)
[2026-04-08 20:40:03] INFO     继电器执行 -> ON
[2026-04-08 20:40:04] INFO     捕获目标指令: voice_msgnum:9
[2026-04-08 20:40:04] INFO     状态维稳，保持闭合 3.0s
[2026-04-08 20:40:07] INFO     继电器 OFF (切断充电)
[2026-04-08 20:40:07] INFO     继电器执行 -> OFF
[2026-04-08 20:40:07] INFO     物理断电静置 3.0s
[2026-04-08 20:40:10] INFO     【结论】 [PASS] 成功关键字: voice_msgnum:9
[2026-04-08 20:40:10] INFO     统计 -> 成功: 570 | 失败: 10 | 异常: 0 | 成功率: 98.3%
[2026-04-08 20:40:10] INFO     
-------------------- 第 581 轮 | 最大监听: 3.6s --------------------
[2026-04-08 20:40:10] INFO     继电器 ON (开始充电)
[2026-04-08 20:40:10] INFO     继电器执行 -> ON
[2026-04-08 20:40:12] INFO     捕获目标指令: voice_msgnum:9
[2026-04-08 20:40:12] INFO     状态维稳，保持闭合 3.0s
[2026-04-08 20:40:15] INFO     继电器 OFF (切断充电)
[2026-04-08 20:40:15] INFO     继电器执行 -> OFF
[2026-04-08 20:40:15] INFO     物理断电静置 3.0s
[2026-04-08 20:40:18] INFO     【结论】 [PASS] 成功关键字: voice_msgnum:9
[2026-04-08 20:40:18] INFO     统计 -> 成功: 571 | 失败: 10 | 异常: 0 | 成功率: 98.3%
[2026-04-08 20:40:18] INFO     
-------------------- 第 582 轮 | 最大监听: 3.6s --------------------
[2026-04-08 20:40:18] INFO     继电器 ON (开始充电)
[2026-04-08 20:40:18] INFO     继电器执行 -> ON
[2026-04-08 20:40:19] INFO     捕获目标指令: voice_msgnum:9
[2026-04-08 20:40:19] INFO     状态维稳，保持闭合 3.0s
[2026-04-08 20:40:22] INFO     继电器 OFF (切断充电)
[2026-04-08 20:40:22] INFO     继电器执行 -> OFF
[2026-04-08 20:40:22] INFO     物理断电静置 3.0s
[2026-04-08 20:40:25] INFO     【结论】 [PASS] 成功关键字: voice_msgnum:9
[2026-04-08 20:40:25] INFO     统计 -> 成功: 572 | 失败: 10 | 异常: 0 | 成功率: 98.3%
[2026-04-08 20:40:25] INFO     
-------------------- 第 583 轮 | 最大监听: 3.9s --------------------
[2026-04-08 20:40:25] INFO     继电器 ON (开始充电)
[2026-04-08 20:40:25] INFO     继电器执行 -> ON
[2026-04-08 20:40:27] INFO     捕获目标指令: voice_msgnum:9
[2026-04-08 20:40:27] INFO     状态维稳，保持闭合 3.0s
[2026-04-08 20:40:30] INFO     继电器 OFF (切断充电)
[2026-04-08 20:40:30] INFO     继电器执行 -> OFF
[2026-04-08 20:40:30] INFO     物理断电静置 3.0s
[2026-04-08 20:40:33] INFO     【结论】 [PASS] 成功关键字: voice_msgnum:9
[2026-04-08 20:40:33] INFO     统计 -> 成功: 573 | 失败: 10 | 异常: 0 | 成功率: 98.3%
[2026-04-08 20:40:33] INFO     
-------------------- 第 584 轮 | 最大监听: 3.2s --------------------
[2026-04-08 20:40:33] INFO     继电器 ON (开始充电)
[2026-04-08 20:40:33] INFO     继电器执行 -> ON
[2026-04-08 20:40:34] INFO     捕获目标指令: voice_msgnum:9
[2026-04-08 20:40:34] INFO     状态维稳，保持闭合 3.0s
[2026-04-08 20:40:37] INFO     继电器 OFF (切断充电)
[2026-04-08 20:40:37] INFO     继电器执行 -> OFF
[2026-04-08 20:40:37] INFO     物理断电静置 3.0s
[2026-04-08 20:40:40] INFO     【结论】 [PASS] 成功关键字: voice_msgnum:9
[2026-04-08 20:40:40] INFO     统计 -> 成功: 574 | 失败: 10 | 异常: 0 | 成功率: 98.3%
[2026-04-08 20:40:40] INFO     
-------------------- 第 585 轮 | 最大监听: 3.1s --------------------
[2026-04-08 20:40:40] INFO     继电器 ON (开始充电)
[2026-04-08 20:40:41] INFO     继电器执行 -> ON
[2026-04-08 20:40:42] INFO     捕获目标指令: voice_msgnum:9
[2026-04-08 20:40:42] INFO     状态维稳，保持闭合 3.0s
[2026-04-08 20:40:45] INFO     继电器 OFF (切断充电)
[2026-04-08 20:40:45] INFO     继电器执行 -> OFF
[2026-04-08 20:40:45] INFO     物理断电静置 3.0s
[2026-04-08 20:40:48] INFO     【结论】 [PASS] 成功关键字: voice_msgnum:9
[2026-04-08 20:40:48] INFO     统计 -> 成功: 575 | 失败: 10 | 异常: 0 | 成功率: 98.3%
[2026-04-08 20:40:48] INFO     
-------------------- 第 586 轮 | 最大监听: 3.1s --------------------
[2026-04-08 20:40:48] INFO     继电器 ON (开始充电)
[2026-04-08 20:40:48] INFO     继电器执行 -> ON
[2026-04-08 20:40:50] INFO     捕获目标指令: voice_msgnum:9
[2026-04-08 20:40:50] INFO     状态维稳，保持闭合 3.0s
[2026-04-08 20:40:53] INFO     继电器 OFF (切断充电)
[2026-04-08 20:40:53] INFO     继电器执行 -> OFF
[2026-04-08 20:40:53] INFO     物理断电静置 3.0s
[2026-04-08 20:40:56] INFO     【结论】 [PASS] 成功关键字: voice_msgnum:9
[2026-04-08 20:40:56] INFO     统计 -> 成功: 576 | 失败: 10 | 异常: 0 | 成功率: 98.3%
[2026-04-08 20:40:56] INFO     
-------------------- 第 587 轮 | 最大监听: 3.2s --------------------
[2026-04-08 20:40:56] INFO     继电器 ON (开始充电)
[2026-04-08 20:40:56] INFO     继电器执行 -> ON
[2026-04-08 20:40:57] INFO     捕获目标指令: voice_msgnum:9
[2026-04-08 20:40:57] INFO     状态维稳，保持闭合 3.0s
[2026-04-08 20:41:00] INFO     继电器 OFF (切断充电)
[2026-04-08 20:41:00] INFO     继电器执行 -> OFF
[2026-04-08 20:41:00] INFO     物理断电静置 3.0s
[2026-04-08 20:41:03] INFO     【结论】 [PASS] 成功关键字: voice_msgnum:9
[2026-04-08 20:41:03] INFO     统计 -> 成功: 577 | 失败: 10 | 异常: 0 | 成功率: 98.3%
[2026-04-08 20:41:03] INFO     
-------------------- 第 588 轮 | 最大监听: 3.7s --------------------
[2026-04-08 20:41:03] INFO     继电器 ON (开始充电)
[2026-04-08 20:41:03] INFO     继电器执行 -> ON
[2026-04-08 20:41:05] INFO     捕获目标指令: voice_msgnum:9
[2026-04-08 20:41:05] INFO     状态维稳，保持闭合 3.0s
[2026-04-08 20:41:08] INFO     继电器 OFF (切断充电)
[2026-04-08 20:41:08] INFO     继电器执行 -> OFF
[2026-04-08 20:41:08] INFO     物理断电静置 3.0s
[2026-04-08 20:41:11] INFO     【结论】 [PASS] 成功关键字: voice_msgnum:9
[2026-04-08 20:41:11] INFO     统计 -> 成功: 578 | 失败: 10 | 异常: 0 | 成功率: 98.3%
[2026-04-08 20:41:11] INFO     
-------------------- 第 589 轮 | 最大监听: 3.3s --------------------
[2026-04-08 20:41:11] INFO     继电器 ON (开始充电)
[2026-04-08 20:41:11] INFO     继电器执行 -> ON
[2026-04-08 20:41:13] INFO     捕获目标指令: voice_msgnum:9
[2026-04-08 20:41:13] INFO     状态维稳，保持闭合 3.0s
[2026-04-08 20:41:16] INFO     继电器 OFF (切断充电)
[2026-04-08 20:41:16] INFO     继电器执行 -> OFF
[2026-04-08 20:41:16] INFO     物理断电静置 3.0s
[2026-04-08 20:41:19] INFO     【结论】 [PASS] 成功关键字: voice_msgnum:9
[2026-04-08 20:41:19] INFO     统计 -> 成功: 579 | 失败: 10 | 异常: 0 | 成功率: 98.3%
[2026-04-08 20:41:19] INFO     
-------------------- 第 590 轮 | 最大监听: 3.6s --------------------
[2026-04-08 20:41:19] INFO     继电器 ON (开始充电)
[2026-04-08 20:41:19] INFO     继电器执行 -> ON
[2026-04-08 20:41:20] INFO     捕获目标指令: voice_msgnum:9
[2026-04-08 20:41:20] INFO     状态维稳，保持闭合 3.0s
[2026-04-08 20:41:23] INFO     继电器 OFF (切断充电)
[2026-04-08 20:41:23] INFO     继电器执行 -> OFF
[2026-04-08 20:41:23] INFO     物理断电静置 3.0s
[2026-04-08 20:41:26] INFO     【结论】 [PASS] 成功关键字: voice_msgnum:9
[2026-04-08 20:41:26] INFO     统计 -> 成功: 580 | 失败: 10 | 异常: 0 | 成功率: 98.3%
[2026-04-08 20:41:26] INFO     
-------------------- 第 591 轮 | 最大监听: 3.5s --------------------
[2026-04-08 20:41:26] INFO     继电器 ON (开始充电)
[2026-04-08 20:41:26] INFO     继电器执行 -> ON
[2026-04-08 20:41:28] INFO     捕获目标指令: voice_msgnum:9
[2026-04-08 20:41:28] INFO     状态维稳，保持闭合 3.0s
[2026-04-08 20:41:31] INFO     继电器 OFF (切断充电)
[2026-04-08 20:41:31] INFO     继电器执行 -> OFF
[2026-04-08 20:41:31] INFO     物理断电静置 3.0s
[2026-04-08 20:41:34] INFO     【结论】 [PASS] 成功关键字: voice_msgnum:9
[2026-04-08 20:41:34] INFO     统计 -> 成功: 581 | 失败: 10 | 异常: 0 | 成功率: 98.3%
[2026-04-08 20:41:34] INFO     
-------------------- 第 592 轮 | 最大监听: 3.8s --------------------
[2026-04-08 20:41:34] INFO     继电器 ON (开始充电)
[2026-04-08 20:41:34] INFO     继电器执行 -> ON
[2026-04-08 20:41:35] INFO     捕获目标指令: voice_msgnum:9
[2026-04-08 20:41:35] INFO     状态维稳，保持闭合 3.0s
[2026-04-08 20:41:38] INFO     继电器 OFF (切断充电)
[2026-04-08 20:41:38] INFO     继电器执行 -> OFF
[2026-04-08 20:41:38] INFO     物理断电静置 3.0s
[2026-04-08 20:41:41] INFO     【结论】 [PASS] 成功关键字: voice_msgnum:9
[2026-04-08 20:41:41] INFO     统计 -> 成功: 582 | 失败: 10 | 异常: 0 | 成功率: 98.3%
[2026-04-08 20:41:41] INFO     
-------------------- 第 593 轮 | 最大监听: 3.2s --------------------
[2026-04-08 20:41:41] INFO     继电器 ON (开始充电)
[2026-04-08 20:41:41] INFO     继电器执行 -> ON
[2026-04-08 20:41:43] INFO     捕获目标指令: voice_msgnum:9
[2026-04-08 20:41:43] INFO     状态维稳，保持闭合 3.0s
[2026-04-08 20:41:46] INFO     继电器 OFF (切断充电)
[2026-04-08 20:41:46] INFO     继电器执行 -> OFF
[2026-04-08 20:41:46] INFO     物理断电静置 3.0s
[2026-04-08 20:41:49] INFO     【结论】 [PASS] 成功关键字: voice_msgnum:9
[2026-04-08 20:41:49] INFO     统计 -> 成功: 583 | 失败: 10 | 异常: 0 | 成功率: 98.3%
[2026-04-08 20:41:49] INFO     
-------------------- 第 594 轮 | 最大监听: 3.5s --------------------
[2026-04-08 20:41:49] INFO     继电器 ON (开始充电)
[2026-04-08 20:41:49] INFO     继电器执行 -> ON
[2026-04-08 20:41:51] INFO     捕获目标指令: voice_msgnum:9
[2026-04-08 20:41:51] INFO     状态维稳，保持闭合 3.0s
[2026-04-08 20:41:54] INFO     继电器 OFF (切断充电)
[2026-04-08 20:41:54] INFO     继电器执行 -> OFF
[2026-04-08 20:41:54] INFO     物理断电静置 3.0s
[2026-04-08 20:41:57] INFO     【结论】 [PASS] 成功关键字: voice_msgnum:9
[2026-04-08 20:41:57] INFO     统计 -> 成功: 584 | 失败: 10 | 异常: 0 | 成功率: 98.3%
[2026-04-08 20:41:57] INFO     
-------------------- 第 595 轮 | 最大监听: 3.3s --------------------
[2026-04-08 20:41:57] INFO     继电器 ON (开始充电)
[2026-04-08 20:41:57] INFO     继电器执行 -> ON
[2026-04-08 20:41:58] INFO     捕获目标指令: voice_msgnum:9
[2026-04-08 20:41:58] INFO     状态维稳，保持闭合 3.0s
[2026-04-08 20:42:01] INFO     继电器 OFF (切断充电)
[2026-04-08 20:42:01] INFO     继电器执行 -> OFF
[2026-04-08 20:42:01] INFO     物理断电静置 3.0s
[2026-04-08 20:42:04] INFO     【结论】 [PASS] 成功关键字: voice_msgnum:9
[2026-04-08 20:42:04] INFO     统计 -> 成功: 585 | 失败: 10 | 异常: 0 | 成功率: 98.3%
[2026-04-08 20:42:04] INFO     
-------------------- 第 596 轮 | 最大监听: 3.7s --------------------
[2026-04-08 20:42:04] INFO     继电器 ON (开始充电)
[2026-04-08 20:42:04] INFO     继电器执行 -> ON
[2026-04-08 20:42:06] INFO     捕获目标指令: voice_msgnum:9
[2026-04-08 20:42:06] INFO     状态维稳，保持闭合 3.0s
[2026-04-08 20:42:09] INFO     继电器 OFF (切断充电)
[2026-04-08 20:42:09] INFO     继电器执行 -> OFF
[2026-04-08 20:42:09] INFO     物理断电静置 3.0s
[2026-04-08 20:42:12] INFO     【结论】 [PASS] 成功关键字: voice_msgnum:9
[2026-04-08 20:42:12] INFO     统计 -> 成功: 586 | 失败: 10 | 异常: 0 | 成功率: 98.3%
[2026-04-08 20:42:12] INFO     
-------------------- 第 597 轮 | 最大监听: 3.9s --------------------
[2026-04-08 20:42:12] INFO     继电器 ON (开始充电)
[2026-04-08 20:42:12] INFO     继电器执行 -> ON
[2026-04-08 20:42:13] INFO     捕获目标指令: voice_msgnum:9
[2026-04-08 20:42:13] INFO     状态维稳，保持闭合 3.0s
[2026-04-08 20:42:16] INFO     继电器 OFF (切断充电)
[2026-04-08 20:42:16] INFO     继电器执行 -> OFF
[2026-04-08 20:42:16] INFO     物理断电静置 3.0s
[2026-04-08 20:42:19] INFO     【结论】 [PASS] 成功关键字: voice_msgnum:9
[2026-04-08 20:42:19] INFO     统计 -> 成功: 587 | 失败: 10 | 异常: 0 | 成功率: 98.3%
[2026-04-08 20:42:19] INFO     
-------------------- 第 598 轮 | 最大监听: 3.8s --------------------
[2026-04-08 20:42:19] INFO     继电器 ON (开始充电)
[2026-04-08 20:42:19] INFO     继电器执行 -> ON
[2026-04-08 20:42:21] INFO     捕获目标指令: voice_msgnum:9
[2026-04-08 20:42:21] INFO     状态维稳，保持闭合 3.0s
[2026-04-08 20:42:24] INFO     继电器 OFF (切断充电)
[2026-04-08 20:42:24] INFO     继电器执行 -> OFF
[2026-04-08 20:42:24] INFO     物理断电静置 3.0s
[2026-04-08 20:42:27] INFO     【结论】 [PASS] 成功关键字: voice_msgnum:9
[2026-04-08 20:42:27] INFO     统计 -> 成功: 588 | 失败: 10 | 异常: 0 | 成功率: 98.3%
[2026-04-08 20:42:27] INFO     
-------------------- 第 599 轮 | 最大监听: 3.8s --------------------
[2026-04-08 20:42:27] INFO     继电器 ON (开始充电)
[2026-04-08 20:42:27] INFO     继电器执行 -> ON
[2026-04-08 20:42:29] INFO     捕获目标指令: voice_msgnum:9
[2026-04-08 20:42:29] INFO     状态维稳，保持闭合 3.0s
[2026-04-08 20:42:32] INFO     继电器 OFF (切断充电)
[2026-04-08 20:42:32] INFO     继电器执行 -> OFF
[2026-04-08 20:42:32] INFO     物理断电静置 3.0s
[2026-04-08 20:42:35] INFO     【结论】 [PASS] 成功关键字: voice_msgnum:9
[2026-04-08 20:42:35] INFO     统计 -> 成功: 589 | 失败: 10 | 异常: 0 | 成功率: 98.3%
[2026-04-08 20:42:35] INFO     
-------------------- 第 600 轮 | 最大监听: 3.4s --------------------
[2026-04-08 20:42:35] INFO     继电器 ON (开始充电)
[2026-04-08 20:42:35] INFO     继电器执行 -> ON
[2026-04-08 20:42:36] INFO     捕获目标指令: voice_msgnum:9
[2026-04-08 20:42:36] INFO     状态维稳，保持闭合 3.0s
[2026-04-08 20:42:39] INFO     继电器 OFF (切断充电)
[2026-04-08 20:42:39] INFO     继电器执行 -> OFF
[2026-04-08 20:42:39] INFO     物理断电静置 3.0s
[2026-04-08 20:42:42] INFO     【结论】 [PASS] 成功关键字: voice_msgnum:9
[2026-04-08 20:42:42] INFO     统计 -> 成功: 590 | 失败: 10 | 异常: 0 | 成功率: 98.3%
[2026-04-08 20:42:42] INFO     
-------------------- 第 601 轮 | 最大监听: 3.1s --------------------
[2026-04-08 20:42:42] INFO     继电器 ON (开始充电)
[2026-04-08 20:42:42] INFO     继电器执行 -> ON
[2026-04-08 20:42:44] INFO     捕获目标指令: voice_msgnum:9
[2026-04-08 20:42:44] INFO     状态维稳，保持闭合 3.0s
[2026-04-08 20:42:47] INFO     继电器 OFF (切断充电)
[2026-04-08 20:42:47] INFO     继电器执行 -> OFF
[2026-04-08 20:42:47] INFO     物理断电静置 3.0s
[2026-04-08 20:42:50] INFO     【结论】 [PASS] 成功关键字: voice_msgnum:9
[2026-04-08 20:42:50] INFO     统计 -> 成功: 591 | 失败: 10 | 异常: 0 | 成功率: 98.3%
[2026-04-08 20:42:50] INFO     
-------------------- 第 602 轮 | 最大监听: 3.7s --------------------
[2026-04-08 20:42:50] INFO     继电器 ON (开始充电)
[2026-04-08 20:42:50] INFO     继电器执行 -> ON
[2026-04-08 20:42:51] INFO     捕获目标指令: voice_msgnum:9
[2026-04-08 20:42:51] INFO     状态维稳，保持闭合 3.0s
[2026-04-08 20:42:54] INFO     继电器 OFF (切断充电)
[2026-04-08 20:42:54] INFO     继电器执行 -> OFF
[2026-04-08 20:42:54] INFO     物理断电静置 3.0s
[2026-04-08 20:42:57] INFO     【结论】 [PASS] 成功关键字: voice_msgnum:9
[2026-04-08 20:42:57] INFO     统计 -> 成功: 592 | 失败: 10 | 异常: 0 | 成功率: 98.3%
[2026-04-08 20:42:57] INFO     
-------------------- 第 603 轮 | 最大监听: 3.8s --------------------
[2026-04-08 20:42:57] INFO     继电器 ON (开始充电)
[2026-04-08 20:42:57] INFO     继电器执行 -> ON
[2026-04-08 20:42:59] INFO     捕获目标指令: voice_msgnum:9
[2026-04-08 20:42:59] INFO     状态维稳，保持闭合 3.0s
[2026-04-08 20:43:02] INFO     继电器 OFF (切断充电)
[2026-04-08 20:43:02] INFO     继电器执行 -> OFF
[2026-04-08 20:43:02] INFO     物理断电静置 3.0s
[2026-04-08 20:43:05] INFO     【结论】 [PASS] 成功关键字: voice_msgnum:9
[2026-04-08 20:43:05] INFO     统计 -> 成功: 593 | 失败: 10 | 异常: 0 | 成功率: 98.3%
[2026-04-08 20:43:05] INFO     
-------------------- 第 604 轮 | 最大监听: 3.7s --------------------
[2026-04-08 20:43:05] INFO     继电器 ON (开始充电)
[2026-04-08 20:43:05] INFO     继电器执行 -> ON
[2026-04-08 20:43:07] INFO     捕获目标指令: voice_msgnum:9
[2026-04-08 20:43:07] INFO     状态维稳，保持闭合 3.0s
[2026-04-08 20:43:10] INFO     继电器 OFF (切断充电)
[2026-04-08 20:43:10] INFO     继电器执行 -> OFF
[2026-04-08 20:43:10] INFO     物理断电静置 3.0s
[2026-04-08 20:43:13] INFO     【结论】 [PASS] 成功关键字: voice_msgnum:9
[2026-04-08 20:43:13] INFO     统计 -> 成功: 594 | 失败: 10 | 异常: 0 | 成功率: 98.3%
[2026-04-08 20:43:13] INFO     
-------------------- 第 605 轮 | 最大监听: 3.5s --------------------
[2026-04-08 20:43:13] INFO     继电器 ON (开始充电)
[2026-04-08 20:43:13] INFO     继电器执行 -> ON
[2026-04-08 20:43:14] INFO     捕获目标指令: voice_msgnum:9
[2026-04-08 20:43:14] INFO     状态维稳，保持闭合 3.0s
[2026-04-08 20:43:17] INFO     继电器 OFF (切断充电)
[2026-04-08 20:43:17] INFO     继电器执行 -> OFF
[2026-04-08 20:43:17] INFO     物理断电静置 3.0s
[2026-04-08 20:43:20] INFO     【结论】 [PASS] 成功关键字: voice_msgnum:9
[2026-04-08 20:43:20] INFO     统计 -> 成功: 595 | 失败: 10 | 异常: 0 | 成功率: 98.3%
[2026-04-08 20:43:20] INFO     
-------------------- 第 606 轮 | 最大监听: 3.1s --------------------
[2026-04-08 20:43:20] INFO     继电器 ON (开始充电)
[2026-04-08 20:43:20] INFO     继电器执行 -> ON
[2026-04-08 20:43:22] INFO     捕获目标指令: voice_msgnum:9
[2026-04-08 20:43:22] INFO     状态维稳，保持闭合 3.0s
[2026-04-08 20:43:25] INFO     继电器 OFF (切断充电)
[2026-04-08 20:43:25] INFO     继电器执行 -> OFF
[2026-04-08 20:43:25] INFO     物理断电静置 3.0s
[2026-04-08 20:43:28] INFO     【结论】 [PASS] 成功关键字: voice_msgnum:9
[2026-04-08 20:43:28] INFO     统计 -> 成功: 596 | 失败: 10 | 异常: 0 | 成功率: 98.3%
[2026-04-08 20:43:28] INFO     
-------------------- 第 607 轮 | 最大监听: 3.0s --------------------
[2026-04-08 20:43:28] INFO     继电器 ON (开始充电)
[2026-04-08 20:43:28] INFO     继电器执行 -> ON
[2026-04-08 20:43:29] INFO     捕获目标指令: voice_msgnum:9
[2026-04-08 20:43:29] INFO     状态维稳，保持闭合 3.0s
[2026-04-08 20:43:32] INFO     继电器 OFF (切断充电)
[2026-04-08 20:43:32] INFO     继电器执行 -> OFF
[2026-04-08 20:43:32] INFO     物理断电静置 3.0s
[2026-04-08 20:43:35] INFO     【结论】 [PASS] 成功关键字: voice_msgnum:9
[2026-04-08 20:43:35] INFO     统计 -> 成功: 597 | 失败: 10 | 异常: 0 | 成功率: 98.4%
[2026-04-08 20:43:35] INFO     
-------------------- 第 608 轮 | 最大监听: 3.5s --------------------
[2026-04-08 20:43:35] INFO     继电器 ON (开始充电)
[2026-04-08 20:43:35] INFO     继电器执行 -> ON
[2026-04-08 20:43:37] INFO     捕获目标指令: voice_msgnum:9
[2026-04-08 20:43:37] INFO     状态维稳，保持闭合 3.0s
[2026-04-08 20:43:40] INFO     继电器 OFF (切断充电)
[2026-04-08 20:43:40] INFO     继电器执行 -> OFF
[2026-04-08 20:43:40] INFO     物理断电静置 3.0s
[2026-04-08 20:43:43] INFO     【结论】 [PASS] 成功关键字: voice_msgnum:9
[2026-04-08 20:43:43] INFO     统计 -> 成功: 598 | 失败: 10 | 异常: 0 | 成功率: 98.4%
[2026-04-08 20:43:43] INFO     
-------------------- 第 609 轮 | 最大监听: 3.8s --------------------
[2026-04-08 20:43:43] INFO     继电器 ON (开始充电)
[2026-04-08 20:43:43] INFO     继电器执行 -> ON
[2026-04-08 20:43:45] INFO     捕获目标指令: voice_msgnum:9
[2026-04-08 20:43:45] INFO     状态维稳，保持闭合 3.0s
[2026-04-08 20:43:48] INFO     继电器 OFF (切断充电)
[2026-04-08 20:43:48] INFO     继电器执行 -> OFF
[2026-04-08 20:43:48] INFO     物理断电静置 3.0s
[2026-04-08 20:43:51] INFO     【结论】 [PASS] 成功关键字: voice_msgnum:9
[2026-04-08 20:43:51] INFO     统计 -> 成功: 599 | 失败: 10 | 异常: 0 | 成功率: 98.4%
[2026-04-08 20:43:51] INFO     
-------------------- 第 610 轮 | 最大监听: 3.6s --------------------
[2026-04-08 20:43:51] INFO     继电器 ON (开始充电)
[2026-04-08 20:43:51] INFO     继电器执行 -> ON
[2026-04-08 20:43:52] INFO     捕获目标指令: voice_msgnum:9
[2026-04-08 20:43:52] INFO     状态维稳，保持闭合 3.0s
[2026-04-08 20:43:55] INFO     继电器 OFF (切断充电)
[2026-04-08 20:43:55] INFO     继电器执行 -> OFF
[2026-04-08 20:43:55] INFO     物理断电静置 3.0s
[2026-04-08 20:43:58] INFO     【结论】 [PASS] 成功关键字: voice_msgnum:9
[2026-04-08 20:43:58] INFO     统计 -> 成功: 600 | 失败: 10 | 异常: 0 | 成功率: 98.4%
[2026-04-08 20:43:58] INFO     
-------------------- 第 611 轮 | 最大监听: 3.8s --------------------
[2026-04-08 20:43:58] INFO     继电器 ON (开始充电)
[2026-04-08 20:43:58] INFO     继电器执行 -> ON
[2026-04-08 20:44:00] INFO     捕获目标指令: voice_msgnum:9
[2026-04-08 20:44:00] INFO     状态维稳，保持闭合 3.0s
[2026-04-08 20:44:03] INFO     继电器 OFF (切断充电)
[2026-04-08 20:44:03] INFO     继电器执行 -> OFF
[2026-04-08 20:44:03] INFO     物理断电静置 3.0s
[2026-04-08 20:44:06] INFO     【结论】 [PASS] 成功关键字: voice_msgnum:9
[2026-04-08 20:44:06] INFO     统计 -> 成功: 601 | 失败: 10 | 异常: 0 | 成功率: 98.4%
[2026-04-08 20:44:06] INFO     
-------------------- 第 612 轮 | 最大监听: 3.7s --------------------
[2026-04-08 20:44:06] INFO     继电器 ON (开始充电)
[2026-04-08 20:44:06] INFO     继电器执行 -> ON
[2026-04-08 20:44:07] INFO     捕获目标指令: voice_msgnum:9
[2026-04-08 20:44:07] INFO     状态维稳，保持闭合 3.0s
[2026-04-08 20:44:10] INFO     继电器 OFF (切断充电)
[2026-04-08 20:44:10] INFO     继电器执行 -> OFF
[2026-04-08 20:44:10] INFO     物理断电静置 3.0s
[2026-04-08 20:44:13] INFO     【结论】 [PASS] 成功关键字: voice_msgnum:9
[2026-04-08 20:44:13] INFO     统计 -> 成功: 602 | 失败: 10 | 异常: 0 | 成功率: 98.4%
[2026-04-08 20:44:13] INFO     
-------------------- 第 613 轮 | 最大监听: 3.1s --------------------
[2026-04-08 20:44:13] INFO     继电器 ON (开始充电)
[2026-04-08 20:44:13] INFO     继电器执行 -> ON
[2026-04-08 20:44:15] INFO     捕获目标指令: voice_msgnum:9
[2026-04-08 20:44:15] INFO     状态维稳，保持闭合 3.0s
[2026-04-08 20:44:18] INFO     继电器 OFF (切断充电)
[2026-04-08 20:44:18] INFO     继电器执行 -> OFF
[2026-04-08 20:44:18] INFO     物理断电静置 3.0s
[2026-04-08 20:44:21] INFO     【结论】 [PASS] 成功关键字: voice_msgnum:9
[2026-04-08 20:44:21] INFO     统计 -> 成功: 603 | 失败: 10 | 异常: 0 | 成功率: 98.4%
[2026-04-08 20:44:21] INFO     
-------------------- 第 614 轮 | 最大监听: 3.5s --------------------
[2026-04-08 20:44:21] INFO     继电器 ON (开始充电)
[2026-04-08 20:44:21] INFO     继电器执行 -> ON
[2026-04-08 20:44:23] INFO     捕获目标指令: voice_msgnum:9
[2026-04-08 20:44:23] INFO     状态维稳，保持闭合 3.0s
[2026-04-08 20:44:26] INFO     继电器 OFF (切断充电)
[2026-04-08 20:44:26] INFO     继电器执行 -> OFF
[2026-04-08 20:44:26] INFO     物理断电静置 3.0s
[2026-04-08 20:44:29] INFO     【结论】 [PASS] 成功关键字: voice_msgnum:9
[2026-04-08 20:44:29] INFO     统计 -> 成功: 604 | 失败: 10 | 异常: 0 | 成功率: 98.4%
[2026-04-08 20:44:29] INFO     
-------------------- 第 615 轮 | 最大监听: 3.1s --------------------
[2026-04-08 20:44:29] INFO     继电器 ON (开始充电)
[2026-04-08 20:44:29] INFO     继电器执行 -> ON
[2026-04-08 20:44:30] INFO     捕获目标指令: voice_msgnum:9
[2026-04-08 20:44:30] INFO     状态维稳，保持闭合 3.0s
[2026-04-08 20:44:33] INFO     继电器 OFF (切断充电)
[2026-04-08 20:44:33] INFO     继电器执行 -> OFF
[2026-04-08 20:44:33] INFO     物理断电静置 3.0s
[2026-04-08 20:44:36] INFO     【结论】 [PASS] 成功关键字: voice_msgnum:9
[2026-04-08 20:44:36] INFO     统计 -> 成功: 605 | 失败: 10 | 异常: 0 | 成功率: 98.4%
[2026-04-08 20:44:36] INFO     
-------------------- 第 616 轮 | 最大监听: 3.2s --------------------
[2026-04-08 20:44:36] INFO     继电器 ON (开始充电)
[2026-04-08 20:44:36] INFO     继电器执行 -> ON
[2026-04-08 20:44:38] INFO     捕获目标指令: voice_msgnum:9
[2026-04-08 20:44:38] INFO     状态维稳，保持闭合 3.0s
[2026-04-08 20:44:41] INFO     继电器 OFF (切断充电)
[2026-04-08 20:44:41] INFO     继电器执行 -> OFF
[2026-04-08 20:44:41] INFO     物理断电静置 3.0s
[2026-04-08 20:44:44] INFO     【结论】 [PASS] 成功关键字: voice_msgnum:9
[2026-04-08 20:44:44] INFO     统计 -> 成功: 606 | 失败: 10 | 异常: 0 | 成功率: 98.4%
[2026-04-08 20:44:44] INFO     
-------------------- 第 617 轮 | 最大监听: 3.1s --------------------
[2026-04-08 20:44:44] INFO     继电器 ON (开始充电)
[2026-04-08 20:44:44] INFO     继电器执行 -> ON
[2026-04-08 20:44:45] INFO     捕获目标指令: voice_msgnum:9
[2026-04-08 20:44:45] INFO     状态维稳，保持闭合 3.0s
[2026-04-08 20:44:48] INFO     继电器 OFF (切断充电)
[2026-04-08 20:44:48] INFO     继电器执行 -> OFF
[2026-04-08 20:44:48] INFO     物理断电静置 3.0s
[2026-04-08 20:44:51] INFO     【结论】 [PASS] 成功关键字: voice_msgnum:9
[2026-04-08 20:44:51] INFO     统计 -> 成功: 607 | 失败: 10 | 异常: 0 | 成功率: 98.4%
[2026-04-08 20:44:51] INFO     
-------------------- 第 618 轮 | 最大监听: 3.4s --------------------
[2026-04-08 20:44:51] INFO     继电器 ON (开始充电)
[2026-04-08 20:44:51] INFO     继电器执行 -> ON
[2026-04-08 20:44:53] INFO     捕获目标指令: voice_msgnum:9
[2026-04-08 20:44:53] INFO     状态维稳，保持闭合 3.0s
[2026-04-08 20:44:56] INFO     继电器 OFF (切断充电)
[2026-04-08 20:44:56] INFO     继电器执行 -> OFF
[2026-04-08 20:44:56] INFO     物理断电静置 3.0s
[2026-04-08 20:44:59] INFO     【结论】 [PASS] 成功关键字: voice_msgnum:9
[2026-04-08 20:44:59] INFO     统计 -> 成功: 608 | 失败: 10 | 异常: 0 | 成功率: 98.4%
[2026-04-08 20:44:59] INFO     
-------------------- 第 619 轮 | 最大监听: 3.9s --------------------
[2026-04-08 20:44:59] INFO     继电器 ON (开始充电)
[2026-04-08 20:44:59] INFO     继电器执行 -> ON
[2026-04-08 20:45:01] INFO     捕获目标指令: voice_msgnum:9
[2026-04-08 20:45:01] INFO     状态维稳，保持闭合 3.0s
[2026-04-08 20:45:04] INFO     继电器 OFF (切断充电)
[2026-04-08 20:45:04] INFO     继电器执行 -> OFF
[2026-04-08 20:45:04] INFO     物理断电静置 3.0s
[2026-04-08 20:45:07] INFO     【结论】 [PASS] 成功关键字: voice_msgnum:9
[2026-04-08 20:45:07] INFO     统计 -> 成功: 609 | 失败: 10 | 异常: 0 | 成功率: 98.4%
[2026-04-08 20:45:07] INFO     
-------------------- 第 620 轮 | 最大监听: 3.6s --------------------
[2026-04-08 20:45:07] INFO     继电器 ON (开始充电)
[2026-04-08 20:45:07] INFO     继电器执行 -> ON
[2026-04-08 20:45:08] INFO     捕获目标指令: voice_msgnum:9
[2026-04-08 20:45:08] INFO     状态维稳，保持闭合 3.0s
[2026-04-08 20:45:11] INFO     继电器 OFF (切断充电)
[2026-04-08 20:45:11] INFO     继电器执行 -> OFF
[2026-04-08 20:45:11] INFO     物理断电静置 3.0s
[2026-04-08 20:45:14] INFO     【结论】 [PASS] 成功关键字: voice_msgnum:9
[2026-04-08 20:45:14] INFO     统计 -> 成功: 610 | 失败: 10 | 异常: 0 | 成功率: 98.4%
[2026-04-08 20:45:14] INFO     
-------------------- 第 621 轮 | 最大监听: 3.6s --------------------
[2026-04-08 20:45:14] INFO     继电器 ON (开始充电)
[2026-04-08 20:45:14] INFO     继电器执行 -> ON
[2026-04-08 20:45:16] INFO     捕获目标指令: voice_msgnum:9
[2026-04-08 20:45:16] INFO     状态维稳，保持闭合 3.0s
[2026-04-08 20:45:19] INFO     继电器 OFF (切断充电)
[2026-04-08 20:45:19] INFO     继电器执行 -> OFF
[2026-04-08 20:45:19] INFO     物理断电静置 3.0s
[2026-04-08 20:45:22] INFO     【结论】 [PASS] 成功关键字: voice_msgnum:9
[2026-04-08 20:45:22] INFO     统计 -> 成功: 611 | 失败: 10 | 异常: 0 | 成功率: 98.4%
[2026-04-08 20:45:22] INFO     
-------------------- 第 622 轮 | 最大监听: 3.3s --------------------
[2026-04-08 20:45:22] INFO     继电器 ON (开始充电)
[2026-04-08 20:45:22] INFO     继电器执行 -> ON
[2026-04-08 20:45:23] INFO     捕获目标指令: voice_msgnum:9
[2026-04-08 20:45:23] INFO     状态维稳，保持闭合 3.0s
[2026-04-08 20:45:26] INFO     继电器 OFF (切断充电)
[2026-04-08 20:45:26] INFO     继电器执行 -> OFF
[2026-04-08 20:45:26] INFO     物理断电静置 3.0s
[2026-04-08 20:45:29] INFO     【结论】 [PASS] 成功关键字: voice_msgnum:9
[2026-04-08 20:45:29] INFO     统计 -> 成功: 612 | 失败: 10 | 异常: 0 | 成功率: 98.4%
[2026-04-08 20:45:29] INFO     
-------------------- 第 623 轮 | 最大监听: 3.7s --------------------
[2026-04-08 20:45:29] INFO     继电器 ON (开始充电)
[2026-04-08 20:45:29] INFO     继电器执行 -> ON
[2026-04-08 20:45:31] INFO     捕获目标指令: voice_msgnum:9
[2026-04-08 20:45:31] INFO     状态维稳，保持闭合 3.0s
[2026-04-08 20:45:34] INFO     继电器 OFF (切断充电)
[2026-04-08 20:45:34] INFO     继电器执行 -> OFF
[2026-04-08 20:45:34] INFO     物理断电静置 3.0s
[2026-04-08 20:45:37] INFO     【结论】 [PASS] 成功关键字: voice_msgnum:9
[2026-04-08 20:45:37] INFO     统计 -> 成功: 613 | 失败: 10 | 异常: 0 | 成功率: 98.4%
[2026-04-08 20:45:37] INFO     
-------------------- 第 624 轮 | 最大监听: 3.3s --------------------
[2026-04-08 20:45:37] INFO     继电器 ON (开始充电)
[2026-04-08 20:45:37] INFO     继电器执行 -> ON
[2026-04-08 20:45:39] INFO     捕获目标指令: voice_msgnum:9
[2026-04-08 20:45:39] INFO     状态维稳，保持闭合 3.0s
[2026-04-08 20:45:42] INFO     继电器 OFF (切断充电)
[2026-04-08 20:45:42] INFO     继电器执行 -> OFF
[2026-04-08 20:45:42] INFO     物理断电静置 3.0s
[2026-04-08 20:45:45] INFO     【结论】 [PASS] 成功关键字: voice_msgnum:9
[2026-04-08 20:45:45] INFO     统计 -> 成功: 614 | 失败: 10 | 异常: 0 | 成功率: 98.4%
[2026-04-08 20:45:45] INFO     
-------------------- 第 625 轮 | 最大监听: 3.6s --------------------
[2026-04-08 20:45:45] INFO     继电器 ON (开始充电)
[2026-04-08 20:45:45] INFO     继电器执行 -> ON
[2026-04-08 20:45:46] INFO     捕获目标指令: voice_msgnum:9
[2026-04-08 20:45:46] INFO     状态维稳，保持闭合 3.0s
[2026-04-08 20:45:49] INFO     继电器 OFF (切断充电)
[2026-04-08 20:45:49] INFO     继电器执行 -> OFF
[2026-04-08 20:45:49] INFO     物理断电静置 3.0s
[2026-04-08 20:45:52] INFO     【结论】 [PASS] 成功关键字: voice_msgnum:9
[2026-04-08 20:45:52] INFO     统计 -> 成功: 615 | 失败: 10 | 异常: 0 | 成功率: 98.4%
[2026-04-08 20:45:52] INFO     
-------------------- 第 626 轮 | 最大监听: 3.9s --------------------
[2026-04-08 20:45:52] INFO     继电器 ON (开始充电)
[2026-04-08 20:45:52] INFO     继电器执行 -> ON
[2026-04-08 20:45:54] INFO     捕获目标指令: voice_msgnum:9
[2026-04-08 20:45:54] INFO     状态维稳，保持闭合 3.0s
[2026-04-08 20:45:57] INFO     继电器 OFF (切断充电)
[2026-04-08 20:45:57] INFO     继电器执行 -> OFF
[2026-04-08 20:45:57] INFO     物理断电静置 3.0s
[2026-04-08 20:46:00] INFO     【结论】 [PASS] 成功关键字: voice_msgnum:9
[2026-04-08 20:46:00] INFO     统计 -> 成功: 616 | 失败: 10 | 异常: 0 | 成功率: 98.4%
[2026-04-08 20:46:00] INFO     
-------------------- 第 627 轮 | 最大监听: 3.2s --------------------
[2026-04-08 20:46:00] INFO     继电器 ON (开始充电)
[2026-04-08 20:46:00] INFO     继电器执行 -> ON
[2026-04-08 20:46:01] INFO     捕获目标指令: voice_msgnum:9
[2026-04-08 20:46:01] INFO     状态维稳，保持闭合 3.0s
[2026-04-08 20:46:04] INFO     继电器 OFF (切断充电)
[2026-04-08 20:46:04] INFO     继电器执行 -> OFF
[2026-04-08 20:46:04] INFO     物理断电静置 3.0s
[2026-04-08 20:46:07] INFO     【结论】 [PASS] 成功关键字: voice_msgnum:9
[2026-04-08 20:46:07] INFO     统计 -> 成功: 617 | 失败: 10 | 异常: 0 | 成功率: 98.4%
[2026-04-08 20:46:07] INFO     
-------------------- 第 628 轮 | 最大监听: 3.9s --------------------
[2026-04-08 20:46:07] INFO     继电器 ON (开始充电)
[2026-04-08 20:46:07] INFO     继电器执行 -> ON
[2026-04-08 20:46:09] INFO     捕获目标指令: voice_msgnum:9
[2026-04-08 20:46:09] INFO     状态维稳，保持闭合 3.0s
[2026-04-08 20:46:12] INFO     继电器 OFF (切断充电)
[2026-04-08 20:46:12] INFO     继电器执行 -> OFF
[2026-04-08 20:46:12] INFO     物理断电静置 3.0s
[2026-04-08 20:46:15] INFO     【结论】 [PASS] 成功关键字: voice_msgnum:9
[2026-04-08 20:46:15] INFO     统计 -> 成功: 618 | 失败: 10 | 异常: 0 | 成功率: 98.4%
[2026-04-08 20:46:15] INFO     
-------------------- 第 629 轮 | 最大监听: 3.3s --------------------
[2026-04-08 20:46:15] INFO     继电器 ON (开始充电)
[2026-04-08 20:46:15] INFO     继电器执行 -> ON
[2026-04-08 20:46:17] INFO     捕获目标指令: voice_msgnum:9
[2026-04-08 20:46:17] INFO     状态维稳，保持闭合 3.0s
[2026-04-08 20:46:20] INFO     继电器 OFF (切断充电)
[2026-04-08 20:46:20] INFO     继电器执行 -> OFF
[2026-04-08 20:46:20] INFO     物理断电静置 3.0s
[2026-04-08 20:46:23] INFO     【结论】 [PASS] 成功关键字: voice_msgnum:9
[2026-04-08 20:46:23] INFO     统计 -> 成功: 619 | 失败: 10 | 异常: 0 | 成功率: 98.4%
[2026-04-08 20:46:23] INFO     
-------------------- 第 630 轮 | 最大监听: 3.5s --------------------
[2026-04-08 20:46:23] INFO     继电器 ON (开始充电)
[2026-04-08 20:46:23] INFO     继电器执行 -> ON
[2026-04-08 20:46:24] INFO     捕获目标指令: voice_msgnum:9
[2026-04-08 20:46:24] INFO     状态维稳，保持闭合 3.0s
[2026-04-08 20:46:27] INFO     继电器 OFF (切断充电)
[2026-04-08 20:46:27] INFO     继电器执行 -> OFF
[2026-04-08 20:46:27] INFO     物理断电静置 3.0s
[2026-04-08 20:46:30] INFO     【结论】 [PASS] 成功关键字: voice_msgnum:9
[2026-04-08 20:46:30] INFO     统计 -> 成功: 620 | 失败: 10 | 异常: 0 | 成功率: 98.4%
[2026-04-08 20:46:30] INFO     
-------------------- 第 631 轮 | 最大监听: 3.8s --------------------
[2026-04-08 20:46:30] INFO     继电器 ON (开始充电)
[2026-04-08 20:46:30] INFO     继电器执行 -> ON
[2026-04-08 20:46:32] INFO     捕获目标指令: voice_msgnum:9
[2026-04-08 20:46:32] INFO     状态维稳，保持闭合 3.0s
[2026-04-08 20:46:35] INFO     继电器 OFF (切断充电)
[2026-04-08 20:46:35] INFO     继电器执行 -> OFF
[2026-04-08 20:46:35] INFO     物理断电静置 3.0s
[2026-04-08 20:46:38] INFO     【结论】 [PASS] 成功关键字: voice_msgnum:9
[2026-04-08 20:46:38] INFO     统计 -> 成功: 621 | 失败: 10 | 异常: 0 | 成功率: 98.4%
[2026-04-08 20:46:38] INFO     
-------------------- 第 632 轮 | 最大监听: 3.5s --------------------
[2026-04-08 20:46:38] INFO     继电器 ON (开始充电)
[2026-04-08 20:46:38] INFO     继电器执行 -> ON
[2026-04-08 20:46:39] INFO     捕获目标指令: voice_msgnum:9
[2026-04-08 20:46:39] INFO     状态维稳，保持闭合 3.0s
[2026-04-08 20:46:42] INFO     继电器 OFF (切断充电)
[2026-04-08 20:46:42] INFO     继电器执行 -> OFF
[2026-04-08 20:46:42] INFO     物理断电静置 3.0s
[2026-04-08 20:46:45] INFO     【结论】 [PASS] 成功关键字: voice_msgnum:9
[2026-04-08 20:46:45] INFO     统计 -> 成功: 622 | 失败: 10 | 异常: 0 | 成功率: 98.4%
[2026-04-08 20:46:45] INFO     
-------------------- 第 633 轮 | 最大监听: 3.9s --------------------
[2026-04-08 20:46:45] INFO     继电器 ON (开始充电)
[2026-04-08 20:46:45] INFO     继电器执行 -> ON
[2026-04-08 20:46:47] INFO     捕获目标指令: voice_msgnum:9
[2026-04-08 20:46:47] INFO     状态维稳，保持闭合 3.0s
[2026-04-08 20:46:50] INFO     继电器 OFF (切断充电)
[2026-04-08 20:46:50] INFO     继电器执行 -> OFF
[2026-04-08 20:46:50] INFO     物理断电静置 3.0s
[2026-04-08 20:46:53] INFO     【结论】 [PASS] 成功关键字: voice_msgnum:9
[2026-04-08 20:46:53] INFO     统计 -> 成功: 623 | 失败: 10 | 异常: 0 | 成功率: 98.4%
[2026-04-08 20:46:53] INFO     
-------------------- 第 634 轮 | 最大监听: 3.9s --------------------
[2026-04-08 20:46:53] INFO     继电器 ON (开始充电)
[2026-04-08 20:46:53] INFO     继电器执行 -> ON
[2026-04-08 20:46:55] INFO     捕获目标指令: voice_msgnum:9
[2026-04-08 20:46:55] INFO     状态维稳，保持闭合 3.0s
[2026-04-08 20:46:58] INFO     继电器 OFF (切断充电)
[2026-04-08 20:46:58] INFO     继电器执行 -> OFF
[2026-04-08 20:46:58] INFO     物理断电静置 3.0s
[2026-04-08 20:47:01] INFO     【结论】 [PASS] 成功关键字: voice_msgnum:9
[2026-04-08 20:47:01] INFO     统计 -> 成功: 624 | 失败: 10 | 异常: 0 | 成功率: 98.4%
[2026-04-08 20:47:01] INFO     
-------------------- 第 635 轮 | 最大监听: 3.5s --------------------
[2026-04-08 20:47:01] INFO     继电器 ON (开始充电)
[2026-04-08 20:47:01] INFO     继电器执行 -> ON
[2026-04-08 20:47:02] INFO     捕获目标指令: voice_msgnum:9
[2026-04-08 20:47:02] INFO     状态维稳，保持闭合 3.0s
[2026-04-08 20:47:05] INFO     继电器 OFF (切断充电)
[2026-04-08 20:47:05] INFO     继电器执行 -> OFF
[2026-04-08 20:47:05] INFO     物理断电静置 3.0s
[2026-04-08 20:47:08] INFO     【结论】 [PASS] 成功关键字: voice_msgnum:9
[2026-04-08 20:47:08] INFO     统计 -> 成功: 625 | 失败: 10 | 异常: 0 | 成功率: 98.4%
[2026-04-08 20:47:08] INFO     
-------------------- 第 636 轮 | 最大监听: 3.6s --------------------
[2026-04-08 20:47:08] INFO     继电器 ON (开始充电)
[2026-04-08 20:47:08] INFO     继电器执行 -> ON
[2026-04-08 20:47:10] INFO     捕获目标指令: voice_msgnum:9
[2026-04-08 20:47:10] INFO     状态维稳，保持闭合 3.0s
[2026-04-08 20:47:13] INFO     继电器 OFF (切断充电)
[2026-04-08 20:47:13] INFO     继电器执行 -> OFF
[2026-04-08 20:47:13] INFO     物理断电静置 3.0s
[2026-04-08 20:47:16] INFO     【结论】 [PASS] 成功关键字: voice_msgnum:9
[2026-04-08 20:47:16] INFO     统计 -> 成功: 626 | 失败: 10 | 异常: 0 | 成功率: 98.4%
[2026-04-08 20:47:16] INFO     
-------------------- 第 637 轮 | 最大监听: 3.3s --------------------
[2026-04-08 20:47:16] INFO     继电器 ON (开始充电)
[2026-04-08 20:47:16] INFO     继电器执行 -> ON
[2026-04-08 20:47:17] INFO     捕获目标指令: voice_msgnum:9
[2026-04-08 20:47:17] INFO     状态维稳，保持闭合 3.0s
[2026-04-08 20:47:20] INFO     继电器 OFF (切断充电)
[2026-04-08 20:47:20] INFO     继电器执行 -> OFF
[2026-04-08 20:47:20] INFO     物理断电静置 3.0s
[2026-04-08 20:47:23] INFO     【结论】 [PASS] 成功关键字: voice_msgnum:9
[2026-04-08 20:47:23] INFO     统计 -> 成功: 627 | 失败: 10 | 异常: 0 | 成功率: 98.4%
[2026-04-08 20:47:23] INFO     
-------------------- 第 638 轮 | 最大监听: 3.1s --------------------
[2026-04-08 20:47:23] INFO     继电器 ON (开始充电)
[2026-04-08 20:47:23] INFO     继电器执行 -> ON
[2026-04-08 20:47:25] INFO     捕获目标指令: voice_msgnum:9
[2026-04-08 20:47:25] INFO     状态维稳，保持闭合 3.0s
[2026-04-08 20:47:28] INFO     继电器 OFF (切断充电)
[2026-04-08 20:47:28] INFO     继电器执行 -> OFF
[2026-04-08 20:47:28] INFO     物理断电静置 3.0s
[2026-04-08 20:47:31] INFO     【结论】 [PASS] 成功关键字: voice_msgnum:9
[2026-04-08 20:47:31] INFO     统计 -> 成功: 628 | 失败: 10 | 异常: 0 | 成功率: 98.4%
[2026-04-08 20:47:31] INFO     
-------------------- 第 639 轮 | 最大监听: 3.4s --------------------
[2026-04-08 20:47:31] INFO     继电器 ON (开始充电)
[2026-04-08 20:47:31] INFO     继电器执行 -> ON
[2026-04-08 20:47:33] INFO     捕获目标指令: voice_msgnum:9
[2026-04-08 20:47:33] INFO     状态维稳，保持闭合 3.0s
[2026-04-08 20:47:36] INFO     继电器 OFF (切断充电)
[2026-04-08 20:47:36] INFO     继电器执行 -> OFF
[2026-04-08 20:47:36] INFO     物理断电静置 3.0s
[2026-04-08 20:47:39] INFO     【结论】 [PASS] 成功关键字: voice_msgnum:9
[2026-04-08 20:47:39] INFO     统计 -> 成功: 629 | 失败: 10 | 异常: 0 | 成功率: 98.4%
[2026-04-08 20:47:39] INFO     
-------------------- 第 640 轮 | 最大监听: 3.9s --------------------
[2026-04-08 20:47:39] INFO     继电器 ON (开始充电)
[2026-04-08 20:47:39] INFO     继电器执行 -> ON
[2026-04-08 20:47:40] INFO     捕获目标指令: voice_msgnum:9
[2026-04-08 20:47:40] INFO     状态维稳，保持闭合 3.0s
[2026-04-08 20:47:43] INFO     继电器 OFF (切断充电)
[2026-04-08 20:47:43] INFO     继电器执行 -> OFF
[2026-04-08 20:47:43] INFO     物理断电静置 3.0s
[2026-04-08 20:47:46] INFO     【结论】 [PASS] 成功关键字: voice_msgnum:9
[2026-04-08 20:47:46] INFO     统计 -> 成功: 630 | 失败: 10 | 异常: 0 | 成功率: 98.4%
[2026-04-08 20:47:46] INFO     
-------------------- 第 641 轮 | 最大监听: 3.5s --------------------
[2026-04-08 20:47:46] INFO     继电器 ON (开始充电)
[2026-04-08 20:47:46] INFO     继电器执行 -> ON
[2026-04-08 20:47:48] INFO     捕获目标指令: voice_msgnum:9
[2026-04-08 20:47:48] INFO     状态维稳，保持闭合 3.0s
[2026-04-08 20:47:51] INFO     继电器 OFF (切断充电)
[2026-04-08 20:47:51] INFO     继电器执行 -> OFF
[2026-04-08 20:47:51] INFO     物理断电静置 3.0s
[2026-04-08 20:47:54] INFO     【结论】 [PASS] 成功关键字: voice_msgnum:9
[2026-04-08 20:47:54] INFO     统计 -> 成功: 631 | 失败: 10 | 异常: 0 | 成功率: 98.4%
[2026-04-08 20:47:54] INFO     
-------------------- 第 642 轮 | 最大监听: 3.5s --------------------
[2026-04-08 20:47:54] INFO     继电器 ON (开始充电)
[2026-04-08 20:47:54] INFO     继电器执行 -> ON
[2026-04-08 20:47:55] INFO     捕获目标指令: voice_msgnum:9
[2026-04-08 20:47:55] INFO     状态维稳，保持闭合 3.0s
[2026-04-08 20:47:58] INFO     继电器 OFF (切断充电)
[2026-04-08 20:47:58] INFO     继电器执行 -> OFF
[2026-04-08 20:47:58] INFO     物理断电静置 3.0s
[2026-04-08 20:48:01] INFO     【结论】 [PASS] 成功关键字: voice_msgnum:9
[2026-04-08 20:48:01] INFO     统计 -> 成功: 632 | 失败: 10 | 异常: 0 | 成功率: 98.4%
[2026-04-08 20:48:01] INFO     
-------------------- 第 643 轮 | 最大监听: 3.4s --------------------
[2026-04-08 20:48:01] INFO     继电器 ON (开始充电)
[2026-04-08 20:48:01] INFO     继电器执行 -> ON
[2026-04-08 20:48:03] INFO     捕获目标指令: voice_msgnum:9
[2026-04-08 20:48:03] INFO     状态维稳，保持闭合 3.0s
[2026-04-08 20:48:06] INFO     继电器 OFF (切断充电)
[2026-04-08 20:48:06] INFO     继电器执行 -> OFF
[2026-04-08 20:48:06] INFO     物理断电静置 3.0s
[2026-04-08 20:48:09] INFO     【结论】 [PASS] 成功关键字: voice_msgnum:9
[2026-04-08 20:48:09] INFO     统计 -> 成功: 633 | 失败: 10 | 异常: 0 | 成功率: 98.4%
[2026-04-08 20:48:09] INFO     
-------------------- 第 644 轮 | 最大监听: 3.3s --------------------
[2026-04-08 20:48:09] INFO     继电器 ON (开始充电)
[2026-04-08 20:48:09] INFO     继电器执行 -> ON
[2026-04-08 20:48:11] INFO     捕获目标指令: voice_msgnum:9
[2026-04-08 20:48:11] INFO     状态维稳，保持闭合 3.0s
[2026-04-08 20:48:14] INFO     继电器 OFF (切断充电)
[2026-04-08 20:48:14] INFO     继电器执行 -> OFF
[2026-04-08 20:48:14] INFO     物理断电静置 3.0s
[2026-04-08 20:48:17] INFO     【结论】 [PASS] 成功关键字: voice_msgnum:9
[2026-04-08 20:48:17] INFO     统计 -> 成功: 634 | 失败: 10 | 异常: 0 | 成功率: 98.4%
[2026-04-08 20:48:17] INFO     
-------------------- 第 645 轮 | 最大监听: 3.2s --------------------
[2026-04-08 20:48:17] INFO     继电器 ON (开始充电)
[2026-04-08 20:48:17] INFO     继电器执行 -> ON
[2026-04-08 20:48:18] INFO     捕获目标指令: voice_msgnum:9
[2026-04-08 20:48:18] INFO     状态维稳，保持闭合 3.0s
[2026-04-08 20:48:21] INFO     继电器 OFF (切断充电)
[2026-04-08 20:48:21] INFO     继电器执行 -> OFF
[2026-04-08 20:48:21] INFO     物理断电静置 3.0s
[2026-04-08 20:48:24] INFO     【结论】 [PASS] 成功关键字: voice_msgnum:9
[2026-04-08 20:48:24] INFO     统计 -> 成功: 635 | 失败: 10 | 异常: 0 | 成功率: 98.4%
[2026-04-08 20:48:24] INFO     
-------------------- 第 646 轮 | 最大监听: 3.1s --------------------
[2026-04-08 20:48:24] INFO     继电器 ON (开始充电)
[2026-04-08 20:48:24] INFO     继电器执行 -> ON
[2026-04-08 20:48:26] INFO     捕获目标指令: voice_msgnum:9
[2026-04-08 20:48:26] INFO     状态维稳，保持闭合 3.0s
[2026-04-08 20:48:29] INFO     继电器 OFF (切断充电)
[2026-04-08 20:48:29] INFO     继电器执行 -> OFF
[2026-04-08 20:48:29] INFO     物理断电静置 3.0s
[2026-04-08 20:48:32] INFO     【结论】 [PASS] 成功关键字: voice_msgnum:9
[2026-04-08 20:48:32] INFO     统计 -> 成功: 636 | 失败: 10 | 异常: 0 | 成功率: 98.5%
[2026-04-08 20:48:32] INFO     
-------------------- 第 647 轮 | 最大监听: 3.2s --------------------
[2026-04-08 20:48:32] INFO     继电器 ON (开始充电)
[2026-04-08 20:48:32] INFO     继电器执行 -> ON
[2026-04-08 20:48:33] INFO     捕获目标指令: voice_msgnum:9
[2026-04-08 20:48:33] INFO     状态维稳，保持闭合 3.0s
[2026-04-08 20:48:36] INFO     继电器 OFF (切断充电)
[2026-04-08 20:48:36] INFO     继电器执行 -> OFF
[2026-04-08 20:48:36] INFO     物理断电静置 3.0s
[2026-04-08 20:48:39] INFO     【结论】 [PASS] 成功关键字: voice_msgnum:9
[2026-04-08 20:48:39] INFO     统计 -> 成功: 637 | 失败: 10 | 异常: 0 | 成功率: 98.5%
[2026-04-08 20:48:39] INFO     
-------------------- 第 648 轮 | 最大监听: 3.1s --------------------
[2026-04-08 20:48:39] INFO     继电器 ON (开始充电)
[2026-04-08 20:48:39] INFO     继电器执行 -> ON
[2026-04-08 20:48:41] INFO     捕获目标指令: voice_msgnum:9
[2026-04-08 20:48:41] INFO     状态维稳，保持闭合 3.0s
[2026-04-08 20:48:44] INFO     继电器 OFF (切断充电)
[2026-04-08 20:48:44] INFO     继电器执行 -> OFF
[2026-04-08 20:48:44] INFO     物理断电静置 3.0s
[2026-04-08 20:48:47] INFO     【结论】 [PASS] 成功关键字: voice_msgnum:9
[2026-04-08 20:48:47] INFO     统计 -> 成功: 638 | 失败: 10 | 异常: 0 | 成功率: 98.5%
[2026-04-08 20:48:47] INFO     
-------------------- 第 649 轮 | 最大监听: 3.1s --------------------
[2026-04-08 20:48:47] INFO     继电器 ON (开始充电)
[2026-04-08 20:48:47] INFO     继电器执行 -> ON
[2026-04-08 20:48:49] INFO     捕获目标指令: voice_msgnum:9
[2026-04-08 20:48:49] INFO     状态维稳，保持闭合 3.0s
[2026-04-08 20:48:52] INFO     继电器 OFF (切断充电)
[2026-04-08 20:48:52] INFO     继电器执行 -> OFF
[2026-04-08 20:48:52] INFO     物理断电静置 3.0s
[2026-04-08 20:48:55] INFO     【结论】 [PASS] 成功关键字: voice_msgnum:9
[2026-04-08 20:48:55] INFO     统计 -> 成功: 639 | 失败: 10 | 异常: 0 | 成功率: 98.5%
[2026-04-08 20:48:55] INFO     
-------------------- 第 650 轮 | 最大监听: 3.3s --------------------
[2026-04-08 20:48:55] INFO     继电器 ON (开始充电)
[2026-04-08 20:48:55] INFO     继电器执行 -> ON
[2026-04-08 20:48:56] INFO     捕获目标指令: voice_msgnum:9
[2026-04-08 20:48:56] INFO     状态维稳，保持闭合 3.0s
[2026-04-08 20:48:59] INFO     继电器 OFF (切断充电)
[2026-04-08 20:48:59] INFO     继电器执行 -> OFF
[2026-04-08 20:48:59] INFO     物理断电静置 3.0s
[2026-04-08 20:49:02] INFO     【结论】 [PASS] 成功关键字: voice_msgnum:9
[2026-04-08 20:49:02] INFO     统计 -> 成功: 640 | 失败: 10 | 异常: 0 | 成功率: 98.5%
[2026-04-08 20:49:02] INFO     
-------------------- 第 651 轮 | 最大监听: 3.1s --------------------
[2026-04-08 20:49:02] INFO     继电器 ON (开始充电)
[2026-04-08 20:49:02] INFO     继电器执行 -> ON
[2026-04-08 20:49:04] INFO     捕获目标指令: voice_msgnum:9
[2026-04-08 20:49:04] INFO     状态维稳，保持闭合 3.0s
[2026-04-08 20:49:07] INFO     继电器 OFF (切断充电)
[2026-04-08 20:49:07] INFO     继电器执行 -> OFF
[2026-04-08 20:49:07] INFO     物理断电静置 3.0s
[2026-04-08 20:49:10] INFO     【结论】 [PASS] 成功关键字: voice_msgnum:9
[2026-04-08 20:49:10] INFO     统计 -> 成功: 641 | 失败: 10 | 异常: 0 | 成功率: 98.5%
[2026-04-08 20:49:10] INFO     
-------------------- 第 652 轮 | 最大监听: 3.1s --------------------
[2026-04-08 20:49:10] INFO     继电器 ON (开始充电)
[2026-04-08 20:49:10] INFO     继电器执行 -> ON
[2026-04-08 20:49:11] INFO     捕获目标指令: voice_msgnum:9
[2026-04-08 20:49:11] INFO     状态维稳，保持闭合 3.0s
[2026-04-08 20:49:14] INFO     继电器 OFF (切断充电)
[2026-04-08 20:49:14] INFO     继电器执行 -> OFF
[2026-04-08 20:49:14] INFO     物理断电静置 3.0s
[2026-04-08 20:49:17] INFO     【结论】 [PASS] 成功关键字: voice_msgnum:9
[2026-04-08 20:49:17] INFO     统计 -> 成功: 642 | 失败: 10 | 异常: 0 | 成功率: 98.5%
[2026-04-08 20:49:17] INFO     
-------------------- 第 653 轮 | 最大监听: 3.9s --------------------
[2026-04-08 20:49:17] INFO     继电器 ON (开始充电)
[2026-04-08 20:49:17] INFO     继电器执行 -> ON
[2026-04-08 20:49:19] INFO     捕获目标指令: voice_msgnum:9
[2026-04-08 20:49:19] INFO     状态维稳，保持闭合 3.0s
[2026-04-08 20:49:22] INFO     继电器 OFF (切断充电)
[2026-04-08 20:49:22] INFO     继电器执行 -> OFF
[2026-04-08 20:49:22] INFO     物理断电静置 3.0s
[2026-04-08 20:49:25] INFO     【结论】 [PASS] 成功关键字: voice_msgnum:9
[2026-04-08 20:49:25] INFO     统计 -> 成功: 643 | 失败: 10 | 异常: 0 | 成功率: 98.5%
[2026-04-08 20:49:25] INFO     
-------------------- 第 654 轮 | 最大监听: 3.8s --------------------
[2026-04-08 20:49:25] INFO     继电器 ON (开始充电)
[2026-04-08 20:49:25] INFO     继电器执行 -> ON
[2026-04-08 20:49:27] INFO     捕获目标指令: voice_msgnum:9
[2026-04-08 20:49:27] INFO     状态维稳，保持闭合 3.0s
[2026-04-08 20:49:30] INFO     继电器 OFF (切断充电)
[2026-04-08 20:49:30] INFO     继电器执行 -> OFF
[2026-04-08 20:49:30] INFO     物理断电静置 3.0s
[2026-04-08 20:49:33] INFO     【结论】 [PASS] 成功关键字: voice_msgnum:9
[2026-04-08 20:49:33] INFO     统计 -> 成功: 644 | 失败: 10 | 异常: 0 | 成功率: 98.5%
[2026-04-08 20:49:33] INFO     
-------------------- 第 655 轮 | 最大监听: 4.0s --------------------
[2026-04-08 20:49:33] INFO     继电器 ON (开始充电)
[2026-04-08 20:49:33] INFO     继电器执行 -> ON
[2026-04-08 20:49:34] INFO     捕获目标指令: voice_msgnum:9
[2026-04-08 20:49:34] INFO     状态维稳，保持闭合 3.0s
[2026-04-08 20:49:37] INFO     继电器 OFF (切断充电)
[2026-04-08 20:49:37] INFO     继电器执行 -> OFF
[2026-04-08 20:49:37] INFO     物理断电静置 3.0s
[2026-04-08 20:49:40] INFO     【结论】 [PASS] 成功关键字: voice_msgnum:9
[2026-04-08 20:49:40] INFO     统计 -> 成功: 645 | 失败: 10 | 异常: 0 | 成功率: 98.5%
[2026-04-08 20:49:40] INFO     
-------------------- 第 656 轮 | 最大监听: 3.9s --------------------
[2026-04-08 20:49:40] INFO     继电器 ON (开始充电)
[2026-04-08 20:49:40] INFO     继电器执行 -> ON
[2026-04-08 20:49:42] INFO     捕获目标指令: voice_msgnum:9
[2026-04-08 20:49:42] INFO     状态维稳，保持闭合 3.0s
[2026-04-08 20:49:45] INFO     继电器 OFF (切断充电)
[2026-04-08 20:49:45] INFO     继电器执行 -> OFF
[2026-04-08 20:49:45] INFO     物理断电静置 3.0s
[2026-04-08 20:49:48] INFO     【结论】 [PASS] 成功关键字: voice_msgnum:9
[2026-04-08 20:49:48] INFO     统计 -> 成功: 646 | 失败: 10 | 异常: 0 | 成功率: 98.5%
[2026-04-08 20:49:48] INFO     
-------------------- 第 657 轮 | 最大监听: 3.5s --------------------
[2026-04-08 20:49:48] INFO     继电器 ON (开始充电)
[2026-04-08 20:49:48] INFO     继电器执行 -> ON
[2026-04-08 20:49:49] INFO     捕获目标指令: voice_msgnum:9
[2026-04-08 20:49:49] INFO     状态维稳，保持闭合 3.0s
[2026-04-08 20:49:52] INFO     继电器 OFF (切断充电)
[2026-04-08 20:49:52] INFO     继电器执行 -> OFF
[2026-04-08 20:49:52] INFO     物理断电静置 3.0s
[2026-04-08 20:49:55] INFO     【结论】 [PASS] 成功关键字: voice_msgnum:9
[2026-04-08 20:49:55] INFO     统计 -> 成功: 647 | 失败: 10 | 异常: 0 | 成功率: 98.5%
[2026-04-08 20:49:55] INFO     
-------------------- 第 658 轮 | 最大监听: 3.5s --------------------
[2026-04-08 20:49:55] INFO     继电器 ON (开始充电)
[2026-04-08 20:49:55] INFO     继电器执行 -> ON
[2026-04-08 20:49:57] INFO     捕获目标指令: voice_msgnum:9
[2026-04-08 20:49:57] INFO     状态维稳，保持闭合 3.0s
[2026-04-08 20:50:00] INFO     继电器 OFF (切断充电)
[2026-04-08 20:50:00] INFO     继电器执行 -> OFF
[2026-04-08 20:50:00] INFO     物理断电静置 3.0s
[2026-04-08 20:50:03] INFO     【结论】 [PASS] 成功关键字: voice_msgnum:9
[2026-04-08 20:50:03] INFO     统计 -> 成功: 648 | 失败: 10 | 异常: 0 | 成功率: 98.5%
[2026-04-08 20:50:03] INFO     
-------------------- 第 659 轮 | 最大监听: 3.8s --------------------
[2026-04-08 20:50:03] INFO     继电器 ON (开始充电)
[2026-04-08 20:50:03] INFO     继电器执行 -> ON
[2026-04-08 20:50:05] INFO     捕获目标指令: voice_msgnum:9
[2026-04-08 20:50:05] INFO     状态维稳，保持闭合 3.0s
[2026-04-08 20:50:08] INFO     继电器 OFF (切断充电)
[2026-04-08 20:50:08] INFO     继电器执行 -> OFF
[2026-04-08 20:50:08] INFO     物理断电静置 3.0s
[2026-04-08 20:50:11] INFO     【结论】 [PASS] 成功关键字: voice_msgnum:9
[2026-04-08 20:50:11] INFO     统计 -> 成功: 649 | 失败: 10 | 异常: 0 | 成功率: 98.5%
[2026-04-08 20:50:11] INFO     
-------------------- 第 660 轮 | 最大监听: 3.4s --------------------
[2026-04-08 20:50:11] INFO     继电器 ON (开始充电)
[2026-04-08 20:50:11] INFO     继电器执行 -> ON
[2026-04-08 20:50:12] INFO     捕获目标指令: voice_msgnum:9
[2026-04-08 20:50:12] INFO     状态维稳，保持闭合 3.0s
[2026-04-08 20:50:15] INFO     继电器 OFF (切断充电)
[2026-04-08 20:50:15] INFO     继电器执行 -> OFF
[2026-04-08 20:50:15] INFO     物理断电静置 3.0s
[2026-04-08 20:50:18] INFO     【结论】 [PASS] 成功关键字: voice_msgnum:9
[2026-04-08 20:50:18] INFO     统计 -> 成功: 650 | 失败: 10 | 异常: 0 | 成功率: 98.5%
[2026-04-08 20:50:18] INFO     
-------------------- 第 661 轮 | 最大监听: 3.7s --------------------
[2026-04-08 20:50:18] INFO     继电器 ON (开始充电)
[2026-04-08 20:50:18] INFO     继电器执行 -> ON
[2026-04-08 20:50:20] INFO     捕获目标指令: voice_msgnum:9
[2026-04-08 20:50:20] INFO     状态维稳，保持闭合 3.0s
[2026-04-08 20:50:23] INFO     继电器 OFF (切断充电)
[2026-04-08 20:50:23] INFO     继电器执行 -> OFF
[2026-04-08 20:50:23] INFO     物理断电静置 3.0s
[2026-04-08 20:50:26] INFO     【结论】 [PASS] 成功关键字: voice_msgnum:9
[2026-04-08 20:50:26] INFO     统计 -> 成功: 651 | 失败: 10 | 异常: 0 | 成功率: 98.5%
[2026-04-08 20:50:26] INFO     
-------------------- 第 662 轮 | 最大监听: 3.9s --------------------
[2026-04-08 20:50:26] INFO     继电器 ON (开始充电)
[2026-04-08 20:50:26] INFO     继电器执行 -> ON
[2026-04-08 20:50:27] INFO     捕获目标指令: voice_msgnum:9
[2026-04-08 20:50:27] INFO     状态维稳，保持闭合 3.0s
[2026-04-08 20:50:30] INFO     继电器 OFF (切断充电)
[2026-04-08 20:50:30] INFO     继电器执行 -> OFF
[2026-04-08 20:50:30] INFO     物理断电静置 3.0s
[2026-04-08 20:50:33] INFO     【结论】 [PASS] 成功关键字: voice_msgnum:9
[2026-04-08 20:50:33] INFO     统计 -> 成功: 652 | 失败: 10 | 异常: 0 | 成功率: 98.5%
[2026-04-08 20:50:33] INFO     
-------------------- 第 663 轮 | 最大监听: 3.8s --------------------
[2026-04-08 20:50:33] INFO     继电器 ON (开始充电)
[2026-04-08 20:50:33] INFO     继电器执行 -> ON
[2026-04-08 20:50:35] INFO     捕获目标指令: voice_msgnum:9
[2026-04-08 20:50:35] INFO     状态维稳，保持闭合 3.0s
[2026-04-08 20:50:38] INFO     继电器 OFF (切断充电)
[2026-04-08 20:50:38] INFO     继电器执行 -> OFF
[2026-04-08 20:50:38] INFO     物理断电静置 3.0s
[2026-04-08 20:50:41] INFO     【结论】 [PASS] 成功关键字: voice_msgnum:9
[2026-04-08 20:50:41] INFO     统计 -> 成功: 653 | 失败: 10 | 异常: 0 | 成功率: 98.5%
[2026-04-08 20:50:41] INFO     
-------------------- 第 664 轮 | 最大监听: 4.0s --------------------
[2026-04-08 20:50:41] INFO     继电器 ON (开始充电)
[2026-04-08 20:50:41] INFO     继电器执行 -> ON
[2026-04-08 20:50:43] INFO     捕获目标指令: voice_msgnum:9
[2026-04-08 20:50:43] INFO     状态维稳，保持闭合 3.0s
[2026-04-08 20:50:46] INFO     继电器 OFF (切断充电)
[2026-04-08 20:50:46] INFO     继电器执行 -> OFF
[2026-04-08 20:50:46] INFO     物理断电静置 3.0s
[2026-04-08 20:50:49] INFO     【结论】 [PASS] 成功关键字: voice_msgnum:9
[2026-04-08 20:50:49] INFO     统计 -> 成功: 654 | 失败: 10 | 异常: 0 | 成功率: 98.5%
[2026-04-08 20:50:49] INFO     
-------------------- 第 665 轮 | 最大监听: 3.5s --------------------
[2026-04-08 20:50:49] INFO     继电器 ON (开始充电)
[2026-04-08 20:50:49] INFO     继电器执行 -> ON
[2026-04-08 20:50:50] INFO     捕获目标指令: voice_msgnum:9
[2026-04-08 20:50:50] INFO     状态维稳，保持闭合 3.0s
[2026-04-08 20:50:53] INFO     继电器 OFF (切断充电)
[2026-04-08 20:50:53] INFO     继电器执行 -> OFF
[2026-04-08 20:50:53] INFO     物理断电静置 3.0s
[2026-04-08 20:50:56] INFO     【结论】 [PASS] 成功关键字: voice_msgnum:9
[2026-04-08 20:50:56] INFO     统计 -> 成功: 655 | 失败: 10 | 异常: 0 | 成功率: 98.5%
[2026-04-08 20:50:56] INFO     
-------------------- 第 666 轮 | 最大监听: 3.6s --------------------
[2026-04-08 20:50:56] INFO     继电器 ON (开始充电)
[2026-04-08 20:50:56] INFO     继电器执行 -> ON
[2026-04-08 20:50:58] INFO     捕获目标指令: voice_msgnum:9
[2026-04-08 20:50:58] INFO     状态维稳，保持闭合 3.0s
[2026-04-08 20:51:01] INFO     继电器 OFF (切断充电)
[2026-04-08 20:51:01] INFO     继电器执行 -> OFF
[2026-04-08 20:51:01] INFO     物理断电静置 3.0s
[2026-04-08 20:51:04] INFO     【结论】 [PASS] 成功关键字: voice_msgnum:9
[2026-04-08 20:51:04] INFO     统计 -> 成功: 656 | 失败: 10 | 异常: 0 | 成功率: 98.5%
[2026-04-08 20:51:04] INFO     
-------------------- 第 667 轮 | 最大监听: 3.6s --------------------
[2026-04-08 20:51:04] INFO     继电器 ON (开始充电)
[2026-04-08 20:51:04] INFO     继电器执行 -> ON
[2026-04-08 20:51:05] INFO     捕获目标指令: voice_msgnum:9
[2026-04-08 20:51:05] INFO     状态维稳，保持闭合 3.0s
[2026-04-08 20:51:08] INFO     继电器 OFF (切断充电)
[2026-04-08 20:51:08] INFO     继电器执行 -> OFF
[2026-04-08 20:51:08] INFO     物理断电静置 3.0s
[2026-04-08 20:51:11] INFO     【结论】 [PASS] 成功关键字: voice_msgnum:9
[2026-04-08 20:51:11] INFO     统计 -> 成功: 657 | 失败: 10 | 异常: 0 | 成功率: 98.5%
[2026-04-08 20:51:11] INFO     
-------------------- 第 668 轮 | 最大监听: 3.3s --------------------
[2026-04-08 20:51:11] INFO     继电器 ON (开始充电)
[2026-04-08 20:51:11] INFO     继电器执行 -> ON
[2026-04-08 20:51:13] INFO     捕获目标指令: voice_msgnum:9
[2026-04-08 20:51:13] INFO     状态维稳，保持闭合 3.0s
[2026-04-08 20:51:16] INFO     继电器 OFF (切断充电)
[2026-04-08 20:51:16] INFO     继电器执行 -> OFF
[2026-04-08 20:51:16] INFO     物理断电静置 3.0s
[2026-04-08 20:51:19] INFO     【结论】 [PASS] 成功关键字: voice_msgnum:9
[2026-04-08 20:51:19] INFO     统计 -> 成功: 658 | 失败: 10 | 异常: 0 | 成功率: 98.5%
[2026-04-08 20:51:19] INFO     
-------------------- 第 669 轮 | 最大监听: 3.8s --------------------
[2026-04-08 20:51:19] INFO     继电器 ON (开始充电)
[2026-04-08 20:51:19] INFO     继电器执行 -> ON
[2026-04-08 20:51:21] INFO     捕获目标指令: voice_msgnum:9
[2026-04-08 20:51:21] INFO     状态维稳，保持闭合 3.0s
[2026-04-08 20:51:24] INFO     继电器 OFF (切断充电)
[2026-04-08 20:51:24] INFO     继电器执行 -> OFF
[2026-04-08 20:51:24] INFO     物理断电静置 3.0s
[2026-04-08 20:51:27] INFO     【结论】 [PASS] 成功关键字: voice_msgnum:9
[2026-04-08 20:51:27] INFO     统计 -> 成功: 659 | 失败: 10 | 异常: 0 | 成功率: 98.5%
[2026-04-08 20:51:27] INFO     
-------------------- 第 670 轮 | 最大监听: 3.8s --------------------
[2026-04-08 20:51:27] INFO     继电器 ON (开始充电)
[2026-04-08 20:51:27] INFO     继电器执行 -> ON
[2026-04-08 20:51:28] INFO     捕获目标指令: voice_msgnum:9
[2026-04-08 20:51:28] INFO     状态维稳，保持闭合 3.0s
[2026-04-08 20:51:31] INFO     继电器 OFF (切断充电)
[2026-04-08 20:51:31] INFO     继电器执行 -> OFF
[2026-04-08 20:51:31] INFO     物理断电静置 3.0s
[2026-04-08 20:51:34] INFO     【结论】 [PASS] 成功关键字: voice_msgnum:9
[2026-04-08 20:51:34] INFO     统计 -> 成功: 660 | 失败: 10 | 异常: 0 | 成功率: 98.5%
[2026-04-08 20:51:34] INFO     
-------------------- 第 671 轮 | 最大监听: 3.6s --------------------
[2026-04-08 20:51:34] INFO     继电器 ON (开始充电)
[2026-04-08 20:51:34] INFO     继电器执行 -> ON
[2026-04-08 20:51:36] INFO     捕获目标指令: voice_msgnum:9
[2026-04-08 20:51:36] INFO     状态维稳，保持闭合 3.0s
[2026-04-08 20:51:39] INFO     继电器 OFF (切断充电)
[2026-04-08 20:51:39] INFO     继电器执行 -> OFF
[2026-04-08 20:51:39] INFO     物理断电静置 3.0s
[2026-04-08 20:51:42] INFO     【结论】 [PASS] 成功关键字: voice_msgnum:9
[2026-04-08 20:51:42] INFO     统计 -> 成功: 661 | 失败: 10 | 异常: 0 | 成功率: 98.5%
[2026-04-08 20:51:42] INFO     
-------------------- 第 672 轮 | 最大监听: 3.5s --------------------
[2026-04-08 20:51:42] INFO     继电器 ON (开始充电)
[2026-04-08 20:51:42] INFO     继电器执行 -> ON
[2026-04-08 20:51:43] INFO     捕获目标指令: voice_msgnum:9
[2026-04-08 20:51:43] INFO     状态维稳，保持闭合 3.0s
[2026-04-08 20:51:46] INFO     继电器 OFF (切断充电)
[2026-04-08 20:51:46] INFO     继电器执行 -> OFF
[2026-04-08 20:51:46] INFO     物理断电静置 3.0s
[2026-04-08 20:51:49] INFO     【结论】 [PASS] 成功关键字: voice_msgnum:9
[2026-04-08 20:51:49] INFO     统计 -> 成功: 662 | 失败: 10 | 异常: 0 | 成功率: 98.5%
[2026-04-08 20:51:49] INFO     
-------------------- 第 673 轮 | 最大监听: 3.1s --------------------
[2026-04-08 20:51:49] INFO     继电器 ON (开始充电)
[2026-04-08 20:51:49] INFO     继电器执行 -> ON
[2026-04-08 20:51:51] INFO     捕获目标指令: voice_msgnum:9
[2026-04-08 20:51:51] INFO     状态维稳，保持闭合 3.0s
[2026-04-08 20:51:54] INFO     继电器 OFF (切断充电)
[2026-04-08 20:51:54] INFO     继电器执行 -> OFF
[2026-04-08 20:51:54] INFO     物理断电静置 3.0s
[2026-04-08 20:51:57] INFO     【结论】 [PASS] 成功关键字: voice_msgnum:9
[2026-04-08 20:51:57] INFO     统计 -> 成功: 663 | 失败: 10 | 异常: 0 | 成功率: 98.5%
[2026-04-08 20:51:57] INFO     
-------------------- 第 674 轮 | 最大监听: 3.9s --------------------
[2026-04-08 20:51:57] INFO     继电器 ON (开始充电)
[2026-04-08 20:51:57] INFO     继电器执行 -> ON
[2026-04-08 20:51:59] INFO     捕获目标指令: voice_msgnum:9
[2026-04-08 20:51:59] INFO     状态维稳，保持闭合 3.0s
[2026-04-08 20:52:02] INFO     继电器 OFF (切断充电)
[2026-04-08 20:52:02] INFO     继电器执行 -> OFF
[2026-04-08 20:52:02] INFO     物理断电静置 3.0s
[2026-04-08 20:52:05] INFO     【结论】 [PASS] 成功关键字: voice_msgnum:9
[2026-04-08 20:52:05] INFO     统计 -> 成功: 664 | 失败: 10 | 异常: 0 | 成功率: 98.5%
[2026-04-08 20:52:05] INFO     
-------------------- 第 675 轮 | 最大监听: 3.1s --------------------
[2026-04-08 20:52:05] INFO     继电器 ON (开始充电)
[2026-04-08 20:52:05] INFO     继电器执行 -> ON
[2026-04-08 20:52:06] INFO     捕获目标指令: voice_msgnum:9
[2026-04-08 20:52:06] INFO     状态维稳，保持闭合 3.0s
[2026-04-08 20:52:09] INFO     继电器 OFF (切断充电)
[2026-04-08 20:52:09] INFO     继电器执行 -> OFF
[2026-04-08 20:52:09] INFO     物理断电静置 3.0s
[2026-04-08 20:52:12] INFO     【结论】 [PASS] 成功关键字: voice_msgnum:9
[2026-04-08 20:52:12] INFO     统计 -> 成功: 665 | 失败: 10 | 异常: 0 | 成功率: 98.5%
[2026-04-08 20:52:12] INFO     
-------------------- 第 676 轮 | 最大监听: 3.9s --------------------
[2026-04-08 20:52:12] INFO     继电器 ON (开始充电)
[2026-04-08 20:52:12] INFO     继电器执行 -> ON
[2026-04-08 20:52:14] INFO     捕获目标指令: voice_msgnum:9
[2026-04-08 20:52:14] INFO     状态维稳，保持闭合 3.0s
[2026-04-08 20:52:17] INFO     继电器 OFF (切断充电)
[2026-04-08 20:52:17] INFO     继电器执行 -> OFF
[2026-04-08 20:52:17] INFO     物理断电静置 3.0s
[2026-04-08 20:52:20] INFO     【结论】 [PASS] 成功关键字: voice_msgnum:9
[2026-04-08 20:52:20] INFO     统计 -> 成功: 666 | 失败: 10 | 异常: 0 | 成功率: 98.5%
[2026-04-08 20:52:20] INFO     
-------------------- 第 677 轮 | 最大监听: 3.3s --------------------
[2026-04-08 20:52:20] INFO     继电器 ON (开始充电)
[2026-04-08 20:52:20] INFO     继电器执行 -> ON
[2026-04-08 20:52:21] INFO     捕获目标指令: voice_msgnum:9
[2026-04-08 20:52:21] INFO     状态维稳，保持闭合 3.0s
[2026-04-08 20:52:24] INFO     继电器 OFF (切断充电)
[2026-04-08 20:52:24] INFO     继电器执行 -> OFF
[2026-04-08 20:52:24] INFO     物理断电静置 3.0s
[2026-04-08 20:52:27] INFO     【结论】 [PASS] 成功关键字: voice_msgnum:9
[2026-04-08 20:52:27] INFO     统计 -> 成功: 667 | 失败: 10 | 异常: 0 | 成功率: 98.5%
[2026-04-08 20:52:27] INFO     
-------------------- 第 678 轮 | 最大监听: 3.2s --------------------
[2026-04-08 20:52:27] INFO     继电器 ON (开始充电)
[2026-04-08 20:52:27] INFO     继电器执行 -> ON
[2026-04-08 20:52:29] INFO     捕获目标指令: voice_msgnum:9
[2026-04-08 20:52:29] INFO     状态维稳，保持闭合 3.0s
[2026-04-08 20:52:32] INFO     继电器 OFF (切断充电)
[2026-04-08 20:52:32] INFO     继电器执行 -> OFF
[2026-04-08 20:52:32] INFO     物理断电静置 3.0s
[2026-04-08 20:52:35] INFO     【结论】 [PASS] 成功关键字: voice_msgnum:9
[2026-04-08 20:52:35] INFO     统计 -> 成功: 668 | 失败: 10 | 异常: 0 | 成功率: 98.5%
[2026-04-08 20:52:35] INFO     
-------------------- 第 679 轮 | 最大监听: 3.8s --------------------
[2026-04-08 20:52:35] INFO     继电器 ON (开始充电)
[2026-04-08 20:52:35] INFO     继电器执行 -> ON
[2026-04-08 20:52:36] INFO     捕获目标指令: voice_msgnum:9
[2026-04-08 20:52:36] INFO     状态维稳，保持闭合 3.0s
[2026-04-08 20:52:40] INFO     继电器 OFF (切断充电)
[2026-04-08 20:52:40] INFO     继电器执行 -> OFF
[2026-04-08 20:52:40] INFO     物理断电静置 3.0s
[2026-04-08 20:52:43] INFO     【结论】 [PASS] 成功关键字: voice_msgnum:9
[2026-04-08 20:52:43] INFO     统计 -> 成功: 669 | 失败: 10 | 异常: 0 | 成功率: 98.5%
[2026-04-08 20:52:43] INFO     
-------------------- 第 680 轮 | 最大监听: 3.7s --------------------
[2026-04-08 20:52:43] INFO     继电器 ON (开始充电)
[2026-04-08 20:52:43] INFO     继电器执行 -> ON
[2026-04-08 20:52:44] INFO     捕获目标指令: voice_msgnum:9
[2026-04-08 20:52:44] INFO     状态维稳，保持闭合 3.0s
[2026-04-08 20:52:47] INFO     继电器 OFF (切断充电)
[2026-04-08 20:52:47] INFO     继电器执行 -> OFF
[2026-04-08 20:52:47] INFO     物理断电静置 3.0s
[2026-04-08 20:52:50] INFO     【结论】 [PASS] 成功关键字: voice_msgnum:9
[2026-04-08 20:52:50] INFO     统计 -> 成功: 670 | 失败: 10 | 异常: 0 | 成功率: 98.5%
[2026-04-08 20:52:50] INFO     
-------------------- 第 681 轮 | 最大监听: 3.1s --------------------
[2026-04-08 20:52:50] INFO     继电器 ON (开始充电)
[2026-04-08 20:52:50] INFO     继电器执行 -> ON
[2026-04-08 20:52:52] INFO     捕获目标指令: voice_msgnum:9
[2026-04-08 20:52:52] INFO     状态维稳，保持闭合 3.0s
[2026-04-08 20:52:55] INFO     继电器 OFF (切断充电)
[2026-04-08 20:52:55] INFO     继电器执行 -> OFF
[2026-04-08 20:52:55] INFO     物理断电静置 3.0s
[2026-04-08 20:52:58] INFO     【结论】 [PASS] 成功关键字: voice_msgnum:9
[2026-04-08 20:52:58] INFO     统计 -> 成功: 671 | 失败: 10 | 异常: 0 | 成功率: 98.5%
[2026-04-08 20:52:58] INFO     
-------------------- 第 682 轮 | 最大监听: 3.2s --------------------
[2026-04-08 20:52:58] INFO     继电器 ON (开始充电)
[2026-04-08 20:52:58] INFO     继电器执行 -> ON
[2026-04-08 20:52:59] INFO     捕获目标指令: voice_msgnum:9
[2026-04-08 20:52:59] INFO     状态维稳，保持闭合 3.0s
[2026-04-08 20:53:02] INFO     继电器 OFF (切断充电)
[2026-04-08 20:53:02] INFO     继电器执行 -> OFF
[2026-04-08 20:53:02] INFO     物理断电静置 3.0s
[2026-04-08 20:53:05] INFO     【结论】 [PASS] 成功关键字: voice_msgnum:9
[2026-04-08 20:53:05] INFO     统计 -> 成功: 672 | 失败: 10 | 异常: 0 | 成功率: 98.5%
[2026-04-08 20:53:05] INFO     
-------------------- 第 683 轮 | 最大监听: 4.0s --------------------
[2026-04-08 20:53:05] INFO     继电器 ON (开始充电)
[2026-04-08 20:53:05] INFO     继电器执行 -> ON
[2026-04-08 20:53:07] INFO     捕获目标指令: voice_msgnum:9
[2026-04-08 20:53:07] INFO     状态维稳，保持闭合 3.0s
[2026-04-08 20:53:10] INFO     继电器 OFF (切断充电)
[2026-04-08 20:53:10] INFO     继电器执行 -> OFF
[2026-04-08 20:53:10] INFO     物理断电静置 3.0s
[2026-04-08 20:53:13] INFO     【结论】 [PASS] 成功关键字: voice_msgnum:9
[2026-04-08 20:53:13] INFO     统计 -> 成功: 673 | 失败: 10 | 异常: 0 | 成功率: 98.5%
[2026-04-08 20:53:13] INFO     
-------------------- 第 684 轮 | 最大监听: 3.3s --------------------
[2026-04-08 20:53:13] INFO     继电器 ON (开始充电)
[2026-04-08 20:53:13] INFO     继电器执行 -> ON
[2026-04-08 20:53:14] INFO     捕获目标指令: voice_msgnum:9
[2026-04-08 20:53:14] INFO     状态维稳，保持闭合 3.0s
[2026-04-08 20:53:18] INFO     继电器 OFF (切断充电)
[2026-04-08 20:53:18] INFO     继电器执行 -> OFF
[2026-04-08 20:53:18] INFO     物理断电静置 3.0s
[2026-04-08 20:53:21] INFO     【结论】 [PASS] 成功关键字: voice_msgnum:9
[2026-04-08 20:53:21] INFO     统计 -> 成功: 674 | 失败: 10 | 异常: 0 | 成功率: 98.5%
[2026-04-08 20:53:21] INFO     
-------------------- 第 685 轮 | 最大监听: 3.5s --------------------
[2026-04-08 20:53:21] INFO     继电器 ON (开始充电)
[2026-04-08 20:53:21] INFO     继电器执行 -> ON
[2026-04-08 20:53:22] INFO     捕获目标指令: voice_msgnum:9
[2026-04-08 20:53:22] INFO     状态维稳，保持闭合 3.0s
[2026-04-08 20:53:25] INFO     继电器 OFF (切断充电)
[2026-04-08 20:53:25] INFO     继电器执行 -> OFF
[2026-04-08 20:53:25] INFO     物理断电静置 3.0s
[2026-04-08 20:53:28] INFO     【结论】 [PASS] 成功关键字: voice_msgnum:9
[2026-04-08 20:53:28] INFO     统计 -> 成功: 675 | 失败: 10 | 异常: 0 | 成功率: 98.5%
[2026-04-08 20:53:28] INFO     
-------------------- 第 686 轮 | 最大监听: 3.8s --------------------
[2026-04-08 20:53:28] INFO     继电器 ON (开始充电)
[2026-04-08 20:53:28] INFO     继电器执行 -> ON
[2026-04-08 20:53:30] INFO     捕获目标指令: voice_msgnum:9
[2026-04-08 20:53:30] INFO     状态维稳，保持闭合 3.0s
[2026-04-08 20:53:33] INFO     继电器 OFF (切断充电)
[2026-04-08 20:53:33] INFO     继电器执行 -> OFF
[2026-04-08 20:53:33] INFO     物理断电静置 3.0s
[2026-04-08 20:53:36] INFO     【结论】 [PASS] 成功关键字: voice_msgnum:9
[2026-04-08 20:53:36] INFO     统计 -> 成功: 676 | 失败: 10 | 异常: 0 | 成功率: 98.5%
[2026-04-08 20:53:36] INFO     
-------------------- 第 687 轮 | 最大监听: 3.2s --------------------
[2026-04-08 20:53:36] INFO     继电器 ON (开始充电)
[2026-04-08 20:53:36] INFO     继电器执行 -> ON
[2026-04-08 20:53:37] INFO     捕获目标指令: voice_msgnum:9
[2026-04-08 20:53:37] INFO     状态维稳，保持闭合 3.0s
[2026-04-08 20:53:40] INFO     继电器 OFF (切断充电)
[2026-04-08 20:53:40] INFO     继电器执行 -> OFF
[2026-04-08 20:53:40] INFO     物理断电静置 3.0s
[2026-04-08 20:53:43] INFO     【结论】 [PASS] 成功关键字: voice_msgnum:9
[2026-04-08 20:53:43] INFO     统计 -> 成功: 677 | 失败: 10 | 异常: 0 | 成功率: 98.5%
[2026-04-08 20:53:43] INFO     
-------------------- 第 688 轮 | 最大监听: 3.1s --------------------
[2026-04-08 20:53:43] INFO     继电器 ON (开始充电)
[2026-04-08 20:53:43] INFO     继电器执行 -> ON
[2026-04-08 20:53:45] INFO     捕获目标指令: voice_msgnum:9
[2026-04-08 20:53:45] INFO     状态维稳，保持闭合 3.0s
[2026-04-08 20:53:48] INFO     继电器 OFF (切断充电)
[2026-04-08 20:53:48] INFO     继电器执行 -> OFF
[2026-04-08 20:53:48] INFO     物理断电静置 3.0s
[2026-04-08 20:53:51] INFO     【结论】 [PASS] 成功关键字: voice_msgnum:9
[2026-04-08 20:53:51] INFO     统计 -> 成功: 678 | 失败: 10 | 异常: 0 | 成功率: 98.5%
[2026-04-08 20:53:51] INFO     
-------------------- 第 689 轮 | 最大监听: 3.8s --------------------
[2026-04-08 20:53:51] INFO     继电器 ON (开始充电)
[2026-04-08 20:53:51] INFO     继电器执行 -> ON
[2026-04-08 20:53:52] INFO     捕获目标指令: voice_msgnum:9
[2026-04-08 20:53:52] INFO     状态维稳，保持闭合 3.0s
[2026-04-08 20:53:55] INFO     继电器 OFF (切断充电)
[2026-04-08 20:53:56] INFO     继电器执行 -> OFF
[2026-04-08 20:53:56] INFO     物理断电静置 3.0s
[2026-04-08 20:53:59] INFO     【结论】 [PASS] 成功关键字: voice_msgnum:9
[2026-04-08 20:53:59] INFO     统计 -> 成功: 679 | 失败: 10 | 异常: 0 | 成功率: 98.5%
[2026-04-08 20:53:59] INFO     
-------------------- 第 690 轮 | 最大监听: 3.9s --------------------
[2026-04-08 20:53:59] INFO     继电器 ON (开始充电)
[2026-04-08 20:53:59] INFO     继电器执行 -> ON
[2026-04-08 20:54:00] INFO     捕获目标指令: voice_msgnum:9
[2026-04-08 20:54:00] INFO     状态维稳，保持闭合 3.0s
[2026-04-08 20:54:03] INFO     继电器 OFF (切断充电)
[2026-04-08 20:54:03] INFO     继电器执行 -> OFF
[2026-04-08 20:54:03] INFO     物理断电静置 3.0s
[2026-04-08 20:54:06] INFO     【结论】 [PASS] 成功关键字: voice_msgnum:9
[2026-04-08 20:54:06] INFO     统计 -> 成功: 680 | 失败: 10 | 异常: 0 | 成功率: 98.6%
[2026-04-08 20:54:06] INFO     
-------------------- 第 691 轮 | 最大监听: 3.3s --------------------
[2026-04-08 20:54:06] INFO     继电器 ON (开始充电)
[2026-04-08 20:54:06] INFO     继电器执行 -> ON
[2026-04-08 20:54:08] INFO     捕获目标指令: voice_msgnum:9
[2026-04-08 20:54:08] INFO     状态维稳，保持闭合 3.0s
[2026-04-08 20:54:11] INFO     继电器 OFF (切断充电)
[2026-04-08 20:54:11] INFO     继电器执行 -> OFF
[2026-04-08 20:54:11] INFO     物理断电静置 3.0s
[2026-04-08 20:54:14] INFO     【结论】 [PASS] 成功关键字: voice_msgnum:9
[2026-04-08 20:54:14] INFO     统计 -> 成功: 681 | 失败: 10 | 异常: 0 | 成功率: 98.6%
[2026-04-08 20:54:14] INFO     
-------------------- 第 692 轮 | 最大监听: 4.0s --------------------
[2026-04-08 20:54:14] INFO     继电器 ON (开始充电)
[2026-04-08 20:54:14] INFO     继电器执行 -> ON
[2026-04-08 20:54:15] INFO     捕获目标指令: voice_msgnum:9
[2026-04-08 20:54:15] INFO     状态维稳，保持闭合 3.0s
[2026-04-08 20:54:18] INFO     继电器 OFF (切断充电)
[2026-04-08 20:54:18] INFO     继电器执行 -> OFF
[2026-04-08 20:54:18] INFO     物理断电静置 3.0s
[2026-04-08 20:54:21] INFO     【结论】 [PASS] 成功关键字: voice_msgnum:9
[2026-04-08 20:54:21] INFO     统计 -> 成功: 682 | 失败: 10 | 异常: 0 | 成功率: 98.6%
[2026-04-08 20:54:21] INFO     
-------------------- 第 693 轮 | 最大监听: 3.9s --------------------
[2026-04-08 20:54:21] INFO     继电器 ON (开始充电)
[2026-04-08 20:54:21] INFO     继电器执行 -> ON
[2026-04-08 20:54:23] INFO     捕获目标指令: voice_msgnum:9
[2026-04-08 20:54:23] INFO     状态维稳，保持闭合 3.0s
[2026-04-08 20:54:26] INFO     继电器 OFF (切断充电)
[2026-04-08 20:54:26] INFO     继电器执行 -> OFF
[2026-04-08 20:54:26] INFO     物理断电静置 3.0s
[2026-04-08 20:54:29] INFO     【结论】 [PASS] 成功关键字: voice_msgnum:9
[2026-04-08 20:54:29] INFO     统计 -> 成功: 683 | 失败: 10 | 异常: 0 | 成功率: 98.6%
[2026-04-08 20:54:29] INFO     
-------------------- 第 694 轮 | 最大监听: 3.9s --------------------
[2026-04-08 20:54:29] INFO     继电器 ON (开始充电)
[2026-04-08 20:54:29] INFO     继电器执行 -> ON
[2026-04-08 20:54:30] INFO     捕获目标指令: voice_msgnum:9
[2026-04-08 20:54:30] INFO     状态维稳，保持闭合 3.0s
[2026-04-08 20:54:33] INFO     继电器 OFF (切断充电)
[2026-04-08 20:54:34] INFO     继电器执行 -> OFF
[2026-04-08 20:54:34] INFO     物理断电静置 3.0s
[2026-04-08 20:54:37] INFO     【结论】 [PASS] 成功关键字: voice_msgnum:9
[2026-04-08 20:54:37] INFO     统计 -> 成功: 684 | 失败: 10 | 异常: 0 | 成功率: 98.6%
[2026-04-08 20:54:37] INFO     
-------------------- 第 695 轮 | 最大监听: 3.8s --------------------
[2026-04-08 20:54:37] INFO     继电器 ON (开始充电)
[2026-04-08 20:54:37] INFO     继电器执行 -> ON
[2026-04-08 20:54:38] INFO     捕获目标指令: voice_msgnum:9
[2026-04-08 20:54:38] INFO     状态维稳，保持闭合 3.0s
[2026-04-08 20:54:41] INFO     继电器 OFF (切断充电)
[2026-04-08 20:54:41] INFO     继电器执行 -> OFF
[2026-04-08 20:54:41] INFO     物理断电静置 3.0s
[2026-04-08 20:54:44] INFO     【结论】 [PASS] 成功关键字: voice_msgnum:9
[2026-04-08 20:54:44] INFO     统计 -> 成功: 685 | 失败: 10 | 异常: 0 | 成功率: 98.6%
[2026-04-08 20:54:44] INFO     
-------------------- 第 696 轮 | 最大监听: 3.4s --------------------
[2026-04-08 20:54:44] INFO     继电器 ON (开始充电)
[2026-04-08 20:54:44] INFO     继电器执行 -> ON
[2026-04-08 20:54:46] INFO     捕获目标指令: voice_msgnum:9
[2026-04-08 20:54:46] INFO     状态维稳，保持闭合 3.0s
[2026-04-08 20:54:49] INFO     继电器 OFF (切断充电)
[2026-04-08 20:54:49] INFO     继电器执行 -> OFF
[2026-04-08 20:54:49] INFO     物理断电静置 3.0s
[2026-04-08 20:54:52] INFO     【结论】 [PASS] 成功关键字: voice_msgnum:9
[2026-04-08 20:54:52] INFO     统计 -> 成功: 686 | 失败: 10 | 异常: 0 | 成功率: 98.6%
[2026-04-08 20:54:52] INFO     
-------------------- 第 697 轮 | 最大监听: 3.6s --------------------
[2026-04-08 20:54:52] INFO     继电器 ON (开始充电)
[2026-04-08 20:54:52] INFO     继电器执行 -> ON
[2026-04-08 20:54:53] INFO     捕获目标指令: voice_msgnum:9
[2026-04-08 20:54:53] INFO     状态维稳，保持闭合 3.0s
[2026-04-08 20:54:56] INFO     继电器 OFF (切断充电)
[2026-04-08 20:54:56] INFO     继电器执行 -> OFF
[2026-04-08 20:54:56] INFO     物理断电静置 3.0s
[2026-04-08 20:54:59] INFO     【结论】 [PASS] 成功关键字: voice_msgnum:9
[2026-04-08 20:54:59] INFO     统计 -> 成功: 687 | 失败: 10 | 异常: 0 | 成功率: 98.6%
[2026-04-08 20:54:59] INFO     
-------------------- 第 698 轮 | 最大监听: 3.7s --------------------
[2026-04-08 20:54:59] INFO     继电器 ON (开始充电)
[2026-04-08 20:54:59] INFO     继电器执行 -> ON
[2026-04-08 20:55:01] INFO     捕获目标指令: voice_msgnum:9
[2026-04-08 20:55:01] INFO     状态维稳，保持闭合 3.0s
[2026-04-08 20:55:04] INFO     继电器 OFF (切断充电)
[2026-04-08 20:55:04] INFO     继电器执行 -> OFF
[2026-04-08 20:55:04] INFO     物理断电静置 3.0s
[2026-04-08 20:55:07] INFO     【结论】 [PASS] 成功关键字: voice_msgnum:9
[2026-04-08 20:55:07] INFO     统计 -> 成功: 688 | 失败: 10 | 异常: 0 | 成功率: 98.6%
[2026-04-08 20:55:07] INFO     
-------------------- 第 699 轮 | 最大监听: 3.7s --------------------
[2026-04-08 20:55:07] INFO     继电器 ON (开始充电)
[2026-04-08 20:55:07] INFO     继电器执行 -> ON
[2026-04-08 20:55:08] INFO     捕获目标指令: voice_msgnum:9
[2026-04-08 20:55:08] INFO     状态维稳，保持闭合 3.0s
[2026-04-08 20:55:12] INFO     继电器 OFF (切断充电)
[2026-04-08 20:55:12] INFO     继电器执行 -> OFF
[2026-04-08 20:55:12] INFO     物理断电静置 3.0s
[2026-04-08 20:55:15] INFO     【结论】 [PASS] 成功关键字: voice_msgnum:9
[2026-04-08 20:55:15] INFO     统计 -> 成功: 689 | 失败: 10 | 异常: 0 | 成功率: 98.6%
[2026-04-08 20:55:15] INFO     
-------------------- 第 700 轮 | 最大监听: 3.2s --------------------
[2026-04-08 20:55:15] INFO     继电器 ON (开始充电)
[2026-04-08 20:55:15] INFO     继电器执行 -> ON
[2026-04-08 20:55:16] INFO     捕获目标指令: voice_msgnum:9
[2026-04-08 20:55:16] INFO     状态维稳，保持闭合 3.0s
[2026-04-08 20:55:19] INFO     继电器 OFF (切断充电)
[2026-04-08 20:55:19] INFO     继电器执行 -> OFF
[2026-04-08 20:55:19] INFO     物理断电静置 3.0s
[2026-04-08 20:55:22] INFO     【结论】 [PASS] 成功关键字: voice_msgnum:9
[2026-04-08 20:55:22] INFO     统计 -> 成功: 690 | 失败: 10 | 异常: 0 | 成功率: 98.6%
[2026-04-08 20:55:22] INFO     
-------------------- 第 701 轮 | 最大监听: 3.7s --------------------
[2026-04-08 20:55:22] INFO     继电器 ON (开始充电)
[2026-04-08 20:55:22] INFO     继电器执行 -> ON
[2026-04-08 20:55:24] INFO     捕获目标指令: voice_msgnum:9
[2026-04-08 20:55:24] INFO     状态维稳，保持闭合 3.0s
[2026-04-08 20:55:27] INFO     继电器 OFF (切断充电)
[2026-04-08 20:55:27] INFO     继电器执行 -> OFF
[2026-04-08 20:55:27] INFO     物理断电静置 3.0s
[2026-04-08 20:55:30] INFO     【结论】 [PASS] 成功关键字: voice_msgnum:9
[2026-04-08 20:55:30] INFO     统计 -> 成功: 691 | 失败: 10 | 异常: 0 | 成功率: 98.6%
[2026-04-08 20:55:30] INFO     
-------------------- 第 702 轮 | 最大监听: 3.2s --------------------
[2026-04-08 20:55:30] INFO     继电器 ON (开始充电)
[2026-04-08 20:55:30] INFO     继电器执行 -> ON
[2026-04-08 20:55:31] INFO     捕获目标指令: voice_msgnum:9
[2026-04-08 20:55:31] INFO     状态维稳，保持闭合 3.0s
[2026-04-08 20:55:34] INFO     继电器 OFF (切断充电)
[2026-04-08 20:55:34] INFO     继电器执行 -> OFF
[2026-04-08 20:55:34] INFO     物理断电静置 3.0s
[2026-04-08 20:55:37] INFO     【结论】 [PASS] 成功关键字: voice_msgnum:9
[2026-04-08 20:55:37] INFO     统计 -> 成功: 692 | 失败: 10 | 异常: 0 | 成功率: 98.6%
[2026-04-08 20:55:37] INFO     
-------------------- 第 703 轮 | 最大监听: 3.3s --------------------
[2026-04-08 20:55:37] INFO     继电器 ON (开始充电)
[2026-04-08 20:55:37] INFO     继电器执行 -> ON
[2026-04-08 20:55:39] INFO     捕获目标指令: voice_msgnum:9
[2026-04-08 20:55:39] INFO     状态维稳，保持闭合 3.0s
[2026-04-08 20:55:42] INFO     继电器 OFF (切断充电)
[2026-04-08 20:55:42] INFO     继电器执行 -> OFF
[2026-04-08 20:55:42] INFO     物理断电静置 3.0s
[2026-04-08 20:55:45] INFO     【结论】 [PASS] 成功关键字: voice_msgnum:9
[2026-04-08 20:55:45] INFO     统计 -> 成功: 693 | 失败: 10 | 异常: 0 | 成功率: 98.6%
[2026-04-08 20:55:45] INFO     
-------------------- 第 704 轮 | 最大监听: 3.8s --------------------
[2026-04-08 20:55:45] INFO     继电器 ON (开始充电)
[2026-04-08 20:55:45] INFO     继电器执行 -> ON
[2026-04-08 20:55:46] INFO     捕获目标指令: voice_msgnum:9
[2026-04-08 20:55:46] INFO     状态维稳，保持闭合 3.0s
[2026-04-08 20:55:49] INFO     继电器 OFF (切断充电)
[2026-04-08 20:55:50] INFO     继电器执行 -> OFF
[2026-04-08 20:55:50] INFO     物理断电静置 3.0s
[2026-04-08 20:55:53] INFO     【结论】 [PASS] 成功关键字: voice_msgnum:9
[2026-04-08 20:55:53] INFO     统计 -> 成功: 694 | 失败: 10 | 异常: 0 | 成功率: 98.6%
[2026-04-08 20:55:53] INFO     
-------------------- 第 705 轮 | 最大监听: 3.5s --------------------
[2026-04-08 20:55:53] INFO     继电器 ON (开始充电)
[2026-04-08 20:55:53] INFO     继电器执行 -> ON
[2026-04-08 20:55:54] INFO     捕获目标指令: voice_msgnum:9
[2026-04-08 20:55:54] INFO     状态维稳，保持闭合 3.0s
[2026-04-08 20:55:57] INFO     继电器 OFF (切断充电)
[2026-04-08 20:55:57] INFO     继电器执行 -> OFF
[2026-04-08 20:55:57] INFO     物理断电静置 3.0s
[2026-04-08 20:56:00] INFO     【结论】 [PASS] 成功关键字: voice_msgnum:9
[2026-04-08 20:56:00] INFO     统计 -> 成功: 695 | 失败: 10 | 异常: 0 | 成功率: 98.6%
[2026-04-08 20:56:00] INFO     
-------------------- 第 706 轮 | 最大监听: 3.1s --------------------
[2026-04-08 20:56:00] INFO     继电器 ON (开始充电)
[2026-04-08 20:56:00] INFO     继电器执行 -> ON
[2026-04-08 20:56:02] INFO     捕获目标指令: voice_msgnum:9
[2026-04-08 20:56:02] INFO     状态维稳，保持闭合 3.0s
[2026-04-08 20:56:05] INFO     继电器 OFF (切断充电)
[2026-04-08 20:56:05] INFO     继电器执行 -> OFF
[2026-04-08 20:56:05] INFO     物理断电静置 3.0s
[2026-04-08 20:56:08] INFO     【结论】 [PASS] 成功关键字: voice_msgnum:9
[2026-04-08 20:56:08] INFO     统计 -> 成功: 696 | 失败: 10 | 异常: 0 | 成功率: 98.6%
[2026-04-08 20:56:08] INFO     
-------------------- 第 707 轮 | 最大监听: 3.4s --------------------
[2026-04-08 20:56:08] INFO     继电器 ON (开始充电)
[2026-04-08 20:56:08] INFO     继电器执行 -> ON
[2026-04-08 20:56:09] INFO     捕获目标指令: voice_msgnum:9
[2026-04-08 20:56:09] INFO     状态维稳，保持闭合 3.0s
[2026-04-08 20:56:12] INFO     继电器 OFF (切断充电)
[2026-04-08 20:56:12] INFO     继电器执行 -> OFF
[2026-04-08 20:56:12] INFO     物理断电静置 3.0s
[2026-04-08 20:56:15] INFO     【结论】 [PASS] 成功关键字: voice_msgnum:9
[2026-04-08 20:56:15] INFO     统计 -> 成功: 697 | 失败: 10 | 异常: 0 | 成功率: 98.6%
[2026-04-08 20:56:15] INFO     
-------------------- 第 708 轮 | 最大监听: 3.1s --------------------
[2026-04-08 20:56:15] INFO     继电器 ON (开始充电)
[2026-04-08 20:56:15] INFO     继电器执行 -> ON
[2026-04-08 20:56:17] INFO     捕获目标指令: voice_msgnum:9
[2026-04-08 20:56:17] INFO     状态维稳，保持闭合 3.0s
[2026-04-08 20:56:20] INFO     继电器 OFF (切断充电)
[2026-04-08 20:56:20] INFO     继电器执行 -> OFF
[2026-04-08 20:56:20] INFO     物理断电静置 3.0s
[2026-04-08 20:56:23] INFO     【结论】 [PASS] 成功关键字: voice_msgnum:9
[2026-04-08 20:56:23] INFO     统计 -> 成功: 698 | 失败: 10 | 异常: 0 | 成功率: 98.6%
[2026-04-08 20:56:23] INFO     
-------------------- 第 709 轮 | 最大监听: 3.5s --------------------
[2026-04-08 20:56:23] INFO     继电器 ON (开始充电)
[2026-04-08 20:56:23] INFO     继电器执行 -> ON
[2026-04-08 20:56:24] INFO     捕获目标指令: voice_msgnum:9
[2026-04-08 20:56:24] INFO     状态维稳，保持闭合 3.0s
[2026-04-08 20:56:27] INFO     继电器 OFF (切断充电)
[2026-04-08 20:56:28] INFO     继电器执行 -> OFF
[2026-04-08 20:56:28] INFO     物理断电静置 3.0s
[2026-04-08 20:56:31] INFO     【结论】 [PASS] 成功关键字: voice_msgnum:9
[2026-04-08 20:56:31] INFO     统计 -> 成功: 699 | 失败: 10 | 异常: 0 | 成功率: 98.6%
[2026-04-08 20:56:31] INFO     
-------------------- 第 710 轮 | 最大监听: 3.1s --------------------
[2026-04-08 20:56:31] INFO     继电器 ON (开始充电)
[2026-04-08 20:56:31] INFO     继电器执行 -> ON
[2026-04-08 20:56:32] INFO     捕获目标指令: voice_msgnum:9
[2026-04-08 20:56:32] INFO     状态维稳，保持闭合 3.0s
[2026-04-08 20:56:35] INFO     继电器 OFF (切断充电)
[2026-04-08 20:56:35] INFO     继电器执行 -> OFF
[2026-04-08 20:56:35] INFO     物理断电静置 3.0s
[2026-04-08 20:56:38] INFO     【结论】 [PASS] 成功关键字: voice_msgnum:9
[2026-04-08 20:56:38] INFO     统计 -> 成功: 700 | 失败: 10 | 异常: 0 | 成功率: 98.6%
[2026-04-08 20:56:38] INFO     
-------------------- 第 711 轮 | 最大监听: 3.7s --------------------
[2026-04-08 20:56:38] INFO     继电器 ON (开始充电)
[2026-04-08 20:56:38] INFO     继电器执行 -> ON
[2026-04-08 20:56:40] INFO     捕获目标指令: voice_msgnum:9
[2026-04-08 20:56:40] INFO     状态维稳，保持闭合 3.0s
[2026-04-08 20:56:43] INFO     继电器 OFF (切断充电)
[2026-04-08 20:56:43] INFO     继电器执行 -> OFF
[2026-04-08 20:56:43] INFO     物理断电静置 3.0s
[2026-04-08 20:56:46] INFO     【结论】 [PASS] 成功关键字: voice_msgnum:9
[2026-04-08 20:56:46] INFO     统计 -> 成功: 701 | 失败: 10 | 异常: 0 | 成功率: 98.6%
[2026-04-08 20:56:46] INFO     
-------------------- 第 712 轮 | 最大监听: 3.3s --------------------
[2026-04-08 20:56:46] INFO     继电器 ON (开始充电)
[2026-04-08 20:56:46] INFO     继电器执行 -> ON
[2026-04-08 20:56:47] INFO     捕获目标指令: voice_msgnum:9
[2026-04-08 20:56:47] INFO     状态维稳，保持闭合 3.0s
[2026-04-08 20:56:50] INFO     继电器 OFF (切断充电)
[2026-04-08 20:56:50] INFO     继电器执行 -> OFF
[2026-04-08 20:56:50] INFO     物理断电静置 3.0s
[2026-04-08 20:56:53] INFO     【结论】 [PASS] 成功关键字: voice_msgnum:9
[2026-04-08 20:56:53] INFO     统计 -> 成功: 702 | 失败: 10 | 异常: 0 | 成功率: 98.6%
[2026-04-08 20:56:53] INFO     
-------------------- 第 713 轮 | 最大监听: 3.9s --------------------
[2026-04-08 20:56:53] INFO     继电器 ON (开始充电)
[2026-04-08 20:56:53] INFO     继电器执行 -> ON
[2026-04-08 20:56:55] INFO     捕获目标指令: voice_msgnum:9
[2026-04-08 20:56:55] INFO     状态维稳，保持闭合 3.0s
[2026-04-08 20:56:58] INFO     继电器 OFF (切断充电)
[2026-04-08 20:56:58] INFO     继电器执行 -> OFF
[2026-04-08 20:56:58] INFO     物理断电静置 3.0s
[2026-04-08 20:57:01] INFO     【结论】 [PASS] 成功关键字: voice_msgnum:9
[2026-04-08 20:57:01] INFO     统计 -> 成功: 703 | 失败: 10 | 异常: 0 | 成功率: 98.6%
[2026-04-08 20:57:01] INFO     
-------------------- 第 714 轮 | 最大监听: 3.5s --------------------
[2026-04-08 20:57:01] INFO     继电器 ON (开始充电)
[2026-04-08 20:57:01] INFO     继电器执行 -> ON
[2026-04-08 20:57:02] INFO     捕获目标指令: voice_msgnum:9
[2026-04-08 20:57:02] INFO     状态维稳，保持闭合 3.0s
[2026-04-08 20:57:05] INFO     继电器 OFF (切断充电)
[2026-04-08 20:57:06] INFO     继电器执行 -> OFF
[2026-04-08 20:57:06] INFO     物理断电静置 3.0s
[2026-04-08 20:57:09] INFO     【结论】 [PASS] 成功关键字: voice_msgnum:9
[2026-04-08 20:57:09] INFO     统计 -> 成功: 704 | 失败: 10 | 异常: 0 | 成功率: 98.6%
[2026-04-08 20:57:09] INFO     
-------------------- 第 715 轮 | 最大监听: 3.8s --------------------
[2026-04-08 20:57:09] INFO     继电器 ON (开始充电)
[2026-04-08 20:57:09] INFO     继电器执行 -> ON
[2026-04-08 20:57:10] INFO     捕获目标指令: voice_msgnum:9
[2026-04-08 20:57:10] INFO     状态维稳，保持闭合 3.0s
[2026-04-08 20:57:13] INFO     继电器 OFF (切断充电)
[2026-04-08 20:57:13] INFO     继电器执行 -> OFF
[2026-04-08 20:57:13] INFO     物理断电静置 3.0s
[2026-04-08 20:57:16] INFO     【结论】 [PASS] 成功关键字: voice_msgnum:9
[2026-04-08 20:57:16] INFO     统计 -> 成功: 705 | 失败: 10 | 异常: 0 | 成功率: 98.6%
[2026-04-08 20:57:16] INFO     
-------------------- 第 716 轮 | 最大监听: 3.8s --------------------
[2026-04-08 20:57:16] INFO     继电器 ON (开始充电)
[2026-04-08 20:57:16] INFO     继电器执行 -> ON
[2026-04-08 20:57:18] INFO     捕获目标指令: voice_msgnum:9
[2026-04-08 20:57:18] INFO     状态维稳，保持闭合 3.0s
[2026-04-08 20:57:21] INFO     继电器 OFF (切断充电)
[2026-04-08 20:57:21] INFO     继电器执行 -> OFF
[2026-04-08 20:57:21] INFO     物理断电静置 3.0s
[2026-04-08 20:57:24] INFO     【结论】 [PASS] 成功关键字: voice_msgnum:9
[2026-04-08 20:57:24] INFO     统计 -> 成功: 706 | 失败: 10 | 异常: 0 | 成功率: 98.6%
[2026-04-08 20:57:24] INFO     
-------------------- 第 717 轮 | 最大监听: 3.9s --------------------
[2026-04-08 20:57:24] INFO     继电器 ON (开始充电)
[2026-04-08 20:57:24] INFO     继电器执行 -> ON
[2026-04-08 20:57:25] INFO     捕获目标指令: voice_msgnum:9
[2026-04-08 20:57:25] INFO     状态维稳，保持闭合 3.0s
[2026-04-08 20:57:28] INFO     继电器 OFF (切断充电)
[2026-04-08 20:57:28] INFO     继电器执行 -> OFF
[2026-04-08 20:57:28] INFO     物理断电静置 3.0s
[2026-04-08 20:57:31] INFO     【结论】 [PASS] 成功关键字: voice_msgnum:9
[2026-04-08 20:57:31] INFO     统计 -> 成功: 707 | 失败: 10 | 异常: 0 | 成功率: 98.6%
[2026-04-08 20:57:31] INFO     
-------------------- 第 718 轮 | 最大监听: 3.6s --------------------
[2026-04-08 20:57:31] INFO     继电器 ON (开始充电)
[2026-04-08 20:57:31] INFO     继电器执行 -> ON
[2026-04-08 20:57:33] INFO     捕获目标指令: voice_msgnum:9
[2026-04-08 20:57:33] INFO     状态维稳，保持闭合 3.0s
[2026-04-08 20:57:36] INFO     继电器 OFF (切断充电)
[2026-04-08 20:57:36] INFO     继电器执行 -> OFF
[2026-04-08 20:57:36] INFO     物理断电静置 3.0s
[2026-04-08 20:57:39] INFO     【结论】 [PASS] 成功关键字: voice_msgnum:9
[2026-04-08 20:57:39] INFO     统计 -> 成功: 708 | 失败: 10 | 异常: 0 | 成功率: 98.6%
[2026-04-08 20:57:39] INFO     
-------------------- 第 719 轮 | 最大监听: 3.8s --------------------
[2026-04-08 20:57:39] INFO     继电器 ON (开始充电)
[2026-04-08 20:57:39] INFO     继电器执行 -> ON
[2026-04-08 20:57:40] INFO     捕获目标指令: voice_msgnum:9
[2026-04-08 20:57:40] INFO     状态维稳，保持闭合 3.0s
[2026-04-08 20:57:43] INFO     继电器 OFF (切断充电)
[2026-04-08 20:57:44] INFO     继电器执行 -> OFF
[2026-04-08 20:57:44] INFO     物理断电静置 3.0s
[2026-04-08 20:57:47] INFO     【结论】 [PASS] 成功关键字: voice_msgnum:9
[2026-04-08 20:57:47] INFO     统计 -> 成功: 709 | 失败: 10 | 异常: 0 | 成功率: 98.6%
[2026-04-08 20:57:47] INFO     
-------------------- 第 720 轮 | 最大监听: 3.6s --------------------
[2026-04-08 20:57:47] INFO     继电器 ON (开始充电)
[2026-04-08 20:57:47] INFO     继电器执行 -> ON
[2026-04-08 20:57:48] INFO     捕获目标指令: voice_msgnum:9
[2026-04-08 20:57:48] INFO     状态维稳，保持闭合 3.0s
[2026-04-08 20:57:51] INFO     继电器 OFF (切断充电)
[2026-04-08 20:57:51] INFO     继电器执行 -> OFF
[2026-04-08 20:57:51] INFO     物理断电静置 3.0s
[2026-04-08 20:57:54] INFO     【结论】 [PASS] 成功关键字: voice_msgnum:9
[2026-04-08 20:57:54] INFO     统计 -> 成功: 710 | 失败: 10 | 异常: 0 | 成功率: 98.6%
[2026-04-08 20:57:54] INFO     
-------------------- 第 721 轮 | 最大监听: 3.4s --------------------
[2026-04-08 20:57:54] INFO     继电器 ON (开始充电)
[2026-04-08 20:57:54] INFO     继电器执行 -> ON
[2026-04-08 20:57:56] INFO     捕获目标指令: voice_msgnum:9
[2026-04-08 20:57:56] INFO     状态维稳，保持闭合 3.0s
[2026-04-08 20:57:59] INFO     继电器 OFF (切断充电)
[2026-04-08 20:57:59] INFO     继电器执行 -> OFF
[2026-04-08 20:57:59] INFO     物理断电静置 3.0s
[2026-04-08 20:58:02] INFO     【结论】 [PASS] 成功关键字: voice_msgnum:9
[2026-04-08 20:58:02] INFO     统计 -> 成功: 711 | 失败: 10 | 异常: 0 | 成功率: 98.6%
[2026-04-08 20:58:02] INFO     
-------------------- 第 722 轮 | 最大监听: 3.0s --------------------
[2026-04-08 20:58:02] INFO     继电器 ON (开始充电)
[2026-04-08 20:58:02] INFO     继电器执行 -> ON
[2026-04-08 20:58:03] INFO     捕获目标指令: voice_msgnum:9
[2026-04-08 20:58:03] INFO     状态维稳，保持闭合 3.0s
[2026-04-08 20:58:06] INFO     继电器 OFF (切断充电)
[2026-04-08 20:58:06] INFO     继电器执行 -> OFF
[2026-04-08 20:58:06] INFO     物理断电静置 3.0s
[2026-04-08 20:58:09] INFO     【结论】 [PASS] 成功关键字: voice_msgnum:9
[2026-04-08 20:58:09] INFO     统计 -> 成功: 712 | 失败: 10 | 异常: 0 | 成功率: 98.6%
[2026-04-08 20:58:09] INFO     
-------------------- 第 723 轮 | 最大监听: 3.1s --------------------
[2026-04-08 20:58:09] INFO     继电器 ON (开始充电)
[2026-04-08 20:58:09] INFO     继电器执行 -> ON
[2026-04-08 20:58:11] INFO     捕获目标指令: voice_msgnum:9
[2026-04-08 20:58:11] INFO     状态维稳，保持闭合 3.0s
[2026-04-08 20:58:14] INFO     继电器 OFF (切断充电)
[2026-04-08 20:58:14] INFO     继电器执行 -> OFF
[2026-04-08 20:58:14] INFO     物理断电静置 3.0s
[2026-04-08 20:58:17] INFO     【结论】 [PASS] 成功关键字: voice_msgnum:9
[2026-04-08 20:58:17] INFO     统计 -> 成功: 713 | 失败: 10 | 异常: 0 | 成功率: 98.6%
[2026-04-08 20:58:17] INFO     
-------------------- 第 724 轮 | 最大监听: 3.4s --------------------
[2026-04-08 20:58:17] INFO     继电器 ON (开始充电)
[2026-04-08 20:58:17] INFO     继电器执行 -> ON
[2026-04-08 20:58:18] INFO     捕获目标指令: voice_msgnum:9
[2026-04-08 20:58:18] INFO     状态维稳，保持闭合 3.0s
[2026-04-08 20:58:21] INFO     继电器 OFF (切断充电)
[2026-04-08 20:58:22] INFO     继电器执行 -> OFF
[2026-04-08 20:58:22] INFO     物理断电静置 3.0s
[2026-04-08 20:58:25] INFO     【结论】 [PASS] 成功关键字: voice_msgnum:9
[2026-04-08 20:58:25] INFO     统计 -> 成功: 714 | 失败: 10 | 异常: 0 | 成功率: 98.6%
[2026-04-08 20:58:25] INFO     
-------------------- 第 725 轮 | 最大监听: 3.0s --------------------
[2026-04-08 20:58:25] INFO     继电器 ON (开始充电)
[2026-04-08 20:58:25] INFO     继电器执行 -> ON
[2026-04-08 20:58:26] INFO     捕获目标指令: voice_msgnum:9
[2026-04-08 20:58:26] INFO     状态维稳，保持闭合 3.0s
[2026-04-08 20:58:29] INFO     继电器 OFF (切断充电)
[2026-04-08 20:58:29] INFO     继电器执行 -> OFF
[2026-04-08 20:58:29] INFO     物理断电静置 3.0s
[2026-04-08 20:58:32] INFO     【结论】 [PASS] 成功关键字: voice_msgnum:9
[2026-04-08 20:58:32] INFO     统计 -> 成功: 715 | 失败: 10 | 异常: 0 | 成功率: 98.6%
[2026-04-08 20:58:32] INFO     
-------------------- 第 726 轮 | 最大监听: 3.3s --------------------
[2026-04-08 20:58:32] INFO     继电器 ON (开始充电)
[2026-04-08 20:58:32] INFO     继电器执行 -> ON
[2026-04-08 20:58:34] INFO     捕获目标指令: voice_msgnum:9
[2026-04-08 20:58:34] INFO     状态维稳，保持闭合 3.0s
[2026-04-08 20:58:37] INFO     继电器 OFF (切断充电)
[2026-04-08 20:58:37] INFO     继电器执行 -> OFF
[2026-04-08 20:58:37] INFO     物理断电静置 3.0s
[2026-04-08 20:58:40] INFO     【结论】 [PASS] 成功关键字: voice_msgnum:9
[2026-04-08 20:58:40] INFO     统计 -> 成功: 716 | 失败: 10 | 异常: 0 | 成功率: 98.6%
[2026-04-08 20:58:40] INFO     
-------------------- 第 727 轮 | 最大监听: 3.3s --------------------
[2026-04-08 20:58:40] INFO     继电器 ON (开始充电)
[2026-04-08 20:58:40] INFO     继电器执行 -> ON
[2026-04-08 20:58:41] INFO     捕获目标指令: voice_msgnum:9
[2026-04-08 20:58:41] INFO     状态维稳，保持闭合 3.0s
[2026-04-08 20:58:44] INFO     继电器 OFF (切断充电)
[2026-04-08 20:58:44] INFO     继电器执行 -> OFF
[2026-04-08 20:58:44] INFO     物理断电静置 3.0s
[2026-04-08 20:58:47] INFO     【结论】 [PASS] 成功关键字: voice_msgnum:9
[2026-04-08 20:58:47] INFO     统计 -> 成功: 717 | 失败: 10 | 异常: 0 | 成功率: 98.6%
[2026-04-08 20:58:47] INFO     
-------------------- 第 728 轮 | 最大监听: 3.0s --------------------
[2026-04-08 20:58:47] INFO     继电器 ON (开始充电)
[2026-04-08 20:58:47] INFO     继电器执行 -> ON
[2026-04-08 20:58:49] INFO     捕获目标指令: voice_msgnum:9
[2026-04-08 20:58:49] INFO     状态维稳，保持闭合 3.0s
[2026-04-08 20:58:52] INFO     继电器 OFF (切断充电)
[2026-04-08 20:58:52] INFO     继电器执行 -> OFF
[2026-04-08 20:58:52] INFO     物理断电静置 3.0s
[2026-04-08 20:58:55] INFO     【结论】 [PASS] 成功关键字: voice_msgnum:9
[2026-04-08 20:58:55] INFO     统计 -> 成功: 718 | 失败: 10 | 异常: 0 | 成功率: 98.6%
[2026-04-08 20:58:55] INFO     
-------------------- 第 729 轮 | 最大监听: 3.4s --------------------
[2026-04-08 20:58:55] INFO     继电器 ON (开始充电)
[2026-04-08 20:58:55] INFO     继电器执行 -> ON
[2026-04-08 20:58:56] INFO     捕获目标指令: voice_msgnum:9
[2026-04-08 20:58:56] INFO     状态维稳，保持闭合 3.0s
[2026-04-08 20:58:59] INFO     继电器 OFF (切断充电)
[2026-04-08 20:59:00] INFO     继电器执行 -> OFF
[2026-04-08 20:59:00] INFO     物理断电静置 3.0s
[2026-04-08 20:59:03] INFO     【结论】 [PASS] 成功关键字: voice_msgnum:9
[2026-04-08 20:59:03] INFO     统计 -> 成功: 719 | 失败: 10 | 异常: 0 | 成功率: 98.6%
[2026-04-08 20:59:03] INFO     
-------------------- 第 730 轮 | 最大监听: 3.6s --------------------
[2026-04-08 20:59:03] INFO     继电器 ON (开始充电)
[2026-04-08 20:59:03] INFO     继电器执行 -> ON
[2026-04-08 20:59:04] INFO     捕获目标指令: voice_msgnum:9
[2026-04-08 20:59:04] INFO     状态维稳，保持闭合 3.0s
[2026-04-08 20:59:07] INFO     继电器 OFF (切断充电)
[2026-04-08 20:59:07] INFO     继电器执行 -> OFF
[2026-04-08 20:59:07] INFO     物理断电静置 3.0s
[2026-04-08 20:59:10] INFO     【结论】 [PASS] 成功关键字: voice_msgnum:9
[2026-04-08 20:59:10] INFO     统计 -> 成功: 720 | 失败: 10 | 异常: 0 | 成功率: 98.6%
[2026-04-08 20:59:10] INFO     
-------------------- 第 731 轮 | 最大监听: 4.0s --------------------
[2026-04-08 20:59:10] INFO     继电器 ON (开始充电)
[2026-04-08 20:59:10] INFO     继电器执行 -> ON
[2026-04-08 20:59:12] INFO     捕获目标指令: voice_msgnum:9
[2026-04-08 20:59:12] INFO     状态维稳，保持闭合 3.0s
[2026-04-08 20:59:15] INFO     继电器 OFF (切断充电)
[2026-04-08 20:59:15] INFO     继电器执行 -> OFF
[2026-04-08 20:59:15] INFO     物理断电静置 3.0s
[2026-04-08 20:59:18] INFO     【结论】 [PASS] 成功关键字: voice_msgnum:9
[2026-04-08 20:59:18] INFO     统计 -> 成功: 721 | 失败: 10 | 异常: 0 | 成功率: 98.6%
[2026-04-08 20:59:18] INFO     
-------------------- 第 732 轮 | 最大监听: 3.1s --------------------
[2026-04-08 20:59:18] INFO     继电器 ON (开始充电)
[2026-04-08 20:59:18] INFO     继电器执行 -> ON
[2026-04-08 20:59:19] INFO     捕获目标指令: voice_msgnum:9
[2026-04-08 20:59:19] INFO     状态维稳，保持闭合 3.0s
[2026-04-08 20:59:22] INFO     继电器 OFF (切断充电)
[2026-04-08 20:59:22] INFO     继电器执行 -> OFF
[2026-04-08 20:59:22] INFO     物理断电静置 3.0s
[2026-04-08 20:59:25] INFO     【结论】 [PASS] 成功关键字: voice_msgnum:9
[2026-04-08 20:59:25] INFO     统计 -> 成功: 722 | 失败: 10 | 异常: 0 | 成功率: 98.6%
[2026-04-08 20:59:25] INFO     
-------------------- 第 733 轮 | 最大监听: 3.0s --------------------
[2026-04-08 20:59:25] INFO     继电器 ON (开始充电)
[2026-04-08 20:59:25] INFO     继电器执行 -> ON
[2026-04-08 20:59:27] INFO     捕获目标指令: voice_msgnum:9
[2026-04-08 20:59:27] INFO     状态维稳，保持闭合 3.0s
[2026-04-08 20:59:30] INFO     继电器 OFF (切断充电)
[2026-04-08 20:59:30] INFO     继电器执行 -> OFF
[2026-04-08 20:59:30] INFO     物理断电静置 3.0s
[2026-04-08 20:59:33] INFO     【结论】 [PASS] 成功关键字: voice_msgnum:9
[2026-04-08 20:59:33] INFO     统计 -> 成功: 723 | 失败: 10 | 异常: 0 | 成功率: 98.6%
[2026-04-08 20:59:33] INFO     
-------------------- 第 734 轮 | 最大监听: 3.1s --------------------
[2026-04-08 20:59:33] INFO     继电器 ON (开始充电)
[2026-04-08 20:59:33] INFO     继电器执行 -> ON
[2026-04-08 20:59:34] INFO     捕获目标指令: voice_msgnum:9
[2026-04-08 20:59:34] INFO     状态维稳，保持闭合 3.0s
[2026-04-08 20:59:37] INFO     继电器 OFF (切断充电)
[2026-04-08 20:59:38] INFO     继电器执行 -> OFF
[2026-04-08 20:59:38] INFO     物理断电静置 3.0s
[2026-04-08 20:59:41] INFO     【结论】 [PASS] 成功关键字: voice_msgnum:9
[2026-04-08 20:59:41] INFO     统计 -> 成功: 724 | 失败: 10 | 异常: 0 | 成功率: 98.6%
[2026-04-08 20:59:41] INFO     
-------------------- 第 735 轮 | 最大监听: 3.1s --------------------
[2026-04-08 20:59:41] INFO     继电器 ON (开始充电)
[2026-04-08 20:59:41] INFO     继电器执行 -> ON
[2026-04-08 20:59:42] INFO     捕获目标指令: voice_msgnum:9
[2026-04-08 20:59:42] INFO     状态维稳，保持闭合 3.0s
[2026-04-08 20:59:45] INFO     继电器 OFF (切断充电)
[2026-04-08 20:59:45] INFO     继电器执行 -> OFF
[2026-04-08 20:59:45] INFO     物理断电静置 3.0s
[2026-04-08 20:59:48] INFO     【结论】 [PASS] 成功关键字: voice_msgnum:9
[2026-04-08 20:59:48] INFO     统计 -> 成功: 725 | 失败: 10 | 异常: 0 | 成功率: 98.6%
[2026-04-08 20:59:48] INFO     
-------------------- 第 736 轮 | 最大监听: 3.6s --------------------
[2026-04-08 20:59:48] INFO     继电器 ON (开始充电)
[2026-04-08 20:59:48] INFO     继电器执行 -> ON
[2026-04-08 20:59:50] INFO     捕获目标指令: voice_msgnum:9
[2026-04-08 20:59:50] INFO     状态维稳，保持闭合 3.0s
[2026-04-08 20:59:53] INFO     继电器 OFF (切断充电)
[2026-04-08 20:59:53] INFO     继电器执行 -> OFF
[2026-04-08 20:59:53] INFO     物理断电静置 3.0s
[2026-04-08 20:59:56] INFO     【结论】 [PASS] 成功关键字: voice_msgnum:9
[2026-04-08 20:59:56] INFO     统计 -> 成功: 726 | 失败: 10 | 异常: 0 | 成功率: 98.6%
[2026-04-08 20:59:56] INFO     
-------------------- 第 737 轮 | 最大监听: 3.4s --------------------
[2026-04-08 20:59:56] INFO     继电器 ON (开始充电)
[2026-04-08 20:59:56] INFO     继电器执行 -> ON
[2026-04-08 20:59:57] INFO     捕获目标指令: voice_msgnum:9
[2026-04-08 20:59:57] INFO     状态维稳，保持闭合 3.0s
[2026-04-08 21:00:00] INFO     继电器 OFF (切断充电)
[2026-04-08 21:00:00] INFO     继电器执行 -> OFF
[2026-04-08 21:00:00] INFO     物理断电静置 3.0s
[2026-04-08 21:00:03] INFO     【结论】 [PASS] 成功关键字: voice_msgnum:9
[2026-04-08 21:00:03] INFO     统计 -> 成功: 727 | 失败: 10 | 异常: 0 | 成功率: 98.6%
[2026-04-08 21:00:03] INFO     
-------------------- 第 738 轮 | 最大监听: 3.4s --------------------
[2026-04-08 21:00:03] INFO     继电器 ON (开始充电)
[2026-04-08 21:00:03] INFO     继电器执行 -> ON
[2026-04-08 21:00:05] INFO     捕获目标指令: voice_msgnum:9
[2026-04-08 21:00:05] INFO     状态维稳，保持闭合 3.0s
[2026-04-08 21:00:08] INFO     继电器 OFF (切断充电)
[2026-04-08 21:00:08] INFO     继电器执行 -> OFF
[2026-04-08 21:00:08] INFO     物理断电静置 3.0s
[2026-04-08 21:00:11] INFO     【结论】 [PASS] 成功关键字: voice_msgnum:9
[2026-04-08 21:00:11] INFO     统计 -> 成功: 728 | 失败: 10 | 异常: 0 | 成功率: 98.6%
[2026-04-08 21:00:11] INFO     
-------------------- 第 739 轮 | 最大监听: 3.1s --------------------
[2026-04-08 21:00:11] INFO     继电器 ON (开始充电)
[2026-04-08 21:00:11] INFO     继电器执行 -> ON
[2026-04-08 21:00:12] INFO     捕获目标指令: voice_msgnum:9
[2026-04-08 21:00:12] INFO     状态维稳，保持闭合 3.0s
[2026-04-08 21:00:15] INFO     继电器 OFF (切断充电)
[2026-04-08 21:00:16] INFO     继电器执行 -> OFF
[2026-04-08 21:00:16] INFO     物理断电静置 3.0s
[2026-04-08 21:00:19] INFO     【结论】 [PASS] 成功关键字: voice_msgnum:9
[2026-04-08 21:00:19] INFO     统计 -> 成功: 729 | 失败: 10 | 异常: 0 | 成功率: 98.6%
[2026-04-08 21:00:19] INFO     
-------------------- 第 740 轮 | 最大监听: 3.4s --------------------
[2026-04-08 21:00:19] INFO     继电器 ON (开始充电)
[2026-04-08 21:00:19] INFO     继电器执行 -> ON
[2026-04-08 21:00:20] INFO     捕获目标指令: voice_msgnum:9
[2026-04-08 21:00:20] INFO     状态维稳，保持闭合 3.0s
[2026-04-08 21:00:23] INFO     继电器 OFF (切断充电)
[2026-04-08 21:00:23] INFO     继电器执行 -> OFF
[2026-04-08 21:00:23] INFO     物理断电静置 3.0s
[2026-04-08 21:00:26] INFO     【结论】 [PASS] 成功关键字: voice_msgnum:9
[2026-04-08 21:00:26] INFO     统计 -> 成功: 730 | 失败: 10 | 异常: 0 | 成功率: 98.6%
[2026-04-08 21:00:26] INFO     
-------------------- 第 741 轮 | 最大监听: 3.7s --------------------
[2026-04-08 21:00:26] INFO     继电器 ON (开始充电)
[2026-04-08 21:00:26] INFO     继电器执行 -> ON
[2026-04-08 21:00:28] INFO     捕获目标指令: voice_msgnum:9
[2026-04-08 21:00:28] INFO     状态维稳，保持闭合 3.0s
[2026-04-08 21:00:31] INFO     继电器 OFF (切断充电)
[2026-04-08 21:00:31] INFO     继电器执行 -> OFF
[2026-04-08 21:00:31] INFO     物理断电静置 3.0s
[2026-04-08 21:00:34] INFO     【结论】 [PASS] 成功关键字: voice_msgnum:9
[2026-04-08 21:00:34] INFO     统计 -> 成功: 731 | 失败: 10 | 异常: 0 | 成功率: 98.7%
[2026-04-08 21:00:34] INFO     
-------------------- 第 742 轮 | 最大监听: 3.6s --------------------
[2026-04-08 21:00:34] INFO     继电器 ON (开始充电)
[2026-04-08 21:00:34] INFO     继电器执行 -> ON
[2026-04-08 21:00:35] INFO     捕获目标指令: voice_msgnum:9
[2026-04-08 21:00:35] INFO     状态维稳，保持闭合 3.0s
[2026-04-08 21:00:38] INFO     继电器 OFF (切断充电)
[2026-04-08 21:00:38] INFO     继电器执行 -> OFF
[2026-04-08 21:00:38] INFO     物理断电静置 3.0s
[2026-04-08 21:00:41] INFO     【结论】 [PASS] 成功关键字: voice_msgnum:9
[2026-04-08 21:00:41] INFO     统计 -> 成功: 732 | 失败: 10 | 异常: 0 | 成功率: 98.7%
[2026-04-08 21:00:41] INFO     
-------------------- 第 743 轮 | 最大监听: 3.5s --------------------
[2026-04-08 21:00:41] INFO     继电器 ON (开始充电)
[2026-04-08 21:00:41] INFO     继电器执行 -> ON
[2026-04-08 21:00:43] INFO     捕获目标指令: voice_msgnum:9
[2026-04-08 21:00:43] INFO     状态维稳，保持闭合 3.0s
[2026-04-08 21:00:46] INFO     继电器 OFF (切断充电)
[2026-04-08 21:00:46] INFO     继电器执行 -> OFF
[2026-04-08 21:00:46] INFO     物理断电静置 3.0s
[2026-04-08 21:00:49] INFO     【结论】 [PASS] 成功关键字: voice_msgnum:9
[2026-04-08 21:00:49] INFO     统计 -> 成功: 733 | 失败: 10 | 异常: 0 | 成功率: 98.7%
[2026-04-08 21:00:49] INFO     
-------------------- 第 744 轮 | 最大监听: 4.0s --------------------
[2026-04-08 21:00:49] INFO     继电器 ON (开始充电)
[2026-04-08 21:00:49] INFO     继电器执行 -> ON
[2026-04-08 21:00:50] INFO     捕获目标指令: voice_msgnum:9
[2026-04-08 21:00:50] INFO     状态维稳，保持闭合 3.0s
[2026-04-08 21:00:53] INFO     继电器 OFF (切断充电)
[2026-04-08 21:00:54] INFO     继电器执行 -> OFF
[2026-04-08 21:00:54] INFO     物理断电静置 3.0s
[2026-04-08 21:00:57] INFO     【结论】 [PASS] 成功关键字: voice_msgnum:9
[2026-04-08 21:00:57] INFO     统计 -> 成功: 734 | 失败: 10 | 异常: 0 | 成功率: 98.7%
[2026-04-08 21:00:57] INFO     
-------------------- 第 745 轮 | 最大监听: 4.0s --------------------
[2026-04-08 21:00:57] INFO     继电器 ON (开始充电)
[2026-04-08 21:00:57] INFO     继电器执行 -> ON
[2026-04-08 21:00:58] INFO     捕获目标指令: voice_msgnum:9
[2026-04-08 21:00:58] INFO     状态维稳，保持闭合 3.0s
[2026-04-08 21:01:01] INFO     继电器 OFF (切断充电)
[2026-04-08 21:01:01] INFO     继电器执行 -> OFF
[2026-04-08 21:01:01] INFO     物理断电静置 3.0s
[2026-04-08 21:01:04] INFO     【结论】 [PASS] 成功关键字: voice_msgnum:9
[2026-04-08 21:01:04] INFO     统计 -> 成功: 735 | 失败: 10 | 异常: 0 | 成功率: 98.7%
[2026-04-08 21:01:04] INFO     
-------------------- 第 746 轮 | 最大监听: 3.6s --------------------
[2026-04-08 21:01:04] INFO     继电器 ON (开始充电)
[2026-04-08 21:01:04] INFO     继电器执行 -> ON
[2026-04-08 21:01:06] INFO     捕获目标指令: voice_msgnum:9
[2026-04-08 21:01:06] INFO     状态维稳，保持闭合 3.0s
[2026-04-08 21:01:09] INFO     继电器 OFF (切断充电)
[2026-04-08 21:01:09] INFO     继电器执行 -> OFF
[2026-04-08 21:01:09] INFO     物理断电静置 3.0s
[2026-04-08 21:01:12] INFO     【结论】 [PASS] 成功关键字: voice_msgnum:9
[2026-04-08 21:01:12] INFO     统计 -> 成功: 736 | 失败: 10 | 异常: 0 | 成功率: 98.7%
[2026-04-08 21:01:12] INFO     
-------------------- 第 747 轮 | 最大监听: 3.6s --------------------
[2026-04-08 21:01:12] INFO     继电器 ON (开始充电)
[2026-04-08 21:01:12] INFO     继电器执行 -> ON
[2026-04-08 21:01:13] INFO     捕获目标指令: voice_msgnum:9
[2026-04-08 21:01:13] INFO     状态维稳，保持闭合 3.0s
[2026-04-08 21:01:16] INFO     继电器 OFF (切断充电)
[2026-04-08 21:01:16] INFO     继电器执行 -> OFF
[2026-04-08 21:01:16] INFO     物理断电静置 3.0s
[2026-04-08 21:01:19] INFO     【结论】 [PASS] 成功关键字: voice_msgnum:9
[2026-04-08 21:01:19] INFO     统计 -> 成功: 737 | 失败: 10 | 异常: 0 | 成功率: 98.7%
[2026-04-08 21:01:19] INFO     
-------------------- 第 748 轮 | 最大监听: 3.4s --------------------
[2026-04-08 21:01:19] INFO     继电器 ON (开始充电)
[2026-04-08 21:01:19] INFO     继电器执行 -> ON
[2026-04-08 21:01:21] INFO     捕获目标指令: voice_msgnum:9
[2026-04-08 21:01:21] INFO     状态维稳，保持闭合 3.0s
[2026-04-08 21:01:24] INFO     继电器 OFF (切断充电)
[2026-04-08 21:01:24] INFO     继电器执行 -> OFF
[2026-04-08 21:01:24] INFO     物理断电静置 3.0s
[2026-04-08 21:01:27] INFO     【结论】 [PASS] 成功关键字: voice_msgnum:9
[2026-04-08 21:01:27] INFO     统计 -> 成功: 738 | 失败: 10 | 异常: 0 | 成功率: 98.7%
[2026-04-08 21:01:27] INFO     
-------------------- 第 749 轮 | 最大监听: 3.8s --------------------
[2026-04-08 21:01:27] INFO     继电器 ON (开始充电)
[2026-04-08 21:01:27] INFO     继电器执行 -> ON
[2026-04-08 21:01:28] INFO     捕获目标指令: voice_msgnum:9
[2026-04-08 21:01:28] INFO     状态维稳，保持闭合 3.0s
[2026-04-08 21:01:31] INFO     继电器 OFF (切断充电)
[2026-04-08 21:01:32] INFO     继电器执行 -> OFF
[2026-04-08 21:01:32] INFO     物理断电静置 3.0s
[2026-04-08 21:01:35] INFO     【结论】 [PASS] 成功关键字: voice_msgnum:9
[2026-04-08 21:01:35] INFO     统计 -> 成功: 739 | 失败: 10 | 异常: 0 | 成功率: 98.7%
[2026-04-08 21:01:35] INFO     
-------------------- 第 750 轮 | 最大监听: 3.3s --------------------
[2026-04-08 21:01:35] INFO     继电器 ON (开始充电)
[2026-04-08 21:01:35] INFO     继电器执行 -> ON
[2026-04-08 21:01:36] INFO     捕获目标指令: voice_msgnum:9
[2026-04-08 21:01:36] INFO     状态维稳，保持闭合 3.0s
[2026-04-08 21:01:39] INFO     继电器 OFF (切断充电)
[2026-04-08 21:01:39] INFO     继电器执行 -> OFF
[2026-04-08 21:01:39] INFO     物理断电静置 3.0s
[2026-04-08 21:01:42] INFO     【结论】 [PASS] 成功关键字: voice_msgnum:9
[2026-04-08 21:01:42] INFO     统计 -> 成功: 740 | 失败: 10 | 异常: 0 | 成功率: 98.7%
[2026-04-08 21:01:42] INFO     
-------------------- 第 751 轮 | 最大监听: 3.4s --------------------
[2026-04-08 21:01:42] INFO     继电器 ON (开始充电)
[2026-04-08 21:01:42] INFO     继电器执行 -> ON
[2026-04-08 21:01:44] INFO     捕获目标指令: voice_msgnum:9
[2026-04-08 21:01:44] INFO     状态维稳，保持闭合 3.0s
[2026-04-08 21:01:47] INFO     继电器 OFF (切断充电)
[2026-04-08 21:01:47] INFO     继电器执行 -> OFF
[2026-04-08 21:01:47] INFO     物理断电静置 3.0s
[2026-04-08 21:01:50] INFO     【结论】 [PASS] 成功关键字: voice_msgnum:9
[2026-04-08 21:01:50] INFO     统计 -> 成功: 741 | 失败: 10 | 异常: 0 | 成功率: 98.7%
[2026-04-08 21:01:50] INFO     
-------------------- 第 752 轮 | 最大监听: 3.4s --------------------
[2026-04-08 21:01:50] INFO     继电器 ON (开始充电)
[2026-04-08 21:01:50] INFO     继电器执行 -> ON
[2026-04-08 21:01:51] INFO     捕获目标指令: voice_msgnum:9
[2026-04-08 21:01:51] INFO     状态维稳，保持闭合 3.0s
[2026-04-08 21:01:54] INFO     继电器 OFF (切断充电)
[2026-04-08 21:01:54] INFO     继电器执行 -> OFF
[2026-04-08 21:01:54] INFO     物理断电静置 3.0s
[2026-04-08 21:01:57] INFO     【结论】 [PASS] 成功关键字: voice_msgnum:9
[2026-04-08 21:01:57] INFO     统计 -> 成功: 742 | 失败: 10 | 异常: 0 | 成功率: 98.7%
[2026-04-08 21:01:57] INFO     
-------------------- 第 753 轮 | 最大监听: 3.9s --------------------
[2026-04-08 21:01:57] INFO     继电器 ON (开始充电)
[2026-04-08 21:01:57] INFO     继电器执行 -> ON
[2026-04-08 21:01:59] INFO     捕获目标指令: voice_msgnum:9
[2026-04-08 21:01:59] INFO     状态维稳，保持闭合 3.0s
[2026-04-08 21:02:02] INFO     继电器 OFF (切断充电)
[2026-04-08 21:02:02] INFO     继电器执行 -> OFF
[2026-04-08 21:02:02] INFO     物理断电静置 3.0s
[2026-04-08 21:02:05] INFO     【结论】 [PASS] 成功关键字: voice_msgnum:9
[2026-04-08 21:02:05] INFO     统计 -> 成功: 743 | 失败: 10 | 异常: 0 | 成功率: 98.7%
[2026-04-08 21:02:05] INFO     
-------------------- 第 754 轮 | 最大监听: 3.8s --------------------
[2026-04-08 21:02:05] INFO     继电器 ON (开始充电)
[2026-04-08 21:02:05] INFO     继电器执行 -> ON
[2026-04-08 21:02:06] INFO     捕获目标指令: voice_msgnum:9
[2026-04-08 21:02:06] INFO     状态维稳，保持闭合 3.0s
[2026-04-08 21:02:09] INFO     继电器 OFF (切断充电)
[2026-04-08 21:02:10] INFO     继电器执行 -> OFF
[2026-04-08 21:02:10] INFO     物理断电静置 3.0s
[2026-04-08 21:02:13] INFO     【结论】 [PASS] 成功关键字: voice_msgnum:9
[2026-04-08 21:02:13] INFO     统计 -> 成功: 744 | 失败: 10 | 异常: 0 | 成功率: 98.7%
[2026-04-08 21:02:13] INFO     
-------------------- 第 755 轮 | 最大监听: 3.2s --------------------
[2026-04-08 21:02:13] INFO     继电器 ON (开始充电)
[2026-04-08 21:02:13] INFO     继电器执行 -> ON
[2026-04-08 21:02:14] INFO     捕获目标指令: voice_msgnum:9
[2026-04-08 21:02:14] INFO     状态维稳，保持闭合 3.0s
[2026-04-08 21:02:17] INFO     继电器 OFF (切断充电)
[2026-04-08 21:02:17] INFO     继电器执行 -> OFF
[2026-04-08 21:02:17] INFO     物理断电静置 3.0s
[2026-04-08 21:02:20] INFO     【结论】 [PASS] 成功关键字: voice_msgnum:9
[2026-04-08 21:02:20] INFO     统计 -> 成功: 745 | 失败: 10 | 异常: 0 | 成功率: 98.7%
[2026-04-08 21:02:20] INFO     
-------------------- 第 756 轮 | 最大监听: 3.3s --------------------
[2026-04-08 21:02:20] INFO     继电器 ON (开始充电)
[2026-04-08 21:02:20] INFO     继电器执行 -> ON
[2026-04-08 21:02:22] INFO     捕获目标指令: voice_msgnum:9
[2026-04-08 21:02:22] INFO     状态维稳，保持闭合 3.0s
[2026-04-08 21:02:25] INFO     继电器 OFF (切断充电)
[2026-04-08 21:02:25] INFO     继电器执行 -> OFF
[2026-04-08 21:02:25] INFO     物理断电静置 3.0s
[2026-04-08 21:02:28] INFO     【结论】 [PASS] 成功关键字: voice_msgnum:9
[2026-04-08 21:02:28] INFO     统计 -> 成功: 746 | 失败: 10 | 异常: 0 | 成功率: 98.7%
[2026-04-08 21:02:28] INFO     
-------------------- 第 757 轮 | 最大监听: 3.2s --------------------
[2026-04-08 21:02:28] INFO     继电器 ON (开始充电)
[2026-04-08 21:02:28] INFO     继电器执行 -> ON
[2026-04-08 21:02:29] INFO     捕获目标指令: voice_msgnum:9
[2026-04-08 21:02:29] INFO     状态维稳，保持闭合 3.0s
[2026-04-08 21:02:32] INFO     继电器 OFF (切断充电)
[2026-04-08 21:02:32] INFO     继电器执行 -> OFF
[2026-04-08 21:02:32] INFO     物理断电静置 3.0s
[2026-04-08 21:02:35] INFO     【结论】 [PASS] 成功关键字: voice_msgnum:9
[2026-04-08 21:02:35] INFO     统计 -> 成功: 747 | 失败: 10 | 异常: 0 | 成功率: 98.7%
[2026-04-08 21:02:35] INFO     
-------------------- 第 758 轮 | 最大监听: 3.2s --------------------
[2026-04-08 21:02:35] INFO     继电器 ON (开始充电)
[2026-04-08 21:02:35] INFO     继电器执行 -> ON
[2026-04-08 21:02:37] INFO     捕获目标指令: voice_msgnum:9
[2026-04-08 21:02:37] INFO     状态维稳，保持闭合 3.0s
[2026-04-08 21:02:38] WARNING  手动中断，停止测试。
[2026-04-08 21:02:38] INFO     继电器执行 -> OFF
[2026-04-08 21:02:38] INFO     
=============== 最终测试报告 ===============
  目标循环:      500000 次
  成功次数:      747 次
  失败次数:      10 次
  异常次数:      0 次
  断连次数:      0 次
============================================
