[2026-04-16 19:54:16] INFO     ========== 继电器压力测试启动 ==========
[2026-04-16 19:54:16] INFO     串口检测 -> 继电器(CH340): COM7 | 设备(CP210x): COM3
[2026-04-16 19:54:16] INFO     >>> 执行环境初始清洗 (物理断电重置)...
[2026-04-16 19:54:16] INFO     继电器执行 -> OFF
[2026-04-16 19:54:17] INFO     
-------------------- 第 1 轮 | 最大监听: 25.0s --------------------
[2026-04-16 19:54:17] INFO     继电器 ON (开始充电)
[2026-04-16 19:54:17] INFO     继电器执行 -> ON
[2026-04-16 19:54:19] INFO     捕获目标指令: voice_msgnum:9
[2026-04-16 19:54:19] INFO     状态维稳，保持闭合 25.0s
[2026-04-16 19:54:44] INFO     继电器 OFF (切断充电)
[2026-04-16 19:54:44] INFO     继电器执行 -> OFF
[2026-04-16 19:54:44] INFO     物理断电静置 25.0s
[2026-04-16 19:55:09] INFO     【结论】 [PASS] 成功关键字: voice_msgnum:9
[2026-04-16 19:55:09] INFO     统计 -> 成功: 1 | 失败: 0 | 异常: 0 | 成功率: 100.0%
[2026-04-16 19:55:09] INFO     
-------------------- 第 2 轮 | 最大监听: 25.6s --------------------
[2026-04-16 19:55:09] INFO     继电器 ON (开始充电)
[2026-04-16 19:55:09] INFO     继电器执行 -> ON
[2026-04-16 19:55:11] INFO     捕获目标指令: voice_msgnum:9
[2026-04-16 19:55:11] INFO     状态维稳，保持闭合 25.0s
[2026-04-16 19:55:36] INFO     继电器 OFF (切断充电)
[2026-04-16 19:55:36] INFO     继电器执行 -> OFF
[2026-04-16 19:55:36] INFO     物理断电静置 25.0s
[2026-04-16 19:56:01] INFO     【结论】 [PASS] 成功关键字: voice_msgnum:9
[2026-04-16 19:56:01] INFO     统计 -> 成功: 2 | 失败: 0 | 异常: 0 | 成功率: 100.0%
[2026-04-16 19:56:01] INFO     
-------------------- 第 3 轮 | 最大监听: 26.8s --------------------
[2026-04-16 19:56:01] INFO     继电器 ON (开始充电)
[2026-04-16 19:56:01] INFO     继电器执行 -> ON
[2026-04-16 19:56:03] INFO     捕获目标指令: voice_msgnum:9
[2026-04-16 19:56:03] INFO     状态维稳，保持闭合 25.0s
[2026-04-16 19:56:28] INFO     继电器 OFF (切断充电)
[2026-04-16 19:56:28] INFO     继电器执行 -> OFF
[2026-04-16 19:56:28] INFO     物理断电静置 25.0s
[2026-04-16 19:56:53] INFO     【结论】 [PASS] 成功关键字: voice_msgnum:9
[2026-04-16 19:56:53] INFO     统计 -> 成功: 3 | 失败: 0 | 异常: 0 | 成功率: 100.0%
[2026-04-16 19:56:53] INFO     
-------------------- 第 4 轮 | 最大监听: 28.6s --------------------
[2026-04-16 19:56:53] INFO     继电器 ON (开始充电)
[2026-04-16 19:56:53] INFO     继电器执行 -> ON
[2026-04-16 19:56:55] INFO     捕获目标指令: voice_msgnum:9
[2026-04-16 19:56:55] INFO     状态维稳，保持闭合 25.0s
[2026-04-16 19:57:20] INFO     继电器 OFF (切断充电)
[2026-04-16 19:57:20] INFO     继电器执行 -> OFF
[2026-04-16 19:57:20] INFO     物理断电静置 25.0s
[2026-04-16 19:57:45] INFO     【结论】 [PASS] 成功关键字: voice_msgnum:9
[2026-04-16 19:57:45] INFO     统计 -> 成功: 4 | 失败: 0 | 异常: 0 | 成功率: 100.0%
[2026-04-16 19:57:45] INFO     
-------------------- 第 5 轮 | 最大监听: 26.5s --------------------
[2026-04-16 19:57:45] INFO     继电器 ON (开始充电)
[2026-04-16 19:57:45] INFO     继电器执行 -> ON
[2026-04-16 19:57:46] INFO     捕获目标指令: voice_msgnum:9
[2026-04-16 19:57:46] INFO     状态维稳，保持闭合 25.0s
[2026-04-16 19:58:11] INFO     继电器 OFF (切断充电)
[2026-04-16 19:58:11] INFO     继电器执行 -> OFF
[2026-04-16 19:58:11] INFO     物理断电静置 25.0s
[2026-04-16 19:58:36] INFO     【结论】 [PASS] 成功关键字: voice_msgnum:9
[2026-04-16 19:58:36] INFO     统计 -> 成功: 5 | 失败: 0 | 异常: 0 | 成功率: 100.0%
[2026-04-16 19:58:36] INFO     
-------------------- 第 6 轮 | 最大监听: 28.7s --------------------
[2026-04-16 19:58:36] INFO     继电器 ON (开始充电)
[2026-04-16 19:58:36] INFO     继电器执行 -> ON
[2026-04-16 19:58:38] INFO     捕获目标指令: voice_msgnum:9
[2026-04-16 19:58:38] INFO     状态维稳，保持闭合 25.0s
[2026-04-16 19:59:03] INFO     继电器 OFF (切断充电)
[2026-04-16 19:59:03] INFO     继电器执行 -> OFF
[2026-04-16 19:59:03] INFO     物理断电静置 25.0s
[2026-04-16 19:59:28] INFO     【结论】 [PASS] 成功关键字: voice_msgnum:9
[2026-04-16 19:59:28] INFO     统计 -> 成功: 6 | 失败: 0 | 异常: 0 | 成功率: 100.0%
[2026-04-16 19:59:28] INFO     
-------------------- 第 7 轮 | 最大监听: 26.3s --------------------
[2026-04-16 19:59:28] INFO     继电器 ON (开始充电)
[2026-04-16 19:59:28] INFO     继电器执行 -> ON
[2026-04-16 19:59:30] INFO     捕获目标指令: voice_msgnum:9
[2026-04-16 19:59:30] INFO     状态维稳，保持闭合 25.0s
[2026-04-16 19:59:55] INFO     继电器 OFF (切断充电)
[2026-04-16 19:59:55] INFO     继电器执行 -> OFF
[2026-04-16 19:59:55] INFO     物理断电静置 25.0s
[2026-04-16 20:00:20] INFO     【结论】 [PASS] 成功关键字: voice_msgnum:9
[2026-04-16 20:00:20] INFO     统计 -> 成功: 7 | 失败: 0 | 异常: 0 | 成功率: 100.0%
[2026-04-16 20:00:20] INFO     
-------------------- 第 8 轮 | 最大监听: 25.0s --------------------
[2026-04-16 20:00:20] INFO     继电器 ON (开始充电)
[2026-04-16 20:00:20] INFO     继电器执行 -> ON
[2026-04-16 20:00:22] INFO     捕获目标指令: voice_msgnum:9
[2026-04-16 20:00:22] INFO     状态维稳，保持闭合 25.0s
[2026-04-16 20:00:47] INFO     继电器 OFF (切断充电)
[2026-04-16 20:00:47] INFO     继电器执行 -> OFF
[2026-04-16 20:00:47] INFO     物理断电静置 25.0s
[2026-04-16 20:01:12] INFO     【结论】 [PASS] 成功关键字: voice_msgnum:9
[2026-04-16 20:01:12] INFO     统计 -> 成功: 8 | 失败: 0 | 异常: 0 | 成功率: 100.0%
[2026-04-16 20:01:12] INFO     
-------------------- 第 9 轮 | 最大监听: 28.7s --------------------
[2026-04-16 20:01:12] INFO     继电器 ON (开始充电)
[2026-04-16 20:01:12] INFO     继电器执行 -> ON
[2026-04-16 20:01:14] INFO     捕获目标指令: voice_msgnum:9
[2026-04-16 20:01:14] INFO     状态维稳，保持闭合 25.0s
[2026-04-16 20:01:39] INFO     继电器 OFF (切断充电)
[2026-04-16 20:01:39] INFO     继电器执行 -> OFF
[2026-04-16 20:01:39] INFO     物理断电静置 25.0s
[2026-04-16 20:02:04] INFO     【结论】 [PASS] 成功关键字: voice_msgnum:9
[2026-04-16 20:02:04] INFO     统计 -> 成功: 9 | 失败: 0 | 异常: 0 | 成功率: 100.0%
[2026-04-16 20:02:04] INFO     
-------------------- 第 10 轮 | 最大监听: 25.3s --------------------
[2026-04-16 20:02:04] INFO     继电器 ON (开始充电)
[2026-04-16 20:02:04] INFO     继电器执行 -> ON
[2026-04-16 20:02:06] INFO     捕获目标指令: voice_msgnum:9
[2026-04-16 20:02:06] INFO     状态维稳，保持闭合 25.0s
[2026-04-16 20:02:31] INFO     继电器 OFF (切断充电)
[2026-04-16 20:02:31] INFO     继电器执行 -> OFF
[2026-04-16 20:02:31] INFO     物理断电静置 25.0s
[2026-04-16 20:02:56] INFO     【结论】 [PASS] 成功关键字: voice_msgnum:9
[2026-04-16 20:02:56] INFO     统计 -> 成功: 10 | 失败: 0 | 异常: 0 | 成功率: 100.0%
[2026-04-16 20:02:56] INFO     
-------------------- 第 11 轮 | 最大监听: 29.4s --------------------
[2026-04-16 20:02:56] INFO     继电器 ON (开始充电)
[2026-04-16 20:02:56] INFO     继电器执行 -> ON
[2026-04-16 20:02:57] INFO     捕获目标指令: voice_msgnum:9
[2026-04-16 20:02:57] INFO     状态维稳，保持闭合 25.0s
[2026-04-16 20:03:22] INFO     继电器 OFF (切断充电)
[2026-04-16 20:03:22] INFO     继电器执行 -> OFF
[2026-04-16 20:03:22] INFO     物理断电静置 25.0s
[2026-04-16 20:03:47] INFO     【结论】 [PASS] 成功关键字: voice_msgnum:9
[2026-04-16 20:03:47] INFO     统计 -> 成功: 11 | 失败: 0 | 异常: 0 | 成功率: 100.0%
[2026-04-16 20:03:47] INFO     
-------------------- 第 12 轮 | 最大监听: 27.8s --------------------
[2026-04-16 20:03:47] INFO     继电器 ON (开始充电)
[2026-04-16 20:03:47] INFO     继电器执行 -> ON
[2026-04-16 20:03:49] INFO     捕获目标指令: voice_msgnum:9
[2026-04-16 20:03:49] INFO     状态维稳，保持闭合 25.0s
[2026-04-16 20:04:14] INFO     继电器 OFF (切断充电)
[2026-04-16 20:04:14] INFO     继电器执行 -> OFF
[2026-04-16 20:04:14] INFO     物理断电静置 25.0s
[2026-04-16 20:04:39] INFO     【结论】 [PASS] 成功关键字: voice_msgnum:9
[2026-04-16 20:04:39] INFO     统计 -> 成功: 12 | 失败: 0 | 异常: 0 | 成功率: 100.0%
[2026-04-16 20:04:39] INFO     
-------------------- 第 13 轮 | 最大监听: 27.2s --------------------
[2026-04-16 20:04:39] INFO     继电器 ON (开始充电)
[2026-04-16 20:04:39] INFO     继电器执行 -> ON
[2026-04-16 20:04:41] INFO     捕获目标指令: voice_msgnum:9
[2026-04-16 20:04:41] INFO     状态维稳，保持闭合 25.0s
[2026-04-16 20:05:06] INFO     继电器 OFF (切断充电)
[2026-04-16 20:05:06] INFO     继电器执行 -> OFF
[2026-04-16 20:05:06] INFO     物理断电静置 25.0s
[2026-04-16 20:05:31] INFO     【结论】 [PASS] 成功关键字: voice_msgnum:9
[2026-04-16 20:05:31] INFO     统计 -> 成功: 13 | 失败: 0 | 异常: 0 | 成功率: 100.0%
[2026-04-16 20:05:31] INFO     
-------------------- 第 14 轮 | 最大监听: 27.4s --------------------
[2026-04-16 20:05:31] INFO     继电器 ON (开始充电)
[2026-04-16 20:05:31] INFO     继电器执行 -> ON
[2026-04-16 20:05:33] INFO     捕获目标指令: voice_msgnum:9
[2026-04-16 20:05:33] INFO     状态维稳，保持闭合 25.0s
[2026-04-16 20:05:58] INFO     继电器 OFF (切断充电)
[2026-04-16 20:05:58] INFO     继电器执行 -> OFF
[2026-04-16 20:05:58] INFO     物理断电静置 25.0s
[2026-04-16 20:06:23] INFO     【结论】 [PASS] 成功关键字: voice_msgnum:9
[2026-04-16 20:06:23] INFO     统计 -> 成功: 14 | 失败: 0 | 异常: 0 | 成功率: 100.0%
[2026-04-16 20:06:23] INFO     
-------------------- 第 15 轮 | 最大监听: 25.8s --------------------
[2026-04-16 20:06:23] INFO     继电器 ON (开始充电)
[2026-04-16 20:06:23] INFO     继电器执行 -> ON
[2026-04-16 20:06:24] INFO     捕获目标指令: voice_msgnum:9
[2026-04-16 20:06:24] INFO     状态维稳，保持闭合 25.0s
[2026-04-16 20:06:49] INFO     继电器 OFF (切断充电)
[2026-04-16 20:06:49] INFO     继电器执行 -> OFF
[2026-04-16 20:06:49] INFO     物理断电静置 25.0s
[2026-04-16 20:07:14] INFO     【结论】 [PASS] 成功关键字: voice_msgnum:9
[2026-04-16 20:07:14] INFO     统计 -> 成功: 15 | 失败: 0 | 异常: 0 | 成功率: 100.0%
[2026-04-16 20:07:14] INFO     
-------------------- 第 16 轮 | 最大监听: 25.6s --------------------
[2026-04-16 20:07:14] INFO     继电器 ON (开始充电)
[2026-04-16 20:07:15] INFO     继电器执行 -> ON
[2026-04-16 20:07:16] INFO     捕获目标指令: voice_msgnum:9
[2026-04-16 20:07:16] INFO     状态维稳，保持闭合 25.0s
[2026-04-16 20:07:41] INFO     继电器 OFF (切断充电)
[2026-04-16 20:07:41] INFO     继电器执行 -> OFF
[2026-04-16 20:07:41] INFO     物理断电静置 25.0s
[2026-04-16 20:08:06] INFO     【结论】 [PASS] 成功关键字: voice_msgnum:9
[2026-04-16 20:08:06] INFO     统计 -> 成功: 16 | 失败: 0 | 异常: 0 | 成功率: 100.0%
[2026-04-16 20:08:06] INFO     
-------------------- 第 17 轮 | 最大监听: 25.7s --------------------
[2026-04-16 20:08:06] INFO     继电器 ON (开始充电)
[2026-04-16 20:08:06] INFO     继电器执行 -> ON
[2026-04-16 20:08:08] INFO     捕获目标指令: voice_msgnum:9
[2026-04-16 20:08:08] INFO     状态维稳，保持闭合 25.0s
[2026-04-16 20:08:33] INFO     继电器 OFF (切断充电)
[2026-04-16 20:08:33] INFO     继电器执行 -> OFF
[2026-04-16 20:08:33] INFO     物理断电静置 25.0s
[2026-04-16 20:08:58] INFO     【结论】 [PASS] 成功关键字: voice_msgnum:9
[2026-04-16 20:08:58] INFO     统计 -> 成功: 17 | 失败: 0 | 异常: 0 | 成功率: 100.0%
[2026-04-16 20:08:58] INFO     
-------------------- 第 18 轮 | 最大监听: 25.0s --------------------
[2026-04-16 20:08:58] INFO     继电器 ON (开始充电)
[2026-04-16 20:08:58] INFO     继电器执行 -> ON
[2026-04-16 20:09:02] INFO     捕获目标指令: voice_msgnum:9
[2026-04-16 20:09:02] INFO     状态维稳，保持闭合 25.0s
[2026-04-16 20:09:27] INFO     继电器 OFF (切断充电)
[2026-04-16 20:09:27] INFO     继电器执行 -> OFF
[2026-04-16 20:09:27] INFO     物理断电静置 25.0s
[2026-04-16 20:09:52] INFO     【结论】 [PASS] 成功关键字: voice_msgnum:9
[2026-04-16 20:09:52] INFO     统计 -> 成功: 18 | 失败: 0 | 异常: 0 | 成功率: 100.0%
[2026-04-16 20:09:52] INFO     
-------------------- 第 19 轮 | 最大监听: 29.2s --------------------
[2026-04-16 20:09:52] INFO     继电器 ON (开始充电)
[2026-04-16 20:09:52] INFO     继电器执行 -> ON
[2026-04-16 20:09:54] INFO     捕获目标指令: voice_msgnum:9
[2026-04-16 20:09:54] INFO     状态维稳，保持闭合 25.0s
[2026-04-16 20:10:19] INFO     继电器 OFF (切断充电)
[2026-04-16 20:10:19] INFO     继电器执行 -> OFF
[2026-04-16 20:10:19] INFO     物理断电静置 25.0s
[2026-04-16 20:10:44] INFO     【结论】 [PASS] 成功关键字: voice_msgnum:9
[2026-04-16 20:10:44] INFO     统计 -> 成功: 19 | 失败: 0 | 异常: 0 | 成功率: 100.0%
[2026-04-16 20:10:44] INFO     
-------------------- 第 20 轮 | 最大监听: 25.4s --------------------
[2026-04-16 20:10:44] INFO     继电器 ON (开始充电)
[2026-04-16 20:10:44] INFO     继电器执行 -> ON
[2026-04-16 20:10:46] INFO     捕获目标指令: voice_msgnum:9
[2026-04-16 20:10:46] INFO     状态维稳，保持闭合 25.0s
[2026-04-16 20:11:11] INFO     继电器 OFF (切断充电)
[2026-04-16 20:11:11] INFO     继电器执行 -> OFF
[2026-04-16 20:11:11] INFO     物理断电静置 25.0s
[2026-04-16 20:11:36] INFO     【结论】 [PASS] 成功关键字: voice_msgnum:9
[2026-04-16 20:11:36] INFO     统计 -> 成功: 20 | 失败: 0 | 异常: 0 | 成功率: 100.0%
[2026-04-16 20:11:36] INFO     
-------------------- 第 21 轮 | 最大监听: 29.2s --------------------
[2026-04-16 20:11:36] INFO     继电器 ON (开始充电)
[2026-04-16 20:11:36] INFO     继电器执行 -> ON
[2026-04-16 20:11:41] INFO     捕获目标指令: voice_msgnum:9
[2026-04-16 20:11:41] INFO     状态维稳，保持闭合 25.0s
[2026-04-16 20:12:06] INFO     继电器 OFF (切断充电)
[2026-04-16 20:12:06] INFO     继电器执行 -> OFF
[2026-04-16 20:12:06] INFO     物理断电静置 25.0s
[2026-04-16 20:12:31] INFO     【结论】 [PASS] 成功关键字: voice_msgnum:9
[2026-04-16 20:12:31] INFO     统计 -> 成功: 21 | 失败: 0 | 异常: 0 | 成功率: 100.0%
[2026-04-16 20:12:31] INFO     
-------------------- 第 22 轮 | 最大监听: 27.4s --------------------
[2026-04-16 20:12:31] INFO     继电器 ON (开始充电)
[2026-04-16 20:12:31] INFO     继电器执行 -> ON
[2026-04-16 20:12:32] INFO     捕获目标指令: voice_msgnum:9
[2026-04-16 20:12:32] INFO     状态维稳，保持闭合 25.0s
[2026-04-16 20:12:57] INFO     继电器 OFF (切断充电)
[2026-04-16 20:12:57] INFO     继电器执行 -> OFF
[2026-04-16 20:12:57] INFO     物理断电静置 25.0s
[2026-04-16 20:13:22] INFO     【结论】 [PASS] 成功关键字: voice_msgnum:9
[2026-04-16 20:13:22] INFO     统计 -> 成功: 22 | 失败: 0 | 异常: 0 | 成功率: 100.0%
[2026-04-16 20:13:22] INFO     
-------------------- 第 23 轮 | 最大监听: 25.0s --------------------
[2026-04-16 20:13:22] INFO     继电器 ON (开始充电)
[2026-04-16 20:13:23] INFO     继电器执行 -> ON
[2026-04-16 20:13:30] INFO     捕获目标指令: voice_msgnum:9
[2026-04-16 20:13:30] INFO     状态维稳，保持闭合 25.0s
[2026-04-16 20:13:55] INFO     继电器 OFF (切断充电)
[2026-04-16 20:13:55] INFO     继电器执行 -> OFF
[2026-04-16 20:13:55] INFO     物理断电静置 25.0s
[2026-04-16 20:14:20] INFO     【结论】 [PASS] 成功关键字: voice_msgnum:9
[2026-04-16 20:14:20] INFO     统计 -> 成功: 23 | 失败: 0 | 异常: 0 | 成功率: 100.0%
[2026-04-16 20:14:20] INFO     
-------------------- 第 24 轮 | 最大监听: 29.3s --------------------
[2026-04-16 20:14:20] INFO     继电器 ON (开始充电)
[2026-04-16 20:14:20] INFO     继电器执行 -> ON
[2026-04-16 20:14:22] INFO     捕获目标指令: voice_msgnum:9
[2026-04-16 20:14:22] INFO     状态维稳，保持闭合 25.0s
[2026-04-16 20:14:47] INFO     继电器 OFF (切断充电)
[2026-04-16 20:14:47] INFO     继电器执行 -> OFF
[2026-04-16 20:14:47] INFO     物理断电静置 25.0s
[2026-04-16 20:15:12] INFO     【结论】 [PASS] 成功关键字: voice_msgnum:9
[2026-04-16 20:15:12] INFO     统计 -> 成功: 24 | 失败: 0 | 异常: 0 | 成功率: 100.0%
[2026-04-16 20:15:12] INFO     
-------------------- 第 25 轮 | 最大监听: 25.8s --------------------
[2026-04-16 20:15:12] INFO     继电器 ON (开始充电)
[2026-04-16 20:15:12] INFO     继电器执行 -> ON
[2026-04-16 20:15:14] INFO     捕获目标指令: voice_msgnum:9
[2026-04-16 20:15:14] INFO     状态维稳，保持闭合 25.0s
[2026-04-16 20:15:39] INFO     继电器 OFF (切断充电)
[2026-04-16 20:15:39] INFO     继电器执行 -> OFF
[2026-04-16 20:15:39] INFO     物理断电静置 25.0s
[2026-04-16 20:16:04] INFO     【结论】 [PASS] 成功关键字: voice_msgnum:9
[2026-04-16 20:16:04] INFO     统计 -> 成功: 25 | 失败: 0 | 异常: 0 | 成功率: 100.0%
[2026-04-16 20:16:04] INFO     
-------------------- 第 26 轮 | 最大监听: 27.3s --------------------
[2026-04-16 20:16:04] INFO     继电器 ON (开始充电)
[2026-04-16 20:16:04] INFO     继电器执行 -> ON
[2026-04-16 20:16:08] INFO     捕获目标指令: voice_msgnum:9
[2026-04-16 20:16:08] INFO     状态维稳，保持闭合 25.0s
[2026-04-16 20:16:33] INFO     继电器 OFF (切断充电)
[2026-04-16 20:16:33] INFO     继电器执行 -> OFF
[2026-04-16 20:16:33] INFO     物理断电静置 25.0s
[2026-04-16 20:16:58] INFO     【结论】 [PASS] 成功关键字: voice_msgnum:9
[2026-04-16 20:16:58] INFO     统计 -> 成功: 26 | 失败: 0 | 异常: 0 | 成功率: 100.0%
[2026-04-16 20:16:58] INFO     
-------------------- 第 27 轮 | 最大监听: 29.3s --------------------
[2026-04-16 20:16:58] INFO     继电器 ON (开始充电)
[2026-04-16 20:16:58] INFO     继电器执行 -> ON
[2026-04-16 20:17:09] INFO     捕获目标指令: voice_msgnum:9
[2026-04-16 20:17:09] INFO     状态维稳，保持闭合 25.0s
[2026-04-16 20:17:34] INFO     继电器 OFF (切断充电)
[2026-04-16 20:17:34] INFO     继电器执行 -> OFF
[2026-04-16 20:17:34] INFO     物理断电静置 25.0s
[2026-04-16 20:17:59] INFO     【结论】 [PASS] 成功关键字: voice_msgnum:9
[2026-04-16 20:17:59] INFO     统计 -> 成功: 27 | 失败: 0 | 异常: 0 | 成功率: 100.0%
[2026-04-16 20:17:59] INFO     
-------------------- 第 28 轮 | 最大监听: 27.4s --------------------
[2026-04-16 20:17:59] INFO     继电器 ON (开始充电)
[2026-04-16 20:17:59] INFO     继电器执行 -> ON
[2026-04-16 20:18:01] INFO     捕获目标指令: voice_msgnum:9
[2026-04-16 20:18:01] INFO     状态维稳，保持闭合 25.0s
[2026-04-16 20:18:26] INFO     继电器 OFF (切断充电)
[2026-04-16 20:18:26] INFO     继电器执行 -> OFF
[2026-04-16 20:18:26] INFO     物理断电静置 25.0s
[2026-04-16 20:18:51] INFO     【结论】 [PASS] 成功关键字: voice_msgnum:9
[2026-04-16 20:18:51] INFO     统计 -> 成功: 28 | 失败: 0 | 异常: 0 | 成功率: 100.0%
[2026-04-16 20:18:51] INFO     
-------------------- 第 29 轮 | 最大监听: 26.7s --------------------
[2026-04-16 20:18:51] INFO     继电器 ON (开始充电)
[2026-04-16 20:18:51] INFO     继电器执行 -> ON
[2026-04-16 20:18:55] INFO     捕获目标指令: voice_msgnum:9
[2026-04-16 20:18:55] INFO     状态维稳，保持闭合 25.0s
[2026-04-16 20:19:20] INFO     继电器 OFF (切断充电)
[2026-04-16 20:19:20] INFO     继电器执行 -> OFF
[2026-04-16 20:19:20] INFO     物理断电静置 25.0s
[2026-04-16 20:19:45] INFO     【结论】 [PASS] 成功关键字: voice_msgnum:9
[2026-04-16 20:19:45] INFO     统计 -> 成功: 29 | 失败: 0 | 异常: 0 | 成功率: 100.0%
[2026-04-16 20:19:45] INFO     
-------------------- 第 30 轮 | 最大监听: 29.7s --------------------
[2026-04-16 20:19:45] INFO     继电器 ON (开始充电)
[2026-04-16 20:19:45] INFO     继电器执行 -> ON
[2026-04-16 20:19:49] INFO     捕获目标指令: voice_msgnum:9
[2026-04-16 20:19:49] INFO     状态维稳，保持闭合 25.0s
[2026-04-16 20:20:14] INFO     继电器 OFF (切断充电)
[2026-04-16 20:20:14] INFO     继电器执行 -> OFF
[2026-04-16 20:20:14] INFO     物理断电静置 25.0s
[2026-04-16 20:20:39] INFO     【结论】 [PASS] 成功关键字: voice_msgnum:9
[2026-04-16 20:20:39] INFO     统计 -> 成功: 30 | 失败: 0 | 异常: 0 | 成功率: 100.0%
[2026-04-16 20:20:39] INFO     
-------------------- 第 31 轮 | 最大监听: 30.0s --------------------
[2026-04-16 20:20:39] INFO     继电器 ON (开始充电)
[2026-04-16 20:20:39] INFO     继电器执行 -> ON
[2026-04-16 20:20:44] INFO     捕获目标指令: voice_msgnum:9
[2026-04-16 20:20:44] INFO     状态维稳，保持闭合 25.0s
[2026-04-16 20:21:09] INFO     继电器 OFF (切断充电)
[2026-04-16 20:21:09] INFO     继电器执行 -> OFF
[2026-04-16 20:21:09] INFO     物理断电静置 25.0s
[2026-04-16 20:21:34] INFO     【结论】 [PASS] 成功关键字: voice_msgnum:9
[2026-04-16 20:21:34] INFO     统计 -> 成功: 31 | 失败: 0 | 异常: 0 | 成功率: 100.0%
[2026-04-16 20:21:34] INFO     
-------------------- 第 32 轮 | 最大监听: 28.3s --------------------
[2026-04-16 20:21:34] INFO     继电器 ON (开始充电)
[2026-04-16 20:21:34] INFO     继电器执行 -> ON
[2026-04-16 20:21:35] INFO     捕获目标指令: voice_msgnum:9
[2026-04-16 20:21:35] INFO     状态维稳，保持闭合 25.0s
[2026-04-16 20:22:00] INFO     继电器 OFF (切断充电)
[2026-04-16 20:22:01] INFO     继电器执行 -> OFF
[2026-04-16 20:22:01] INFO     物理断电静置 25.0s
[2026-04-16 20:22:26] INFO     【结论】 [PASS] 成功关键字: voice_msgnum:9
[2026-04-16 20:22:26] INFO     统计 -> 成功: 32 | 失败: 0 | 异常: 0 | 成功率: 100.0%
[2026-04-16 20:22:26] INFO     
-------------------- 第 33 轮 | 最大监听: 25.8s --------------------
[2026-04-16 20:22:26] INFO     继电器 ON (开始充电)
[2026-04-16 20:22:26] INFO     继电器执行 -> ON
[2026-04-16 20:22:33] INFO     捕获目标指令: voice_msgnum:9
[2026-04-16 20:22:33] INFO     状态维稳，保持闭合 25.0s
[2026-04-16 20:22:58] INFO     继电器 OFF (切断充电)
[2026-04-16 20:22:58] INFO     继电器执行 -> OFF
[2026-04-16 20:22:58] INFO     物理断电静置 25.0s
[2026-04-16 20:23:23] INFO     【结论】 [PASS] 成功关键字: voice_msgnum:9
[2026-04-16 20:23:23] INFO     统计 -> 成功: 33 | 失败: 0 | 异常: 0 | 成功率: 100.0%
[2026-04-16 20:23:23] INFO     
-------------------- 第 34 轮 | 最大监听: 27.2s --------------------
[2026-04-16 20:23:23] INFO     继电器 ON (开始充电)
[2026-04-16 20:23:23] INFO     继电器执行 -> ON
[2026-04-16 20:23:30] INFO     捕获目标指令: voice_msgnum:9
[2026-04-16 20:23:30] INFO     状态维稳，保持闭合 25.0s
[2026-04-16 20:23:55] INFO     继电器 OFF (切断充电)
[2026-04-16 20:23:55] INFO     继电器执行 -> OFF
[2026-04-16 20:23:55] INFO     物理断电静置 25.0s
[2026-04-16 20:24:20] INFO     【结论】 [PASS] 成功关键字: voice_msgnum:9
[2026-04-16 20:24:20] INFO     统计 -> 成功: 34 | 失败: 0 | 异常: 0 | 成功率: 100.0%
[2026-04-16 20:24:20] INFO     
-------------------- 第 35 轮 | 最大监听: 25.5s --------------------
[2026-04-16 20:24:20] INFO     继电器 ON (开始充电)
[2026-04-16 20:24:20] INFO     继电器执行 -> ON
[2026-04-16 20:24:31] INFO     捕获目标指令: voice_msgnum:9
[2026-04-16 20:24:31] INFO     状态维稳，保持闭合 25.0s
[2026-04-16 20:24:56] INFO     继电器 OFF (切断充电)
[2026-04-16 20:24:56] INFO     继电器执行 -> OFF
[2026-04-16 20:24:56] INFO     物理断电静置 25.0s
[2026-04-16 20:25:21] INFO     【结论】 [PASS] 成功关键字: voice_msgnum:9
[2026-04-16 20:25:21] INFO     统计 -> 成功: 35 | 失败: 0 | 异常: 0 | 成功率: 100.0%
[2026-04-16 20:25:21] INFO     
-------------------- 第 36 轮 | 最大监听: 29.7s --------------------
[2026-04-16 20:25:21] INFO     继电器 ON (开始充电)
[2026-04-16 20:25:21] INFO     继电器执行 -> ON
[2026-04-16 20:25:47] INFO     捕获目标指令: voice_msgnum:9
[2026-04-16 20:25:47] INFO     状态维稳，保持闭合 25.0s
[2026-04-16 20:26:12] INFO     继电器 OFF (切断充电)
[2026-04-16 20:26:12] INFO     继电器执行 -> OFF
[2026-04-16 20:26:12] INFO     物理断电静置 25.0s
[2026-04-16 20:26:37] INFO     【结论】 [PASS] 成功关键字: voice_msgnum:9
[2026-04-16 20:26:37] INFO     统计 -> 成功: 36 | 失败: 0 | 异常: 0 | 成功率: 100.0%
[2026-04-16 20:26:37] INFO     
-------------------- 第 37 轮 | 最大监听: 27.9s --------------------
[2026-04-16 20:26:37] INFO     继电器 ON (开始充电)
[2026-04-16 20:26:37] INFO     继电器执行 -> ON
[2026-04-16 20:27:00] INFO     捕获目标指令: voice_msgnum:9
[2026-04-16 20:27:00] INFO     状态维稳，保持闭合 25.0s
[2026-04-16 20:27:25] INFO     继电器 OFF (切断充电)
[2026-04-16 20:27:26] INFO     继电器执行 -> OFF
[2026-04-16 20:27:26] INFO     物理断电静置 25.0s
[2026-04-16 20:27:51] INFO     【结论】 [PASS] 成功关键字: voice_msgnum:9
[2026-04-16 20:27:51] INFO     统计 -> 成功: 37 | 失败: 0 | 异常: 0 | 成功率: 100.0%
[2026-04-16 20:27:51] INFO     
-------------------- 第 38 轮 | 最大监听: 28.4s --------------------
[2026-04-16 20:27:51] INFO     继电器 ON (开始充电)
[2026-04-16 20:27:51] INFO     继电器执行 -> ON
[2026-04-16 20:28:19] INFO     继电器 OFF (切断充电)
[2026-04-16 20:28:19] INFO     继电器执行 -> OFF
[2026-04-16 20:28:19] INFO     物理断电静置 25.0s
[2026-04-16 20:28:44] WARNING  【结论】 [FAIL] 超时未检测到成功关键字
[2026-04-16 20:28:44] INFO     统计 -> 成功: 37 | 失败: 1 | 异常: 0 | 成功率: 97.4%
[2026-04-16 20:28:44] INFO     
-------------------- 第 39 轮 | 最大监听: 25.6s --------------------
[2026-04-16 20:28:44] INFO     继电器 ON (开始充电)
[2026-04-16 20:28:44] INFO     继电器执行 -> ON
[2026-04-16 20:28:48] INFO     捕获目标指令: voice_msgnum:9
[2026-04-16 20:28:48] INFO     状态维稳，保持闭合 25.0s
[2026-04-16 20:29:13] INFO     继电器 OFF (切断充电)
[2026-04-16 20:29:13] INFO     继电器执行 -> OFF
[2026-04-16 20:29:13] INFO     物理断电静置 25.0s
[2026-04-16 20:29:38] INFO     【结论】 [PASS] 成功关键字: voice_msgnum:9
[2026-04-16 20:29:38] INFO     统计 -> 成功: 38 | 失败: 1 | 异常: 0 | 成功率: 97.4%
[2026-04-16 20:29:38] INFO     
-------------------- 第 40 轮 | 最大监听: 27.2s --------------------
[2026-04-16 20:29:38] INFO     继电器 ON (开始充电)
[2026-04-16 20:29:39] INFO     继电器执行 -> ON
[2026-04-16 20:30:06] INFO     继电器 OFF (切断充电)
[2026-04-16 20:30:06] INFO     继电器执行 -> OFF
[2026-04-16 20:30:06] INFO     物理断电静置 25.0s
[2026-04-16 20:30:31] WARNING  【结论】 [FAIL] 超时未检测到成功关键字
[2026-04-16 20:30:31] INFO     统计 -> 成功: 38 | 失败: 2 | 异常: 0 | 成功率: 95.0%
[2026-04-16 20:30:31] INFO     
-------------------- 第 41 轮 | 最大监听: 29.0s --------------------
[2026-04-16 20:30:31] INFO     继电器 ON (开始充电)
[2026-04-16 20:30:31] INFO     继电器执行 -> ON
[2026-04-16 20:30:57] INFO     捕获目标指令: voice_msgnum:9
[2026-04-16 20:30:57] INFO     状态维稳，保持闭合 25.0s
[2026-04-16 20:31:22] INFO     继电器 OFF (切断充电)
[2026-04-16 20:31:22] INFO     继电器执行 -> OFF
[2026-04-16 20:31:22] INFO     物理断电静置 25.0s
[2026-04-16 20:31:47] INFO     【结论】 [PASS] 成功关键字: voice_msgnum:9
[2026-04-16 20:31:47] INFO     统计 -> 成功: 39 | 失败: 2 | 异常: 0 | 成功率: 95.1%
[2026-04-16 20:31:47] INFO     
-------------------- 第 42 轮 | 最大监听: 25.6s --------------------
[2026-04-16 20:31:47] INFO     继电器 ON (开始充电)
[2026-04-16 20:31:47] INFO     继电器执行 -> ON
[2026-04-16 20:32:13] INFO     继电器 OFF (切断充电)
[2026-04-16 20:32:13] INFO     继电器执行 -> OFF
[2026-04-16 20:32:13] INFO     物理断电静置 25.0s
[2026-04-16 20:32:38] WARNING  【结论】 [FAIL] 超时未检测到成功关键字
[2026-04-16 20:32:38] INFO     统计 -> 成功: 39 | 失败: 3 | 异常: 0 | 成功率: 92.9%
[2026-04-16 20:32:38] INFO     
-------------------- 第 43 轮 | 最大监听: 28.4s --------------------
[2026-04-16 20:32:38] INFO     继电器 ON (开始充电)
[2026-04-16 20:32:38] INFO     继电器执行 -> ON
[2026-04-16 20:32:40] INFO     捕获目标指令: voice_msgnum:9
[2026-04-16 20:32:40] INFO     状态维稳，保持闭合 25.0s
[2026-04-16 20:33:05] INFO     继电器 OFF (切断充电)
[2026-04-16 20:33:05] INFO     继电器执行 -> OFF
[2026-04-16 20:33:05] INFO     物理断电静置 25.0s
[2026-04-16 20:33:30] INFO     【结论】 [PASS] 成功关键字: voice_msgnum:9
[2026-04-16 20:33:30] INFO     统计 -> 成功: 40 | 失败: 3 | 异常: 0 | 成功率: 93.0%
[2026-04-16 20:33:30] INFO     
-------------------- 第 44 轮 | 最大监听: 25.7s --------------------
[2026-04-16 20:33:30] INFO     继电器 ON (开始充电)
[2026-04-16 20:33:30] INFO     继电器执行 -> ON
[2026-04-16 20:33:37] INFO     捕获目标指令: voice_msgnum:9
[2026-04-16 20:33:37] INFO     状态维稳，保持闭合 25.0s
[2026-04-16 20:34:02] INFO     继电器 OFF (切断充电)
[2026-04-16 20:34:02] INFO     继电器执行 -> OFF
[2026-04-16 20:34:02] INFO     物理断电静置 25.0s
[2026-04-16 20:34:27] INFO     【结论】 [PASS] 成功关键字: voice_msgnum:9
[2026-04-16 20:34:27] INFO     统计 -> 成功: 41 | 失败: 3 | 异常: 0 | 成功率: 93.2%
[2026-04-16 20:34:27] INFO     
-------------------- 第 45 轮 | 最大监听: 28.4s --------------------
[2026-04-16 20:34:27] INFO     继电器 ON (开始充电)
[2026-04-16 20:34:27] INFO     继电器执行 -> ON
[2026-04-16 20:34:44] INFO     捕获目标指令: voice_msgnum:9
[2026-04-16 20:34:44] INFO     状态维稳，保持闭合 25.0s
[2026-04-16 20:35:09] INFO     继电器 OFF (切断充电)
[2026-04-16 20:35:09] INFO     继电器执行 -> OFF
[2026-04-16 20:35:09] INFO     物理断电静置 25.0s
[2026-04-16 20:35:34] INFO     【结论】 [PASS] 成功关键字: voice_msgnum:9
[2026-04-16 20:35:34] INFO     统计 -> 成功: 42 | 失败: 3 | 异常: 0 | 成功率: 93.3%
[2026-04-16 20:35:34] INFO     
-------------------- 第 46 轮 | 最大监听: 28.2s --------------------
[2026-04-16 20:35:34] INFO     继电器 ON (开始充电)
[2026-04-16 20:35:34] INFO     继电器执行 -> ON
[2026-04-16 20:36:02] INFO     继电器 OFF (切断充电)
[2026-04-16 20:36:02] INFO     继电器执行 -> OFF
[2026-04-16 20:36:02] INFO     物理断电静置 25.0s
[2026-04-16 20:36:27] WARNING  【结论】 [FAIL] 超时未检测到成功关键字
[2026-04-16 20:36:27] INFO     统计 -> 成功: 42 | 失败: 4 | 异常: 0 | 成功率: 91.3%
[2026-04-16 20:36:27] INFO     
-------------------- 第 47 轮 | 最大监听: 27.4s --------------------
[2026-04-16 20:36:27] INFO     继电器 ON (开始充电)
[2026-04-16 20:36:27] INFO     继电器执行 -> ON
[2026-04-16 20:36:55] INFO     继电器 OFF (切断充电)
[2026-04-16 20:36:55] INFO     继电器执行 -> OFF
[2026-04-16 20:36:55] INFO     物理断电静置 25.0s
[2026-04-16 20:37:20] WARNING  【结论】 [FAIL] 超时未检测到成功关键字
[2026-04-16 20:37:20] INFO     统计 -> 成功: 42 | 失败: 5 | 异常: 0 | 成功率: 89.4%
[2026-04-16 20:37:20] INFO     
-------------------- 第 48 轮 | 最大监听: 28.1s --------------------
[2026-04-16 20:37:20] INFO     继电器 ON (开始充电)
[2026-04-16 20:37:20] INFO     继电器执行 -> ON
[2026-04-16 20:37:48] INFO     继电器 OFF (切断充电)
[2026-04-16 20:37:48] INFO     继电器执行 -> OFF
[2026-04-16 20:37:48] INFO     物理断电静置 25.0s
[2026-04-16 20:38:13] WARNING  【结论】 [FAIL] 超时未检测到成功关键字
[2026-04-16 20:38:13] INFO     统计 -> 成功: 42 | 失败: 6 | 异常: 0 | 成功率: 87.5%
[2026-04-16 20:38:13] INFO     
-------------------- 第 49 轮 | 最大监听: 26.5s --------------------
[2026-04-16 20:38:13] INFO     继电器 ON (开始充电)
[2026-04-16 20:38:13] INFO     继电器执行 -> ON
[2026-04-16 20:38:39] INFO     继电器 OFF (切断充电)
[2026-04-16 20:38:39] INFO     继电器执行 -> OFF
[2026-04-16 20:38:39] INFO     物理断电静置 25.0s
[2026-04-16 20:39:04] WARNING  【结论】 [FAIL] 超时未检测到成功关键字
[2026-04-16 20:39:04] INFO     统计 -> 成功: 42 | 失败: 7 | 异常: 0 | 成功率: 85.7%
[2026-04-16 20:39:04] INFO     
-------------------- 第 50 轮 | 最大监听: 25.5s --------------------
[2026-04-16 20:39:04] INFO     继电器 ON (开始充电)
[2026-04-16 20:39:05] INFO     继电器执行 -> ON
[2026-04-16 20:39:30] INFO     继电器 OFF (切断充电)
[2026-04-16 20:39:30] INFO     继电器执行 -> OFF
[2026-04-16 20:39:30] INFO     物理断电静置 25.0s
[2026-04-16 20:39:55] WARNING  【结论】 [FAIL] 超时未检测到成功关键字
[2026-04-16 20:39:55] INFO     统计 -> 成功: 42 | 失败: 8 | 异常: 0 | 成功率: 84.0%
[2026-04-16 20:39:55] INFO     
-------------------- 第 51 轮 | 最大监听: 25.2s --------------------
[2026-04-16 20:39:55] INFO     继电器 ON (开始充电)
[2026-04-16 20:39:55] INFO     继电器执行 -> ON
[2026-04-16 20:40:20] INFO     继电器 OFF (切断充电)
[2026-04-16 20:40:20] INFO     继电器执行 -> OFF
[2026-04-16 20:40:20] INFO     物理断电静置 25.0s
[2026-04-16 20:40:45] WARNING  【结论】 [FAIL] 超时未检测到成功关键字
[2026-04-16 20:40:45] INFO     统计 -> 成功: 42 | 失败: 9 | 异常: 0 | 成功率: 82.4%
[2026-04-16 20:40:45] INFO     
-------------------- 第 52 轮 | 最大监听: 25.8s --------------------
[2026-04-16 20:40:45] INFO     继电器 ON (开始充电)
[2026-04-16 20:40:45] INFO     继电器执行 -> ON
[2026-04-16 20:41:11] INFO     继电器 OFF (切断充电)
[2026-04-16 20:41:11] INFO     继电器执行 -> OFF
[2026-04-16 20:41:11] INFO     物理断电静置 25.0s
[2026-04-16 20:41:36] WARNING  【结论】 [FAIL] 超时未检测到成功关键字
[2026-04-16 20:41:36] INFO     统计 -> 成功: 42 | 失败: 10 | 异常: 0 | 成功率: 80.8%
[2026-04-16 20:41:36] INFO     
-------------------- 第 53 轮 | 最大监听: 30.0s --------------------
[2026-04-16 20:41:36] INFO     继电器 ON (开始充电)
[2026-04-16 20:41:36] INFO     继电器执行 -> ON
[2026-04-16 20:42:06] INFO     继电器 OFF (切断充电)
[2026-04-16 20:42:06] INFO     继电器执行 -> OFF
[2026-04-16 20:42:06] INFO     物理断电静置 25.0s
[2026-04-16 20:42:31] WARNING  【结论】 [FAIL] 超时未检测到成功关键字
[2026-04-16 20:42:31] INFO     统计 -> 成功: 42 | 失败: 11 | 异常: 0 | 成功率: 79.2%
[2026-04-16 20:42:31] INFO     
-------------------- 第 54 轮 | 最大监听: 29.1s --------------------
[2026-04-16 20:42:31] INFO     继电器 ON (开始充电)
[2026-04-16 20:42:31] INFO     继电器执行 -> ON
[2026-04-16 20:42:58] INFO     捕获目标指令: voice_msgnum:9
[2026-04-16 20:42:58] INFO     状态维稳，保持闭合 25.0s
[2026-04-16 20:43:23] INFO     继电器 OFF (切断充电)
[2026-04-16 20:43:23] INFO     继电器执行 -> OFF
[2026-04-16 20:43:23] INFO     物理断电静置 25.0s
[2026-04-16 20:43:48] INFO     【结论】 [PASS] 成功关键字: voice_msgnum:9
[2026-04-16 20:43:48] INFO     统计 -> 成功: 43 | 失败: 11 | 异常: 0 | 成功率: 79.6%
[2026-04-16 20:43:48] INFO     
-------------------- 第 55 轮 | 最大监听: 28.7s --------------------
[2026-04-16 20:43:48] INFO     继电器 ON (开始充电)
[2026-04-16 20:43:48] INFO     继电器执行 -> ON
[2026-04-16 20:44:16] INFO     继电器 OFF (切断充电)
[2026-04-16 20:44:16] INFO     继电器执行 -> OFF
[2026-04-16 20:44:16] INFO     物理断电静置 25.0s
[2026-04-16 20:44:41] WARNING  【结论】 [FAIL] 超时未检测到成功关键字
[2026-04-16 20:44:41] INFO     统计 -> 成功: 43 | 失败: 12 | 异常: 0 | 成功率: 78.2%
[2026-04-16 20:44:41] INFO     
-------------------- 第 56 轮 | 最大监听: 27.4s --------------------
[2026-04-16 20:44:41] INFO     继电器 ON (开始充电)
[2026-04-16 20:44:41] INFO     继电器执行 -> ON
[2026-04-16 20:45:09] INFO     继电器 OFF (切断充电)
[2026-04-16 20:45:09] INFO     继电器执行 -> OFF
[2026-04-16 20:45:09] INFO     物理断电静置 25.0s
[2026-04-16 20:45:34] WARNING  【结论】 [FAIL] 超时未检测到成功关键字
[2026-04-16 20:45:34] INFO     统计 -> 成功: 43 | 失败: 13 | 异常: 0 | 成功率: 76.8%
[2026-04-16 20:45:34] INFO     
-------------------- 第 57 轮 | 最大监听: 25.6s --------------------
[2026-04-16 20:45:34] INFO     继电器 ON (开始充电)
[2026-04-16 20:45:34] INFO     继电器执行 -> ON
[2026-04-16 20:46:00] INFO     继电器 OFF (切断充电)
[2026-04-16 20:46:00] INFO     继电器执行 -> OFF
[2026-04-16 20:46:00] INFO     物理断电静置 25.0s
[2026-04-16 20:46:25] WARNING  【结论】 [FAIL] 超时未检测到成功关键字
[2026-04-16 20:46:25] INFO     统计 -> 成功: 43 | 失败: 14 | 异常: 0 | 成功率: 75.4%
[2026-04-16 20:46:25] INFO     
-------------------- 第 58 轮 | 最大监听: 25.0s --------------------
[2026-04-16 20:46:25] INFO     继电器 ON (开始充电)
[2026-04-16 20:46:25] INFO     继电器执行 -> ON
[2026-04-16 20:46:50] INFO     继电器 OFF (切断充电)
[2026-04-16 20:46:50] INFO     继电器执行 -> OFF
[2026-04-16 20:46:50] INFO     物理断电静置 25.0s
[2026-04-16 20:47:15] WARNING  【结论】 [FAIL] 超时未检测到成功关键字
[2026-04-16 20:47:15] INFO     统计 -> 成功: 43 | 失败: 15 | 异常: 0 | 成功率: 74.1%
[2026-04-16 20:47:15] INFO     
-------------------- 第 59 轮 | 最大监听: 29.6s --------------------
[2026-04-16 20:47:15] INFO     继电器 ON (开始充电)
[2026-04-16 20:47:15] INFO     继电器执行 -> ON
[2026-04-16 20:47:44] INFO     继电器 OFF (切断充电)
[2026-04-16 20:47:44] INFO     继电器执行 -> OFF
[2026-04-16 20:47:44] INFO     物理断电静置 25.0s
[2026-04-16 20:48:09] WARNING  【结论】 [FAIL] 超时未检测到成功关键字
[2026-04-16 20:48:09] INFO     统计 -> 成功: 43 | 失败: 16 | 异常: 0 | 成功率: 72.9%
[2026-04-16 20:48:09] INFO     
-------------------- 第 60 轮 | 最大监听: 29.4s --------------------
[2026-04-16 20:48:09] INFO     继电器 ON (开始充电)
[2026-04-16 20:48:10] INFO     继电器执行 -> ON
[2026-04-16 20:48:39] INFO     继电器 OFF (切断充电)
[2026-04-16 20:48:39] INFO     继电器执行 -> OFF
[2026-04-16 20:48:39] INFO     物理断电静置 25.0s
[2026-04-16 20:49:04] WARNING  【结论】 [FAIL] 超时未检测到成功关键字
[2026-04-16 20:49:04] INFO     统计 -> 成功: 43 | 失败: 17 | 异常: 0 | 成功率: 71.7%
[2026-04-16 20:49:04] INFO     
-------------------- 第 61 轮 | 最大监听: 28.5s --------------------
[2026-04-16 20:49:04] INFO     继电器 ON (开始充电)
[2026-04-16 20:49:04] INFO     继电器执行 -> ON
[2026-04-16 20:49:33] INFO     继电器 OFF (切断充电)
[2026-04-16 20:49:33] INFO     继电器执行 -> OFF
[2026-04-16 20:49:33] INFO     物理断电静置 25.0s
[2026-04-16 20:49:58] WARNING  【结论】 [FAIL] 超时未检测到成功关键字
[2026-04-16 20:49:58] INFO     统计 -> 成功: 43 | 失败: 18 | 异常: 0 | 成功率: 70.5%
[2026-04-16 20:49:58] INFO     
-------------------- 第 62 轮 | 最大监听: 28.0s --------------------
[2026-04-16 20:49:58] INFO     继电器 ON (开始充电)
[2026-04-16 20:49:58] INFO     继电器执行 -> ON
[2026-04-16 20:50:18] INFO     捕获目标指令: voice_msgnum:9
[2026-04-16 20:50:18] INFO     状态维稳，保持闭合 25.0s
[2026-04-16 20:50:43] INFO     继电器 OFF (切断充电)
[2026-04-16 20:50:43] INFO     继电器执行 -> OFF
[2026-04-16 20:50:43] INFO     物理断电静置 25.0s
[2026-04-16 20:51:08] INFO     【结论】 [PASS] 成功关键字: voice_msgnum:9
[2026-04-16 20:51:08] INFO     统计 -> 成功: 44 | 失败: 18 | 异常: 0 | 成功率: 71.0%
[2026-04-16 20:51:08] INFO     
-------------------- 第 63 轮 | 最大监听: 27.4s --------------------
[2026-04-16 20:51:08] INFO     继电器 ON (开始充电)
[2026-04-16 20:51:08] INFO     继电器执行 -> ON
[2026-04-16 20:51:35] INFO     继电器 OFF (切断充电)
[2026-04-16 20:51:35] INFO     继电器执行 -> OFF
[2026-04-16 20:51:35] INFO     物理断电静置 25.0s
[2026-04-16 20:52:00] WARNING  【结论】 [FAIL] 超时未检测到成功关键字
[2026-04-16 20:52:00] INFO     统计 -> 成功: 44 | 失败: 19 | 异常: 0 | 成功率: 69.8%
[2026-04-16 20:52:00] INFO     
-------------------- 第 64 轮 | 最大监听: 25.7s --------------------
[2026-04-16 20:52:00] INFO     继电器 ON (开始充电)
[2026-04-16 20:52:00] INFO     继电器执行 -> ON
[2026-04-16 20:52:26] INFO     继电器 OFF (切断充电)
[2026-04-16 20:52:26] INFO     继电器执行 -> OFF
[2026-04-16 20:52:26] INFO     物理断电静置 25.0s
[2026-04-16 20:52:51] WARNING  【结论】 [FAIL] 超时未检测到成功关键字
[2026-04-16 20:52:51] INFO     统计 -> 成功: 44 | 失败: 20 | 异常: 0 | 成功率: 68.8%
[2026-04-16 20:52:51] INFO     
-------------------- 第 65 轮 | 最大监听: 25.4s --------------------
[2026-04-16 20:52:51] INFO     继电器 ON (开始充电)
[2026-04-16 20:52:51] INFO     继电器执行 -> ON
[2026-04-16 20:52:53] INFO     捕获目标指令: voice_msgnum:9
[2026-04-16 20:52:53] INFO     状态维稳，保持闭合 25.0s
[2026-04-16 20:53:18] INFO     继电器 OFF (切断充电)
[2026-04-16 20:53:18] INFO     继电器执行 -> OFF
[2026-04-16 20:53:18] INFO     物理断电静置 25.0s
[2026-04-16 20:53:43] INFO     【结论】 [PASS] 成功关键字: voice_msgnum:9
[2026-04-16 20:53:43] INFO     统计 -> 成功: 45 | 失败: 20 | 异常: 0 | 成功率: 69.2%
[2026-04-16 20:53:43] INFO     
-------------------- 第 66 轮 | 最大监听: 26.3s --------------------
[2026-04-16 20:53:43] INFO     继电器 ON (开始充电)
[2026-04-16 20:53:43] INFO     继电器执行 -> ON
[2026-04-16 20:53:45] INFO     捕获目标指令: voice_msgnum:9
[2026-04-16 20:53:45] INFO     状态维稳，保持闭合 25.0s
[2026-04-16 20:54:10] INFO     继电器 OFF (切断充电)
[2026-04-16 20:54:10] INFO     继电器执行 -> OFF
[2026-04-16 20:54:10] INFO     物理断电静置 25.0s
[2026-04-16 20:54:35] INFO     【结论】 [PASS] 成功关键字: voice_msgnum:9
[2026-04-16 20:54:35] INFO     统计 -> 成功: 46 | 失败: 20 | 异常: 0 | 成功率: 69.7%
[2026-04-16 20:54:35] INFO     
-------------------- 第 67 轮 | 最大监听: 27.1s --------------------
[2026-04-16 20:54:35] INFO     继电器 ON (开始充电)
[2026-04-16 20:54:35] INFO     继电器执行 -> ON
[2026-04-16 20:54:36] INFO     捕获目标指令: voice_msgnum:9
[2026-04-16 20:54:36] INFO     状态维稳，保持闭合 25.0s
[2026-04-16 20:55:01] INFO     继电器 OFF (切断充电)
[2026-04-16 20:55:01] INFO     继电器执行 -> OFF
[2026-04-16 20:55:01] INFO     物理断电静置 25.0s
[2026-04-16 20:55:26] INFO     【结论】 [PASS] 成功关键字: voice_msgnum:9
[2026-04-16 20:55:26] INFO     统计 -> 成功: 47 | 失败: 20 | 异常: 0 | 成功率: 70.1%
[2026-04-16 20:55:26] INFO     
-------------------- 第 68 轮 | 最大监听: 26.6s --------------------
[2026-04-16 20:55:26] INFO     继电器 ON (开始充电)
[2026-04-16 20:55:26] INFO     继电器执行 -> ON
[2026-04-16 20:55:53] INFO     继电器 OFF (切断充电)
[2026-04-16 20:55:53] INFO     继电器执行 -> OFF
[2026-04-16 20:55:53] INFO     物理断电静置 25.0s
[2026-04-16 20:56:18] WARNING  【结论】 [FAIL] 超时未检测到成功关键字
[2026-04-16 20:56:18] INFO     统计 -> 成功: 47 | 失败: 21 | 异常: 0 | 成功率: 69.1%
[2026-04-16 20:56:18] INFO     
-------------------- 第 69 轮 | 最大监听: 28.3s --------------------
[2026-04-16 20:56:18] INFO     继电器 ON (开始充电)
[2026-04-16 20:56:18] INFO     继电器执行 -> ON
[2026-04-16 20:56:46] INFO     继电器 OFF (切断充电)
[2026-04-16 20:56:46] INFO     继电器执行 -> OFF
[2026-04-16 20:56:46] INFO     物理断电静置 25.0s
[2026-04-16 20:57:11] WARNING  【结论】 [FAIL] 超时未检测到成功关键字
[2026-04-16 20:57:11] INFO     统计 -> 成功: 47 | 失败: 22 | 异常: 0 | 成功率: 68.1%
[2026-04-16 20:57:11] INFO     
-------------------- 第 70 轮 | 最大监听: 26.8s --------------------
[2026-04-16 20:57:11] INFO     继电器 ON (开始充电)
[2026-04-16 20:57:11] INFO     继电器执行 -> ON
[2026-04-16 20:57:38] INFO     继电器 OFF (切断充电)
[2026-04-16 20:57:38] INFO     继电器执行 -> OFF
[2026-04-16 20:57:38] INFO     物理断电静置 25.0s
[2026-04-16 20:58:03] WARNING  【结论】 [FAIL] 超时未检测到成功关键字
[2026-04-16 20:58:03] INFO     统计 -> 成功: 47 | 失败: 23 | 异常: 0 | 成功率: 67.1%
[2026-04-16 20:58:03] INFO     
-------------------- 第 71 轮 | 最大监听: 26.4s --------------------
[2026-04-16 20:58:03] INFO     继电器 ON (开始充电)
[2026-04-16 20:58:03] INFO     继电器执行 -> ON
[2026-04-16 20:58:27] INFO     捕获目标指令: voice_msgnum:9
[2026-04-16 20:58:27] INFO     状态维稳，保持闭合 25.0s
[2026-04-16 20:58:52] INFO     继电器 OFF (切断充电)
[2026-04-16 20:58:52] INFO     继电器执行 -> OFF
[2026-04-16 20:58:52] INFO     物理断电静置 25.0s
[2026-04-16 20:59:17] INFO     【结论】 [PASS] 成功关键字: voice_msgnum:9
[2026-04-16 20:59:17] INFO     统计 -> 成功: 48 | 失败: 23 | 异常: 0 | 成功率: 67.6%
[2026-04-16 20:59:17] INFO     
-------------------- 第 72 轮 | 最大监听: 26.2s --------------------
[2026-04-16 20:59:17] INFO     继电器 ON (开始充电)
[2026-04-16 20:59:17] INFO     继电器执行 -> ON
[2026-04-16 20:59:43] INFO     继电器 OFF (切断充电)
[2026-04-16 20:59:43] INFO     继电器执行 -> OFF
[2026-04-16 20:59:43] INFO     物理断电静置 25.0s
[2026-04-16 21:00:08] WARNING  【结论】 [FAIL] 超时未检测到成功关键字
[2026-04-16 21:00:08] INFO     统计 -> 成功: 48 | 失败: 24 | 异常: 0 | 成功率: 66.7%
[2026-04-16 21:00:08] INFO     
-------------------- 第 73 轮 | 最大监听: 25.0s --------------------
[2026-04-16 21:00:08] INFO     继电器 ON (开始充电)
[2026-04-16 21:00:08] INFO     继电器执行 -> ON
[2026-04-16 21:00:33] INFO     继电器 OFF (切断充电)
[2026-04-16 21:00:33] INFO     继电器执行 -> OFF
[2026-04-16 21:00:33] INFO     物理断电静置 25.0s
[2026-04-16 21:00:58] WARNING  【结论】 [FAIL] 超时未检测到成功关键字
[2026-04-16 21:00:58] INFO     统计 -> 成功: 48 | 失败: 25 | 异常: 0 | 成功率: 65.8%
[2026-04-16 21:00:58] INFO     
-------------------- 第 74 轮 | 最大监听: 29.6s --------------------
[2026-04-16 21:00:58] INFO     继电器 ON (开始充电)
[2026-04-16 21:00:58] INFO     继电器执行 -> ON
[2026-04-16 21:01:21] INFO     捕获目标指令: voice_msgnum:9
[2026-04-16 21:01:21] INFO     状态维稳，保持闭合 25.0s
[2026-04-16 21:01:46] INFO     继电器 OFF (切断充电)
[2026-04-16 21:01:46] INFO     继电器执行 -> OFF
[2026-04-16 21:01:46] INFO     物理断电静置 25.0s
[2026-04-16 21:02:11] INFO     【结论】 [PASS] 成功关键字: voice_msgnum:9
[2026-04-16 21:02:11] INFO     统计 -> 成功: 49 | 失败: 25 | 异常: 0 | 成功率: 66.2%
[2026-04-16 21:02:11] INFO     
-------------------- 第 75 轮 | 最大监听: 28.9s --------------------
[2026-04-16 21:02:11] INFO     继电器 ON (开始充电)
[2026-04-16 21:02:11] INFO     继电器执行 -> ON
[2026-04-16 21:02:40] INFO     继电器 OFF (切断充电)
[2026-04-16 21:02:40] INFO     继电器执行 -> OFF
[2026-04-16 21:02:40] INFO     物理断电静置 25.0s
[2026-04-16 21:03:05] WARNING  【结论】 [FAIL] 超时未检测到成功关键字
[2026-04-16 21:03:05] INFO     统计 -> 成功: 49 | 失败: 26 | 异常: 0 | 成功率: 65.3%
[2026-04-16 21:03:05] INFO     
-------------------- 第 76 轮 | 最大监听: 25.1s --------------------
[2026-04-16 21:03:05] INFO     继电器 ON (开始充电)
[2026-04-16 21:03:05] INFO     继电器执行 -> ON
[2026-04-16 21:03:30] INFO     继电器 OFF (切断充电)
[2026-04-16 21:03:30] INFO     继电器执行 -> OFF
[2026-04-16 21:03:30] INFO     物理断电静置 25.0s
[2026-04-16 21:03:55] WARNING  【结论】 [FAIL] 超时未检测到成功关键字
[2026-04-16 21:03:55] INFO     统计 -> 成功: 49 | 失败: 27 | 异常: 0 | 成功率: 64.5%
[2026-04-16 21:03:55] INFO     
-------------------- 第 77 轮 | 最大监听: 29.7s --------------------
[2026-04-16 21:03:55] INFO     继电器 ON (开始充电)
[2026-04-16 21:03:55] INFO     继电器执行 -> ON
[2026-04-16 21:04:25] INFO     继电器 OFF (切断充电)
[2026-04-16 21:04:25] INFO     继电器执行 -> OFF
[2026-04-16 21:04:25] INFO     物理断电静置 25.0s
[2026-04-16 21:04:50] WARNING  【结论】 [FAIL] 超时未检测到成功关键字
[2026-04-16 21:04:50] INFO     统计 -> 成功: 49 | 失败: 28 | 异常: 0 | 成功率: 63.6%
[2026-04-16 21:04:50] INFO     
-------------------- 第 78 轮 | 最大监听: 25.0s --------------------
[2026-04-16 21:04:50] INFO     继电器 ON (开始充电)
[2026-04-16 21:04:50] INFO     继电器执行 -> ON
[2026-04-16 21:05:15] INFO     继电器 OFF (切断充电)
[2026-04-16 21:05:15] INFO     继电器执行 -> OFF
[2026-04-16 21:05:15] INFO     物理断电静置 25.0s
[2026-04-16 21:05:40] WARNING  【结论】 [FAIL] 超时未检测到成功关键字
[2026-04-16 21:05:40] INFO     统计 -> 成功: 49 | 失败: 29 | 异常: 0 | 成功率: 62.8%
[2026-04-16 21:05:40] INFO     
-------------------- 第 79 轮 | 最大监听: 26.6s --------------------
[2026-04-16 21:05:40] INFO     继电器 ON (开始充电)
[2026-04-16 21:05:40] INFO     继电器执行 -> ON
[2026-04-16 21:06:07] INFO     继电器 OFF (切断充电)
[2026-04-16 21:06:07] INFO     继电器执行 -> OFF
[2026-04-16 21:06:07] INFO     物理断电静置 25.0s
[2026-04-16 21:06:32] WARNING  【结论】 [FAIL] 超时未检测到成功关键字
[2026-04-16 21:06:32] INFO     统计 -> 成功: 49 | 失败: 30 | 异常: 0 | 成功率: 62.0%
[2026-04-16 21:06:32] INFO     
-------------------- 第 80 轮 | 最大监听: 25.7s --------------------
[2026-04-16 21:06:32] INFO     继电器 ON (开始充电)
[2026-04-16 21:06:32] INFO     继电器执行 -> ON
[2026-04-16 21:06:58] INFO     继电器 OFF (切断充电)
[2026-04-16 21:06:58] INFO     继电器执行 -> OFF
[2026-04-16 21:06:58] INFO     物理断电静置 25.0s
[2026-04-16 21:07:23] WARNING  【结论】 [FAIL] 超时未检测到成功关键字
[2026-04-16 21:07:23] INFO     统计 -> 成功: 49 | 失败: 31 | 异常: 0 | 成功率: 61.3%
[2026-04-16 21:07:23] INFO     
-------------------- 第 81 轮 | 最大监听: 27.0s --------------------
[2026-04-16 21:07:23] INFO     继电器 ON (开始充电)
[2026-04-16 21:07:23] INFO     继电器执行 -> ON
[2026-04-16 21:07:50] INFO     继电器 OFF (切断充电)
[2026-04-16 21:07:50] INFO     继电器执行 -> OFF
[2026-04-16 21:07:50] INFO     物理断电静置 25.0s
[2026-04-16 21:08:15] WARNING  【结论】 [FAIL] 超时未检测到成功关键字
[2026-04-16 21:08:15] INFO     统计 -> 成功: 49 | 失败: 32 | 异常: 0 | 成功率: 60.5%
[2026-04-16 21:08:15] INFO     
-------------------- 第 82 轮 | 最大监听: 26.6s --------------------
[2026-04-16 21:08:15] INFO     继电器 ON (开始充电)
[2026-04-16 21:08:15] INFO     继电器执行 -> ON
[2026-04-16 21:08:42] INFO     继电器 OFF (切断充电)
[2026-04-16 21:08:42] INFO     继电器执行 -> OFF
[2026-04-16 21:08:42] INFO     物理断电静置 25.0s
[2026-04-16 21:09:07] WARNING  【结论】 [FAIL] 超时未检测到成功关键字
[2026-04-16 21:09:07] INFO     统计 -> 成功: 49 | 失败: 33 | 异常: 0 | 成功率: 59.8%
[2026-04-16 21:09:07] INFO     
-------------------- 第 83 轮 | 最大监听: 28.2s --------------------
[2026-04-16 21:09:07] INFO     继电器 ON (开始充电)
[2026-04-16 21:09:07] INFO     继电器执行 -> ON
[2026-04-16 21:09:35] INFO     继电器 OFF (切断充电)
[2026-04-16 21:09:35] INFO     继电器执行 -> OFF
[2026-04-16 21:09:35] INFO     物理断电静置 25.0s
[2026-04-16 21:10:00] WARNING  【结论】 [FAIL] 超时未检测到成功关键字
[2026-04-16 21:10:00] INFO     统计 -> 成功: 49 | 失败: 34 | 异常: 0 | 成功率: 59.0%
[2026-04-16 21:10:00] INFO     
-------------------- 第 84 轮 | 最大监听: 28.9s --------------------
[2026-04-16 21:10:00] INFO     继电器 ON (开始充电)
[2026-04-16 21:10:00] INFO     继电器执行 -> ON
[2026-04-16 21:10:29] INFO     继电器 OFF (切断充电)
[2026-04-16 21:10:29] INFO     继电器执行 -> OFF
[2026-04-16 21:10:29] INFO     物理断电静置 25.0s
[2026-04-16 21:10:54] WARNING  【结论】 [FAIL] 超时未检测到成功关键字
[2026-04-16 21:10:54] INFO     统计 -> 成功: 49 | 失败: 35 | 异常: 0 | 成功率: 58.3%
[2026-04-16 21:10:54] INFO     
-------------------- 第 85 轮 | 最大监听: 27.2s --------------------
[2026-04-16 21:10:54] INFO     继电器 ON (开始充电)
[2026-04-16 21:10:54] INFO     继电器执行 -> ON
[2026-04-16 21:11:21] INFO     继电器 OFF (切断充电)
[2026-04-16 21:11:21] INFO     继电器执行 -> OFF
[2026-04-16 21:11:21] INFO     物理断电静置 25.0s
[2026-04-16 21:11:46] WARNING  【结论】 [FAIL] 超时未检测到成功关键字
[2026-04-16 21:11:46] INFO     统计 -> 成功: 49 | 失败: 36 | 异常: 0 | 成功率: 57.6%
[2026-04-16 21:11:46] INFO     
-------------------- 第 86 轮 | 最大监听: 26.2s --------------------
[2026-04-16 21:11:46] INFO     继电器 ON (开始充电)
[2026-04-16 21:11:46] INFO     继电器执行 -> ON
[2026-04-16 21:12:13] INFO     继电器 OFF (切断充电)
[2026-04-16 21:12:13] INFO     继电器执行 -> OFF
[2026-04-16 21:12:13] INFO     物理断电静置 25.0s
[2026-04-16 21:12:38] WARNING  【结论】 [FAIL] 超时未检测到成功关键字
[2026-04-16 21:12:38] INFO     统计 -> 成功: 49 | 失败: 37 | 异常: 0 | 成功率: 57.0%
[2026-04-16 21:12:38] INFO     
-------------------- 第 87 轮 | 最大监听: 25.2s --------------------
[2026-04-16 21:12:38] INFO     继电器 ON (开始充电)
[2026-04-16 21:12:38] INFO     继电器执行 -> ON
[2026-04-16 21:13:03] INFO     继电器 OFF (切断充电)
[2026-04-16 21:13:03] INFO     继电器执行 -> OFF
[2026-04-16 21:13:03] INFO     物理断电静置 25.0s
[2026-04-16 21:13:28] WARNING  【结论】 [FAIL] 超时未检测到成功关键字
[2026-04-16 21:13:28] INFO     统计 -> 成功: 49 | 失败: 38 | 异常: 0 | 成功率: 56.3%
[2026-04-16 21:13:28] INFO     
-------------------- 第 88 轮 | 最大监听: 28.2s --------------------
[2026-04-16 21:13:28] INFO     继电器 ON (开始充电)
[2026-04-16 21:13:28] INFO     继电器执行 -> ON
[2026-04-16 21:13:56] INFO     继电器 OFF (切断充电)
[2026-04-16 21:13:56] INFO     继电器执行 -> OFF
[2026-04-16 21:13:56] INFO     物理断电静置 25.0s
[2026-04-16 21:14:21] WARNING  【结论】 [FAIL] 超时未检测到成功关键字
[2026-04-16 21:14:21] INFO     统计 -> 成功: 49 | 失败: 39 | 异常: 0 | 成功率: 55.7%
[2026-04-16 21:14:21] INFO     
-------------------- 第 89 轮 | 最大监听: 28.6s --------------------
[2026-04-16 21:14:21] INFO     继电器 ON (开始充电)
[2026-04-16 21:14:21] INFO     继电器执行 -> ON
[2026-04-16 21:14:50] INFO     继电器 OFF (切断充电)
[2026-04-16 21:14:50] INFO     继电器执行 -> OFF
[2026-04-16 21:14:50] INFO     物理断电静置 25.0s
[2026-04-16 21:15:15] WARNING  【结论】 [FAIL] 超时未检测到成功关键字
[2026-04-16 21:15:15] INFO     统计 -> 成功: 49 | 失败: 40 | 异常: 0 | 成功率: 55.1%
[2026-04-16 21:15:15] INFO     
-------------------- 第 90 轮 | 最大监听: 27.1s --------------------
[2026-04-16 21:15:15] INFO     继电器 ON (开始充电)
[2026-04-16 21:15:15] INFO     继电器执行 -> ON
[2026-04-16 21:15:42] INFO     继电器 OFF (切断充电)
[2026-04-16 21:15:42] INFO     继电器执行 -> OFF
[2026-04-16 21:15:42] INFO     物理断电静置 25.0s
[2026-04-16 21:16:07] WARNING  【结论】 [FAIL] 超时未检测到成功关键字
[2026-04-16 21:16:07] INFO     统计 -> 成功: 49 | 失败: 41 | 异常: 0 | 成功率: 54.4%
[2026-04-16 21:16:07] INFO     
-------------------- 第 91 轮 | 最大监听: 28.4s --------------------
[2026-04-16 21:16:07] INFO     继电器 ON (开始充电)
[2026-04-16 21:16:07] INFO     继电器执行 -> ON
[2026-04-16 21:16:36] INFO     继电器 OFF (切断充电)
[2026-04-16 21:16:36] INFO     继电器执行 -> OFF
[2026-04-16 21:16:36] INFO     物理断电静置 25.0s
[2026-04-16 21:17:01] WARNING  【结论】 [FAIL] 超时未检测到成功关键字
[2026-04-16 21:17:01] INFO     统计 -> 成功: 49 | 失败: 42 | 异常: 0 | 成功率: 53.8%
[2026-04-16 21:17:01] INFO     
-------------------- 第 92 轮 | 最大监听: 26.9s --------------------
[2026-04-16 21:17:01] INFO     继电器 ON (开始充电)
[2026-04-16 21:17:01] INFO     继电器执行 -> ON
[2026-04-16 21:17:24] INFO     捕获目标指令: voice_msgnum:9
[2026-04-16 21:17:24] INFO     状态维稳，保持闭合 25.0s
[2026-04-16 21:17:49] INFO     继电器 OFF (切断充电)
[2026-04-16 21:17:49] INFO     继电器执行 -> OFF
[2026-04-16 21:17:49] INFO     物理断电静置 25.0s
[2026-04-16 21:18:14] INFO     【结论】 [PASS] 成功关键字: voice_msgnum:9
[2026-04-16 21:18:14] INFO     统计 -> 成功: 50 | 失败: 42 | 异常: 0 | 成功率: 54.3%
[2026-04-16 21:18:14] INFO     
-------------------- 第 93 轮 | 最大监听: 28.3s --------------------
[2026-04-16 21:18:14] INFO     继电器 ON (开始充电)
[2026-04-16 21:18:14] INFO     继电器执行 -> ON
[2026-04-16 21:18:16] INFO     捕获目标指令: voice_msgnum:9
[2026-04-16 21:18:16] INFO     状态维稳，保持闭合 25.0s
[2026-04-16 21:18:41] INFO     继电器 OFF (切断充电)
[2026-04-16 21:18:41] INFO     继电器执行 -> OFF
[2026-04-16 21:18:41] INFO     物理断电静置 25.0s
[2026-04-16 21:19:06] INFO     【结论】 [PASS] 成功关键字: voice_msgnum:9
[2026-04-16 21:19:06] INFO     统计 -> 成功: 51 | 失败: 42 | 异常: 0 | 成功率: 54.8%
[2026-04-16 21:19:06] INFO     
-------------------- 第 94 轮 | 最大监听: 27.8s --------------------
[2026-04-16 21:19:06] INFO     继电器 ON (开始充电)
[2026-04-16 21:19:06] INFO     继电器执行 -> ON
[2026-04-16 21:19:34] INFO     继电器 OFF (切断充电)
[2026-04-16 21:19:34] INFO     继电器执行 -> OFF
[2026-04-16 21:19:34] INFO     物理断电静置 25.0s
[2026-04-16 21:19:59] WARNING  【结论】 [FAIL] 超时未检测到成功关键字
[2026-04-16 21:19:59] INFO     统计 -> 成功: 51 | 失败: 43 | 异常: 0 | 成功率: 54.3%
[2026-04-16 21:19:59] INFO     
-------------------- 第 95 轮 | 最大监听: 27.1s --------------------
[2026-04-16 21:19:59] INFO     继电器 ON (开始充电)
[2026-04-16 21:19:59] INFO     继电器执行 -> ON
[2026-04-16 21:20:26] INFO     继电器 OFF (切断充电)
[2026-04-16 21:20:26] INFO     继电器执行 -> OFF
[2026-04-16 21:20:26] INFO     物理断电静置 25.0s
[2026-04-16 21:20:51] WARNING  【结论】 [FAIL] 超时未检测到成功关键字
[2026-04-16 21:20:51] INFO     统计 -> 成功: 51 | 失败: 44 | 异常: 0 | 成功率: 53.7%
[2026-04-16 21:20:51] INFO     
-------------------- 第 96 轮 | 最大监听: 26.6s --------------------
[2026-04-16 21:20:51] INFO     继电器 ON (开始充电)
[2026-04-16 21:20:51] INFO     继电器执行 -> ON
[2026-04-16 21:21:17] INFO     继电器 OFF (切断充电)
[2026-04-16 21:21:17] INFO     继电器执行 -> OFF
[2026-04-16 21:21:17] INFO     物理断电静置 25.0s
[2026-04-16 21:21:42] WARNING  【结论】 [FAIL] 超时未检测到成功关键字
[2026-04-16 21:21:42] INFO     统计 -> 成功: 51 | 失败: 45 | 异常: 0 | 成功率: 53.1%
[2026-04-16 21:21:42] INFO     
-------------------- 第 97 轮 | 最大监听: 27.7s --------------------
[2026-04-16 21:21:42] INFO     继电器 ON (开始充电)
[2026-04-16 21:21:43] INFO     继电器执行 -> ON
[2026-04-16 21:22:10] INFO     继电器 OFF (切断充电)
[2026-04-16 21:22:10] INFO     继电器执行 -> OFF
[2026-04-16 21:22:10] INFO     物理断电静置 25.0s
[2026-04-16 21:22:35] WARNING  【结论】 [FAIL] 超时未检测到成功关键字
[2026-04-16 21:22:35] INFO     统计 -> 成功: 51 | 失败: 46 | 异常: 0 | 成功率: 52.6%
[2026-04-16 21:22:35] INFO     
-------------------- 第 98 轮 | 最大监听: 25.2s --------------------
[2026-04-16 21:22:35] INFO     继电器 ON (开始充电)
[2026-04-16 21:22:35] INFO     继电器执行 -> ON
[2026-04-16 21:23:01] INFO     继电器 OFF (切断充电)
[2026-04-16 21:23:01] INFO     继电器执行 -> OFF
[2026-04-16 21:23:01] INFO     物理断电静置 25.0s
[2026-04-16 21:23:26] WARNING  【结论】 [FAIL] 超时未检测到成功关键字
[2026-04-16 21:23:26] INFO     统计 -> 成功: 51 | 失败: 47 | 异常: 0 | 成功率: 52.0%
[2026-04-16 21:23:26] INFO     
-------------------- 第 99 轮 | 最大监听: 26.0s --------------------
[2026-04-16 21:23:26] INFO     继电器 ON (开始充电)
[2026-04-16 21:23:26] INFO     继电器执行 -> ON
[2026-04-16 21:23:52] INFO     继电器 OFF (切断充电)
[2026-04-16 21:23:52] INFO     继电器执行 -> OFF
[2026-04-16 21:23:52] INFO     物理断电静置 25.0s
[2026-04-16 21:24:17] WARNING  【结论】 [FAIL] 超时未检测到成功关键字
[2026-04-16 21:24:17] INFO     统计 -> 成功: 51 | 失败: 48 | 异常: 0 | 成功率: 51.5%
[2026-04-16 21:24:17] INFO     
-------------------- 第 100 轮 | 最大监听: 27.3s --------------------
[2026-04-16 21:24:17] INFO     继电器 ON (开始充电)
[2026-04-16 21:24:17] INFO     继电器执行 -> ON
[2026-04-16 21:24:44] INFO     继电器 OFF (切断充电)
[2026-04-16 21:24:44] INFO     继电器执行 -> OFF
[2026-04-16 21:24:44] INFO     物理断电静置 25.0s
[2026-04-16 21:25:09] WARNING  【结论】 [FAIL] 超时未检测到成功关键字
[2026-04-16 21:25:09] INFO     统计 -> 成功: 51 | 失败: 49 | 异常: 0 | 成功率: 51.0%
[2026-04-16 21:25:09] INFO     
-------------------- 第 101 轮 | 最大监听: 29.7s --------------------
[2026-04-16 21:25:09] INFO     继电器 ON (开始充电)
[2026-04-16 21:25:09] INFO     继电器执行 -> ON
[2026-04-16 21:25:39] INFO     继电器 OFF (切断充电)
[2026-04-16 21:25:39] INFO     继电器执行 -> OFF
[2026-04-16 21:25:39] INFO     物理断电静置 25.0s
[2026-04-16 21:26:04] WARNING  【结论】 [FAIL] 超时未检测到成功关键字
[2026-04-16 21:26:04] INFO     统计 -> 成功: 51 | 失败: 50 | 异常: 0 | 成功率: 50.5%
[2026-04-16 21:26:04] INFO     
-------------------- 第 102 轮 | 最大监听: 28.5s --------------------
[2026-04-16 21:26:04] INFO     继电器 ON (开始充电)
[2026-04-16 21:26:04] INFO     继电器执行 -> ON
[2026-04-16 21:26:32] INFO     继电器 OFF (切断充电)
[2026-04-16 21:26:33] INFO     继电器执行 -> OFF
[2026-04-16 21:26:33] INFO     物理断电静置 25.0s
[2026-04-16 21:26:58] WARNING  【结论】 [FAIL] 超时未检测到成功关键字
[2026-04-16 21:26:58] INFO     统计 -> 成功: 51 | 失败: 51 | 异常: 0 | 成功率: 50.0%
[2026-04-16 21:26:58] INFO     
-------------------- 第 103 轮 | 最大监听: 29.9s --------------------
[2026-04-16 21:26:58] INFO     继电器 ON (开始充电)
[2026-04-16 21:26:58] INFO     继电器执行 -> ON
[2026-04-16 21:27:14] INFO     捕获目标指令: voice_msgnum:9
[2026-04-16 21:27:14] INFO     状态维稳，保持闭合 25.0s
[2026-04-16 21:27:39] INFO     继电器 OFF (切断充电)
[2026-04-16 21:27:39] INFO     继电器执行 -> OFF
[2026-04-16 21:27:39] INFO     物理断电静置 25.0s
[2026-04-16 21:28:04] INFO     【结论】 [PASS] 成功关键字: voice_msgnum:9
[2026-04-16 21:28:04] INFO     统计 -> 成功: 52 | 失败: 51 | 异常: 0 | 成功率: 50.5%
[2026-04-16 21:28:04] INFO     
-------------------- 第 104 轮 | 最大监听: 29.2s --------------------
[2026-04-16 21:28:04] INFO     继电器 ON (开始充电)
[2026-04-16 21:28:04] INFO     继电器执行 -> ON
[2026-04-16 21:28:34] INFO     继电器 OFF (切断充电)
[2026-04-16 21:28:34] INFO     继电器执行 -> OFF
[2026-04-16 21:28:34] INFO     物理断电静置 25.0s
[2026-04-16 21:28:59] WARNING  【结论】 [FAIL] 超时未检测到成功关键字
[2026-04-16 21:28:59] INFO     统计 -> 成功: 52 | 失败: 52 | 异常: 0 | 成功率: 50.0%
[2026-04-16 21:28:59] INFO     
-------------------- 第 105 轮 | 最大监听: 25.5s --------------------
[2026-04-16 21:28:59] INFO     继电器 ON (开始充电)
[2026-04-16 21:28:59] INFO     继电器执行 -> ON
[2026-04-16 21:29:24] INFO     继电器 OFF (切断充电)
[2026-04-16 21:29:24] INFO     继电器执行 -> OFF
[2026-04-16 21:29:24] INFO     物理断电静置 25.0s
[2026-04-16 21:29:49] WARNING  【结论】 [FAIL] 超时未检测到成功关键字
[2026-04-16 21:29:49] INFO     统计 -> 成功: 52 | 失败: 53 | 异常: 0 | 成功率: 49.5%
[2026-04-16 21:29:49] INFO     
-------------------- 第 106 轮 | 最大监听: 29.2s --------------------
[2026-04-16 21:29:49] INFO     继电器 ON (开始充电)
[2026-04-16 21:29:49] INFO     继电器执行 -> ON
[2026-04-16 21:30:19] INFO     继电器 OFF (切断充电)
[2026-04-16 21:30:19] INFO     继电器执行 -> OFF
[2026-04-16 21:30:19] INFO     物理断电静置 25.0s
[2026-04-16 21:30:44] WARNING  【结论】 [FAIL] 超时未检测到成功关键字
[2026-04-16 21:30:44] INFO     统计 -> 成功: 52 | 失败: 54 | 异常: 0 | 成功率: 49.1%
[2026-04-16 21:30:44] INFO     
-------------------- 第 107 轮 | 最大监听: 26.6s --------------------
[2026-04-16 21:30:44] INFO     继电器 ON (开始充电)
[2026-04-16 21:30:44] INFO     继电器执行 -> ON
[2026-04-16 21:31:10] INFO     继电器 OFF (切断充电)
[2026-04-16 21:31:10] INFO     继电器执行 -> OFF
[2026-04-16 21:31:10] INFO     物理断电静置 25.0s
[2026-04-16 21:31:35] WARNING  【结论】 [FAIL] 超时未检测到成功关键字
[2026-04-16 21:31:35] INFO     统计 -> 成功: 52 | 失败: 55 | 异常: 0 | 成功率: 48.6%
[2026-04-16 21:31:35] INFO     
-------------------- 第 108 轮 | 最大监听: 28.0s --------------------
[2026-04-16 21:31:35] INFO     继电器 ON (开始充电)
[2026-04-16 21:31:35] INFO     继电器执行 -> ON
[2026-04-16 21:32:03] INFO     继电器 OFF (切断充电)
[2026-04-16 21:32:03] INFO     继电器执行 -> OFF
[2026-04-16 21:32:03] INFO     物理断电静置 25.0s
[2026-04-16 21:32:28] WARNING  【结论】 [FAIL] 超时未检测到成功关键字
[2026-04-16 21:32:28] INFO     统计 -> 成功: 52 | 失败: 56 | 异常: 0 | 成功率: 48.1%
[2026-04-16 21:32:28] INFO     
-------------------- 第 109 轮 | 最大监听: 25.9s --------------------
[2026-04-16 21:32:28] INFO     继电器 ON (开始充电)
[2026-04-16 21:32:29] INFO     继电器执行 -> ON
[2026-04-16 21:32:54] INFO     继电器 OFF (切断充电)
[2026-04-16 21:32:54] INFO     继电器执行 -> OFF
[2026-04-16 21:32:54] INFO     物理断电静置 25.0s
[2026-04-16 21:33:19] WARNING  【结论】 [FAIL] 超时未检测到成功关键字
[2026-04-16 21:33:19] INFO     统计 -> 成功: 52 | 失败: 57 | 异常: 0 | 成功率: 47.7%
[2026-04-16 21:33:19] INFO     
-------------------- 第 110 轮 | 最大监听: 25.8s --------------------
[2026-04-16 21:33:19] INFO     继电器 ON (开始充电)
[2026-04-16 21:33:20] INFO     继电器执行 -> ON
[2026-04-16 21:33:45] INFO     继电器 OFF (切断充电)
[2026-04-16 21:33:45] INFO     继电器执行 -> OFF
[2026-04-16 21:33:45] INFO     物理断电静置 25.0s
[2026-04-16 21:34:10] WARNING  【结论】 [FAIL] 超时未检测到成功关键字
[2026-04-16 21:34:10] INFO     统计 -> 成功: 52 | 失败: 58 | 异常: 0 | 成功率: 47.3%
[2026-04-16 21:34:10] INFO     
-------------------- 第 111 轮 | 最大监听: 25.3s --------------------
[2026-04-16 21:34:10] INFO     继电器 ON (开始充电)
[2026-04-16 21:34:10] INFO     继电器执行 -> ON
[2026-04-16 21:34:36] INFO     继电器 OFF (切断充电)
[2026-04-16 21:34:36] INFO     继电器执行 -> OFF
[2026-04-16 21:34:36] INFO     物理断电静置 25.0s
[2026-04-16 21:35:01] WARNING  【结论】 [FAIL] 超时未检测到成功关键字
[2026-04-16 21:35:01] INFO     统计 -> 成功: 52 | 失败: 59 | 异常: 0 | 成功率: 46.8%
[2026-04-16 21:35:01] INFO     
-------------------- 第 112 轮 | 最大监听: 25.8s --------------------
[2026-04-16 21:35:01] INFO     继电器 ON (开始充电)
[2026-04-16 21:35:01] INFO     继电器执行 -> ON
[2026-04-16 21:35:27] INFO     继电器 OFF (切断充电)
[2026-04-16 21:35:27] INFO     继电器执行 -> OFF
[2026-04-16 21:35:27] INFO     物理断电静置 25.0s
[2026-04-16 21:35:52] WARNING  【结论】 [FAIL] 超时未检测到成功关键字
[2026-04-16 21:35:52] INFO     统计 -> 成功: 52 | 失败: 60 | 异常: 0 | 成功率: 46.4%
[2026-04-16 21:35:52] INFO     
-------------------- 第 113 轮 | 最大监听: 27.6s --------------------
[2026-04-16 21:35:52] INFO     继电器 ON (开始充电)
[2026-04-16 21:35:52] INFO     继电器执行 -> ON
[2026-04-16 21:36:19] INFO     继电器 OFF (切断充电)
[2026-04-16 21:36:19] INFO     继电器执行 -> OFF
[2026-04-16 21:36:19] INFO     物理断电静置 25.0s
[2026-04-16 21:36:44] WARNING  【结论】 [FAIL] 超时未检测到成功关键字
[2026-04-16 21:36:44] INFO     统计 -> 成功: 52 | 失败: 61 | 异常: 0 | 成功率: 46.0%
[2026-04-16 21:36:44] INFO     
-------------------- 第 114 轮 | 最大监听: 28.7s --------------------
[2026-04-16 21:36:44] INFO     继电器 ON (开始充电)
[2026-04-16 21:36:44] INFO     继电器执行 -> ON
[2026-04-16 21:37:13] INFO     继电器 OFF (切断充电)
[2026-04-16 21:37:13] INFO     继电器执行 -> OFF
[2026-04-16 21:37:13] INFO     物理断电静置 25.0s
[2026-04-16 21:37:38] WARNING  【结论】 [FAIL] 超时未检测到成功关键字
[2026-04-16 21:37:38] INFO     统计 -> 成功: 52 | 失败: 62 | 异常: 0 | 成功率: 45.6%
[2026-04-16 21:37:38] INFO     
-------------------- 第 115 轮 | 最大监听: 25.9s --------------------
[2026-04-16 21:37:38] INFO     继电器 ON (开始充电)
[2026-04-16 21:37:38] INFO     继电器执行 -> ON
[2026-04-16 21:38:04] INFO     继电器 OFF (切断充电)
[2026-04-16 21:38:04] INFO     继电器执行 -> OFF
[2026-04-16 21:38:04] INFO     物理断电静置 25.0s
[2026-04-16 21:38:29] WARNING  【结论】 [FAIL] 超时未检测到成功关键字
[2026-04-16 21:38:29] INFO     统计 -> 成功: 52 | 失败: 63 | 异常: 0 | 成功率: 45.2%
[2026-04-16 21:38:29] INFO     
-------------------- 第 116 轮 | 最大监听: 25.1s --------------------
[2026-04-16 21:38:29] INFO     继电器 ON (开始充电)
[2026-04-16 21:38:29] INFO     继电器执行 -> ON
[2026-04-16 21:38:54] INFO     继电器 OFF (切断充电)
[2026-04-16 21:38:54] INFO     继电器执行 -> OFF
[2026-04-16 21:38:54] INFO     物理断电静置 25.0s
[2026-04-16 21:39:19] WARNING  【结论】 [FAIL] 超时未检测到成功关键字
[2026-04-16 21:39:19] INFO     统计 -> 成功: 52 | 失败: 64 | 异常: 0 | 成功率: 44.8%
[2026-04-16 21:39:19] INFO     
-------------------- 第 117 轮 | 最大监听: 26.6s --------------------
[2026-04-16 21:39:19] INFO     继电器 ON (开始充电)
[2026-04-16 21:39:19] INFO     继电器执行 -> ON
[2026-04-16 21:39:46] INFO     继电器 OFF (切断充电)
[2026-04-16 21:39:46] INFO     继电器执行 -> OFF
[2026-04-16 21:39:46] INFO     物理断电静置 25.0s
[2026-04-16 21:40:11] WARNING  【结论】 [FAIL] 超时未检测到成功关键字
[2026-04-16 21:40:11] INFO     统计 -> 成功: 52 | 失败: 65 | 异常: 0 | 成功率: 44.4%
[2026-04-16 21:40:11] INFO     
-------------------- 第 118 轮 | 最大监听: 29.7s --------------------
[2026-04-16 21:40:11] INFO     继电器 ON (开始充电)
[2026-04-16 21:40:11] INFO     继电器执行 -> ON
[2026-04-16 21:40:41] INFO     继电器 OFF (切断充电)
[2026-04-16 21:40:41] INFO     继电器执行 -> OFF
[2026-04-16 21:40:41] INFO     物理断电静置 25.0s
[2026-04-16 21:41:06] WARNING  【结论】 [FAIL] 超时未检测到成功关键字
[2026-04-16 21:41:06] INFO     统计 -> 成功: 52 | 失败: 66 | 异常: 0 | 成功率: 44.1%
[2026-04-16 21:41:06] INFO     
-------------------- 第 119 轮 | 最大监听: 26.8s --------------------
[2026-04-16 21:41:06] INFO     继电器 ON (开始充电)
[2026-04-16 21:41:06] INFO     继电器执行 -> ON
[2026-04-16 21:41:33] INFO     继电器 OFF (切断充电)
[2026-04-16 21:41:33] INFO     继电器执行 -> OFF
[2026-04-16 21:41:33] INFO     物理断电静置 25.0s
[2026-04-16 21:41:58] WARNING  【结论】 [FAIL] 超时未检测到成功关键字
[2026-04-16 21:41:58] INFO     统计 -> 成功: 52 | 失败: 67 | 异常: 0 | 成功率: 43.7%
[2026-04-16 21:41:58] INFO     
-------------------- 第 120 轮 | 最大监听: 26.7s --------------------
[2026-04-16 21:41:58] INFO     继电器 ON (开始充电)
[2026-04-16 21:41:58] INFO     继电器执行 -> ON
[2026-04-16 21:42:25] INFO     继电器 OFF (切断充电)
[2026-04-16 21:42:25] INFO     继电器执行 -> OFF
[2026-04-16 21:42:25] INFO     物理断电静置 25.0s
[2026-04-16 21:42:50] WARNING  【结论】 [FAIL] 超时未检测到成功关键字
[2026-04-16 21:42:50] INFO     统计 -> 成功: 52 | 失败: 68 | 异常: 0 | 成功率: 43.3%
[2026-04-16 21:42:50] INFO     
-------------------- 第 121 轮 | 最大监听: 25.2s --------------------
[2026-04-16 21:42:50] INFO     继电器 ON (开始充电)
[2026-04-16 21:42:50] INFO     继电器执行 -> ON
[2026-04-16 21:43:15] INFO     继电器 OFF (切断充电)
[2026-04-16 21:43:15] INFO     继电器执行 -> OFF
[2026-04-16 21:43:15] INFO     物理断电静置 25.0s
[2026-04-16 21:43:40] WARNING  【结论】 [FAIL] 超时未检测到成功关键字
[2026-04-16 21:43:40] INFO     统计 -> 成功: 52 | 失败: 69 | 异常: 0 | 成功率: 43.0%
[2026-04-16 21:43:40] INFO     
-------------------- 第 122 轮 | 最大监听: 26.1s --------------------
[2026-04-16 21:43:40] INFO     继电器 ON (开始充电)
[2026-04-16 21:43:40] INFO     继电器执行 -> ON
[2026-04-16 21:44:06] INFO     继电器 OFF (切断充电)
[2026-04-16 21:44:06] INFO     继电器执行 -> OFF
[2026-04-16 21:44:06] INFO     物理断电静置 25.0s
[2026-04-16 21:44:31] WARNING  【结论】 [FAIL] 超时未检测到成功关键字
[2026-04-16 21:44:31] INFO     统计 -> 成功: 52 | 失败: 70 | 异常: 0 | 成功率: 42.6%
[2026-04-16 21:44:31] INFO     
-------------------- 第 123 轮 | 最大监听: 27.3s --------------------
[2026-04-16 21:44:31] INFO     继电器 ON (开始充电)
[2026-04-16 21:44:31] INFO     继电器执行 -> ON
[2026-04-16 21:44:59] INFO     继电器 OFF (切断充电)
[2026-04-16 21:44:59] INFO     继电器执行 -> OFF
[2026-04-16 21:44:59] INFO     物理断电静置 25.0s
[2026-04-16 21:45:24] WARNING  【结论】 [FAIL] 超时未检测到成功关键字
[2026-04-16 21:45:24] INFO     统计 -> 成功: 52 | 失败: 71 | 异常: 0 | 成功率: 42.3%
[2026-04-16 21:45:24] INFO     
-------------------- 第 124 轮 | 最大监听: 27.4s --------------------
[2026-04-16 21:45:24] INFO     继电器 ON (开始充电)
[2026-04-16 21:45:24] INFO     继电器执行 -> ON
[2026-04-16 21:45:51] INFO     继电器 OFF (切断充电)
[2026-04-16 21:45:51] INFO     继电器执行 -> OFF
[2026-04-16 21:45:51] INFO     物理断电静置 25.0s
[2026-04-16 21:46:16] WARNING  【结论】 [FAIL] 超时未检测到成功关键字
[2026-04-16 21:46:16] INFO     统计 -> 成功: 52 | 失败: 72 | 异常: 0 | 成功率: 41.9%
[2026-04-16 21:46:16] INFO     
-------------------- 第 125 轮 | 最大监听: 26.7s --------------------
[2026-04-16 21:46:16] INFO     继电器 ON (开始充电)
[2026-04-16 21:46:16] INFO     继电器执行 -> ON
[2026-04-16 21:46:43] INFO     继电器 OFF (切断充电)
[2026-04-16 21:46:43] INFO     继电器执行 -> OFF
[2026-04-16 21:46:43] INFO     物理断电静置 25.0s
[2026-04-16 21:47:08] WARNING  【结论】 [FAIL] 超时未检测到成功关键字
[2026-04-16 21:47:08] INFO     统计 -> 成功: 52 | 失败: 73 | 异常: 0 | 成功率: 41.6%
[2026-04-16 21:47:08] INFO     
-------------------- 第 126 轮 | 最大监听: 29.9s --------------------
[2026-04-16 21:47:08] INFO     继电器 ON (开始充电)
[2026-04-16 21:47:08] INFO     继电器执行 -> ON
[2026-04-16 21:47:38] INFO     继电器 OFF (切断充电)
[2026-04-16 21:47:38] INFO     继电器执行 -> OFF
[2026-04-16 21:47:38] INFO     物理断电静置 25.0s
[2026-04-16 21:48:03] WARNING  【结论】 [FAIL] 超时未检测到成功关键字
[2026-04-16 21:48:03] INFO     统计 -> 成功: 52 | 失败: 74 | 异常: 0 | 成功率: 41.3%
[2026-04-16 21:48:03] INFO     
-------------------- 第 127 轮 | 最大监听: 29.0s --------------------
[2026-04-16 21:48:03] INFO     继电器 ON (开始充电)
[2026-04-16 21:48:03] INFO     继电器执行 -> ON
[2026-04-16 21:48:32] INFO     继电器 OFF (切断充电)
[2026-04-16 21:48:32] INFO     继电器执行 -> OFF
[2026-04-16 21:48:32] INFO     物理断电静置 25.0s
[2026-04-16 21:48:57] WARNING  【结论】 [FAIL] 超时未检测到成功关键字
[2026-04-16 21:48:57] INFO     统计 -> 成功: 52 | 失败: 75 | 异常: 0 | 成功率: 40.9%
[2026-04-16 21:48:57] INFO     
-------------------- 第 128 轮 | 最大监听: 26.5s --------------------
[2026-04-16 21:48:57] INFO     继电器 ON (开始充电)
[2026-04-16 21:48:57] INFO     继电器执行 -> ON
[2026-04-16 21:49:24] INFO     继电器 OFF (切断充电)
[2026-04-16 21:49:24] INFO     继电器执行 -> OFF
[2026-04-16 21:49:24] INFO     物理断电静置 25.0s
[2026-04-16 21:49:49] WARNING  【结论】 [FAIL] 超时未检测到成功关键字
[2026-04-16 21:49:49] INFO     统计 -> 成功: 52 | 失败: 76 | 异常: 0 | 成功率: 40.6%
[2026-04-16 21:49:49] INFO     
-------------------- 第 129 轮 | 最大监听: 28.1s --------------------
[2026-04-16 21:49:49] INFO     继电器 ON (开始充电)
[2026-04-16 21:49:49] INFO     继电器执行 -> ON
[2026-04-16 21:50:17] INFO     继电器 OFF (切断充电)
[2026-04-16 21:50:17] INFO     继电器执行 -> OFF
[2026-04-16 21:50:17] INFO     物理断电静置 25.0s
[2026-04-16 21:50:42] WARNING  【结论】 [FAIL] 超时未检测到成功关键字
[2026-04-16 21:50:42] INFO     统计 -> 成功: 52 | 失败: 77 | 异常: 0 | 成功率: 40.3%
[2026-04-16 21:50:42] INFO     
-------------------- 第 130 轮 | 最大监听: 26.0s --------------------
[2026-04-16 21:50:42] INFO     继电器 ON (开始充电)
[2026-04-16 21:50:42] INFO     继电器执行 -> ON
[2026-04-16 21:51:08] INFO     继电器 OFF (切断充电)
[2026-04-16 21:51:08] INFO     继电器执行 -> OFF
[2026-04-16 21:51:08] INFO     物理断电静置 25.0s
[2026-04-16 21:51:33] WARNING  【结论】 [FAIL] 超时未检测到成功关键字
[2026-04-16 21:51:33] INFO     统计 -> 成功: 52 | 失败: 78 | 异常: 0 | 成功率: 40.0%
[2026-04-16 21:51:33] INFO     
-------------------- 第 131 轮 | 最大监听: 27.4s --------------------
[2026-04-16 21:51:33] INFO     继电器 ON (开始充电)
[2026-04-16 21:51:33] INFO     继电器执行 -> ON
[2026-04-16 21:52:00] INFO     继电器 OFF (切断充电)
[2026-04-16 21:52:00] INFO     继电器执行 -> OFF
[2026-04-16 21:52:00] INFO     物理断电静置 25.0s
[2026-04-16 21:52:25] WARNING  【结论】 [FAIL] 超时未检测到成功关键字
[2026-04-16 21:52:25] INFO     统计 -> 成功: 52 | 失败: 79 | 异常: 0 | 成功率: 39.7%
[2026-04-16 21:52:25] INFO     
-------------------- 第 132 轮 | 最大监听: 27.7s --------------------
[2026-04-16 21:52:25] INFO     继电器 ON (开始充电)
[2026-04-16 21:52:26] INFO     继电器执行 -> ON
[2026-04-16 21:52:53] INFO     继电器 OFF (切断充电)
[2026-04-16 21:52:53] INFO     继电器执行 -> OFF
[2026-04-16 21:52:53] INFO     物理断电静置 25.0s
[2026-04-16 21:53:18] WARNING  【结论】 [FAIL] 超时未检测到成功关键字
[2026-04-16 21:53:18] INFO     统计 -> 成功: 52 | 失败: 80 | 异常: 0 | 成功率: 39.4%
[2026-04-16 21:53:18] INFO     
-------------------- 第 133 轮 | 最大监听: 26.1s --------------------
[2026-04-16 21:53:18] INFO     继电器 ON (开始充电)
[2026-04-16 21:53:18] INFO     继电器执行 -> ON
[2026-04-16 21:53:44] INFO     继电器 OFF (切断充电)
[2026-04-16 21:53:44] INFO     继电器执行 -> OFF
[2026-04-16 21:53:44] INFO     物理断电静置 25.0s
[2026-04-16 21:54:09] WARNING  【结论】 [FAIL] 超时未检测到成功关键字
[2026-04-16 21:54:09] INFO     统计 -> 成功: 52 | 失败: 81 | 异常: 0 | 成功率: 39.1%
[2026-04-16 21:54:09] INFO     
-------------------- 第 134 轮 | 最大监听: 26.1s --------------------
[2026-04-16 21:54:09] INFO     继电器 ON (开始充电)
[2026-04-16 21:54:10] INFO     继电器执行 -> ON
[2026-04-16 21:54:36] INFO     继电器 OFF (切断充电)
[2026-04-16 21:54:36] INFO     继电器执行 -> OFF
[2026-04-16 21:54:36] INFO     物理断电静置 25.0s
[2026-04-16 21:55:01] WARNING  【结论】 [FAIL] 超时未检测到成功关键字
[2026-04-16 21:55:01] INFO     统计 -> 成功: 52 | 失败: 82 | 异常: 0 | 成功率: 38.8%
[2026-04-16 21:55:01] INFO     
-------------------- 第 135 轮 | 最大监听: 27.8s --------------------
[2026-04-16 21:55:01] INFO     继电器 ON (开始充电)
[2026-04-16 21:55:01] INFO     继电器执行 -> ON
[2026-04-16 21:55:29] INFO     继电器 OFF (切断充电)
[2026-04-16 21:55:29] INFO     继电器执行 -> OFF
[2026-04-16 21:55:29] INFO     物理断电静置 25.0s
[2026-04-16 21:55:54] WARNING  【结论】 [FAIL] 超时未检测到成功关键字
[2026-04-16 21:55:54] INFO     统计 -> 成功: 52 | 失败: 83 | 异常: 0 | 成功率: 38.5%
[2026-04-16 21:55:54] INFO     
-------------------- 第 136 轮 | 最大监听: 29.0s --------------------
[2026-04-16 21:55:54] INFO     继电器 ON (开始充电)
[2026-04-16 21:55:54] INFO     继电器执行 -> ON
[2026-04-16 21:56:23] INFO     继电器 OFF (切断充电)
[2026-04-16 21:56:23] INFO     继电器执行 -> OFF
[2026-04-16 21:56:23] INFO     物理断电静置 25.0s
[2026-04-16 21:56:48] WARNING  【结论】 [FAIL] 超时未检测到成功关键字
[2026-04-16 21:56:48] INFO     统计 -> 成功: 52 | 失败: 84 | 异常: 0 | 成功率: 38.2%
[2026-04-16 21:56:48] INFO     
-------------------- 第 137 轮 | 最大监听: 25.5s --------------------
[2026-04-16 21:56:48] INFO     继电器 ON (开始充电)
[2026-04-16 21:56:48] INFO     继电器执行 -> ON
[2026-04-16 21:57:13] INFO     继电器 OFF (切断充电)
[2026-04-16 21:57:13] INFO     继电器执行 -> OFF
[2026-04-16 21:57:13] INFO     物理断电静置 25.0s
[2026-04-16 21:57:38] WARNING  【结论】 [FAIL] 超时未检测到成功关键字
[2026-04-16 21:57:38] INFO     统计 -> 成功: 52 | 失败: 85 | 异常: 0 | 成功率: 38.0%
[2026-04-16 21:57:38] INFO     
-------------------- 第 138 轮 | 最大监听: 27.9s --------------------
[2026-04-16 21:57:38] INFO     继电器 ON (开始充电)
[2026-04-16 21:57:38] INFO     继电器执行 -> ON
[2026-04-16 21:57:40] INFO     捕获目标指令: voice_msgnum:9
[2026-04-16 21:57:40] INFO     状态维稳，保持闭合 25.0s
[2026-04-16 21:58:05] INFO     继电器 OFF (切断充电)
[2026-04-16 21:58:05] INFO     继电器执行 -> OFF
[2026-04-16 21:58:05] INFO     物理断电静置 25.0s
[2026-04-16 21:58:30] INFO     【结论】 [PASS] 成功关键字: voice_msgnum:9
[2026-04-16 21:58:30] INFO     统计 -> 成功: 53 | 失败: 85 | 异常: 0 | 成功率: 38.4%
[2026-04-16 21:58:30] INFO     
-------------------- 第 139 轮 | 最大监听: 26.4s --------------------
[2026-04-16 21:58:30] INFO     继电器 ON (开始充电)
[2026-04-16 21:58:30] INFO     继电器执行 -> ON
[2026-04-16 21:58:57] INFO     继电器 OFF (切断充电)
[2026-04-16 21:58:57] INFO     继电器执行 -> OFF
[2026-04-16 21:58:57] INFO     物理断电静置 25.0s
[2026-04-16 21:59:22] WARNING  【结论】 [FAIL] 超时未检测到成功关键字
[2026-04-16 21:59:22] INFO     统计 -> 成功: 53 | 失败: 86 | 异常: 0 | 成功率: 38.1%
[2026-04-16 21:59:22] INFO     
-------------------- 第 140 轮 | 最大监听: 25.8s --------------------
[2026-04-16 21:59:22] INFO     继电器 ON (开始充电)
[2026-04-16 21:59:22] INFO     继电器执行 -> ON
[2026-04-16 21:59:48] INFO     继电器 OFF (切断充电)
[2026-04-16 21:59:48] INFO     继电器执行 -> OFF
[2026-04-16 21:59:48] INFO     物理断电静置 25.0s
[2026-04-16 22:00:13] WARNING  【结论】 [FAIL] 超时未检测到成功关键字
[2026-04-16 22:00:13] INFO     统计 -> 成功: 53 | 失败: 87 | 异常: 0 | 成功率: 37.9%
[2026-04-16 22:00:13] INFO     
-------------------- 第 141 轮 | 最大监听: 25.8s --------------------
[2026-04-16 22:00:13] INFO     继电器 ON (开始充电)
[2026-04-16 22:00:13] INFO     继电器执行 -> ON
[2026-04-16 22:00:36] INFO     捕获目标指令: voice_msgnum:9
[2026-04-16 22:00:36] INFO     状态维稳，保持闭合 25.0s
[2026-04-16 22:01:01] INFO     继电器 OFF (切断充电)
[2026-04-16 22:01:01] INFO     继电器执行 -> OFF
[2026-04-16 22:01:01] INFO     物理断电静置 25.0s
[2026-04-16 22:01:26] INFO     【结论】 [PASS] 成功关键字: voice_msgnum:9
[2026-04-16 22:01:26] INFO     统计 -> 成功: 54 | 失败: 87 | 异常: 0 | 成功率: 38.3%
[2026-04-16 22:01:26] INFO     
-------------------- 第 142 轮 | 最大监听: 25.0s --------------------
[2026-04-16 22:01:26] INFO     继电器 ON (开始充电)
[2026-04-16 22:01:26] INFO     继电器执行 -> ON
[2026-04-16 22:01:51] INFO     继电器 OFF (切断充电)
[2026-04-16 22:01:51] INFO     继电器执行 -> OFF
[2026-04-16 22:01:51] INFO     物理断电静置 25.0s
[2026-04-16 22:02:16] WARNING  【结论】 [FAIL] 超时未检测到成功关键字
[2026-04-16 22:02:16] INFO     统计 -> 成功: 54 | 失败: 88 | 异常: 0 | 成功率: 38.0%
[2026-04-16 22:02:16] INFO     
-------------------- 第 143 轮 | 最大监听: 29.5s --------------------
[2026-04-16 22:02:16] INFO     继电器 ON (开始充电)
[2026-04-16 22:02:16] INFO     继电器执行 -> ON
[2026-04-16 22:02:45] INFO     继电器 OFF (切断充电)
[2026-04-16 22:02:45] INFO     继电器执行 -> OFF
[2026-04-16 22:02:45] INFO     物理断电静置 25.0s
[2026-04-16 22:03:10] WARNING  【结论】 [FAIL] 超时未检测到成功关键字
[2026-04-16 22:03:10] INFO     统计 -> 成功: 54 | 失败: 89 | 异常: 0 | 成功率: 37.8%
[2026-04-16 22:03:10] INFO     
-------------------- 第 144 轮 | 最大监听: 27.5s --------------------
[2026-04-16 22:03:10] INFO     继电器 ON (开始充电)
[2026-04-16 22:03:11] INFO     继电器执行 -> ON
[2026-04-16 22:03:24] INFO     捕获目标指令: voice_msgnum:9
[2026-04-16 22:03:24] INFO     状态维稳，保持闭合 25.0s
[2026-04-16 22:03:49] INFO     继电器 OFF (切断充电)
[2026-04-16 22:03:49] INFO     继电器执行 -> OFF
[2026-04-16 22:03:49] INFO     物理断电静置 25.0s
[2026-04-16 22:04:14] INFO     【结论】 [PASS] 成功关键字: voice_msgnum:9
[2026-04-16 22:04:14] INFO     统计 -> 成功: 55 | 失败: 89 | 异常: 0 | 成功率: 38.2%
[2026-04-16 22:04:14] INFO     
-------------------- 第 145 轮 | 最大监听: 25.2s --------------------
[2026-04-16 22:04:14] INFO     继电器 ON (开始充电)
[2026-04-16 22:04:14] INFO     继电器执行 -> ON
[2026-04-16 22:04:39] INFO     继电器 OFF (切断充电)
[2026-04-16 22:04:40] INFO     继电器执行 -> OFF
[2026-04-16 22:04:40] INFO     物理断电静置 25.0s
[2026-04-16 22:05:05] WARNING  【结论】 [FAIL] 超时未检测到成功关键字
[2026-04-16 22:05:05] INFO     统计 -> 成功: 55 | 失败: 90 | 异常: 0 | 成功率: 37.9%
[2026-04-16 22:05:05] INFO     
-------------------- 第 146 轮 | 最大监听: 29.2s --------------------
[2026-04-16 22:05:05] INFO     继电器 ON (开始充电)
[2026-04-16 22:05:05] INFO     继电器执行 -> ON
[2026-04-16 22:05:34] INFO     继电器 OFF (切断充电)
[2026-04-16 22:05:34] INFO     继电器执行 -> OFF
[2026-04-16 22:05:34] INFO     物理断电静置 25.0s
[2026-04-16 22:05:59] WARNING  【结论】 [FAIL] 超时未检测到成功关键字
[2026-04-16 22:05:59] INFO     统计 -> 成功: 55 | 失败: 91 | 异常: 0 | 成功率: 37.7%
[2026-04-16 22:05:59] INFO     
-------------------- 第 147 轮 | 最大监听: 26.1s --------------------
[2026-04-16 22:05:59] INFO     继电器 ON (开始充电)
[2026-04-16 22:05:59] INFO     继电器执行 -> ON
[2026-04-16 22:06:25] INFO     继电器 OFF (切断充电)
[2026-04-16 22:06:25] INFO     继电器执行 -> OFF
[2026-04-16 22:06:25] INFO     物理断电静置 25.0s
[2026-04-16 22:06:50] WARNING  【结论】 [FAIL] 超时未检测到成功关键字
[2026-04-16 22:06:50] INFO     统计 -> 成功: 55 | 失败: 92 | 异常: 0 | 成功率: 37.4%
[2026-04-16 22:06:50] INFO     
-------------------- 第 148 轮 | 最大监听: 26.5s --------------------
[2026-04-16 22:06:50] INFO     继电器 ON (开始充电)
[2026-04-16 22:06:50] INFO     继电器执行 -> ON
[2026-04-16 22:07:13] INFO     捕获目标指令: voice_msgnum:9
[2026-04-16 22:07:13] INFO     状态维稳，保持闭合 25.0s
[2026-04-16 22:07:38] INFO     继电器 OFF (切断充电)
[2026-04-16 22:07:38] INFO     继电器执行 -> OFF
[2026-04-16 22:07:38] INFO     物理断电静置 25.0s
[2026-04-16 22:08:03] INFO     【结论】 [PASS] 成功关键字: voice_msgnum:9
[2026-04-16 22:08:03] INFO     统计 -> 成功: 56 | 失败: 92 | 异常: 0 | 成功率: 37.8%
[2026-04-16 22:08:03] INFO     
-------------------- 第 149 轮 | 最大监听: 25.2s --------------------
[2026-04-16 22:08:03] INFO     继电器 ON (开始充电)
[2026-04-16 22:08:03] INFO     继电器执行 -> ON
[2026-04-16 22:08:28] INFO     继电器 OFF (切断充电)
[2026-04-16 22:08:28] INFO     继电器执行 -> OFF
[2026-04-16 22:08:28] INFO     物理断电静置 25.0s
[2026-04-16 22:08:53] WARNING  【结论】 [FAIL] 超时未检测到成功关键字
[2026-04-16 22:08:53] INFO     统计 -> 成功: 56 | 失败: 93 | 异常: 0 | 成功率: 37.6%
[2026-04-16 22:08:53] INFO     
-------------------- 第 150 轮 | 最大监听: 28.5s --------------------
[2026-04-16 22:08:53] INFO     继电器 ON (开始充电)
[2026-04-16 22:08:54] INFO     继电器执行 -> ON
[2026-04-16 22:09:22] INFO     继电器 OFF (切断充电)
[2026-04-16 22:09:22] INFO     继电器执行 -> OFF
[2026-04-16 22:09:22] INFO     物理断电静置 25.0s
[2026-04-16 22:09:47] WARNING  【结论】 [FAIL] 超时未检测到成功关键字
[2026-04-16 22:09:47] INFO     统计 -> 成功: 56 | 失败: 94 | 异常: 0 | 成功率: 37.3%
[2026-04-16 22:09:47] INFO     
-------------------- 第 151 轮 | 最大监听: 25.6s --------------------
[2026-04-16 22:09:47] INFO     继电器 ON (开始充电)
[2026-04-16 22:09:47] INFO     继电器执行 -> ON
[2026-04-16 22:10:13] INFO     继电器 OFF (切断充电)
[2026-04-16 22:10:13] INFO     继电器执行 -> OFF
[2026-04-16 22:10:13] INFO     物理断电静置 25.0s
[2026-04-16 22:10:38] WARNING  【结论】 [FAIL] 超时未检测到成功关键字
[2026-04-16 22:10:38] INFO     统计 -> 成功: 56 | 失败: 95 | 异常: 0 | 成功率: 37.1%
[2026-04-16 22:10:38] INFO     
-------------------- 第 152 轮 | 最大监听: 29.3s --------------------
[2026-04-16 22:10:38] INFO     继电器 ON (开始充电)
[2026-04-16 22:10:38] INFO     继电器执行 -> ON
[2026-04-16 22:11:07] INFO     继电器 OFF (切断充电)
[2026-04-16 22:11:07] INFO     继电器执行 -> OFF
[2026-04-16 22:11:07] INFO     物理断电静置 25.0s
[2026-04-16 22:11:32] WARNING  【结论】 [FAIL] 超时未检测到成功关键字
[2026-04-16 22:11:32] INFO     统计 -> 成功: 56 | 失败: 96 | 异常: 0 | 成功率: 36.8%
[2026-04-16 22:11:32] INFO     
-------------------- 第 153 轮 | 最大监听: 29.4s --------------------
[2026-04-16 22:11:32] INFO     继电器 ON (开始充电)
[2026-04-16 22:11:32] INFO     继电器执行 -> ON
[2026-04-16 22:12:02] INFO     继电器 OFF (切断充电)
[2026-04-16 22:12:02] INFO     继电器执行 -> OFF
[2026-04-16 22:12:02] INFO     物理断电静置 25.0s
[2026-04-16 22:12:27] WARNING  【结论】 [FAIL] 超时未检测到成功关键字
[2026-04-16 22:12:27] INFO     统计 -> 成功: 56 | 失败: 97 | 异常: 0 | 成功率: 36.6%
[2026-04-16 22:12:27] INFO     
-------------------- 第 154 轮 | 最大监听: 28.7s --------------------
[2026-04-16 22:12:27] INFO     继电器 ON (开始充电)
[2026-04-16 22:12:27] INFO     继电器执行 -> ON
[2026-04-16 22:12:55] INFO     继电器 OFF (切断充电)
[2026-04-16 22:12:56] INFO     继电器执行 -> OFF
[2026-04-16 22:12:56] INFO     物理断电静置 25.0s
[2026-04-16 22:13:21] WARNING  【结论】 [FAIL] 超时未检测到成功关键字
[2026-04-16 22:13:21] INFO     统计 -> 成功: 56 | 失败: 98 | 异常: 0 | 成功率: 36.4%
[2026-04-16 22:13:21] INFO     
-------------------- 第 155 轮 | 最大监听: 29.3s --------------------
[2026-04-16 22:13:21] INFO     继电器 ON (开始充电)
[2026-04-16 22:13:21] INFO     继电器执行 -> ON
[2026-04-16 22:13:50] INFO     继电器 OFF (切断充电)
[2026-04-16 22:13:50] INFO     继电器执行 -> OFF
[2026-04-16 22:13:50] INFO     物理断电静置 25.0s
[2026-04-16 22:14:15] WARNING  【结论】 [FAIL] 超时未检测到成功关键字
[2026-04-16 22:14:15] INFO     统计 -> 成功: 56 | 失败: 99 | 异常: 0 | 成功率: 36.1%
[2026-04-16 22:14:15] INFO     
-------------------- 第 156 轮 | 最大监听: 25.3s --------------------
[2026-04-16 22:14:15] INFO     继电器 ON (开始充电)
[2026-04-16 22:14:15] INFO     继电器执行 -> ON
[2026-04-16 22:14:40] INFO     继电器 OFF (切断充电)
[2026-04-16 22:14:40] INFO     继电器执行 -> OFF
[2026-04-16 22:14:40] INFO     物理断电静置 25.0s
[2026-04-16 22:15:05] WARNING  【结论】 [FAIL] 超时未检测到成功关键字
[2026-04-16 22:15:05] INFO     统计 -> 成功: 56 | 失败: 100 | 异常: 0 | 成功率: 35.9%
[2026-04-16 22:15:05] INFO     
-------------------- 第 157 轮 | 最大监听: 29.2s --------------------
[2026-04-16 22:15:05] INFO     继电器 ON (开始充电)
[2026-04-16 22:15:05] INFO     继电器执行 -> ON
[2026-04-16 22:15:35] INFO     继电器 OFF (切断充电)
[2026-04-16 22:15:35] INFO     继电器执行 -> OFF
[2026-04-16 22:15:35] INFO     物理断电静置 25.0s
[2026-04-16 22:16:00] WARNING  【结论】 [FAIL] 超时未检测到成功关键字
[2026-04-16 22:16:00] INFO     统计 -> 成功: 56 | 失败: 101 | 异常: 0 | 成功率: 35.7%
[2026-04-16 22:16:00] INFO     
-------------------- 第 158 轮 | 最大监听: 25.2s --------------------
[2026-04-16 22:16:00] INFO     继电器 ON (开始充电)
[2026-04-16 22:16:00] INFO     继电器执行 -> ON
[2026-04-16 22:16:25] INFO     继电器 OFF (切断充电)
[2026-04-16 22:16:25] INFO     继电器执行 -> OFF
[2026-04-16 22:16:25] INFO     物理断电静置 25.0s
[2026-04-16 22:16:50] WARNING  【结论】 [FAIL] 超时未检测到成功关键字
[2026-04-16 22:16:50] INFO     统计 -> 成功: 56 | 失败: 102 | 异常: 0 | 成功率: 35.4%
[2026-04-16 22:16:50] INFO     
-------------------- 第 159 轮 | 最大监听: 27.0s --------------------
[2026-04-16 22:16:50] INFO     继电器 ON (开始充电)
[2026-04-16 22:16:50] INFO     继电器执行 -> ON
[2026-04-16 22:17:17] INFO     继电器 OFF (切断充电)
[2026-04-16 22:17:17] INFO     继电器执行 -> OFF
[2026-04-16 22:17:17] INFO     物理断电静置 25.0s
[2026-04-16 22:17:42] WARNING  【结论】 [FAIL] 超时未检测到成功关键字
[2026-04-16 22:17:42] INFO     统计 -> 成功: 56 | 失败: 103 | 异常: 0 | 成功率: 35.2%
[2026-04-16 22:17:42] INFO     
-------------------- 第 160 轮 | 最大监听: 29.0s --------------------
[2026-04-16 22:17:42] INFO     继电器 ON (开始充电)
[2026-04-16 22:17:42] INFO     继电器执行 -> ON
[2026-04-16 22:18:11] INFO     继电器 OFF (切断充电)
[2026-04-16 22:18:11] INFO     继电器执行 -> OFF
[2026-04-16 22:18:11] INFO     物理断电静置 25.0s
[2026-04-16 22:18:36] WARNING  【结论】 [FAIL] 超时未检测到成功关键字
[2026-04-16 22:18:36] INFO     统计 -> 成功: 56 | 失败: 104 | 异常: 0 | 成功率: 35.0%
[2026-04-16 22:18:36] INFO     
-------------------- 第 161 轮 | 最大监听: 25.6s --------------------
[2026-04-16 22:18:36] INFO     继电器 ON (开始充电)
[2026-04-16 22:18:36] INFO     继电器执行 -> ON
[2026-04-16 22:19:02] INFO     继电器 OFF (切断充电)
[2026-04-16 22:19:02] INFO     继电器执行 -> OFF
[2026-04-16 22:19:02] INFO     物理断电静置 25.0s
[2026-04-16 22:19:27] WARNING  【结论】 [FAIL] 超时未检测到成功关键字
[2026-04-16 22:19:27] INFO     统计 -> 成功: 56 | 失败: 105 | 异常: 0 | 成功率: 34.8%
[2026-04-16 22:19:27] INFO     
-------------------- 第 162 轮 | 最大监听: 27.6s --------------------
[2026-04-16 22:19:27] INFO     继电器 ON (开始充电)
[2026-04-16 22:19:27] INFO     继电器执行 -> ON
[2026-04-16 22:19:55] INFO     继电器 OFF (切断充电)
[2026-04-16 22:19:55] INFO     继电器执行 -> OFF
[2026-04-16 22:19:55] INFO     物理断电静置 25.0s
[2026-04-16 22:20:20] WARNING  【结论】 [FAIL] 超时未检测到成功关键字
[2026-04-16 22:20:20] INFO     统计 -> 成功: 56 | 失败: 106 | 异常: 0 | 成功率: 34.6%
[2026-04-16 22:20:20] INFO     
-------------------- 第 163 轮 | 最大监听: 26.0s --------------------
[2026-04-16 22:20:20] INFO     继电器 ON (开始充电)
[2026-04-16 22:20:20] INFO     继电器执行 -> ON
[2026-04-16 22:20:46] INFO     继电器 OFF (切断充电)
[2026-04-16 22:20:46] INFO     继电器执行 -> OFF
[2026-04-16 22:20:46] INFO     物理断电静置 25.0s
[2026-04-16 22:21:11] WARNING  【结论】 [FAIL] 超时未检测到成功关键字
[2026-04-16 22:21:11] INFO     统计 -> 成功: 56 | 失败: 107 | 异常: 0 | 成功率: 34.4%
[2026-04-16 22:21:11] INFO     
-------------------- 第 164 轮 | 最大监听: 25.1s --------------------
[2026-04-16 22:21:11] INFO     继电器 ON (开始充电)
[2026-04-16 22:21:11] INFO     继电器执行 -> ON
[2026-04-16 22:21:36] INFO     继电器 OFF (切断充电)
[2026-04-16 22:21:36] INFO     继电器执行 -> OFF
[2026-04-16 22:21:36] INFO     物理断电静置 25.0s
[2026-04-16 22:22:01] WARNING  【结论】 [FAIL] 超时未检测到成功关键字
[2026-04-16 22:22:01] INFO     统计 -> 成功: 56 | 失败: 108 | 异常: 0 | 成功率: 34.1%
[2026-04-16 22:22:01] INFO     
-------------------- 第 165 轮 | 最大监听: 30.0s --------------------
[2026-04-16 22:22:01] INFO     继电器 ON (开始充电)
[2026-04-16 22:22:01] INFO     继电器执行 -> ON
[2026-04-16 22:22:31] INFO     继电器 OFF (切断充电)
[2026-04-16 22:22:31] INFO     继电器执行 -> OFF
[2026-04-16 22:22:31] INFO     物理断电静置 25.0s
[2026-04-16 22:22:56] WARNING  【结论】 [FAIL] 超时未检测到成功关键字
[2026-04-16 22:22:56] INFO     统计 -> 成功: 56 | 失败: 109 | 异常: 0 | 成功率: 33.9%
[2026-04-16 22:22:56] INFO     
-------------------- 第 166 轮 | 最大监听: 29.8s --------------------
[2026-04-16 22:22:56] INFO     继电器 ON (开始充电)
[2026-04-16 22:22:56] INFO     继电器执行 -> ON
[2026-04-16 22:23:26] INFO     继电器 OFF (切断充电)
[2026-04-16 22:23:26] INFO     继电器执行 -> OFF
[2026-04-16 22:23:26] INFO     物理断电静置 25.0s
[2026-04-16 22:23:51] WARNING  【结论】 [FAIL] 超时未检测到成功关键字
[2026-04-16 22:23:51] INFO     统计 -> 成功: 56 | 失败: 110 | 异常: 0 | 成功率: 33.7%
[2026-04-16 22:23:51] INFO     
-------------------- 第 167 轮 | 最大监听: 29.9s --------------------
[2026-04-16 22:23:51] INFO     继电器 ON (开始充电)
[2026-04-16 22:23:51] INFO     继电器执行 -> ON
[2026-04-16 22:24:21] INFO     继电器 OFF (切断充电)
[2026-04-16 22:24:21] INFO     继电器执行 -> OFF
[2026-04-16 22:24:21] INFO     物理断电静置 25.0s
[2026-04-16 22:24:46] WARNING  【结论】 [FAIL] 超时未检测到成功关键字
[2026-04-16 22:24:46] INFO     统计 -> 成功: 56 | 失败: 111 | 异常: 0 | 成功率: 33.5%
[2026-04-16 22:24:46] INFO     
-------------------- 第 168 轮 | 最大监听: 28.3s --------------------
[2026-04-16 22:24:46] INFO     继电器 ON (开始充电)
[2026-04-16 22:24:46] INFO     继电器执行 -> ON
[2026-04-16 22:25:14] INFO     继电器 OFF (切断充电)
[2026-04-16 22:25:14] INFO     继电器执行 -> OFF
[2026-04-16 22:25:14] INFO     物理断电静置 25.0s
[2026-04-16 22:25:39] WARNING  【结论】 [FAIL] 超时未检测到成功关键字
[2026-04-16 22:25:39] INFO     统计 -> 成功: 56 | 失败: 112 | 异常: 0 | 成功率: 33.3%
[2026-04-16 22:25:39] INFO     
-------------------- 第 169 轮 | 最大监听: 29.8s --------------------
[2026-04-16 22:25:39] INFO     继电器 ON (开始充电)
[2026-04-16 22:25:39] INFO     继电器执行 -> ON
[2026-04-16 22:26:09] INFO     继电器 OFF (切断充电)
[2026-04-16 22:26:09] INFO     继电器执行 -> OFF
[2026-04-16 22:26:09] INFO     物理断电静置 25.0s
[2026-04-16 22:26:34] WARNING  【结论】 [FAIL] 超时未检测到成功关键字
[2026-04-16 22:26:34] INFO     统计 -> 成功: 56 | 失败: 113 | 异常: 0 | 成功率: 33.1%
[2026-04-16 22:26:34] INFO     
-------------------- 第 170 轮 | 最大监听: 29.2s --------------------
[2026-04-16 22:26:34] INFO     继电器 ON (开始充电)
[2026-04-16 22:26:34] INFO     继电器执行 -> ON
[2026-04-16 22:26:51] INFO     捕获目标指令: voice_msgnum:9
[2026-04-16 22:26:51] INFO     状态维稳，保持闭合 25.0s
[2026-04-16 22:27:16] INFO     继电器 OFF (切断充电)
[2026-04-16 22:27:16] INFO     继电器执行 -> OFF
[2026-04-16 22:27:16] INFO     物理断电静置 25.0s
[2026-04-16 22:27:41] INFO     【结论】 [PASS] 成功关键字: voice_msgnum:9
[2026-04-16 22:27:41] INFO     统计 -> 成功: 57 | 失败: 113 | 异常: 0 | 成功率: 33.5%
[2026-04-16 22:27:41] INFO     
-------------------- 第 171 轮 | 最大监听: 30.0s --------------------
[2026-04-16 22:27:41] INFO     继电器 ON (开始充电)
[2026-04-16 22:27:41] INFO     继电器执行 -> ON
[2026-04-16 22:28:11] INFO     继电器 OFF (切断充电)
[2026-04-16 22:28:11] INFO     继电器执行 -> OFF
[2026-04-16 22:28:11] INFO     物理断电静置 25.0s
[2026-04-16 22:28:36] WARNING  【结论】 [FAIL] 超时未检测到成功关键字
[2026-04-16 22:28:36] INFO     统计 -> 成功: 57 | 失败: 114 | 异常: 0 | 成功率: 33.3%
[2026-04-16 22:28:36] INFO     
-------------------- 第 172 轮 | 最大监听: 28.1s --------------------
[2026-04-16 22:28:36] INFO     继电器 ON (开始充电)
[2026-04-16 22:28:36] INFO     继电器执行 -> ON
[2026-04-16 22:29:05] INFO     继电器 OFF (切断充电)
[2026-04-16 22:29:05] INFO     继电器执行 -> OFF
[2026-04-16 22:29:05] INFO     物理断电静置 25.0s
[2026-04-16 22:29:30] WARNING  【结论】 [FAIL] 超时未检测到成功关键字
[2026-04-16 22:29:30] INFO     统计 -> 成功: 57 | 失败: 115 | 异常: 0 | 成功率: 33.1%
[2026-04-16 22:29:30] INFO     
-------------------- 第 173 轮 | 最大监听: 28.8s --------------------
[2026-04-16 22:29:30] INFO     继电器 ON (开始充电)
[2026-04-16 22:29:30] INFO     继电器执行 -> ON
[2026-04-16 22:29:58] INFO     继电器 OFF (切断充电)
[2026-04-16 22:29:59] INFO     继电器执行 -> OFF
[2026-04-16 22:29:59] INFO     物理断电静置 25.0s
[2026-04-16 22:30:24] WARNING  【结论】 [FAIL] 超时未检测到成功关键字
[2026-04-16 22:30:24] INFO     统计 -> 成功: 57 | 失败: 116 | 异常: 0 | 成功率: 32.9%
[2026-04-16 22:30:24] INFO     
-------------------- 第 174 轮 | 最大监听: 26.4s --------------------
[2026-04-16 22:30:24] INFO     继电器 ON (开始充电)
[2026-04-16 22:30:24] INFO     继电器执行 -> ON
[2026-04-16 22:30:50] INFO     继电器 OFF (切断充电)
[2026-04-16 22:30:50] INFO     继电器执行 -> OFF
[2026-04-16 22:30:50] INFO     物理断电静置 25.0s
[2026-04-16 22:31:15] WARNING  【结论】 [FAIL] 超时未检测到成功关键字
[2026-04-16 22:31:15] INFO     统计 -> 成功: 57 | 失败: 117 | 异常: 0 | 成功率: 32.8%
[2026-04-16 22:31:15] INFO     
-------------------- 第 175 轮 | 最大监听: 25.5s --------------------
[2026-04-16 22:31:15] INFO     继电器 ON (开始充电)
[2026-04-16 22:31:15] INFO     继电器执行 -> ON
[2026-04-16 22:31:41] INFO     继电器 OFF (切断充电)
[2026-04-16 22:31:41] INFO     继电器执行 -> OFF
[2026-04-16 22:31:41] INFO     物理断电静置 25.0s
[2026-04-16 22:32:06] WARNING  【结论】 [FAIL] 超时未检测到成功关键字
[2026-04-16 22:32:06] INFO     统计 -> 成功: 57 | 失败: 118 | 异常: 0 | 成功率: 32.6%
[2026-04-16 22:32:06] INFO     
-------------------- 第 176 轮 | 最大监听: 26.0s --------------------
[2026-04-16 22:32:06] INFO     继电器 ON (开始充电)
[2026-04-16 22:32:06] INFO     继电器执行 -> ON
[2026-04-16 22:32:32] INFO     继电器 OFF (切断充电)
[2026-04-16 22:32:32] INFO     继电器执行 -> OFF
[2026-04-16 22:32:32] INFO     物理断电静置 25.0s
[2026-04-16 22:32:57] WARNING  【结论】 [FAIL] 超时未检测到成功关键字
[2026-04-16 22:32:57] INFO     统计 -> 成功: 57 | 失败: 119 | 异常: 0 | 成功率: 32.4%
[2026-04-16 22:32:57] INFO     
-------------------- 第 177 轮 | 最大监听: 29.6s --------------------
[2026-04-16 22:32:57] INFO     继电器 ON (开始充电)
[2026-04-16 22:32:57] INFO     继电器执行 -> ON
[2026-04-16 22:33:26] INFO     继电器 OFF (切断充电)
[2026-04-16 22:33:26] INFO     继电器执行 -> OFF
[2026-04-16 22:33:26] INFO     物理断电静置 25.0s
[2026-04-16 22:33:51] WARNING  【结论】 [FAIL] 超时未检测到成功关键字
[2026-04-16 22:33:51] INFO     统计 -> 成功: 57 | 失败: 120 | 异常: 0 | 成功率: 32.2%
[2026-04-16 22:33:51] INFO     
-------------------- 第 178 轮 | 最大监听: 26.6s --------------------
[2026-04-16 22:33:51] INFO     继电器 ON (开始充电)
[2026-04-16 22:33:52] INFO     继电器执行 -> ON
[2026-04-16 22:34:18] INFO     继电器 OFF (切断充电)
[2026-04-16 22:34:18] INFO     继电器执行 -> OFF
[2026-04-16 22:34:18] INFO     物理断电静置 25.0s
[2026-04-16 22:34:43] WARNING  【结论】 [FAIL] 超时未检测到成功关键字
[2026-04-16 22:34:43] INFO     统计 -> 成功: 57 | 失败: 121 | 异常: 0 | 成功率: 32.0%
[2026-04-16 22:34:43] INFO     
-------------------- 第 179 轮 | 最大监听: 28.2s --------------------
[2026-04-16 22:34:43] INFO     继电器 ON (开始充电)
[2026-04-16 22:34:43] INFO     继电器执行 -> ON
[2026-04-16 22:35:06] INFO     捕获目标指令: voice_msgnum:9
[2026-04-16 22:35:06] INFO     状态维稳，保持闭合 25.0s
[2026-04-16 22:35:31] INFO     继电器 OFF (切断充电)
[2026-04-16 22:35:31] INFO     继电器执行 -> OFF
[2026-04-16 22:35:31] INFO     物理断电静置 25.0s
[2026-04-16 22:35:56] INFO     【结论】 [PASS] 成功关键字: voice_msgnum:9
[2026-04-16 22:35:56] INFO     统计 -> 成功: 58 | 失败: 121 | 异常: 0 | 成功率: 32.4%
[2026-04-16 22:35:56] INFO     
-------------------- 第 180 轮 | 最大监听: 29.6s --------------------
[2026-04-16 22:35:56] INFO     继电器 ON (开始充电)
[2026-04-16 22:35:56] INFO     继电器执行 -> ON
[2026-04-16 22:36:26] INFO     继电器 OFF (切断充电)
[2026-04-16 22:36:26] INFO     继电器执行 -> OFF
[2026-04-16 22:36:26] INFO     物理断电静置 25.0s
[2026-04-16 22:36:51] WARNING  【结论】 [FAIL] 超时未检测到成功关键字
[2026-04-16 22:36:51] INFO     统计 -> 成功: 58 | 失败: 122 | 异常: 0 | 成功率: 32.2%
[2026-04-16 22:36:51] INFO     
-------------------- 第 181 轮 | 最大监听: 25.5s --------------------
[2026-04-16 22:36:51] INFO     继电器 ON (开始充电)
[2026-04-16 22:36:51] INFO     继电器执行 -> ON
[2026-04-16 22:37:11] INFO     捕获目标指令: voice_msgnum:9
[2026-04-16 22:37:11] INFO     状态维稳，保持闭合 25.0s
[2026-04-16 22:37:36] INFO     继电器 OFF (切断充电)
[2026-04-16 22:37:36] INFO     继电器执行 -> OFF
[2026-04-16 22:37:36] INFO     物理断电静置 25.0s
[2026-04-16 22:38:01] INFO     【结论】 [PASS] 成功关键字: voice_msgnum:9
[2026-04-16 22:38:01] INFO     统计 -> 成功: 59 | 失败: 122 | 异常: 0 | 成功率: 32.6%
[2026-04-16 22:38:01] INFO     
-------------------- 第 182 轮 | 最大监听: 29.1s --------------------
[2026-04-16 22:38:01] INFO     继电器 ON (开始充电)
[2026-04-16 22:38:01] INFO     继电器执行 -> ON
[2026-04-16 22:38:30] INFO     继电器 OFF (切断充电)
[2026-04-16 22:38:30] INFO     继电器执行 -> OFF
[2026-04-16 22:38:30] INFO     物理断电静置 25.0s
[2026-04-16 22:38:55] WARNING  【结论】 [FAIL] 超时未检测到成功关键字
[2026-04-16 22:38:55] INFO     统计 -> 成功: 59 | 失败: 123 | 异常: 0 | 成功率: 32.4%
[2026-04-16 22:38:55] INFO     
-------------------- 第 183 轮 | 最大监听: 25.4s --------------------
[2026-04-16 22:38:55] INFO     继电器 ON (开始充电)
[2026-04-16 22:38:55] INFO     继电器执行 -> ON
[2026-04-16 22:39:21] INFO     继电器 OFF (切断充电)
[2026-04-16 22:39:21] INFO     继电器执行 -> OFF
[2026-04-16 22:39:21] INFO     物理断电静置 25.0s
[2026-04-16 22:39:46] WARNING  【结论】 [FAIL] 超时未检测到成功关键字
[2026-04-16 22:39:46] INFO     统计 -> 成功: 59 | 失败: 124 | 异常: 0 | 成功率: 32.2%
[2026-04-16 22:39:46] INFO     
-------------------- 第 184 轮 | 最大监听: 25.4s --------------------
[2026-04-16 22:39:46] INFO     继电器 ON (开始充电)
[2026-04-16 22:39:46] INFO     继电器执行 -> ON
[2026-04-16 22:40:11] INFO     继电器 OFF (切断充电)
[2026-04-16 22:40:11] INFO     继电器执行 -> OFF
[2026-04-16 22:40:11] INFO     物理断电静置 25.0s
[2026-04-16 22:40:36] WARNING  【结论】 [FAIL] 超时未检测到成功关键字
[2026-04-16 22:40:36] INFO     统计 -> 成功: 59 | 失败: 125 | 异常: 0 | 成功率: 32.1%
[2026-04-16 22:40:36] INFO     
-------------------- 第 185 轮 | 最大监听: 26.8s --------------------
[2026-04-16 22:40:36] INFO     继电器 ON (开始充电)
[2026-04-16 22:40:36] INFO     继电器执行 -> ON
[2026-04-16 22:41:03] INFO     继电器 OFF (切断充电)
[2026-04-16 22:41:03] INFO     继电器执行 -> OFF
[2026-04-16 22:41:03] INFO     物理断电静置 25.0s
[2026-04-16 22:41:28] WARNING  【结论】 [FAIL] 超时未检测到成功关键字
[2026-04-16 22:41:28] INFO     统计 -> 成功: 59 | 失败: 126 | 异常: 0 | 成功率: 31.9%
[2026-04-16 22:41:28] INFO     
-------------------- 第 186 轮 | 最大监听: 27.9s --------------------
[2026-04-16 22:41:28] INFO     继电器 ON (开始充电)
[2026-04-16 22:41:28] INFO     继电器执行 -> ON
[2026-04-16 22:41:51] INFO     捕获目标指令: voice_msgnum:9
[2026-04-16 22:41:51] INFO     状态维稳，保持闭合 25.0s
[2026-04-16 22:42:16] INFO     继电器 OFF (切断充电)
[2026-04-16 22:42:16] INFO     继电器执行 -> OFF
[2026-04-16 22:42:16] INFO     物理断电静置 25.0s
[2026-04-16 22:42:41] INFO     【结论】 [PASS] 成功关键字: voice_msgnum:9
[2026-04-16 22:42:41] INFO     统计 -> 成功: 60 | 失败: 126 | 异常: 0 | 成功率: 32.3%
[2026-04-16 22:42:41] INFO     
-------------------- 第 187 轮 | 最大监听: 28.7s --------------------
[2026-04-16 22:42:41] INFO     继电器 ON (开始充电)
[2026-04-16 22:42:41] INFO     继电器执行 -> ON
[2026-04-16 22:43:10] INFO     继电器 OFF (切断充电)
[2026-04-16 22:43:10] INFO     继电器执行 -> OFF
[2026-04-16 22:43:10] INFO     物理断电静置 25.0s
[2026-04-16 22:43:35] WARNING  【结论】 [FAIL] 超时未检测到成功关键字
[2026-04-16 22:43:35] INFO     统计 -> 成功: 60 | 失败: 127 | 异常: 0 | 成功率: 32.1%
[2026-04-16 22:43:35] INFO     
-------------------- 第 188 轮 | 最大监听: 27.4s --------------------
[2026-04-16 22:43:35] INFO     继电器 ON (开始充电)
[2026-04-16 22:43:35] INFO     继电器执行 -> ON
[2026-04-16 22:44:03] INFO     继电器 OFF (切断充电)
[2026-04-16 22:44:03] INFO     继电器执行 -> OFF
[2026-04-16 22:44:03] INFO     物理断电静置 25.0s
[2026-04-16 22:44:28] WARNING  【结论】 [FAIL] 超时未检测到成功关键字
[2026-04-16 22:44:28] INFO     统计 -> 成功: 60 | 失败: 128 | 异常: 0 | 成功率: 31.9%
[2026-04-16 22:44:28] INFO     
-------------------- 第 189 轮 | 最大监听: 29.2s --------------------
[2026-04-16 22:44:28] INFO     继电器 ON (开始充电)
[2026-04-16 22:44:28] INFO     继电器执行 -> ON
[2026-04-16 22:44:57] INFO     继电器 OFF (切断充电)
[2026-04-16 22:44:57] INFO     继电器执行 -> OFF
[2026-04-16 22:44:57] INFO     物理断电静置 25.0s
[2026-04-16 22:45:22] WARNING  【结论】 [FAIL] 超时未检测到成功关键字
[2026-04-16 22:45:22] INFO     统计 -> 成功: 60 | 失败: 129 | 异常: 0 | 成功率: 31.7%
[2026-04-16 22:45:22] INFO     
-------------------- 第 190 轮 | 最大监听: 30.0s --------------------
[2026-04-16 22:45:22] INFO     继电器 ON (开始充电)
[2026-04-16 22:45:22] INFO     继电器执行 -> ON
[2026-04-16 22:45:52] INFO     继电器 OFF (切断充电)
[2026-04-16 22:45:52] INFO     继电器执行 -> OFF
[2026-04-16 22:45:52] INFO     物理断电静置 25.0s
[2026-04-16 22:46:17] WARNING  【结论】 [FAIL] 超时未检测到成功关键字
[2026-04-16 22:46:17] INFO     统计 -> 成功: 60 | 失败: 130 | 异常: 0 | 成功率: 31.6%
[2026-04-16 22:46:17] INFO     
-------------------- 第 191 轮 | 最大监听: 25.8s --------------------
[2026-04-16 22:46:17] INFO     继电器 ON (开始充电)
[2026-04-16 22:46:17] INFO     继电器执行 -> ON
[2026-04-16 22:46:43] INFO     继电器 OFF (切断充电)
[2026-04-16 22:46:43] INFO     继电器执行 -> OFF
[2026-04-16 22:46:43] INFO     物理断电静置 25.0s
[2026-04-16 22:47:08] WARNING  【结论】 [FAIL] 超时未检测到成功关键字
[2026-04-16 22:47:08] INFO     统计 -> 成功: 60 | 失败: 131 | 异常: 0 | 成功率: 31.4%
[2026-04-16 22:47:08] INFO     
-------------------- 第 192 轮 | 最大监听: 27.2s --------------------
[2026-04-16 22:47:08] INFO     继电器 ON (开始充电)
[2026-04-16 22:47:08] INFO     继电器执行 -> ON
[2026-04-16 22:47:35] INFO     继电器 OFF (切断充电)
[2026-04-16 22:47:35] INFO     继电器执行 -> OFF
[2026-04-16 22:47:35] INFO     物理断电静置 25.0s
[2026-04-16 22:48:00] WARNING  【结论】 [FAIL] 超时未检测到成功关键字
[2026-04-16 22:48:00] INFO     统计 -> 成功: 60 | 失败: 132 | 异常: 0 | 成功率: 31.2%
[2026-04-16 22:48:00] INFO     
-------------------- 第 193 轮 | 最大监听: 26.1s --------------------
[2026-04-16 22:48:00] INFO     继电器 ON (开始充电)
[2026-04-16 22:48:00] INFO     继电器执行 -> ON
[2026-04-16 22:48:27] INFO     继电器 OFF (切断充电)
[2026-04-16 22:48:27] INFO     继电器执行 -> OFF
[2026-04-16 22:48:27] INFO     物理断电静置 25.0s
[2026-04-16 22:48:52] WARNING  【结论】 [FAIL] 超时未检测到成功关键字
[2026-04-16 22:48:52] INFO     统计 -> 成功: 60 | 失败: 133 | 异常: 0 | 成功率: 31.1%
[2026-04-16 22:48:52] INFO     
-------------------- 第 194 轮 | 最大监听: 26.9s --------------------
[2026-04-16 22:48:52] INFO     继电器 ON (开始充电)
[2026-04-16 22:48:52] INFO     继电器执行 -> ON
[2026-04-16 22:49:19] INFO     继电器 OFF (切断充电)
[2026-04-16 22:49:19] INFO     继电器执行 -> OFF
[2026-04-16 22:49:19] INFO     物理断电静置 25.0s
[2026-04-16 22:49:44] WARNING  【结论】 [FAIL] 超时未检测到成功关键字
[2026-04-16 22:49:44] INFO     统计 -> 成功: 60 | 失败: 134 | 异常: 0 | 成功率: 30.9%
[2026-04-16 22:49:44] INFO     
-------------------- 第 195 轮 | 最大监听: 28.9s --------------------
[2026-04-16 22:49:44] INFO     继电器 ON (开始充电)
[2026-04-16 22:49:44] INFO     继电器执行 -> ON
[2026-04-16 22:50:13] INFO     继电器 OFF (切断充电)
[2026-04-16 22:50:13] INFO     继电器执行 -> OFF
[2026-04-16 22:50:13] INFO     物理断电静置 25.0s
[2026-04-16 22:50:38] WARNING  【结论】 [FAIL] 超时未检测到成功关键字
[2026-04-16 22:50:38] INFO     统计 -> 成功: 60 | 失败: 135 | 异常: 0 | 成功率: 30.8%
[2026-04-16 22:50:38] INFO     
-------------------- 第 196 轮 | 最大监听: 25.2s --------------------
[2026-04-16 22:50:38] INFO     继电器 ON (开始充电)
[2026-04-16 22:50:38] INFO     继电器执行 -> ON
[2026-04-16 22:51:03] INFO     继电器 OFF (切断充电)
[2026-04-16 22:51:03] INFO     继电器执行 -> OFF
[2026-04-16 22:51:03] INFO     物理断电静置 25.0s
[2026-04-16 22:51:28] WARNING  【结论】 [FAIL] 超时未检测到成功关键字
[2026-04-16 22:51:28] INFO     统计 -> 成功: 60 | 失败: 136 | 异常: 0 | 成功率: 30.6%
[2026-04-16 22:51:28] INFO     
-------------------- 第 197 轮 | 最大监听: 25.5s --------------------
[2026-04-16 22:51:28] INFO     继电器 ON (开始充电)
[2026-04-16 22:51:28] INFO     继电器执行 -> ON
[2026-04-16 22:51:53] INFO     继电器 OFF (切断充电)
[2026-04-16 22:51:54] INFO     继电器执行 -> OFF
[2026-04-16 22:51:54] INFO     物理断电静置 25.0s
[2026-04-16 22:52:19] WARNING  【结论】 [FAIL] 超时未检测到成功关键字
[2026-04-16 22:52:19] INFO     统计 -> 成功: 60 | 失败: 137 | 异常: 0 | 成功率: 30.5%
[2026-04-16 22:52:19] INFO     
-------------------- 第 198 轮 | 最大监听: 26.5s --------------------
[2026-04-16 22:52:19] INFO     继电器 ON (开始充电)
[2026-04-16 22:52:19] INFO     继电器执行 -> ON
[2026-04-16 22:52:45] INFO     继电器 OFF (切断充电)
[2026-04-16 22:52:45] INFO     继电器执行 -> OFF
[2026-04-16 22:52:45] INFO     物理断电静置 25.0s
[2026-04-16 22:53:10] WARNING  【结论】 [FAIL] 超时未检测到成功关键字
[2026-04-16 22:53:10] INFO     统计 -> 成功: 60 | 失败: 138 | 异常: 0 | 成功率: 30.3%
[2026-04-16 22:53:10] INFO     
-------------------- 第 199 轮 | 最大监听: 28.6s --------------------
[2026-04-16 22:53:10] INFO     继电器 ON (开始充电)
[2026-04-16 22:53:10] INFO     继电器执行 -> ON
[2026-04-16 22:53:39] INFO     继电器 OFF (切断充电)
[2026-04-16 22:53:39] INFO     继电器执行 -> OFF
[2026-04-16 22:53:39] INFO     物理断电静置 25.0s
[2026-04-16 22:54:04] WARNING  【结论】 [FAIL] 超时未检测到成功关键字
[2026-04-16 22:54:04] INFO     统计 -> 成功: 60 | 失败: 139 | 异常: 0 | 成功率: 30.2%
[2026-04-16 22:54:04] INFO     
-------------------- 第 200 轮 | 最大监听: 29.5s --------------------
[2026-04-16 22:54:04] INFO     继电器 ON (开始充电)
[2026-04-16 22:54:04] INFO     继电器执行 -> ON
[2026-04-16 22:54:33] INFO     继电器 OFF (切断充电)
[2026-04-16 22:54:33] INFO     继电器执行 -> OFF
[2026-04-16 22:54:33] INFO     物理断电静置 25.0s
[2026-04-16 22:54:58] WARNING  【结论】 [FAIL] 超时未检测到成功关键字
[2026-04-16 22:54:58] INFO     统计 -> 成功: 60 | 失败: 140 | 异常: 0 | 成功率: 30.0%
[2026-04-16 22:54:58] INFO     
-------------------- 第 201 轮 | 最大监听: 26.8s --------------------
[2026-04-16 22:54:58] INFO     继电器 ON (开始充电)
[2026-04-16 22:54:58] INFO     继电器执行 -> ON
[2026-04-16 22:55:25] INFO     继电器 OFF (切断充电)
[2026-04-16 22:55:25] INFO     继电器执行 -> OFF
[2026-04-16 22:55:25] INFO     物理断电静置 25.0s
[2026-04-16 22:55:50] WARNING  【结论】 [FAIL] 超时未检测到成功关键字
[2026-04-16 22:55:50] INFO     统计 -> 成功: 60 | 失败: 141 | 异常: 0 | 成功率: 29.9%
[2026-04-16 22:55:50] INFO     
-------------------- 第 202 轮 | 最大监听: 25.9s --------------------
[2026-04-16 22:55:50] INFO     继电器 ON (开始充电)
[2026-04-16 22:55:50] INFO     继电器执行 -> ON
[2026-04-16 22:56:16] INFO     继电器 OFF (切断充电)
[2026-04-16 22:56:16] INFO     继电器执行 -> OFF
[2026-04-16 22:56:16] INFO     物理断电静置 25.0s
[2026-04-16 22:56:41] WARNING  【结论】 [FAIL] 超时未检测到成功关键字
[2026-04-16 22:56:41] INFO     统计 -> 成功: 60 | 失败: 142 | 异常: 0 | 成功率: 29.7%
[2026-04-16 22:56:41] INFO     
-------------------- 第 203 轮 | 最大监听: 26.1s --------------------
[2026-04-16 22:56:41] INFO     继电器 ON (开始充电)
[2026-04-16 22:56:41] INFO     继电器执行 -> ON
[2026-04-16 22:57:08] INFO     继电器 OFF (切断充电)
[2026-04-16 22:57:08] INFO     继电器执行 -> OFF
[2026-04-16 22:57:08] INFO     物理断电静置 25.0s
[2026-04-16 22:57:33] WARNING  【结论】 [FAIL] 超时未检测到成功关键字
[2026-04-16 22:57:33] INFO     统计 -> 成功: 60 | 失败: 143 | 异常: 0 | 成功率: 29.6%
[2026-04-16 22:57:33] INFO     
-------------------- 第 204 轮 | 最大监听: 27.8s --------------------
[2026-04-16 22:57:33] INFO     继电器 ON (开始充电)
[2026-04-16 22:57:33] INFO     继电器执行 -> ON
[2026-04-16 22:58:00] INFO     继电器 OFF (切断充电)
[2026-04-16 22:58:00] INFO     继电器执行 -> OFF
[2026-04-16 22:58:00] INFO     物理断电静置 25.0s
[2026-04-16 22:58:25] WARNING  【结论】 [FAIL] 超时未检测到成功关键字
[2026-04-16 22:58:25] INFO     统计 -> 成功: 60 | 失败: 144 | 异常: 0 | 成功率: 29.4%
[2026-04-16 22:58:25] INFO     
-------------------- 第 205 轮 | 最大监听: 26.9s --------------------
[2026-04-16 22:58:25] INFO     继电器 ON (开始充电)
[2026-04-16 22:58:26] INFO     继电器执行 -> ON
[2026-04-16 22:58:52] INFO     继电器 OFF (切断充电)
[2026-04-16 22:58:52] INFO     继电器执行 -> OFF
[2026-04-16 22:58:52] INFO     物理断电静置 25.0s
[2026-04-16 22:59:17] WARNING  【结论】 [FAIL] 超时未检测到成功关键字
[2026-04-16 22:59:17] INFO     统计 -> 成功: 60 | 失败: 145 | 异常: 0 | 成功率: 29.3%
[2026-04-16 22:59:17] INFO     
-------------------- 第 206 轮 | 最大监听: 28.8s --------------------
[2026-04-16 22:59:17] INFO     继电器 ON (开始充电)
[2026-04-16 22:59:18] INFO     继电器执行 -> ON
[2026-04-16 22:59:46] INFO     继电器 OFF (切断充电)
[2026-04-16 22:59:46] INFO     继电器执行 -> OFF
[2026-04-16 22:59:46] INFO     物理断电静置 25.0s
[2026-04-16 23:00:11] WARNING  【结论】 [FAIL] 超时未检测到成功关键字
[2026-04-16 23:00:11] INFO     统计 -> 成功: 60 | 失败: 146 | 异常: 0 | 成功率: 29.1%
[2026-04-16 23:00:11] INFO     
-------------------- 第 207 轮 | 最大监听: 26.5s --------------------
[2026-04-16 23:00:11] INFO     继电器 ON (开始充电)
[2026-04-16 23:00:11] INFO     继电器执行 -> ON
[2026-04-16 23:00:38] INFO     继电器 OFF (切断充电)
[2026-04-16 23:00:38] INFO     继电器执行 -> OFF
[2026-04-16 23:00:38] INFO     物理断电静置 25.0s
[2026-04-16 23:01:03] WARNING  【结论】 [FAIL] 超时未检测到成功关键字
[2026-04-16 23:01:03] INFO     统计 -> 成功: 60 | 失败: 147 | 异常: 0 | 成功率: 29.0%
[2026-04-16 23:01:03] INFO     
-------------------- 第 208 轮 | 最大监听: 25.1s --------------------
[2026-04-16 23:01:03] INFO     继电器 ON (开始充电)
[2026-04-16 23:01:03] INFO     继电器执行 -> ON
[2026-04-16 23:01:14] INFO     捕获目标指令: voice_msgnum:9
[2026-04-16 23:01:14] INFO     状态维稳，保持闭合 25.0s
[2026-04-16 23:01:39] INFO     继电器 OFF (切断充电)
[2026-04-16 23:01:39] INFO     继电器执行 -> OFF
[2026-04-16 23:01:39] INFO     物理断电静置 25.0s
[2026-04-16 23:02:04] INFO     【结论】 [PASS] 成功关键字: voice_msgnum:9
[2026-04-16 23:02:04] INFO     统计 -> 成功: 61 | 失败: 147 | 异常: 0 | 成功率: 29.3%
[2026-04-16 23:02:04] INFO     
-------------------- 第 209 轮 | 最大监听: 28.4s --------------------
[2026-04-16 23:02:04] INFO     继电器 ON (开始充电)
[2026-04-16 23:02:04] INFO     继电器执行 -> ON
[2026-04-16 23:02:32] INFO     继电器 OFF (切断充电)
[2026-04-16 23:02:32] INFO     继电器执行 -> OFF
[2026-04-16 23:02:32] INFO     物理断电静置 25.0s
[2026-04-16 23:02:57] WARNING  【结论】 [FAIL] 超时未检测到成功关键字
[2026-04-16 23:02:57] INFO     统计 -> 成功: 61 | 失败: 148 | 异常: 0 | 成功率: 29.2%
[2026-04-16 23:02:57] INFO     
-------------------- 第 210 轮 | 最大监听: 29.7s --------------------
[2026-04-16 23:02:57] INFO     继电器 ON (开始充电)
[2026-04-16 23:02:57] INFO     继电器执行 -> ON
[2026-04-16 23:03:27] INFO     继电器 OFF (切断充电)
[2026-04-16 23:03:27] INFO     继电器执行 -> OFF
[2026-04-16 23:03:27] INFO     物理断电静置 25.0s
[2026-04-16 23:03:52] WARNING  【结论】 [FAIL] 超时未检测到成功关键字
[2026-04-16 23:03:52] INFO     统计 -> 成功: 61 | 失败: 149 | 异常: 0 | 成功率: 29.0%
[2026-04-16 23:03:52] INFO     
-------------------- 第 211 轮 | 最大监听: 29.4s --------------------
[2026-04-16 23:03:52] INFO     继电器 ON (开始充电)
[2026-04-16 23:03:52] INFO     继电器执行 -> ON
[2026-04-16 23:04:22] INFO     继电器 OFF (切断充电)
[2026-04-16 23:04:22] INFO     继电器执行 -> OFF
[2026-04-16 23:04:22] INFO     物理断电静置 25.0s
[2026-04-16 23:04:47] WARNING  【结论】 [FAIL] 超时未检测到成功关键字
[2026-04-16 23:04:47] INFO     统计 -> 成功: 61 | 失败: 150 | 异常: 0 | 成功率: 28.9%
[2026-04-16 23:04:47] INFO     
-------------------- 第 212 轮 | 最大监听: 26.6s --------------------
[2026-04-16 23:04:47] INFO     继电器 ON (开始充电)
[2026-04-16 23:04:47] INFO     继电器执行 -> ON
[2026-04-16 23:05:03] INFO     捕获目标指令: voice_msgnum:9
[2026-04-16 23:05:03] INFO     状态维稳，保持闭合 25.0s
[2026-04-16 23:05:28] INFO     继电器 OFF (切断充电)
[2026-04-16 23:05:28] INFO     继电器执行 -> OFF
[2026-04-16 23:05:28] INFO     物理断电静置 25.0s
[2026-04-16 23:05:53] INFO     【结论】 [PASS] 成功关键字: voice_msgnum:9
[2026-04-16 23:05:53] INFO     统计 -> 成功: 62 | 失败: 150 | 异常: 0 | 成功率: 29.2%
[2026-04-16 23:05:53] INFO     
-------------------- 第 213 轮 | 最大监听: 27.9s --------------------
[2026-04-16 23:05:53] INFO     继电器 ON (开始充电)
[2026-04-16 23:05:54] INFO     继电器执行 -> ON
[2026-04-16 23:06:13] INFO     捕获目标指令: voice_msgnum:9
[2026-04-16 23:06:13] INFO     状态维稳，保持闭合 25.0s
[2026-04-16 23:06:38] INFO     继电器 OFF (切断充电)
[2026-04-16 23:06:38] INFO     继电器执行 -> OFF
[2026-04-16 23:06:38] INFO     物理断电静置 25.0s
[2026-04-16 23:07:03] INFO     【结论】 [PASS] 成功关键字: voice_msgnum:9
[2026-04-16 23:07:03] INFO     统计 -> 成功: 63 | 失败: 150 | 异常: 0 | 成功率: 29.6%
[2026-04-16 23:07:03] INFO     
-------------------- 第 214 轮 | 最大监听: 28.4s --------------------
[2026-04-16 23:07:03] INFO     继电器 ON (开始充电)
[2026-04-16 23:07:03] INFO     继电器执行 -> ON
[2026-04-16 23:07:32] INFO     继电器 OFF (切断充电)
[2026-04-16 23:07:32] INFO     继电器执行 -> OFF
[2026-04-16 23:07:32] INFO     物理断电静置 25.0s
[2026-04-16 23:07:57] WARNING  【结论】 [FAIL] 超时未检测到成功关键字
[2026-04-16 23:07:57] INFO     统计 -> 成功: 63 | 失败: 151 | 异常: 0 | 成功率: 29.4%
[2026-04-16 23:07:57] INFO     
-------------------- 第 215 轮 | 最大监听: 27.2s --------------------
[2026-04-16 23:07:57] INFO     继电器 ON (开始充电)
[2026-04-16 23:07:57] INFO     继电器执行 -> ON
[2026-04-16 23:08:10] INFO     捕获目标指令: voice_msgnum:9
[2026-04-16 23:08:10] INFO     状态维稳，保持闭合 25.0s
[2026-04-16 23:08:35] INFO     继电器 OFF (切断充电)
[2026-04-16 23:08:35] INFO     继电器执行 -> OFF
[2026-04-16 23:08:35] INFO     物理断电静置 25.0s
[2026-04-16 23:09:01] INFO     【结论】 [PASS] 成功关键字: voice_msgnum:9
[2026-04-16 23:09:01] INFO     统计 -> 成功: 64 | 失败: 151 | 异常: 0 | 成功率: 29.8%
[2026-04-16 23:09:01] INFO     
-------------------- 第 216 轮 | 最大监听: 28.2s --------------------
[2026-04-16 23:09:01] INFO     继电器 ON (开始充电)
[2026-04-16 23:09:01] INFO     继电器执行 -> ON
[2026-04-16 23:09:21] INFO     捕获目标指令: voice_msgnum:9
[2026-04-16 23:09:21] INFO     状态维稳，保持闭合 25.0s
[2026-04-16 23:09:46] INFO     继电器 OFF (切断充电)
[2026-04-16 23:09:46] INFO     继电器执行 -> OFF
[2026-04-16 23:09:46] INFO     物理断电静置 25.0s
[2026-04-16 23:10:11] INFO     【结论】 [PASS] 成功关键字: voice_msgnum:9
[2026-04-16 23:10:11] INFO     统计 -> 成功: 65 | 失败: 151 | 异常: 0 | 成功率: 30.1%
[2026-04-16 23:10:11] INFO     
-------------------- 第 217 轮 | 最大监听: 27.8s --------------------
[2026-04-16 23:10:11] INFO     继电器 ON (开始充电)
[2026-04-16 23:10:11] INFO     继电器执行 -> ON
[2026-04-16 23:10:24] INFO     捕获目标指令: voice_msgnum:9
[2026-04-16 23:10:24] INFO     状态维稳，保持闭合 25.0s
[2026-04-16 23:10:49] INFO     继电器 OFF (切断充电)
[2026-04-16 23:10:49] INFO     继电器执行 -> OFF
[2026-04-16 23:10:49] INFO     物理断电静置 25.0s
[2026-04-16 23:11:14] INFO     【结论】 [PASS] 成功关键字: voice_msgnum:9
[2026-04-16 23:11:14] INFO     统计 -> 成功: 66 | 失败: 151 | 异常: 0 | 成功率: 30.4%
[2026-04-16 23:11:14] INFO     
-------------------- 第 218 轮 | 最大监听: 26.3s --------------------
[2026-04-16 23:11:14] INFO     继电器 ON (开始充电)
[2026-04-16 23:11:14] INFO     继电器执行 -> ON
[2026-04-16 23:11:40] INFO     继电器 OFF (切断充电)
[2026-04-16 23:11:41] INFO     继电器执行 -> OFF
[2026-04-16 23:11:41] INFO     物理断电静置 25.0s
[2026-04-16 23:12:06] WARNING  【结论】 [FAIL] 超时未检测到成功关键字
[2026-04-16 23:12:06] INFO     统计 -> 成功: 66 | 失败: 152 | 异常: 0 | 成功率: 30.3%
[2026-04-16 23:12:06] INFO     
-------------------- 第 219 轮 | 最大监听: 25.6s --------------------
[2026-04-16 23:12:06] INFO     继电器 ON (开始充电)
[2026-04-16 23:12:06] INFO     继电器执行 -> ON
[2026-04-16 23:12:29] INFO     捕获目标指令: voice_msgnum:9
[2026-04-16 23:12:29] INFO     状态维稳，保持闭合 25.0s
[2026-04-16 23:12:54] INFO     继电器 OFF (切断充电)
[2026-04-16 23:12:54] INFO     继电器执行 -> OFF
[2026-04-16 23:12:54] INFO     物理断电静置 25.0s
[2026-04-16 23:13:19] INFO     【结论】 [PASS] 成功关键字: voice_msgnum:9
[2026-04-16 23:13:19] INFO     统计 -> 成功: 67 | 失败: 152 | 异常: 0 | 成功率: 30.6%
[2026-04-16 23:13:19] INFO     
-------------------- 第 220 轮 | 最大监听: 25.5s --------------------
[2026-04-16 23:13:19] INFO     继电器 ON (开始充电)
[2026-04-16 23:13:19] INFO     继电器执行 -> ON
[2026-04-16 23:13:44] INFO     继电器 OFF (切断充电)
[2026-04-16 23:13:44] INFO     继电器执行 -> OFF
[2026-04-16 23:13:44] INFO     物理断电静置 25.0s
[2026-04-16 23:14:09] WARNING  【结论】 [FAIL] 超时未检测到成功关键字
[2026-04-16 23:14:09] INFO     统计 -> 成功: 67 | 失败: 153 | 异常: 0 | 成功率: 30.5%
[2026-04-16 23:14:09] INFO     
-------------------- 第 221 轮 | 最大监听: 25.6s --------------------
[2026-04-16 23:14:09] INFO     继电器 ON (开始充电)
[2026-04-16 23:14:09] INFO     继电器执行 -> ON
[2026-04-16 23:14:35] INFO     继电器 OFF (切断充电)
[2026-04-16 23:14:35] INFO     继电器执行 -> OFF
[2026-04-16 23:14:35] INFO     物理断电静置 25.0s
[2026-04-16 23:15:00] WARNING  【结论】 [FAIL] 超时未检测到成功关键字
[2026-04-16 23:15:00] INFO     统计 -> 成功: 67 | 失败: 154 | 异常: 0 | 成功率: 30.3%
[2026-04-16 23:15:00] INFO     
-------------------- 第 222 轮 | 最大监听: 28.1s --------------------
[2026-04-16 23:15:00] INFO     继电器 ON (开始充电)
[2026-04-16 23:15:00] INFO     继电器执行 -> ON
[2026-04-16 23:15:28] INFO     继电器 OFF (切断充电)
[2026-04-16 23:15:28] INFO     继电器执行 -> OFF
[2026-04-16 23:15:28] INFO     物理断电静置 25.0s
[2026-04-16 23:15:53] WARNING  【结论】 [FAIL] 超时未检测到成功关键字
[2026-04-16 23:15:53] INFO     统计 -> 成功: 67 | 失败: 155 | 异常: 0 | 成功率: 30.2%
[2026-04-16 23:15:53] INFO     
-------------------- 第 223 轮 | 最大监听: 26.7s --------------------
[2026-04-16 23:15:53] INFO     继电器 ON (开始充电)
[2026-04-16 23:15:53] INFO     继电器执行 -> ON
[2026-04-16 23:16:20] INFO     继电器 OFF (切断充电)
[2026-04-16 23:16:20] INFO     继电器执行 -> OFF
[2026-04-16 23:16:20] INFO     物理断电静置 25.0s
[2026-04-16 23:16:45] WARNING  【结论】 [FAIL] 超时未检测到成功关键字
[2026-04-16 23:16:45] INFO     统计 -> 成功: 67 | 失败: 156 | 异常: 0 | 成功率: 30.0%
[2026-04-16 23:16:45] INFO     
-------------------- 第 224 轮 | 最大监听: 27.0s --------------------
[2026-04-16 23:16:45] INFO     继电器 ON (开始充电)
[2026-04-16 23:16:45] INFO     继电器执行 -> ON
[2026-04-16 23:17:12] INFO     继电器 OFF (切断充电)
[2026-04-16 23:17:12] INFO     继电器执行 -> OFF
[2026-04-16 23:17:12] INFO     物理断电静置 25.0s
[2026-04-16 23:17:37] WARNING  【结论】 [FAIL] 超时未检测到成功关键字
[2026-04-16 23:17:37] INFO     统计 -> 成功: 67 | 失败: 157 | 异常: 0 | 成功率: 29.9%
[2026-04-16 23:17:37] INFO     
-------------------- 第 225 轮 | 最大监听: 27.9s --------------------
[2026-04-16 23:17:37] INFO     继电器 ON (开始充电)
[2026-04-16 23:17:37] INFO     继电器执行 -> ON
[2026-04-16 23:18:05] INFO     继电器 OFF (切断充电)
[2026-04-16 23:18:05] INFO     继电器执行 -> OFF
[2026-04-16 23:18:05] INFO     物理断电静置 25.0s
[2026-04-16 23:18:30] WARNING  【结论】 [FAIL] 超时未检测到成功关键字
[2026-04-16 23:18:30] INFO     统计 -> 成功: 67 | 失败: 158 | 异常: 0 | 成功率: 29.8%
[2026-04-16 23:18:30] INFO     
-------------------- 第 226 轮 | 最大监听: 26.8s --------------------
[2026-04-16 23:18:30] INFO     继电器 ON (开始充电)
[2026-04-16 23:18:30] INFO     继电器执行 -> ON
[2026-04-16 23:18:57] INFO     继电器 OFF (切断充电)
[2026-04-16 23:18:57] INFO     继电器执行 -> OFF
[2026-04-16 23:18:57] INFO     物理断电静置 25.0s
[2026-04-16 23:19:22] WARNING  【结论】 [FAIL] 超时未检测到成功关键字
[2026-04-16 23:19:22] INFO     统计 -> 成功: 67 | 失败: 159 | 异常: 0 | 成功率: 29.6%
[2026-04-16 23:19:22] INFO     
-------------------- 第 227 轮 | 最大监听: 29.4s --------------------
[2026-04-16 23:19:22] INFO     继电器 ON (开始充电)
[2026-04-16 23:19:22] INFO     继电器执行 -> ON
[2026-04-16 23:19:51] INFO     捕获目标指令: voice_msgnum:9
[2026-04-16 23:19:51] INFO     状态维稳，保持闭合 25.0s
[2026-04-16 23:20:16] INFO     继电器 OFF (切断充电)
[2026-04-16 23:20:16] INFO     继电器执行 -> OFF
[2026-04-16 23:20:16] INFO     物理断电静置 25.0s
[2026-04-16 23:20:41] INFO     【结论】 [PASS] 成功关键字: voice_msgnum:9
[2026-04-16 23:20:41] INFO     统计 -> 成功: 68 | 失败: 159 | 异常: 0 | 成功率: 30.0%
[2026-04-16 23:20:41] INFO     
-------------------- 第 228 轮 | 最大监听: 27.7s --------------------
[2026-04-16 23:20:41] INFO     继电器 ON (开始充电)
[2026-04-16 23:20:42] INFO     继电器执行 -> ON
[2026-04-16 23:21:09] INFO     继电器 OFF (切断充电)
[2026-04-16 23:21:09] INFO     继电器执行 -> OFF
[2026-04-16 23:21:09] INFO     物理断电静置 25.0s
[2026-04-16 23:21:34] WARNING  【结论】 [FAIL] 超时未检测到成功关键字
[2026-04-16 23:21:34] INFO     统计 -> 成功: 68 | 失败: 160 | 异常: 0 | 成功率: 29.8%
[2026-04-16 23:21:34] INFO     
-------------------- 第 229 轮 | 最大监听: 28.1s --------------------
[2026-04-16 23:21:34] INFO     继电器 ON (开始充电)
[2026-04-16 23:21:34] INFO     继电器执行 -> ON
[2026-04-16 23:22:02] INFO     继电器 OFF (切断充电)
[2026-04-16 23:22:02] INFO     继电器执行 -> OFF
[2026-04-16 23:22:02] INFO     物理断电静置 25.0s
[2026-04-16 23:22:27] WARNING  【结论】 [FAIL] 超时未检测到成功关键字
[2026-04-16 23:22:27] INFO     统计 -> 成功: 68 | 失败: 161 | 异常: 0 | 成功率: 29.7%
[2026-04-16 23:22:27] INFO     
-------------------- 第 230 轮 | 最大监听: 29.9s --------------------
[2026-04-16 23:22:27] INFO     继电器 ON (开始充电)
[2026-04-16 23:22:28] INFO     继电器执行 -> ON
[2026-04-16 23:22:47] INFO     捕获目标指令: voice_msgnum:9
[2026-04-16 23:22:47] INFO     状态维稳，保持闭合 25.0s
[2026-04-16 23:23:12] INFO     继电器 OFF (切断充电)
[2026-04-16 23:23:13] INFO     继电器执行 -> OFF
[2026-04-16 23:23:13] INFO     物理断电静置 25.0s
[2026-04-16 23:23:38] INFO     【结论】 [PASS] 成功关键字: voice_msgnum:9
[2026-04-16 23:23:38] INFO     统计 -> 成功: 69 | 失败: 161 | 异常: 0 | 成功率: 30.0%
[2026-04-16 23:23:38] INFO     
-------------------- 第 231 轮 | 最大监听: 27.2s --------------------
[2026-04-16 23:23:38] INFO     继电器 ON (开始充电)
[2026-04-16 23:23:38] INFO     继电器执行 -> ON
[2026-04-16 23:24:05] INFO     继电器 OFF (切断充电)
[2026-04-16 23:24:05] INFO     继电器执行 -> OFF
[2026-04-16 23:24:05] INFO     物理断电静置 25.0s
[2026-04-16 23:24:30] WARNING  【结论】 [FAIL] 超时未检测到成功关键字
[2026-04-16 23:24:30] INFO     统计 -> 成功: 69 | 失败: 162 | 异常: 0 | 成功率: 29.9%
[2026-04-16 23:24:30] INFO     
-------------------- 第 232 轮 | 最大监听: 27.6s --------------------
[2026-04-16 23:24:30] INFO     继电器 ON (开始充电)
[2026-04-16 23:24:30] INFO     继电器执行 -> ON
[2026-04-16 23:24:57] INFO     继电器 OFF (切断充电)
[2026-04-16 23:24:58] INFO     继电器执行 -> OFF
[2026-04-16 23:24:58] INFO     物理断电静置 25.0s
[2026-04-16 23:25:23] WARNING  【结论】 [FAIL] 超时未检测到成功关键字
[2026-04-16 23:25:23] INFO     统计 -> 成功: 69 | 失败: 163 | 异常: 0 | 成功率: 29.7%
[2026-04-16 23:25:23] INFO     
-------------------- 第 233 轮 | 最大监听: 28.5s --------------------
[2026-04-16 23:25:23] INFO     继电器 ON (开始充电)
[2026-04-16 23:25:23] INFO     继电器执行 -> ON
[2026-04-16 23:25:51] INFO     继电器 OFF (切断充电)
[2026-04-16 23:25:51] INFO     继电器执行 -> OFF
[2026-04-16 23:25:51] INFO     物理断电静置 25.0s
[2026-04-16 23:26:16] WARNING  【结论】 [FAIL] 超时未检测到成功关键字
[2026-04-16 23:26:16] INFO     统计 -> 成功: 69 | 失败: 164 | 异常: 0 | 成功率: 29.6%
[2026-04-16 23:26:16] INFO     
-------------------- 第 234 轮 | 最大监听: 25.6s --------------------
[2026-04-16 23:26:16] INFO     继电器 ON (开始充电)
[2026-04-16 23:26:16] INFO     继电器执行 -> ON
[2026-04-16 23:26:36] INFO     捕获目标指令: voice_msgnum:9
[2026-04-16 23:26:36] INFO     状态维稳，保持闭合 25.0s
[2026-04-16 23:27:01] INFO     继电器 OFF (切断充电)
[2026-04-16 23:27:01] INFO     继电器执行 -> OFF
[2026-04-16 23:27:01] INFO     物理断电静置 25.0s
[2026-04-16 23:27:26] INFO     【结论】 [PASS] 成功关键字: voice_msgnum:9
[2026-04-16 23:27:26] INFO     统计 -> 成功: 70 | 失败: 164 | 异常: 0 | 成功率: 29.9%
[2026-04-16 23:27:26] INFO     
-------------------- 第 235 轮 | 最大监听: 28.9s --------------------
[2026-04-16 23:27:26] INFO     继电器 ON (开始充电)
[2026-04-16 23:27:26] INFO     继电器执行 -> ON
[2026-04-16 23:27:55] INFO     继电器 OFF (切断充电)
[2026-04-16 23:27:55] INFO     继电器执行 -> OFF
[2026-04-16 23:27:55] INFO     物理断电静置 25.0s
[2026-04-16 23:28:20] WARNING  【结论】 [FAIL] 超时未检测到成功关键字
[2026-04-16 23:28:20] INFO     统计 -> 成功: 70 | 失败: 165 | 异常: 0 | 成功率: 29.8%
[2026-04-16 23:28:20] INFO     
-------------------- 第 236 轮 | 最大监听: 25.6s --------------------
[2026-04-16 23:28:20] INFO     继电器 ON (开始充电)
[2026-04-16 23:28:20] INFO     继电器执行 -> ON
[2026-04-16 23:28:46] INFO     继电器 OFF (切断充电)
[2026-04-16 23:28:46] INFO     继电器执行 -> OFF
[2026-04-16 23:28:46] INFO     物理断电静置 25.0s
[2026-04-16 23:29:11] WARNING  【结论】 [FAIL] 超时未检测到成功关键字
[2026-04-16 23:29:11] INFO     统计 -> 成功: 70 | 失败: 166 | 异常: 0 | 成功率: 29.7%
[2026-04-16 23:29:11] INFO     
-------------------- 第 237 轮 | 最大监听: 29.0s --------------------
[2026-04-16 23:29:11] INFO     继电器 ON (开始充电)
[2026-04-16 23:29:11] INFO     继电器执行 -> ON
[2026-04-16 23:29:40] INFO     继电器 OFF (切断充电)
[2026-04-16 23:29:40] INFO     继电器执行 -> OFF
[2026-04-16 23:29:40] INFO     物理断电静置 25.0s
[2026-04-16 23:30:05] WARNING  【结论】 [FAIL] 超时未检测到成功关键字
[2026-04-16 23:30:05] INFO     统计 -> 成功: 70 | 失败: 167 | 异常: 0 | 成功率: 29.5%
[2026-04-16 23:30:05] INFO     
-------------------- 第 238 轮 | 最大监听: 29.0s --------------------
[2026-04-16 23:30:05] INFO     继电器 ON (开始充电)
[2026-04-16 23:30:05] INFO     继电器执行 -> ON
[2026-04-16 23:30:34] INFO     继电器 OFF (切断充电)
[2026-04-16 23:30:34] INFO     继电器执行 -> OFF
[2026-04-16 23:30:34] INFO     物理断电静置 25.0s
[2026-04-16 23:30:59] WARNING  【结论】 [FAIL] 超时未检测到成功关键字
[2026-04-16 23:30:59] INFO     统计 -> 成功: 70 | 失败: 168 | 异常: 0 | 成功率: 29.4%
[2026-04-16 23:30:59] INFO     
-------------------- 第 239 轮 | 最大监听: 25.0s --------------------
[2026-04-16 23:30:59] INFO     继电器 ON (开始充电)
[2026-04-16 23:30:59] INFO     继电器执行 -> ON
[2026-04-16 23:31:24] INFO     继电器 OFF (切断充电)
[2026-04-16 23:31:24] INFO     继电器执行 -> OFF
[2026-04-16 23:31:24] INFO     物理断电静置 25.0s
[2026-04-16 23:31:49] WARNING  【结论】 [FAIL] 超时未检测到成功关键字
[2026-04-16 23:31:49] INFO     统计 -> 成功: 70 | 失败: 169 | 异常: 0 | 成功率: 29.3%
[2026-04-16 23:31:49] INFO     
-------------------- 第 240 轮 | 最大监听: 27.8s --------------------
[2026-04-16 23:31:49] INFO     继电器 ON (开始充电)
[2026-04-16 23:31:49] INFO     继电器执行 -> ON
[2026-04-16 23:32:17] INFO     继电器 OFF (切断充电)
[2026-04-16 23:32:17] INFO     继电器执行 -> OFF
[2026-04-16 23:32:17] INFO     物理断电静置 25.0s
[2026-04-16 23:32:42] WARNING  【结论】 [FAIL] 超时未检测到成功关键字
[2026-04-16 23:32:42] INFO     统计 -> 成功: 70 | 失败: 170 | 异常: 0 | 成功率: 29.2%
[2026-04-16 23:32:42] INFO     
-------------------- 第 241 轮 | 最大监听: 29.7s --------------------
[2026-04-16 23:32:42] INFO     继电器 ON (开始充电)
[2026-04-16 23:32:42] INFO     继电器执行 -> ON
[2026-04-16 23:33:12] INFO     继电器 OFF (切断充电)
[2026-04-16 23:33:12] INFO     继电器执行 -> OFF
[2026-04-16 23:33:12] INFO     物理断电静置 25.0s
[2026-04-16 23:33:37] WARNING  【结论】 [FAIL] 超时未检测到成功关键字
[2026-04-16 23:33:37] INFO     统计 -> 成功: 70 | 失败: 171 | 异常: 0 | 成功率: 29.0%
[2026-04-16 23:33:37] INFO     
-------------------- 第 242 轮 | 最大监听: 26.4s --------------------
[2026-04-16 23:33:37] INFO     继电器 ON (开始充电)
[2026-04-16 23:33:37] INFO     继电器执行 -> ON
[2026-04-16 23:34:03] INFO     继电器 OFF (切断充电)
[2026-04-16 23:34:04] INFO     继电器执行 -> OFF
[2026-04-16 23:34:04] INFO     物理断电静置 25.0s
[2026-04-16 23:34:29] WARNING  【结论】 [FAIL] 超时未检测到成功关键字
[2026-04-16 23:34:29] INFO     统计 -> 成功: 70 | 失败: 172 | 异常: 0 | 成功率: 28.9%
[2026-04-16 23:34:29] INFO     
-------------------- 第 243 轮 | 最大监听: 25.6s --------------------
[2026-04-16 23:34:29] INFO     继电器 ON (开始充电)
[2026-04-16 23:34:29] INFO     继电器执行 -> ON
[2026-04-16 23:34:54] INFO     继电器 OFF (切断充电)
[2026-04-16 23:34:54] INFO     继电器执行 -> OFF
[2026-04-16 23:34:54] INFO     物理断电静置 25.0s
[2026-04-16 23:35:19] WARNING  【结论】 [FAIL] 超时未检测到成功关键字
[2026-04-16 23:35:19] INFO     统计 -> 成功: 70 | 失败: 173 | 异常: 0 | 成功率: 28.8%
[2026-04-16 23:35:19] INFO     
-------------------- 第 244 轮 | 最大监听: 26.5s --------------------
[2026-04-16 23:35:19] INFO     继电器 ON (开始充电)
[2026-04-16 23:35:19] INFO     继电器执行 -> ON
[2026-04-16 23:35:46] INFO     继电器 OFF (切断充电)
[2026-04-16 23:35:46] INFO     继电器执行 -> OFF
[2026-04-16 23:35:46] INFO     物理断电静置 25.0s
[2026-04-16 23:36:11] WARNING  【结论】 [FAIL] 超时未检测到成功关键字
[2026-04-16 23:36:11] INFO     统计 -> 成功: 70 | 失败: 174 | 异常: 0 | 成功率: 28.7%
[2026-04-16 23:36:11] INFO     
-------------------- 第 245 轮 | 最大监听: 29.4s --------------------
[2026-04-16 23:36:11] INFO     继电器 ON (开始充电)
[2026-04-16 23:36:11] INFO     继电器执行 -> ON
[2026-04-16 23:36:40] INFO     继电器 OFF (切断充电)
[2026-04-16 23:36:40] INFO     继电器执行 -> OFF
[2026-04-16 23:36:40] INFO     物理断电静置 25.0s
[2026-04-16 23:37:05] WARNING  【结论】 [FAIL] 超时未检测到成功关键字
[2026-04-16 23:37:05] INFO     统计 -> 成功: 70 | 失败: 175 | 异常: 0 | 成功率: 28.6%
[2026-04-16 23:37:05] INFO     
-------------------- 第 246 轮 | 最大监听: 28.5s --------------------
[2026-04-16 23:37:05] INFO     继电器 ON (开始充电)
[2026-04-16 23:37:05] INFO     继电器执行 -> ON
[2026-04-16 23:37:28] INFO     捕获目标指令: voice_msgnum:9
[2026-04-16 23:37:28] INFO     状态维稳，保持闭合 25.0s
[2026-04-16 23:37:53] INFO     继电器 OFF (切断充电)
[2026-04-16 23:37:54] INFO     继电器执行 -> OFF
[2026-04-16 23:37:54] INFO     物理断电静置 25.0s
[2026-04-16 23:38:19] INFO     【结论】 [PASS] 成功关键字: voice_msgnum:9
[2026-04-16 23:38:19] INFO     统计 -> 成功: 71 | 失败: 175 | 异常: 0 | 成功率: 28.9%
[2026-04-16 23:38:19] INFO     
-------------------- 第 247 轮 | 最大监听: 27.5s --------------------
[2026-04-16 23:38:19] INFO     继电器 ON (开始充电)
[2026-04-16 23:38:19] INFO     继电器执行 -> ON
[2026-04-16 23:38:46] INFO     继电器 OFF (切断充电)
[2026-04-16 23:38:46] INFO     继电器执行 -> OFF
[2026-04-16 23:38:46] INFO     物理断电静置 25.0s
[2026-04-16 23:39:11] WARNING  【结论】 [FAIL] 超时未检测到成功关键字
[2026-04-16 23:39:11] INFO     统计 -> 成功: 71 | 失败: 176 | 异常: 0 | 成功率: 28.7%
[2026-04-16 23:39:11] INFO     
-------------------- 第 248 轮 | 最大监听: 28.9s --------------------
[2026-04-16 23:39:11] INFO     继电器 ON (开始充电)
[2026-04-16 23:39:11] INFO     继电器执行 -> ON
[2026-04-16 23:39:40] INFO     继电器 OFF (切断充电)
[2026-04-16 23:39:40] INFO     继电器执行 -> OFF
[2026-04-16 23:39:40] INFO     物理断电静置 25.0s
[2026-04-16 23:40:05] WARNING  【结论】 [FAIL] 超时未检测到成功关键字
[2026-04-16 23:40:05] INFO     统计 -> 成功: 71 | 失败: 177 | 异常: 0 | 成功率: 28.6%
[2026-04-16 23:40:05] INFO     
-------------------- 第 249 轮 | 最大监听: 29.5s --------------------
[2026-04-16 23:40:05] INFO     继电器 ON (开始充电)
[2026-04-16 23:40:05] INFO     继电器执行 -> ON
[2026-04-16 23:40:35] INFO     继电器 OFF (切断充电)
[2026-04-16 23:40:35] INFO     继电器执行 -> OFF
[2026-04-16 23:40:35] INFO     物理断电静置 25.0s
[2026-04-16 23:41:00] WARNING  【结论】 [FAIL] 超时未检测到成功关键字
[2026-04-16 23:41:00] INFO     统计 -> 成功: 71 | 失败: 178 | 异常: 0 | 成功率: 28.5%
[2026-04-16 23:41:00] INFO     
-------------------- 第 250 轮 | 最大监听: 28.2s --------------------
[2026-04-16 23:41:00] INFO     继电器 ON (开始充电)
[2026-04-16 23:41:00] INFO     继电器执行 -> ON
[2026-04-16 23:41:10] INFO     捕获目标指令: voice_msgnum:9
[2026-04-16 23:41:10] INFO     状态维稳，保持闭合 25.0s
[2026-04-16 23:41:35] INFO     继电器 OFF (切断充电)
[2026-04-16 23:41:35] INFO     继电器执行 -> OFF
[2026-04-16 23:41:35] INFO     物理断电静置 25.0s
[2026-04-16 23:42:01] INFO     【结论】 [PASS] 成功关键字: voice_msgnum:9
[2026-04-16 23:42:01] INFO     统计 -> 成功: 72 | 失败: 178 | 异常: 0 | 成功率: 28.8%
[2026-04-16 23:42:01] INFO     
-------------------- 第 251 轮 | 最大监听: 28.5s --------------------
[2026-04-16 23:42:01] INFO     继电器 ON (开始充电)
[2026-04-16 23:42:01] INFO     继电器执行 -> ON
[2026-04-16 23:42:29] INFO     继电器 OFF (切断充电)
[2026-04-16 23:42:29] INFO     继电器执行 -> OFF
[2026-04-16 23:42:29] INFO     物理断电静置 25.0s
[2026-04-16 23:42:54] WARNING  【结论】 [FAIL] 超时未检测到成功关键字
[2026-04-16 23:42:54] INFO     统计 -> 成功: 72 | 失败: 179 | 异常: 0 | 成功率: 28.7%
[2026-04-16 23:42:54] INFO     
-------------------- 第 252 轮 | 最大监听: 29.6s --------------------
[2026-04-16 23:42:54] INFO     继电器 ON (开始充电)
[2026-04-16 23:42:54] INFO     继电器执行 -> ON
[2026-04-16 23:43:24] INFO     继电器 OFF (切断充电)
[2026-04-16 23:43:24] INFO     继电器执行 -> OFF
[2026-04-16 23:43:24] INFO     物理断电静置 25.0s
[2026-04-16 23:43:49] WARNING  【结论】 [FAIL] 超时未检测到成功关键字
[2026-04-16 23:43:49] INFO     统计 -> 成功: 72 | 失败: 180 | 异常: 0 | 成功率: 28.6%
[2026-04-16 23:43:49] INFO     
-------------------- 第 253 轮 | 最大监听: 26.9s --------------------
[2026-04-16 23:43:49] INFO     继电器 ON (开始充电)
[2026-04-16 23:43:49] INFO     继电器执行 -> ON
[2026-04-16 23:44:16] INFO     继电器 OFF (切断充电)
[2026-04-16 23:44:16] INFO     继电器执行 -> OFF
[2026-04-16 23:44:16] INFO     物理断电静置 25.0s
[2026-04-16 23:44:41] WARNING  【结论】 [FAIL] 超时未检测到成功关键字
[2026-04-16 23:44:41] INFO     统计 -> 成功: 72 | 失败: 181 | 异常: 0 | 成功率: 28.5%
[2026-04-16 23:44:41] INFO     
-------------------- 第 254 轮 | 最大监听: 27.1s --------------------
[2026-04-16 23:44:41] INFO     继电器 ON (开始充电)
[2026-04-16 23:44:41] INFO     继电器执行 -> ON
[2026-04-16 23:44:55] INFO     捕获目标指令: voice_msgnum:9
[2026-04-16 23:44:55] INFO     状态维稳，保持闭合 25.0s
[2026-04-16 23:45:20] INFO     继电器 OFF (切断充电)
[2026-04-16 23:45:20] INFO     继电器执行 -> OFF
[2026-04-16 23:45:20] INFO     物理断电静置 25.0s
[2026-04-16 23:45:45] INFO     【结论】 [PASS] 成功关键字: voice_msgnum:9
[2026-04-16 23:45:45] INFO     统计 -> 成功: 73 | 失败: 181 | 异常: 0 | 成功率: 28.7%
[2026-04-16 23:45:45] INFO     
-------------------- 第 255 轮 | 最大监听: 29.1s --------------------
[2026-04-16 23:45:45] INFO     继电器 ON (开始充电)
[2026-04-16 23:45:45] INFO     继电器执行 -> ON
[2026-04-16 23:46:14] INFO     继电器 OFF (切断充电)
[2026-04-16 23:46:14] INFO     继电器执行 -> OFF
[2026-04-16 23:46:14] INFO     物理断电静置 25.0s
[2026-04-16 23:46:39] WARNING  【结论】 [FAIL] 超时未检测到成功关键字
[2026-04-16 23:46:39] INFO     统计 -> 成功: 73 | 失败: 182 | 异常: 0 | 成功率: 28.6%
[2026-04-16 23:46:39] INFO     
-------------------- 第 256 轮 | 最大监听: 29.2s --------------------
[2026-04-16 23:46:39] INFO     继电器 ON (开始充电)
[2026-04-16 23:46:39] INFO     继电器执行 -> ON
[2026-04-16 23:47:08] INFO     继电器 OFF (切断充电)
[2026-04-16 23:47:08] INFO     继电器执行 -> OFF
[2026-04-16 23:47:08] INFO     物理断电静置 25.0s
[2026-04-16 23:47:33] WARNING  【结论】 [FAIL] 超时未检测到成功关键字
[2026-04-16 23:47:33] INFO     统计 -> 成功: 73 | 失败: 183 | 异常: 0 | 成功率: 28.5%
[2026-04-16 23:47:33] INFO     
-------------------- 第 257 轮 | 最大监听: 28.9s --------------------
[2026-04-16 23:47:33] INFO     继电器 ON (开始充电)
[2026-04-16 23:47:33] INFO     继电器执行 -> ON
[2026-04-16 23:48:02] INFO     继电器 OFF (切断充电)
[2026-04-16 23:48:02] INFO     继电器执行 -> OFF
[2026-04-16 23:48:02] INFO     物理断电静置 25.0s
[2026-04-16 23:48:27] WARNING  【结论】 [FAIL] 超时未检测到成功关键字
[2026-04-16 23:48:27] INFO     统计 -> 成功: 73 | 失败: 184 | 异常: 0 | 成功率: 28.4%
[2026-04-16 23:48:27] INFO     
-------------------- 第 258 轮 | 最大监听: 27.3s --------------------
[2026-04-16 23:48:27] INFO     继电器 ON (开始充电)
[2026-04-16 23:48:27] INFO     继电器执行 -> ON
[2026-04-16 23:48:55] INFO     继电器 OFF (切断充电)
[2026-04-16 23:48:55] INFO     继电器执行 -> OFF
[2026-04-16 23:48:55] INFO     物理断电静置 25.0s
[2026-04-16 23:49:20] WARNING  【结论】 [FAIL] 超时未检测到成功关键字
[2026-04-16 23:49:20] INFO     统计 -> 成功: 73 | 失败: 185 | 异常: 0 | 成功率: 28.3%
[2026-04-16 23:49:20] INFO     
-------------------- 第 259 轮 | 最大监听: 29.5s --------------------
[2026-04-16 23:49:20] INFO     继电器 ON (开始充电)
[2026-04-16 23:49:20] INFO     继电器执行 -> ON
[2026-04-16 23:49:49] INFO     继电器 OFF (切断充电)
[2026-04-16 23:49:49] INFO     继电器执行 -> OFF
[2026-04-16 23:49:49] INFO     物理断电静置 25.0s
[2026-04-16 23:50:14] WARNING  【结论】 [FAIL] 超时未检测到成功关键字
[2026-04-16 23:50:14] INFO     统计 -> 成功: 73 | 失败: 186 | 异常: 0 | 成功率: 28.2%
[2026-04-16 23:50:14] INFO     
-------------------- 第 260 轮 | 最大监听: 26.7s --------------------
[2026-04-16 23:50:14] INFO     继电器 ON (开始充电)
[2026-04-16 23:50:14] INFO     继电器执行 -> ON
[2026-04-16 23:50:41] INFO     继电器 OFF (切断充电)
[2026-04-16 23:50:41] INFO     继电器执行 -> OFF
[2026-04-16 23:50:41] INFO     物理断电静置 25.0s
[2026-04-16 23:51:06] WARNING  【结论】 [FAIL] 超时未检测到成功关键字
[2026-04-16 23:51:06] INFO     统计 -> 成功: 73 | 失败: 187 | 异常: 0 | 成功率: 28.1%
[2026-04-16 23:51:06] INFO     
-------------------- 第 261 轮 | 最大监听: 26.0s --------------------
[2026-04-16 23:51:06] INFO     继电器 ON (开始充电)
[2026-04-16 23:51:06] INFO     继电器执行 -> ON
[2026-04-16 23:51:20] INFO     捕获目标指令: voice_msgnum:9
[2026-04-16 23:51:20] INFO     状态维稳，保持闭合 25.0s
[2026-04-16 23:51:45] INFO     继电器 OFF (切断充电)
[2026-04-16 23:51:45] INFO     继电器执行 -> OFF
[2026-04-16 23:51:45] INFO     物理断电静置 25.0s
[2026-04-16 23:52:10] INFO     【结论】 [PASS] 成功关键字: voice_msgnum:9
[2026-04-16 23:52:10] INFO     统计 -> 成功: 74 | 失败: 187 | 异常: 0 | 成功率: 28.4%
[2026-04-16 23:52:10] INFO     
-------------------- 第 262 轮 | 最大监听: 29.6s --------------------
[2026-04-16 23:52:10] INFO     继电器 ON (开始充电)
[2026-04-16 23:52:10] INFO     继电器执行 -> ON
[2026-04-16 23:52:40] INFO     继电器 OFF (切断充电)
[2026-04-16 23:52:40] INFO     继电器执行 -> OFF
[2026-04-16 23:52:40] INFO     物理断电静置 25.0s
[2026-04-16 23:53:05] WARNING  【结论】 [FAIL] 超时未检测到成功关键字
[2026-04-16 23:53:05] INFO     统计 -> 成功: 74 | 失败: 188 | 异常: 0 | 成功率: 28.2%
[2026-04-16 23:53:05] INFO     
-------------------- 第 263 轮 | 最大监听: 27.6s --------------------
[2026-04-16 23:53:05] INFO     继电器 ON (开始充电)
[2026-04-16 23:53:05] INFO     继电器执行 -> ON
[2026-04-16 23:53:32] INFO     继电器 OFF (切断充电)
[2026-04-16 23:53:32] INFO     继电器执行 -> OFF
[2026-04-16 23:53:32] INFO     物理断电静置 25.0s
[2026-04-16 23:53:57] WARNING  【结论】 [FAIL] 超时未检测到成功关键字
[2026-04-16 23:53:57] INFO     统计 -> 成功: 74 | 失败: 189 | 异常: 0 | 成功率: 28.1%
[2026-04-16 23:53:57] INFO     
-------------------- 第 264 轮 | 最大监听: 25.9s --------------------
[2026-04-16 23:53:57] INFO     继电器 ON (开始充电)
[2026-04-16 23:53:57] INFO     继电器执行 -> ON
[2026-04-16 23:54:23] INFO     继电器 OFF (切断充电)
[2026-04-16 23:54:23] INFO     继电器执行 -> OFF
[2026-04-16 23:54:23] INFO     物理断电静置 25.0s
[2026-04-16 23:54:48] WARNING  【结论】 [FAIL] 超时未检测到成功关键字
[2026-04-16 23:54:48] INFO     统计 -> 成功: 74 | 失败: 190 | 异常: 0 | 成功率: 28.0%
[2026-04-16 23:54:48] INFO     
-------------------- 第 265 轮 | 最大监听: 26.9s --------------------
[2026-04-16 23:54:48] INFO     继电器 ON (开始充电)
[2026-04-16 23:54:48] INFO     继电器执行 -> ON
[2026-04-16 23:55:15] INFO     继电器 OFF (切断充电)
[2026-04-16 23:55:15] INFO     继电器执行 -> OFF
[2026-04-16 23:55:15] INFO     物理断电静置 25.0s
[2026-04-16 23:55:40] WARNING  【结论】 [FAIL] 超时未检测到成功关键字
[2026-04-16 23:55:40] INFO     统计 -> 成功: 74 | 失败: 191 | 异常: 0 | 成功率: 27.9%
[2026-04-16 23:55:40] INFO     
-------------------- 第 266 轮 | 最大监听: 29.1s --------------------
[2026-04-16 23:55:40] INFO     继电器 ON (开始充电)
[2026-04-16 23:55:40] INFO     继电器执行 -> ON
[2026-04-16 23:56:10] INFO     继电器 OFF (切断充电)
[2026-04-16 23:56:10] INFO     继电器执行 -> OFF
[2026-04-16 23:56:10] INFO     物理断电静置 25.0s
[2026-04-16 23:56:35] WARNING  【结论】 [FAIL] 超时未检测到成功关键字
[2026-04-16 23:56:35] INFO     统计 -> 成功: 74 | 失败: 192 | 异常: 0 | 成功率: 27.8%
[2026-04-16 23:56:35] INFO     
-------------------- 第 267 轮 | 最大监听: 28.9s --------------------
[2026-04-16 23:56:35] INFO     继电器 ON (开始充电)
[2026-04-16 23:56:35] INFO     继电器执行 -> ON
[2026-04-16 23:57:04] INFO     继电器 OFF (切断充电)
[2026-04-16 23:57:04] INFO     继电器执行 -> OFF
[2026-04-16 23:57:04] INFO     物理断电静置 25.0s
[2026-04-16 23:57:29] WARNING  【结论】 [FAIL] 超时未检测到成功关键字
[2026-04-16 23:57:29] INFO     统计 -> 成功: 74 | 失败: 193 | 异常: 0 | 成功率: 27.7%
[2026-04-16 23:57:29] INFO     
-------------------- 第 268 轮 | 最大监听: 29.3s --------------------
[2026-04-16 23:57:29] INFO     继电器 ON (开始充电)
[2026-04-16 23:57:29] INFO     继电器执行 -> ON
[2026-04-16 23:57:58] INFO     继电器 OFF (切断充电)
[2026-04-16 23:57:58] INFO     继电器执行 -> OFF
[2026-04-16 23:57:58] INFO     物理断电静置 25.0s
[2026-04-16 23:58:23] WARNING  【结论】 [FAIL] 超时未检测到成功关键字
[2026-04-16 23:58:23] INFO     统计 -> 成功: 74 | 失败: 194 | 异常: 0 | 成功率: 27.6%
[2026-04-16 23:58:23] INFO     
-------------------- 第 269 轮 | 最大监听: 26.5s --------------------
[2026-04-16 23:58:23] INFO     继电器 ON (开始充电)
[2026-04-16 23:58:23] INFO     继电器执行 -> ON
[2026-04-16 23:58:50] INFO     继电器 OFF (切断充电)
[2026-04-16 23:58:50] INFO     继电器执行 -> OFF
[2026-04-16 23:58:50] INFO     物理断电静置 25.0s
[2026-04-16 23:59:15] WARNING  【结论】 [FAIL] 超时未检测到成功关键字
[2026-04-16 23:59:15] INFO     统计 -> 成功: 74 | 失败: 195 | 异常: 0 | 成功率: 27.5%
[2026-04-16 23:59:15] INFO     
-------------------- 第 270 轮 | 最大监听: 28.9s --------------------
[2026-04-16 23:59:15] INFO     继电器 ON (开始充电)
[2026-04-16 23:59:15] INFO     继电器执行 -> ON
[2026-04-16 23:59:44] INFO     继电器 OFF (切断充电)
[2026-04-16 23:59:44] INFO     继电器执行 -> OFF
[2026-04-16 23:59:44] INFO     物理断电静置 25.0s
[2026-04-17 00:00:09] WARNING  【结论】 [FAIL] 超时未检测到成功关键字
[2026-04-17 00:00:09] INFO     统计 -> 成功: 74 | 失败: 196 | 异常: 0 | 成功率: 27.4%
[2026-04-17 00:00:09] INFO     
-------------------- 第 271 轮 | 最大监听: 25.1s --------------------
[2026-04-17 00:00:09] INFO     继电器 ON (开始充电)
[2026-04-17 00:00:09] INFO     继电器执行 -> ON
[2026-04-17 00:00:34] INFO     继电器 OFF (切断充电)
[2026-04-17 00:00:34] INFO     继电器执行 -> OFF
[2026-04-17 00:00:34] INFO     物理断电静置 25.0s
[2026-04-17 00:00:59] WARNING  【结论】 [FAIL] 超时未检测到成功关键字
[2026-04-17 00:00:59] INFO     统计 -> 成功: 74 | 失败: 197 | 异常: 0 | 成功率: 27.3%
[2026-04-17 00:00:59] INFO     
-------------------- 第 272 轮 | 最大监听: 28.7s --------------------
[2026-04-17 00:00:59] INFO     继电器 ON (开始充电)
[2026-04-17 00:00:59] INFO     继电器执行 -> ON
[2026-04-17 00:01:28] INFO     继电器 OFF (切断充电)
[2026-04-17 00:01:28] INFO     继电器执行 -> OFF
[2026-04-17 00:01:28] INFO     物理断电静置 25.0s
[2026-04-17 00:01:53] WARNING  【结论】 [FAIL] 超时未检测到成功关键字
[2026-04-17 00:01:53] INFO     统计 -> 成功: 74 | 失败: 198 | 异常: 0 | 成功率: 27.2%
[2026-04-17 00:01:53] INFO     
-------------------- 第 273 轮 | 最大监听: 29.4s --------------------
[2026-04-17 00:01:53] INFO     继电器 ON (开始充电)
[2026-04-17 00:01:53] INFO     继电器执行 -> ON
[2026-04-17 00:02:22] INFO     继电器 OFF (切断充电)
[2026-04-17 00:02:22] INFO     继电器执行 -> OFF
[2026-04-17 00:02:22] INFO     物理断电静置 25.0s
[2026-04-17 00:02:47] WARNING  【结论】 [FAIL] 超时未检测到成功关键字
[2026-04-17 00:02:47] INFO     统计 -> 成功: 74 | 失败: 199 | 异常: 0 | 成功率: 27.1%
[2026-04-17 00:02:47] INFO     
-------------------- 第 274 轮 | 最大监听: 29.7s --------------------
[2026-04-17 00:02:47] INFO     继电器 ON (开始充电)
[2026-04-17 00:02:47] INFO     继电器执行 -> ON
[2026-04-17 00:03:16] INFO     捕获目标指令: voice_msgnum:9
[2026-04-17 00:03:16] INFO     状态维稳，保持闭合 25.0s
[2026-04-17 00:03:41] INFO     继电器 OFF (切断充电)
[2026-04-17 00:03:41] INFO     继电器执行 -> OFF
[2026-04-17 00:03:41] INFO     物理断电静置 25.0s
[2026-04-17 00:04:06] INFO     【结论】 [PASS] 成功关键字: voice_msgnum:9
[2026-04-17 00:04:06] INFO     统计 -> 成功: 75 | 失败: 199 | 异常: 0 | 成功率: 27.4%
[2026-04-17 00:04:06] INFO     
-------------------- 第 275 轮 | 最大监听: 26.0s --------------------
[2026-04-17 00:04:06] INFO     继电器 ON (开始充电)
[2026-04-17 00:04:07] INFO     继电器执行 -> ON
[2026-04-17 00:04:08] INFO     捕获目标指令: voice_msgnum:9
[2026-04-17 00:04:08] INFO     状态维稳，保持闭合 25.0s
[2026-04-17 00:04:33] INFO     继电器 OFF (切断充电)
[2026-04-17 00:04:33] INFO     继电器执行 -> OFF
[2026-04-17 00:04:33] INFO     物理断电静置 25.0s
[2026-04-17 00:04:58] INFO     【结论】 [PASS] 成功关键字: voice_msgnum:9
[2026-04-17 00:04:58] INFO     统计 -> 成功: 76 | 失败: 199 | 异常: 0 | 成功率: 27.6%
[2026-04-17 00:04:58] INFO     
-------------------- 第 276 轮 | 最大监听: 27.7s --------------------
[2026-04-17 00:04:58] INFO     继电器 ON (开始充电)
[2026-04-17 00:04:58] INFO     继电器执行 -> ON
[2026-04-17 00:05:00] INFO     捕获目标指令: voice_msgnum:9
[2026-04-17 00:05:00] INFO     状态维稳，保持闭合 25.0s
[2026-04-17 00:05:25] INFO     继电器 OFF (切断充电)
[2026-04-17 00:05:25] INFO     继电器执行 -> OFF
[2026-04-17 00:05:25] INFO     物理断电静置 25.0s
[2026-04-17 00:05:50] INFO     【结论】 [PASS] 成功关键字: voice_msgnum:9
[2026-04-17 00:05:50] INFO     统计 -> 成功: 77 | 失败: 199 | 异常: 0 | 成功率: 27.9%
[2026-04-17 00:05:50] INFO     
-------------------- 第 277 轮 | 最大监听: 25.3s --------------------
[2026-04-17 00:05:50] INFO     继电器 ON (开始充电)
[2026-04-17 00:05:50] INFO     继电器执行 -> ON
[2026-04-17 00:06:15] INFO     继电器 OFF (切断充电)
[2026-04-17 00:06:16] INFO     继电器执行 -> OFF
[2026-04-17 00:06:16] INFO     物理断电静置 25.0s
[2026-04-17 00:06:41] WARNING  【结论】 [FAIL] 超时未检测到成功关键字
[2026-04-17 00:06:41] INFO     统计 -> 成功: 77 | 失败: 200 | 异常: 0 | 成功率: 27.8%
[2026-04-17 00:06:41] INFO     
-------------------- 第 278 轮 | 最大监听: 25.4s --------------------
[2026-04-17 00:06:41] INFO     继电器 ON (开始充电)
[2026-04-17 00:06:41] INFO     继电器执行 -> ON
[2026-04-17 00:07:06] INFO     继电器 OFF (切断充电)
[2026-04-17 00:07:06] INFO     继电器执行 -> OFF
[2026-04-17 00:07:06] INFO     物理断电静置 25.0s
[2026-04-17 00:07:31] WARNING  【结论】 [FAIL] 超时未检测到成功关键字
[2026-04-17 00:07:31] INFO     统计 -> 成功: 77 | 失败: 201 | 异常: 0 | 成功率: 27.7%
[2026-04-17 00:07:31] INFO     
-------------------- 第 279 轮 | 最大监听: 25.2s --------------------
[2026-04-17 00:07:31] INFO     继电器 ON (开始充电)
[2026-04-17 00:07:31] INFO     继电器执行 -> ON
[2026-04-17 00:07:56] INFO     继电器 OFF (切断充电)
[2026-04-17 00:07:56] INFO     继电器执行 -> OFF
[2026-04-17 00:07:56] INFO     物理断电静置 25.0s
[2026-04-17 00:08:21] WARNING  【结论】 [FAIL] 超时未检测到成功关键字
[2026-04-17 00:08:21] INFO     统计 -> 成功: 77 | 失败: 202 | 异常: 0 | 成功率: 27.6%
[2026-04-17 00:08:21] INFO     
-------------------- 第 280 轮 | 最大监听: 27.0s --------------------
[2026-04-17 00:08:21] INFO     继电器 ON (开始充电)
[2026-04-17 00:08:21] INFO     继电器执行 -> ON
[2026-04-17 00:08:48] INFO     继电器 OFF (切断充电)
[2026-04-17 00:08:48] INFO     继电器执行 -> OFF
[2026-04-17 00:08:48] INFO     物理断电静置 25.0s
[2026-04-17 00:09:13] WARNING  【结论】 [FAIL] 超时未检测到成功关键字
[2026-04-17 00:09:13] INFO     统计 -> 成功: 77 | 失败: 203 | 异常: 0 | 成功率: 27.5%
[2026-04-17 00:09:13] INFO     
-------------------- 第 281 轮 | 最大监听: 28.3s --------------------
[2026-04-17 00:09:13] INFO     继电器 ON (开始充电)
[2026-04-17 00:09:13] INFO     继电器执行 -> ON
[2026-04-17 00:09:42] INFO     继电器 OFF (切断充电)
[2026-04-17 00:09:42] INFO     继电器执行 -> OFF
[2026-04-17 00:09:42] INFO     物理断电静置 25.0s
[2026-04-17 00:10:07] WARNING  【结论】 [FAIL] 超时未检测到成功关键字
[2026-04-17 00:10:07] INFO     统计 -> 成功: 77 | 失败: 204 | 异常: 0 | 成功率: 27.4%
[2026-04-17 00:10:07] INFO     
-------------------- 第 282 轮 | 最大监听: 26.6s --------------------
[2026-04-17 00:10:07] INFO     继电器 ON (开始充电)
[2026-04-17 00:10:07] INFO     继电器执行 -> ON
[2026-04-17 00:10:34] INFO     继电器 OFF (切断充电)
[2026-04-17 00:10:34] INFO     继电器执行 -> OFF
[2026-04-17 00:10:34] INFO     物理断电静置 25.0s
[2026-04-17 00:10:59] WARNING  【结论】 [FAIL] 超时未检测到成功关键字
[2026-04-17 00:10:59] INFO     统计 -> 成功: 77 | 失败: 205 | 异常: 0 | 成功率: 27.3%
[2026-04-17 00:10:59] INFO     
-------------------- 第 283 轮 | 最大监听: 29.1s --------------------
[2026-04-17 00:10:59] INFO     继电器 ON (开始充电)
[2026-04-17 00:10:59] INFO     继电器执行 -> ON
[2026-04-17 00:11:28] INFO     继电器 OFF (切断充电)
[2026-04-17 00:11:28] INFO     继电器执行 -> OFF
[2026-04-17 00:11:28] INFO     物理断电静置 25.0s
[2026-04-17 00:11:53] WARNING  【结论】 [FAIL] 超时未检测到成功关键字
[2026-04-17 00:11:53] INFO     统计 -> 成功: 77 | 失败: 206 | 异常: 0 | 成功率: 27.2%
[2026-04-17 00:11:53] INFO     
-------------------- 第 284 轮 | 最大监听: 29.5s --------------------
[2026-04-17 00:11:53] INFO     继电器 ON (开始充电)
[2026-04-17 00:11:53] INFO     继电器执行 -> ON
[2026-04-17 00:12:22] INFO     继电器 OFF (切断充电)
[2026-04-17 00:12:22] INFO     继电器执行 -> OFF
[2026-04-17 00:12:22] INFO     物理断电静置 25.0s
[2026-04-17 00:12:47] WARNING  【结论】 [FAIL] 超时未检测到成功关键字
[2026-04-17 00:12:47] INFO     统计 -> 成功: 77 | 失败: 207 | 异常: 0 | 成功率: 27.1%
[2026-04-17 00:12:47] INFO     
-------------------- 第 285 轮 | 最大监听: 29.5s --------------------
[2026-04-17 00:12:47] INFO     继电器 ON (开始充电)
[2026-04-17 00:12:47] INFO     继电器执行 -> ON
[2026-04-17 00:13:17] INFO     继电器 OFF (切断充电)
[2026-04-17 00:13:17] INFO     继电器执行 -> OFF
[2026-04-17 00:13:17] INFO     物理断电静置 25.0s
[2026-04-17 00:13:42] WARNING  【结论】 [FAIL] 超时未检测到成功关键字
[2026-04-17 00:13:42] INFO     统计 -> 成功: 77 | 失败: 208 | 异常: 0 | 成功率: 27.0%
[2026-04-17 00:13:42] INFO     
-------------------- 第 286 轮 | 最大监听: 29.2s --------------------
[2026-04-17 00:13:42] INFO     继电器 ON (开始充电)
[2026-04-17 00:13:42] INFO     继电器执行 -> ON
[2026-04-17 00:14:11] INFO     继电器 OFF (切断充电)
[2026-04-17 00:14:11] INFO     继电器执行 -> OFF
[2026-04-17 00:14:11] INFO     物理断电静置 25.0s
[2026-04-17 00:14:36] WARNING  【结论】 [FAIL] 超时未检测到成功关键字
[2026-04-17 00:14:36] INFO     统计 -> 成功: 77 | 失败: 209 | 异常: 0 | 成功率: 26.9%
[2026-04-17 00:14:36] INFO     
-------------------- 第 287 轮 | 最大监听: 25.5s --------------------
[2026-04-17 00:14:36] INFO     继电器 ON (开始充电)
[2026-04-17 00:14:36] INFO     继电器执行 -> ON
[2026-04-17 00:15:02] INFO     继电器 OFF (切断充电)
[2026-04-17 00:15:02] INFO     继电器执行 -> OFF
[2026-04-17 00:15:02] INFO     物理断电静置 25.0s
[2026-04-17 00:15:27] WARNING  【结论】 [FAIL] 超时未检测到成功关键字
[2026-04-17 00:15:27] INFO     统计 -> 成功: 77 | 失败: 210 | 异常: 0 | 成功率: 26.8%
[2026-04-17 00:15:27] INFO     
-------------------- 第 288 轮 | 最大监听: 27.8s --------------------
[2026-04-17 00:15:27] INFO     继电器 ON (开始充电)
[2026-04-17 00:15:27] INFO     继电器执行 -> ON
[2026-04-17 00:15:55] INFO     继电器 OFF (切断充电)
[2026-04-17 00:15:55] INFO     继电器执行 -> OFF
[2026-04-17 00:15:55] INFO     物理断电静置 25.0s
[2026-04-17 00:16:20] WARNING  【结论】 [FAIL] 超时未检测到成功关键字
[2026-04-17 00:16:20] INFO     统计 -> 成功: 77 | 失败: 211 | 异常: 0 | 成功率: 26.7%
[2026-04-17 00:16:20] INFO     
-------------------- 第 289 轮 | 最大监听: 25.9s --------------------
[2026-04-17 00:16:20] INFO     继电器 ON (开始充电)
[2026-04-17 00:16:20] INFO     继电器执行 -> ON
[2026-04-17 00:16:34] INFO     捕获目标指令: voice_msgnum:9
[2026-04-17 00:16:34] INFO     状态维稳，保持闭合 25.0s
[2026-04-17 00:16:59] INFO     继电器 OFF (切断充电)
[2026-04-17 00:16:59] INFO     继电器执行 -> OFF
[2026-04-17 00:16:59] INFO     物理断电静置 25.0s
[2026-04-17 00:17:24] INFO     【结论】 [PASS] 成功关键字: voice_msgnum:9
[2026-04-17 00:17:24] INFO     统计 -> 成功: 78 | 失败: 211 | 异常: 0 | 成功率: 27.0%
[2026-04-17 00:17:24] INFO     
-------------------- 第 290 轮 | 最大监听: 27.7s --------------------
[2026-04-17 00:17:24] INFO     继电器 ON (开始充电)
[2026-04-17 00:17:24] INFO     继电器执行 -> ON
[2026-04-17 00:17:51] INFO     继电器 OFF (切断充电)
[2026-04-17 00:17:52] INFO     继电器执行 -> OFF
[2026-04-17 00:17:52] INFO     物理断电静置 25.0s
[2026-04-17 00:18:17] WARNING  【结论】 [FAIL] 超时未检测到成功关键字
[2026-04-17 00:18:17] INFO     统计 -> 成功: 78 | 失败: 212 | 异常: 0 | 成功率: 26.9%
[2026-04-17 00:18:17] INFO     
-------------------- 第 291 轮 | 最大监听: 25.2s --------------------
[2026-04-17 00:18:17] INFO     继电器 ON (开始充电)
[2026-04-17 00:18:17] INFO     继电器执行 -> ON
[2026-04-17 00:18:42] INFO     继电器 OFF (切断充电)
[2026-04-17 00:18:42] INFO     继电器执行 -> OFF
[2026-04-17 00:18:42] INFO     物理断电静置 25.0s
[2026-04-17 00:19:07] WARNING  【结论】 [FAIL] 超时未检测到成功关键字
[2026-04-17 00:19:07] INFO     统计 -> 成功: 78 | 失败: 213 | 异常: 0 | 成功率: 26.8%
[2026-04-17 00:19:07] INFO     
-------------------- 第 292 轮 | 最大监听: 25.5s --------------------
[2026-04-17 00:19:07] INFO     继电器 ON (开始充电)
[2026-04-17 00:19:07] INFO     继电器执行 -> ON
[2026-04-17 00:19:32] INFO     继电器 OFF (切断充电)
[2026-04-17 00:19:32] INFO     继电器执行 -> OFF
[2026-04-17 00:19:32] INFO     物理断电静置 25.0s
[2026-04-17 00:19:57] WARNING  【结论】 [FAIL] 超时未检测到成功关键字
[2026-04-17 00:19:57] INFO     统计 -> 成功: 78 | 失败: 214 | 异常: 0 | 成功率: 26.7%
[2026-04-17 00:19:57] INFO     
-------------------- 第 293 轮 | 最大监听: 25.3s --------------------
[2026-04-17 00:19:57] INFO     继电器 ON (开始充电)
[2026-04-17 00:19:57] INFO     继电器执行 -> ON
[2026-04-17 00:20:23] INFO     继电器 OFF (切断充电)
[2026-04-17 00:20:23] INFO     继电器执行 -> OFF
[2026-04-17 00:20:23] INFO     物理断电静置 25.0s
[2026-04-17 00:20:48] WARNING  【结论】 [FAIL] 超时未检测到成功关键字
[2026-04-17 00:20:48] INFO     统计 -> 成功: 78 | 失败: 215 | 异常: 0 | 成功率: 26.6%
[2026-04-17 00:20:48] INFO     
-------------------- 第 294 轮 | 最大监听: 29.4s --------------------
[2026-04-17 00:20:48] INFO     继电器 ON (开始充电)
[2026-04-17 00:20:48] INFO     继电器执行 -> ON
[2026-04-17 00:21:17] INFO     捕获目标指令: voice_msgnum:9
[2026-04-17 00:21:17] INFO     状态维稳，保持闭合 25.0s
[2026-04-17 00:21:42] INFO     继电器 OFF (切断充电)
[2026-04-17 00:21:42] INFO     继电器执行 -> OFF
[2026-04-17 00:21:42] INFO     物理断电静置 25.0s
[2026-04-17 00:22:07] INFO     【结论】 [PASS] 成功关键字: voice_msgnum:9
[2026-04-17 00:22:07] INFO     统计 -> 成功: 79 | 失败: 215 | 异常: 0 | 成功率: 26.9%
[2026-04-17 00:22:07] INFO     
-------------------- 第 295 轮 | 最大监听: 27.5s --------------------
[2026-04-17 00:22:07] INFO     继电器 ON (开始充电)
[2026-04-17 00:22:07] INFO     继电器执行 -> ON
[2026-04-17 00:22:35] INFO     继电器 OFF (切断充电)
[2026-04-17 00:22:35] INFO     继电器执行 -> OFF
[2026-04-17 00:22:35] INFO     物理断电静置 25.0s
[2026-04-17 00:23:00] WARNING  【结论】 [FAIL] 超时未检测到成功关键字
[2026-04-17 00:23:00] INFO     统计 -> 成功: 79 | 失败: 216 | 异常: 0 | 成功率: 26.8%
[2026-04-17 00:23:00] INFO     
-------------------- 第 296 轮 | 最大监听: 29.9s --------------------
[2026-04-17 00:23:00] INFO     继电器 ON (开始充电)
[2026-04-17 00:23:00] INFO     继电器执行 -> ON
[2026-04-17 00:23:30] INFO     继电器 OFF (切断充电)
[2026-04-17 00:23:30] INFO     继电器执行 -> OFF
[2026-04-17 00:23:30] INFO     物理断电静置 25.0s
[2026-04-17 00:23:55] WARNING  【结论】 [FAIL] 超时未检测到成功关键字
[2026-04-17 00:23:55] INFO     统计 -> 成功: 79 | 失败: 217 | 异常: 0 | 成功率: 26.7%
[2026-04-17 00:23:55] INFO     
-------------------- 第 297 轮 | 最大监听: 29.1s --------------------
[2026-04-17 00:23:55] INFO     继电器 ON (开始充电)
[2026-04-17 00:23:55] INFO     继电器执行 -> ON
[2026-04-17 00:24:15] INFO     捕获目标指令: voice_msgnum:9
[2026-04-17 00:24:15] INFO     状态维稳，保持闭合 25.0s
[2026-04-17 00:24:40] INFO     继电器 OFF (切断充电)
[2026-04-17 00:24:40] INFO     继电器执行 -> OFF
[2026-04-17 00:24:40] INFO     物理断电静置 25.0s
[2026-04-17 00:25:05] INFO     【结论】 [PASS] 成功关键字: voice_msgnum:9
[2026-04-17 00:25:05] INFO     统计 -> 成功: 80 | 失败: 217 | 异常: 0 | 成功率: 26.9%
[2026-04-17 00:25:05] INFO     
-------------------- 第 298 轮 | 最大监听: 28.1s --------------------
[2026-04-17 00:25:05] INFO     继电器 ON (开始充电)
[2026-04-17 00:25:05] INFO     继电器执行 -> ON
[2026-04-17 00:25:33] INFO     继电器 OFF (切断充电)
[2026-04-17 00:25:33] INFO     继电器执行 -> OFF
[2026-04-17 00:25:33] INFO     物理断电静置 25.0s
[2026-04-17 00:25:58] WARNING  【结论】 [FAIL] 超时未检测到成功关键字
[2026-04-17 00:25:58] INFO     统计 -> 成功: 80 | 失败: 218 | 异常: 0 | 成功率: 26.8%
[2026-04-17 00:25:58] INFO     
-------------------- 第 299 轮 | 最大监听: 27.7s --------------------
[2026-04-17 00:25:58] INFO     继电器 ON (开始充电)
[2026-04-17 00:25:58] INFO     继电器执行 -> ON
[2026-04-17 00:26:26] INFO     继电器 OFF (切断充电)
[2026-04-17 00:26:26] INFO     继电器执行 -> OFF
[2026-04-17 00:26:26] INFO     物理断电静置 25.0s
[2026-04-17 00:26:51] WARNING  【结论】 [FAIL] 超时未检测到成功关键字
[2026-04-17 00:26:51] INFO     统计 -> 成功: 80 | 失败: 219 | 异常: 0 | 成功率: 26.8%
[2026-04-17 00:26:51] INFO     
-------------------- 第 300 轮 | 最大监听: 25.0s --------------------
[2026-04-17 00:26:51] INFO     继电器 ON (开始充电)
[2026-04-17 00:26:51] INFO     继电器执行 -> ON
[2026-04-17 00:27:16] INFO     继电器 OFF (切断充电)
[2026-04-17 00:27:16] INFO     继电器执行 -> OFF
[2026-04-17 00:27:16] INFO     物理断电静置 25.0s
[2026-04-17 00:27:41] WARNING  【结论】 [FAIL] 超时未检测到成功关键字
[2026-04-17 00:27:41] INFO     统计 -> 成功: 80 | 失败: 220 | 异常: 0 | 成功率: 26.7%
[2026-04-17 00:27:41] INFO     
-------------------- 第 301 轮 | 最大监听: 29.2s --------------------
[2026-04-17 00:27:41] INFO     继电器 ON (开始充电)
[2026-04-17 00:27:41] INFO     继电器执行 -> ON
[2026-04-17 00:28:10] INFO     继电器 OFF (切断充电)
[2026-04-17 00:28:10] INFO     继电器执行 -> OFF
[2026-04-17 00:28:10] INFO     物理断电静置 25.0s
[2026-04-17 00:28:35] WARNING  【结论】 [FAIL] 超时未检测到成功关键字
[2026-04-17 00:28:35] INFO     统计 -> 成功: 80 | 失败: 221 | 异常: 0 | 成功率: 26.6%
[2026-04-17 00:28:35] INFO     
-------------------- 第 302 轮 | 最大监听: 26.2s --------------------
[2026-04-17 00:28:35] INFO     继电器 ON (开始充电)
[2026-04-17 00:28:35] INFO     继电器执行 -> ON
[2026-04-17 00:29:02] INFO     捕获目标指令: voice_msgnum:9
[2026-04-17 00:29:02] INFO     状态维稳，保持闭合 25.0s
[2026-04-17 00:29:27] INFO     继电器 OFF (切断充电)
[2026-04-17 00:29:27] INFO     继电器执行 -> OFF
[2026-04-17 00:29:27] INFO     物理断电静置 25.0s
[2026-04-17 00:29:52] INFO     【结论】 [PASS] 成功关键字: voice_msgnum:9
[2026-04-17 00:29:52] INFO     统计 -> 成功: 81 | 失败: 221 | 异常: 0 | 成功率: 26.8%
[2026-04-17 00:29:52] INFO     
-------------------- 第 303 轮 | 最大监听: 28.6s --------------------
[2026-04-17 00:29:52] INFO     继电器 ON (开始充电)
[2026-04-17 00:29:52] INFO     继电器执行 -> ON
[2026-04-17 00:30:20] INFO     继电器 OFF (切断充电)
[2026-04-17 00:30:20] INFO     继电器执行 -> OFF
[2026-04-17 00:30:20] INFO     物理断电静置 25.0s
[2026-04-17 00:30:45] WARNING  【结论】 [FAIL] 超时未检测到成功关键字
[2026-04-17 00:30:45] INFO     统计 -> 成功: 81 | 失败: 222 | 异常: 0 | 成功率: 26.7%
[2026-04-17 00:30:45] INFO     
-------------------- 第 304 轮 | 最大监听: 29.3s --------------------
[2026-04-17 00:30:45] INFO     继电器 ON (开始充电)
[2026-04-17 00:30:45] INFO     继电器执行 -> ON
[2026-04-17 00:30:59] INFO     捕获目标指令: voice_msgnum:9
[2026-04-17 00:30:59] INFO     状态维稳，保持闭合 25.0s
[2026-04-17 00:31:24] INFO     继电器 OFF (切断充电)
[2026-04-17 00:31:24] INFO     继电器执行 -> OFF
[2026-04-17 00:31:24] INFO     物理断电静置 25.0s
[2026-04-17 00:31:49] INFO     【结论】 [PASS] 成功关键字: voice_msgnum:9
[2026-04-17 00:31:49] INFO     统计 -> 成功: 82 | 失败: 222 | 异常: 0 | 成功率: 27.0%
[2026-04-17 00:31:49] INFO     
-------------------- 第 305 轮 | 最大监听: 28.6s --------------------
[2026-04-17 00:31:49] INFO     继电器 ON (开始充电)
[2026-04-17 00:31:49] INFO     继电器执行 -> ON
[2026-04-17 00:31:51] INFO     捕获目标指令: voice_msgnum:9
[2026-04-17 00:31:51] INFO     状态维稳，保持闭合 25.0s
[2026-04-17 00:32:16] INFO     继电器 OFF (切断充电)
[2026-04-17 00:32:16] INFO     继电器执行 -> OFF
[2026-04-17 00:32:16] INFO     物理断电静置 25.0s
[2026-04-17 00:32:41] INFO     【结论】 [PASS] 成功关键字: voice_msgnum:9
[2026-04-17 00:32:41] INFO     统计 -> 成功: 83 | 失败: 222 | 异常: 0 | 成功率: 27.2%
[2026-04-17 00:32:41] INFO     
-------------------- 第 306 轮 | 最大监听: 26.1s --------------------
[2026-04-17 00:32:41] INFO     继电器 ON (开始充电)
[2026-04-17 00:32:41] INFO     继电器执行 -> ON
[2026-04-17 00:32:48] INFO     捕获目标指令: voice_msgnum:9
[2026-04-17 00:32:48] INFO     状态维稳，保持闭合 25.0s
[2026-04-17 00:33:13] INFO     继电器 OFF (切断充电)
[2026-04-17 00:33:14] INFO     继电器执行 -> OFF
[2026-04-17 00:33:14] INFO     物理断电静置 25.0s
[2026-04-17 00:33:39] INFO     【结论】 [PASS] 成功关键字: voice_msgnum:9
[2026-04-17 00:33:39] INFO     统计 -> 成功: 84 | 失败: 222 | 异常: 0 | 成功率: 27.5%
[2026-04-17 00:33:39] INFO     
-------------------- 第 307 轮 | 最大监听: 25.2s --------------------
[2026-04-17 00:33:39] INFO     继电器 ON (开始充电)
[2026-04-17 00:33:39] INFO     继电器执行 -> ON
[2026-04-17 00:33:40] INFO     捕获目标指令: voice_msgnum:9
[2026-04-17 00:33:40] INFO     状态维稳，保持闭合 25.0s
[2026-04-17 00:34:05] INFO     继电器 OFF (切断充电)
[2026-04-17 00:34:05] INFO     继电器执行 -> OFF
[2026-04-17 00:34:05] INFO     物理断电静置 25.0s
[2026-04-17 00:34:30] INFO     【结论】 [PASS] 成功关键字: voice_msgnum:9
[2026-04-17 00:34:30] INFO     统计 -> 成功: 85 | 失败: 222 | 异常: 0 | 成功率: 27.7%
[2026-04-17 00:34:30] INFO     
-------------------- 第 308 轮 | 最大监听: 27.9s --------------------
[2026-04-17 00:34:30] INFO     继电器 ON (开始充电)
[2026-04-17 00:34:30] INFO     继电器执行 -> ON
[2026-04-17 00:34:32] INFO     捕获目标指令: voice_msgnum:9
[2026-04-17 00:34:32] INFO     状态维稳，保持闭合 25.0s
[2026-04-17 00:34:57] INFO     继电器 OFF (切断充电)
[2026-04-17 00:34:57] INFO     继电器执行 -> OFF
[2026-04-17 00:34:57] INFO     物理断电静置 25.0s
[2026-04-17 00:35:22] INFO     【结论】 [PASS] 成功关键字: voice_msgnum:9
[2026-04-17 00:35:22] INFO     统计 -> 成功: 86 | 失败: 222 | 异常: 0 | 成功率: 27.9%
[2026-04-17 00:35:22] INFO     
-------------------- 第 309 轮 | 最大监听: 29.8s --------------------
[2026-04-17 00:35:22] INFO     继电器 ON (开始充电)
[2026-04-17 00:35:22] INFO     继电器执行 -> ON
[2026-04-17 00:35:52] INFO     继电器 OFF (切断充电)
[2026-04-17 00:35:52] INFO     继电器执行 -> OFF
[2026-04-17 00:35:52] INFO     物理断电静置 25.0s
[2026-04-17 00:36:17] WARNING  【结论】 [FAIL] 超时未检测到成功关键字
[2026-04-17 00:36:17] INFO     统计 -> 成功: 86 | 失败: 223 | 异常: 0 | 成功率: 27.8%
[2026-04-17 00:36:17] INFO     
-------------------- 第 310 轮 | 最大监听: 28.0s --------------------
[2026-04-17 00:36:17] INFO     继电器 ON (开始充电)
[2026-04-17 00:36:17] INFO     继电器执行 -> ON
[2026-04-17 00:36:45] INFO     继电器 OFF (切断充电)
[2026-04-17 00:36:45] INFO     继电器执行 -> OFF
[2026-04-17 00:36:45] INFO     物理断电静置 25.0s
[2026-04-17 00:37:10] WARNING  【结论】 [FAIL] 超时未检测到成功关键字
[2026-04-17 00:37:10] INFO     统计 -> 成功: 86 | 失败: 224 | 异常: 0 | 成功率: 27.7%
[2026-04-17 00:37:10] INFO     
-------------------- 第 311 轮 | 最大监听: 29.9s --------------------
[2026-04-17 00:37:10] INFO     继电器 ON (开始充电)
[2026-04-17 00:37:10] INFO     继电器执行 -> ON
[2026-04-17 00:37:40] INFO     继电器 OFF (切断充电)
[2026-04-17 00:37:40] INFO     继电器执行 -> OFF
[2026-04-17 00:37:40] INFO     物理断电静置 25.0s
[2026-04-17 00:38:05] WARNING  【结论】 [FAIL] 超时未检测到成功关键字
[2026-04-17 00:38:05] INFO     统计 -> 成功: 86 | 失败: 225 | 异常: 0 | 成功率: 27.7%
[2026-04-17 00:38:05] INFO     
-------------------- 第 312 轮 | 最大监听: 28.9s --------------------
[2026-04-17 00:38:05] INFO     继电器 ON (开始充电)
[2026-04-17 00:38:05] INFO     继电器执行 -> ON
[2026-04-17 00:38:28] INFO     捕获目标指令: voice_msgnum:9
[2026-04-17 00:38:28] INFO     状态维稳，保持闭合 25.0s
[2026-04-17 00:38:53] INFO     继电器 OFF (切断充电)
[2026-04-17 00:38:53] INFO     继电器执行 -> OFF
[2026-04-17 00:38:53] INFO     物理断电静置 25.0s
[2026-04-17 00:39:18] INFO     【结论】 [PASS] 成功关键字: voice_msgnum:9
[2026-04-17 00:39:18] INFO     统计 -> 成功: 87 | 失败: 225 | 异常: 0 | 成功率: 27.9%
[2026-04-17 00:39:18] INFO     
-------------------- 第 313 轮 | 最大监听: 25.5s --------------------
[2026-04-17 00:39:18] INFO     继电器 ON (开始充电)
[2026-04-17 00:39:18] INFO     继电器执行 -> ON
[2026-04-17 00:39:44] INFO     继电器 OFF (切断充电)
[2026-04-17 00:39:44] INFO     继电器执行 -> OFF
[2026-04-17 00:39:44] INFO     物理断电静置 25.0s
[2026-04-17 00:40:09] WARNING  【结论】 [FAIL] 超时未检测到成功关键字
[2026-04-17 00:40:09] INFO     统计 -> 成功: 87 | 失败: 226 | 异常: 0 | 成功率: 27.8%
[2026-04-17 00:40:09] INFO     
-------------------- 第 314 轮 | 最大监听: 29.0s --------------------
[2026-04-17 00:40:09] INFO     继电器 ON (开始充电)
[2026-04-17 00:40:09] INFO     继电器执行 -> ON
[2026-04-17 00:40:38] INFO     继电器 OFF (切断充电)
[2026-04-17 00:40:38] INFO     继电器执行 -> OFF
[2026-04-17 00:40:38] INFO     物理断电静置 25.0s
[2026-04-17 00:41:03] WARNING  【结论】 [FAIL] 超时未检测到成功关键字
[2026-04-17 00:41:03] INFO     统计 -> 成功: 87 | 失败: 227 | 异常: 0 | 成功率: 27.7%
[2026-04-17 00:41:03] INFO     
-------------------- 第 315 轮 | 最大监听: 27.8s --------------------
[2026-04-17 00:41:03] INFO     继电器 ON (开始充电)
[2026-04-17 00:41:03] INFO     继电器执行 -> ON
[2026-04-17 00:41:29] INFO     捕获目标指令: voice_msgnum:9
[2026-04-17 00:41:29] INFO     状态维稳，保持闭合 25.0s
[2026-04-17 00:41:54] INFO     继电器 OFF (切断充电)
[2026-04-17 00:41:54] INFO     继电器执行 -> OFF
[2026-04-17 00:41:54] INFO     物理断电静置 25.0s
[2026-04-17 00:42:19] INFO     【结论】 [PASS] 成功关键字: voice_msgnum:9
[2026-04-17 00:42:19] INFO     统计 -> 成功: 88 | 失败: 227 | 异常: 0 | 成功率: 27.9%
[2026-04-17 00:42:19] INFO     
-------------------- 第 316 轮 | 最大监听: 28.6s --------------------
[2026-04-17 00:42:19] INFO     继电器 ON (开始充电)
[2026-04-17 00:42:19] INFO     继电器执行 -> ON
[2026-04-17 00:42:21] INFO     捕获目标指令: voice_msgnum:9
[2026-04-17 00:42:21] INFO     状态维稳，保持闭合 25.0s
[2026-04-17 00:42:46] INFO     继电器 OFF (切断充电)
[2026-04-17 00:42:46] INFO     继电器执行 -> OFF
[2026-04-17 00:42:46] INFO     物理断电静置 25.0s
[2026-04-17 00:43:11] INFO     【结论】 [PASS] 成功关键字: voice_msgnum:9
[2026-04-17 00:43:11] INFO     统计 -> 成功: 89 | 失败: 227 | 异常: 0 | 成功率: 28.2%
[2026-04-17 00:43:11] INFO     
-------------------- 第 317 轮 | 最大监听: 26.9s --------------------
[2026-04-17 00:43:11] INFO     继电器 ON (开始充电)
[2026-04-17 00:43:11] INFO     继电器执行 -> ON
[2026-04-17 00:43:13] INFO     捕获目标指令: voice_msgnum:9
[2026-04-17 00:43:13] INFO     状态维稳，保持闭合 25.0s
[2026-04-17 00:43:38] INFO     继电器 OFF (切断充电)
[2026-04-17 00:43:38] INFO     继电器执行 -> OFF
[2026-04-17 00:43:38] INFO     物理断电静置 25.0s
[2026-04-17 00:44:03] INFO     【结论】 [PASS] 成功关键字: voice_msgnum:9
[2026-04-17 00:44:03] INFO     统计 -> 成功: 90 | 失败: 227 | 异常: 0 | 成功率: 28.4%
[2026-04-17 00:44:03] INFO     
-------------------- 第 318 轮 | 最大监听: 25.7s --------------------
[2026-04-17 00:44:03] INFO     继电器 ON (开始充电)
[2026-04-17 00:44:03] INFO     继电器执行 -> ON
[2026-04-17 00:44:07] INFO     捕获目标指令: voice_msgnum:9
[2026-04-17 00:44:07] INFO     状态维稳，保持闭合 25.0s
[2026-04-17 00:44:32] INFO     继电器 OFF (切断充电)
[2026-04-17 00:44:32] INFO     继电器执行 -> OFF
[2026-04-17 00:44:32] INFO     物理断电静置 25.0s
[2026-04-17 00:44:57] INFO     【结论】 [PASS] 成功关键字: voice_msgnum:9
[2026-04-17 00:44:57] INFO     统计 -> 成功: 91 | 失败: 227 | 异常: 0 | 成功率: 28.6%
[2026-04-17 00:44:57] INFO     
-------------------- 第 319 轮 | 最大监听: 29.4s --------------------
[2026-04-17 00:44:57] INFO     继电器 ON (开始充电)
[2026-04-17 00:44:57] INFO     继电器执行 -> ON
[2026-04-17 00:44:59] INFO     捕获目标指令: voice_msgnum:9
[2026-04-17 00:44:59] INFO     状态维稳，保持闭合 25.0s
[2026-04-17 00:45:24] INFO     继电器 OFF (切断充电)
[2026-04-17 00:45:24] INFO     继电器执行 -> OFF
[2026-04-17 00:45:24] INFO     物理断电静置 25.0s
[2026-04-17 00:45:49] INFO     【结论】 [PASS] 成功关键字: voice_msgnum:9
[2026-04-17 00:45:49] INFO     统计 -> 成功: 92 | 失败: 227 | 异常: 0 | 成功率: 28.8%
[2026-04-17 00:45:49] INFO     
-------------------- 第 320 轮 | 最大监听: 27.5s --------------------
[2026-04-17 00:45:49] INFO     继电器 ON (开始充电)
[2026-04-17 00:45:49] INFO     继电器执行 -> ON
[2026-04-17 00:45:59] INFO     捕获目标指令: voice_msgnum:9
[2026-04-17 00:45:59] INFO     状态维稳，保持闭合 25.0s
[2026-04-17 00:46:24] INFO     继电器 OFF (切断充电)
[2026-04-17 00:46:24] INFO     继电器执行 -> OFF
[2026-04-17 00:46:24] INFO     物理断电静置 25.0s
[2026-04-17 00:46:49] INFO     【结论】 [PASS] 成功关键字: voice_msgnum:9
[2026-04-17 00:46:49] INFO     统计 -> 成功: 93 | 失败: 227 | 异常: 0 | 成功率: 29.1%
[2026-04-17 00:46:49] INFO     
-------------------- 第 321 轮 | 最大监听: 26.3s --------------------
[2026-04-17 00:46:49] INFO     继电器 ON (开始充电)
[2026-04-17 00:46:49] INFO     继电器执行 -> ON
[2026-04-17 00:47:16] INFO     继电器 OFF (切断充电)
[2026-04-17 00:47:16] INFO     继电器执行 -> OFF
[2026-04-17 00:47:16] INFO     物理断电静置 25.0s
[2026-04-17 00:47:41] WARNING  【结论】 [FAIL] 超时未检测到成功关键字
[2026-04-17 00:47:41] INFO     统计 -> 成功: 93 | 失败: 228 | 异常: 0 | 成功率: 29.0%
[2026-04-17 00:47:41] INFO     
-------------------- 第 322 轮 | 最大监听: 29.1s --------------------
[2026-04-17 00:47:41] INFO     继电器 ON (开始充电)
[2026-04-17 00:47:41] INFO     继电器执行 -> ON
[2026-04-17 00:48:10] INFO     继电器 OFF (切断充电)
[2026-04-17 00:48:10] INFO     继电器执行 -> OFF
[2026-04-17 00:48:10] INFO     物理断电静置 25.0s
[2026-04-17 00:48:10] INFO     捕获目标指令: voice_msgnum:9
[2026-04-17 00:48:35] WARNING  【结论】 [FAIL] 超时未检测到成功关键字
[2026-04-17 00:48:35] INFO     统计 -> 成功: 93 | 失败: 229 | 异常: 0 | 成功率: 28.9%
[2026-04-17 00:48:35] INFO     
-------------------- 第 323 轮 | 最大监听: 26.7s --------------------
[2026-04-17 00:48:35] INFO     继电器 ON (开始充电)
[2026-04-17 00:48:35] INFO     继电器执行 -> ON
[2026-04-17 00:49:02] INFO     继电器 OFF (切断充电)
[2026-04-17 00:49:02] INFO     继电器执行 -> OFF
[2026-04-17 00:49:02] INFO     物理断电静置 25.0s
[2026-04-17 00:49:27] WARNING  【结论】 [FAIL] 超时未检测到成功关键字
[2026-04-17 00:49:27] INFO     统计 -> 成功: 93 | 失败: 230 | 异常: 0 | 成功率: 28.8%
[2026-04-17 00:49:27] INFO     
-------------------- 第 324 轮 | 最大监听: 26.9s --------------------
[2026-04-17 00:49:27] INFO     继电器 ON (开始充电)
[2026-04-17 00:49:27] INFO     继电器执行 -> ON
[2026-04-17 00:49:54] INFO     继电器 OFF (切断充电)
[2026-04-17 00:49:54] INFO     继电器执行 -> OFF
[2026-04-17 00:49:54] INFO     物理断电静置 25.0s
[2026-04-17 00:50:19] WARNING  【结论】 [FAIL] 超时未检测到成功关键字
[2026-04-17 00:50:19] INFO     统计 -> 成功: 93 | 失败: 231 | 异常: 0 | 成功率: 28.7%
[2026-04-17 00:50:19] INFO     
-------------------- 第 325 轮 | 最大监听: 27.1s --------------------
[2026-04-17 00:50:19] INFO     继电器 ON (开始充电)
[2026-04-17 00:50:19] INFO     继电器执行 -> ON
[2026-04-17 00:50:46] INFO     继电器 OFF (切断充电)
[2026-04-17 00:50:46] INFO     继电器执行 -> OFF
[2026-04-17 00:50:46] INFO     物理断电静置 25.0s
[2026-04-17 00:51:11] WARNING  【结论】 [FAIL] 超时未检测到成功关键字
[2026-04-17 00:51:11] INFO     统计 -> 成功: 93 | 失败: 232 | 异常: 0 | 成功率: 28.6%
[2026-04-17 00:51:11] INFO     
-------------------- 第 326 轮 | 最大监听: 26.0s --------------------
[2026-04-17 00:51:11] INFO     继电器 ON (开始充电)
[2026-04-17 00:51:11] INFO     继电器执行 -> ON
[2026-04-17 00:51:37] INFO     继电器 OFF (切断充电)
[2026-04-17 00:51:37] INFO     继电器执行 -> OFF
[2026-04-17 00:51:37] INFO     物理断电静置 25.0s
[2026-04-17 00:52:02] WARNING  【结论】 [FAIL] 超时未检测到成功关键字
[2026-04-17 00:52:02] INFO     统计 -> 成功: 93 | 失败: 233 | 异常: 0 | 成功率: 28.5%
[2026-04-17 00:52:02] INFO     
-------------------- 第 327 轮 | 最大监听: 26.5s --------------------
[2026-04-17 00:52:02] INFO     继电器 ON (开始充电)
[2026-04-17 00:52:02] INFO     继电器执行 -> ON
[2026-04-17 00:52:29] INFO     继电器 OFF (切断充电)
[2026-04-17 00:52:29] INFO     继电器执行 -> OFF
[2026-04-17 00:52:29] INFO     物理断电静置 25.0s
[2026-04-17 00:52:54] WARNING  【结论】 [FAIL] 超时未检测到成功关键字
[2026-04-17 00:52:54] INFO     统计 -> 成功: 93 | 失败: 234 | 异常: 0 | 成功率: 28.4%
[2026-04-17 00:52:54] INFO     
-------------------- 第 328 轮 | 最大监听: 28.3s --------------------
[2026-04-17 00:52:54] INFO     继电器 ON (开始充电)
[2026-04-17 00:52:54] INFO     继电器执行 -> ON
[2026-04-17 00:53:22] INFO     继电器 OFF (切断充电)
[2026-04-17 00:53:22] INFO     继电器执行 -> OFF
[2026-04-17 00:53:22] INFO     物理断电静置 25.0s
[2026-04-17 00:53:47] WARNING  【结论】 [FAIL] 超时未检测到成功关键字
[2026-04-17 00:53:47] INFO     统计 -> 成功: 93 | 失败: 235 | 异常: 0 | 成功率: 28.4%
[2026-04-17 00:53:47] INFO     
-------------------- 第 329 轮 | 最大监听: 29.1s --------------------
[2026-04-17 00:53:47] INFO     继电器 ON (开始充电)
[2026-04-17 00:53:47] INFO     继电器执行 -> ON
[2026-04-17 00:54:16] INFO     继电器 OFF (切断充电)
[2026-04-17 00:54:16] INFO     继电器执行 -> OFF
[2026-04-17 00:54:16] INFO     物理断电静置 25.0s
[2026-04-17 00:54:41] WARNING  【结论】 [FAIL] 超时未检测到成功关键字
[2026-04-17 00:54:41] INFO     统计 -> 成功: 93 | 失败: 236 | 异常: 0 | 成功率: 28.3%
[2026-04-17 00:54:41] INFO     
-------------------- 第 330 轮 | 最大监听: 27.5s --------------------
[2026-04-17 00:54:41] INFO     继电器 ON (开始充电)
[2026-04-17 00:54:41] INFO     继电器执行 -> ON
[2026-04-17 00:55:05] INFO     捕获目标指令: voice_msgnum:9
[2026-04-17 00:55:05] INFO     状态维稳，保持闭合 25.0s
[2026-04-17 00:55:30] INFO     继电器 OFF (切断充电)
[2026-04-17 00:55:30] INFO     继电器执行 -> OFF
[2026-04-17 00:55:30] INFO     物理断电静置 25.0s
[2026-04-17 00:55:55] INFO     【结论】 [PASS] 成功关键字: voice_msgnum:9
[2026-04-17 00:55:55] INFO     统计 -> 成功: 94 | 失败: 236 | 异常: 0 | 成功率: 28.5%
[2026-04-17 00:55:55] INFO     
-------------------- 第 331 轮 | 最大监听: 29.5s --------------------
[2026-04-17 00:55:55] INFO     继电器 ON (开始充电)
[2026-04-17 00:55:55] INFO     继电器执行 -> ON
[2026-04-17 00:56:24] INFO     继电器 OFF (切断充电)
[2026-04-17 00:56:24] INFO     继电器执行 -> OFF
[2026-04-17 00:56:24] INFO     物理断电静置 25.0s
[2026-04-17 00:56:49] WARNING  【结论】 [FAIL] 超时未检测到成功关键字
[2026-04-17 00:56:49] INFO     统计 -> 成功: 94 | 失败: 237 | 异常: 0 | 成功率: 28.4%
[2026-04-17 00:56:49] INFO     
-------------------- 第 332 轮 | 最大监听: 25.9s --------------------
[2026-04-17 00:56:49] INFO     继电器 ON (开始充电)
[2026-04-17 00:56:49] INFO     继电器执行 -> ON
[2026-04-17 00:57:15] INFO     继电器 OFF (切断充电)
[2026-04-17 00:57:15] INFO     继电器执行 -> OFF
[2026-04-17 00:57:15] INFO     物理断电静置 25.0s
[2026-04-17 00:57:40] WARNING  【结论】 [FAIL] 超时未检测到成功关键字
[2026-04-17 00:57:40] INFO     统计 -> 成功: 94 | 失败: 238 | 异常: 0 | 成功率: 28.3%
[2026-04-17 00:57:40] INFO     
-------------------- 第 333 轮 | 最大监听: 26.5s --------------------
[2026-04-17 00:57:40] INFO     继电器 ON (开始充电)
[2026-04-17 00:57:40] INFO     继电器执行 -> ON
[2026-04-17 00:58:07] INFO     继电器 OFF (切断充电)
[2026-04-17 00:58:07] INFO     继电器执行 -> OFF
[2026-04-17 00:58:07] INFO     物理断电静置 25.0s
[2026-04-17 00:58:32] WARNING  【结论】 [FAIL] 超时未检测到成功关键字
[2026-04-17 00:58:32] INFO     统计 -> 成功: 94 | 失败: 239 | 异常: 0 | 成功率: 28.2%
[2026-04-17 00:58:32] INFO     
-------------------- 第 334 轮 | 最大监听: 27.6s --------------------
[2026-04-17 00:58:32] INFO     继电器 ON (开始充电)
[2026-04-17 00:58:32] INFO     继电器执行 -> ON
[2026-04-17 00:58:59] INFO     继电器 OFF (切断充电)
[2026-04-17 00:59:00] INFO     继电器执行 -> OFF
[2026-04-17 00:59:00] INFO     物理断电静置 25.0s
[2026-04-17 00:59:25] WARNING  【结论】 [FAIL] 超时未检测到成功关键字
[2026-04-17 00:59:25] INFO     统计 -> 成功: 94 | 失败: 240 | 异常: 0 | 成功率: 28.1%
[2026-04-17 00:59:25] INFO     
-------------------- 第 335 轮 | 最大监听: 25.4s --------------------
[2026-04-17 00:59:25] INFO     继电器 ON (开始充电)
[2026-04-17 00:59:25] INFO     继电器执行 -> ON
[2026-04-17 00:59:50] INFO     继电器 OFF (切断充电)
[2026-04-17 00:59:50] INFO     继电器执行 -> OFF
[2026-04-17 00:59:50] INFO     物理断电静置 25.0s
[2026-04-17 01:00:15] WARNING  【结论】 [FAIL] 超时未检测到成功关键字
[2026-04-17 01:00:15] INFO     统计 -> 成功: 94 | 失败: 241 | 异常: 0 | 成功率: 28.1%
[2026-04-17 01:00:15] INFO     
-------------------- 第 336 轮 | 最大监听: 25.0s --------------------
[2026-04-17 01:00:15] INFO     继电器 ON (开始充电)
[2026-04-17 01:00:15] INFO     继电器执行 -> ON
[2026-04-17 01:00:40] INFO     继电器 OFF (切断充电)
[2026-04-17 01:00:40] INFO     继电器执行 -> OFF
[2026-04-17 01:00:40] INFO     物理断电静置 25.0s
[2026-04-17 01:01:05] WARNING  【结论】 [FAIL] 超时未检测到成功关键字
[2026-04-17 01:01:05] INFO     统计 -> 成功: 94 | 失败: 242 | 异常: 0 | 成功率: 28.0%
[2026-04-17 01:01:05] INFO     
-------------------- 第 337 轮 | 最大监听: 26.2s --------------------
[2026-04-17 01:01:05] INFO     继电器 ON (开始充电)
[2026-04-17 01:01:05] INFO     继电器执行 -> ON
[2026-04-17 01:01:31] INFO     继电器 OFF (切断充电)
[2026-04-17 01:01:31] INFO     继电器执行 -> OFF
[2026-04-17 01:01:31] INFO     物理断电静置 25.0s
[2026-04-17 01:01:56] WARNING  【结论】 [FAIL] 超时未检测到成功关键字
[2026-04-17 01:01:56] INFO     统计 -> 成功: 94 | 失败: 243 | 异常: 0 | 成功率: 27.9%
[2026-04-17 01:01:56] INFO     
-------------------- 第 338 轮 | 最大监听: 27.1s --------------------
[2026-04-17 01:01:56] INFO     继电器 ON (开始充电)
[2026-04-17 01:01:57] INFO     继电器执行 -> ON
[2026-04-17 01:02:24] INFO     继电器 OFF (切断充电)
[2026-04-17 01:02:24] INFO     继电器执行 -> OFF
[2026-04-17 01:02:24] INFO     物理断电静置 25.0s
[2026-04-17 01:02:49] WARNING  【结论】 [FAIL] 超时未检测到成功关键字
[2026-04-17 01:02:49] INFO     统计 -> 成功: 94 | 失败: 244 | 异常: 0 | 成功率: 27.8%
[2026-04-17 01:02:49] INFO     
-------------------- 第 339 轮 | 最大监听: 27.2s --------------------
[2026-04-17 01:02:49] INFO     继电器 ON (开始充电)
[2026-04-17 01:02:49] INFO     继电器执行 -> ON
[2026-04-17 01:03:16] INFO     继电器 OFF (切断充电)
[2026-04-17 01:03:16] INFO     继电器执行 -> OFF
[2026-04-17 01:03:16] INFO     物理断电静置 25.0s
[2026-04-17 01:03:41] WARNING  【结论】 [FAIL] 超时未检测到成功关键字
[2026-04-17 01:03:41] INFO     统计 -> 成功: 94 | 失败: 245 | 异常: 0 | 成功率: 27.7%
[2026-04-17 01:03:41] INFO     
-------------------- 第 340 轮 | 最大监听: 29.1s --------------------
[2026-04-17 01:03:41] INFO     继电器 ON (开始充电)
[2026-04-17 01:03:41] INFO     继电器执行 -> ON
[2026-04-17 01:04:01] INFO     捕获目标指令: voice_msgnum:9
[2026-04-17 01:04:01] INFO     状态维稳，保持闭合 25.0s
[2026-04-17 01:04:26] INFO     继电器 OFF (切断充电)
[2026-04-17 01:04:26] INFO     继电器执行 -> OFF
[2026-04-17 01:04:26] INFO     物理断电静置 25.0s
[2026-04-17 01:04:51] INFO     【结论】 [PASS] 成功关键字: voice_msgnum:9
[2026-04-17 01:04:51] INFO     统计 -> 成功: 95 | 失败: 245 | 异常: 0 | 成功率: 27.9%
[2026-04-17 01:04:51] INFO     
-------------------- 第 341 轮 | 最大监听: 27.3s --------------------
[2026-04-17 01:04:51] INFO     继电器 ON (开始充电)
[2026-04-17 01:04:51] INFO     继电器执行 -> ON
[2026-04-17 01:05:01] INFO     捕获目标指令: voice_msgnum:9
[2026-04-17 01:05:01] INFO     状态维稳，保持闭合 25.0s
[2026-04-17 01:05:26] INFO     继电器 OFF (切断充电)
[2026-04-17 01:05:26] INFO     继电器执行 -> OFF
[2026-04-17 01:05:26] INFO     物理断电静置 25.0s
[2026-04-17 01:05:51] INFO     【结论】 [PASS] 成功关键字: voice_msgnum:9
[2026-04-17 01:05:51] INFO     统计 -> 成功: 96 | 失败: 245 | 异常: 0 | 成功率: 28.2%
[2026-04-17 01:05:51] INFO     
-------------------- 第 342 轮 | 最大监听: 29.2s --------------------
[2026-04-17 01:05:51] INFO     继电器 ON (开始充电)
[2026-04-17 01:05:51] INFO     继电器执行 -> ON
[2026-04-17 01:06:21] INFO     继电器 OFF (切断充电)
[2026-04-17 01:06:21] INFO     继电器执行 -> OFF
[2026-04-17 01:06:21] INFO     物理断电静置 25.0s
[2026-04-17 01:06:46] WARNING  【结论】 [FAIL] 超时未检测到成功关键字
[2026-04-17 01:06:46] INFO     统计 -> 成功: 96 | 失败: 246 | 异常: 0 | 成功率: 28.1%
[2026-04-17 01:06:46] INFO     
-------------------- 第 343 轮 | 最大监听: 26.1s --------------------
[2026-04-17 01:06:46] INFO     继电器 ON (开始充电)
[2026-04-17 01:06:46] INFO     继电器执行 -> ON
[2026-04-17 01:07:12] INFO     继电器 OFF (切断充电)
[2026-04-17 01:07:12] INFO     继电器执行 -> OFF
[2026-04-17 01:07:12] INFO     物理断电静置 25.0s
[2026-04-17 01:07:37] WARNING  【结论】 [FAIL] 超时未检测到成功关键字
[2026-04-17 01:07:37] INFO     统计 -> 成功: 96 | 失败: 247 | 异常: 0 | 成功率: 28.0%
[2026-04-17 01:07:37] INFO     
-------------------- 第 344 轮 | 最大监听: 27.4s --------------------
[2026-04-17 01:07:37] INFO     继电器 ON (开始充电)
[2026-04-17 01:07:37] INFO     继电器执行 -> ON
[2026-04-17 01:08:04] INFO     继电器 OFF (切断充电)
[2026-04-17 01:08:04] INFO     继电器执行 -> OFF
[2026-04-17 01:08:04] INFO     物理断电静置 25.0s
[2026-04-17 01:08:29] WARNING  【结论】 [FAIL] 超时未检测到成功关键字
[2026-04-17 01:08:29] INFO     统计 -> 成功: 96 | 失败: 248 | 异常: 0 | 成功率: 27.9%
[2026-04-17 01:08:29] INFO     
-------------------- 第 345 轮 | 最大监听: 27.2s --------------------
[2026-04-17 01:08:29] INFO     继电器 ON (开始充电)
[2026-04-17 01:08:29] INFO     继电器执行 -> ON
[2026-04-17 01:08:57] INFO     继电器 OFF (切断充电)
[2026-04-17 01:08:57] INFO     继电器执行 -> OFF
[2026-04-17 01:08:57] INFO     物理断电静置 25.0s
[2026-04-17 01:09:22] WARNING  【结论】 [FAIL] 超时未检测到成功关键字
[2026-04-17 01:09:22] INFO     统计 -> 成功: 96 | 失败: 249 | 异常: 0 | 成功率: 27.8%
[2026-04-17 01:09:22] INFO     
-------------------- 第 346 轮 | 最大监听: 26.7s --------------------
[2026-04-17 01:09:22] INFO     继电器 ON (开始充电)
[2026-04-17 01:09:22] INFO     继电器执行 -> ON
[2026-04-17 01:09:48] INFO     继电器 OFF (切断充电)
[2026-04-17 01:09:49] INFO     继电器执行 -> OFF
[2026-04-17 01:09:49] INFO     物理断电静置 25.0s
[2026-04-17 01:10:14] WARNING  【结论】 [FAIL] 超时未检测到成功关键字
[2026-04-17 01:10:14] INFO     统计 -> 成功: 96 | 失败: 250 | 异常: 0 | 成功率: 27.7%
[2026-04-17 01:10:14] INFO     
-------------------- 第 347 轮 | 最大监听: 25.1s --------------------
[2026-04-17 01:10:14] INFO     继电器 ON (开始充电)
[2026-04-17 01:10:14] INFO     继电器执行 -> ON
[2026-04-17 01:10:39] INFO     继电器 OFF (切断充电)
[2026-04-17 01:10:39] INFO     继电器执行 -> OFF
[2026-04-17 01:10:39] INFO     物理断电静置 25.0s
[2026-04-17 01:11:04] WARNING  【结论】 [FAIL] 超时未检测到成功关键字
[2026-04-17 01:11:04] INFO     统计 -> 成功: 96 | 失败: 251 | 异常: 0 | 成功率: 27.7%
[2026-04-17 01:11:04] INFO     
-------------------- 第 348 轮 | 最大监听: 27.1s --------------------
[2026-04-17 01:11:04] INFO     继电器 ON (开始充电)
[2026-04-17 01:11:04] INFO     继电器执行 -> ON
[2026-04-17 01:11:31] INFO     继电器 OFF (切断充电)
[2026-04-17 01:11:31] INFO     继电器执行 -> OFF
[2026-04-17 01:11:31] INFO     物理断电静置 25.0s
[2026-04-17 01:11:56] WARNING  【结论】 [FAIL] 超时未检测到成功关键字
[2026-04-17 01:11:56] INFO     统计 -> 成功: 96 | 失败: 252 | 异常: 0 | 成功率: 27.6%
[2026-04-17 01:11:56] INFO     
-------------------- 第 349 轮 | 最大监听: 28.3s --------------------
[2026-04-17 01:11:56] INFO     继电器 ON (开始充电)
[2026-04-17 01:11:56] INFO     继电器执行 -> ON
[2026-04-17 01:12:24] INFO     继电器 OFF (切断充电)
[2026-04-17 01:12:24] INFO     继电器执行 -> OFF
[2026-04-17 01:12:24] INFO     物理断电静置 25.0s
[2026-04-17 01:12:49] WARNING  【结论】 [FAIL] 超时未检测到成功关键字
[2026-04-17 01:12:49] INFO     统计 -> 成功: 96 | 失败: 253 | 异常: 0 | 成功率: 27.5%
[2026-04-17 01:12:49] INFO     
-------------------- 第 350 轮 | 最大监听: 25.8s --------------------
[2026-04-17 01:12:49] INFO     继电器 ON (开始充电)
[2026-04-17 01:12:49] INFO     继电器执行 -> ON
[2026-04-17 01:13:15] INFO     继电器 OFF (切断充电)
[2026-04-17 01:13:15] INFO     继电器执行 -> OFF
[2026-04-17 01:13:15] INFO     物理断电静置 25.0s
[2026-04-17 01:13:40] WARNING  【结论】 [FAIL] 超时未检测到成功关键字
[2026-04-17 01:13:40] INFO     统计 -> 成功: 96 | 失败: 254 | 异常: 0 | 成功率: 27.4%
[2026-04-17 01:13:40] INFO     
-------------------- 第 351 轮 | 最大监听: 26.5s --------------------
[2026-04-17 01:13:40] INFO     继电器 ON (开始充电)
[2026-04-17 01:13:40] INFO     继电器执行 -> ON
[2026-04-17 01:14:07] INFO     继电器 OFF (切断充电)
[2026-04-17 01:14:07] INFO     继电器执行 -> OFF
[2026-04-17 01:14:07] INFO     物理断电静置 25.0s
[2026-04-17 01:14:32] WARNING  【结论】 [FAIL] 超时未检测到成功关键字
[2026-04-17 01:14:32] INFO     统计 -> 成功: 96 | 失败: 255 | 异常: 0 | 成功率: 27.4%
[2026-04-17 01:14:32] INFO     
-------------------- 第 352 轮 | 最大监听: 27.8s --------------------
[2026-04-17 01:14:32] INFO     继电器 ON (开始充电)
[2026-04-17 01:14:32] INFO     继电器执行 -> ON
[2026-04-17 01:15:00] INFO     继电器 OFF (切断充电)
[2026-04-17 01:15:00] INFO     继电器执行 -> OFF
[2026-04-17 01:15:00] INFO     物理断电静置 25.0s
[2026-04-17 01:15:25] WARNING  【结论】 [FAIL] 超时未检测到成功关键字
[2026-04-17 01:15:25] INFO     统计 -> 成功: 96 | 失败: 256 | 异常: 0 | 成功率: 27.3%
[2026-04-17 01:15:25] INFO     
-------------------- 第 353 轮 | 最大监听: 28.1s --------------------
[2026-04-17 01:15:25] INFO     继电器 ON (开始充电)
[2026-04-17 01:15:25] INFO     继电器执行 -> ON
[2026-04-17 01:15:53] INFO     继电器 OFF (切断充电)
[2026-04-17 01:15:53] INFO     继电器执行 -> OFF
[2026-04-17 01:15:53] INFO     物理断电静置 25.0s
[2026-04-17 01:16:18] WARNING  【结论】 [FAIL] 超时未检测到成功关键字
[2026-04-17 01:16:18] INFO     统计 -> 成功: 96 | 失败: 257 | 异常: 0 | 成功率: 27.2%
[2026-04-17 01:16:18] INFO     
-------------------- 第 354 轮 | 最大监听: 28.0s --------------------
[2026-04-17 01:16:18] INFO     继电器 ON (开始充电)
[2026-04-17 01:16:18] INFO     继电器执行 -> ON
[2026-04-17 01:16:46] INFO     继电器 OFF (切断充电)
[2026-04-17 01:16:46] INFO     继电器执行 -> OFF
[2026-04-17 01:16:46] INFO     物理断电静置 25.0s
[2026-04-17 01:17:11] WARNING  【结论】 [FAIL] 超时未检测到成功关键字
[2026-04-17 01:17:11] INFO     统计 -> 成功: 96 | 失败: 258 | 异常: 0 | 成功率: 27.1%
[2026-04-17 01:17:11] INFO     
-------------------- 第 355 轮 | 最大监听: 28.5s --------------------
[2026-04-17 01:17:11] INFO     继电器 ON (开始充电)
[2026-04-17 01:17:11] INFO     继电器执行 -> ON
[2026-04-17 01:17:40] INFO     继电器 OFF (切断充电)
[2026-04-17 01:17:40] INFO     继电器执行 -> OFF
[2026-04-17 01:17:40] INFO     物理断电静置 25.0s
[2026-04-17 01:18:05] WARNING  【结论】 [FAIL] 超时未检测到成功关键字
[2026-04-17 01:18:05] INFO     统计 -> 成功: 96 | 失败: 259 | 异常: 0 | 成功率: 27.0%
[2026-04-17 01:18:05] INFO     
-------------------- 第 356 轮 | 最大监听: 26.5s --------------------
[2026-04-17 01:18:05] INFO     继电器 ON (开始充电)
[2026-04-17 01:18:05] INFO     继电器执行 -> ON
[2026-04-17 01:18:31] INFO     继电器 OFF (切断充电)
[2026-04-17 01:18:31] INFO     继电器执行 -> OFF
[2026-04-17 01:18:31] INFO     物理断电静置 25.0s
[2026-04-17 01:18:56] WARNING  【结论】 [FAIL] 超时未检测到成功关键字
[2026-04-17 01:18:56] INFO     统计 -> 成功: 96 | 失败: 260 | 异常: 0 | 成功率: 27.0%
[2026-04-17 01:18:56] INFO     
-------------------- 第 357 轮 | 最大监听: 25.4s --------------------
[2026-04-17 01:18:56] INFO     继电器 ON (开始充电)
[2026-04-17 01:18:56] INFO     继电器执行 -> ON
[2026-04-17 01:19:13] INFO     捕获目标指令: voice_msgnum:9
[2026-04-17 01:19:13] INFO     状态维稳，保持闭合 25.0s
[2026-04-17 01:19:38] INFO     继电器 OFF (切断充电)
[2026-04-17 01:19:38] INFO     继电器执行 -> OFF
[2026-04-17 01:19:38] INFO     物理断电静置 25.0s
[2026-04-17 01:20:03] INFO     【结论】 [PASS] 成功关键字: voice_msgnum:9
[2026-04-17 01:20:03] INFO     统计 -> 成功: 97 | 失败: 260 | 异常: 0 | 成功率: 27.2%
[2026-04-17 01:20:03] INFO     
-------------------- 第 358 轮 | 最大监听: 26.6s --------------------
[2026-04-17 01:20:03] INFO     继电器 ON (开始充电)
[2026-04-17 01:20:03] INFO     继电器执行 -> ON
[2026-04-17 01:20:08] INFO     捕获目标指令: voice_msgnum:9
[2026-04-17 01:20:08] INFO     状态维稳，保持闭合 25.0s
[2026-04-17 01:20:33] INFO     继电器 OFF (切断充电)
[2026-04-17 01:20:33] INFO     继电器执行 -> OFF
[2026-04-17 01:20:33] INFO     物理断电静置 25.0s
[2026-04-17 01:20:58] INFO     【结论】 [PASS] 成功关键字: voice_msgnum:9
[2026-04-17 01:20:58] INFO     统计 -> 成功: 98 | 失败: 260 | 异常: 0 | 成功率: 27.4%
[2026-04-17 01:20:58] INFO     
-------------------- 第 359 轮 | 最大监听: 29.1s --------------------
[2026-04-17 01:20:58] INFO     继电器 ON (开始充电)
[2026-04-17 01:20:58] INFO     继电器执行 -> ON
[2026-04-17 01:21:27] INFO     继电器 OFF (切断充电)
[2026-04-17 01:21:27] INFO     继电器执行 -> OFF
[2026-04-17 01:21:27] INFO     物理断电静置 25.0s
[2026-04-17 01:21:52] WARNING  【结论】 [FAIL] 超时未检测到成功关键字
[2026-04-17 01:21:52] INFO     统计 -> 成功: 98 | 失败: 261 | 异常: 0 | 成功率: 27.3%
[2026-04-17 01:21:52] INFO     
-------------------- 第 360 轮 | 最大监听: 26.1s --------------------
[2026-04-17 01:21:52] INFO     继电器 ON (开始充电)
[2026-04-17 01:21:52] INFO     继电器执行 -> ON
[2026-04-17 01:22:18] INFO     继电器 OFF (切断充电)
[2026-04-17 01:22:19] INFO     继电器执行 -> OFF
[2026-04-17 01:22:19] INFO     物理断电静置 25.0s
[2026-04-17 01:22:44] WARNING  【结论】 [FAIL] 超时未检测到成功关键字
[2026-04-17 01:22:44] INFO     统计 -> 成功: 98 | 失败: 262 | 异常: 0 | 成功率: 27.2%
[2026-04-17 01:22:44] INFO     
-------------------- 第 361 轮 | 最大监听: 25.7s --------------------
[2026-04-17 01:22:44] INFO     继电器 ON (开始充电)
[2026-04-17 01:22:44] INFO     继电器执行 -> ON
[2026-04-17 01:23:09] INFO     继电器 OFF (切断充电)
[2026-04-17 01:23:09] INFO     继电器执行 -> OFF
[2026-04-17 01:23:09] INFO     物理断电静置 25.0s
[2026-04-17 01:23:34] WARNING  【结论】 [FAIL] 超时未检测到成功关键字
[2026-04-17 01:23:34] INFO     统计 -> 成功: 98 | 失败: 263 | 异常: 0 | 成功率: 27.1%
[2026-04-17 01:23:34] INFO     
-------------------- 第 362 轮 | 最大监听: 28.3s --------------------
[2026-04-17 01:23:34] INFO     继电器 ON (开始充电)
[2026-04-17 01:23:34] INFO     继电器执行 -> ON
[2026-04-17 01:24:03] INFO     继电器 OFF (切断充电)
[2026-04-17 01:24:03] INFO     继电器执行 -> OFF
[2026-04-17 01:24:03] INFO     物理断电静置 25.0s
[2026-04-17 01:24:28] WARNING  【结论】 [FAIL] 超时未检测到成功关键字
[2026-04-17 01:24:28] INFO     统计 -> 成功: 98 | 失败: 264 | 异常: 0 | 成功率: 27.1%
[2026-04-17 01:24:28] INFO     
-------------------- 第 363 轮 | 最大监听: 27.8s --------------------
[2026-04-17 01:24:28] INFO     继电器 ON (开始充电)
[2026-04-17 01:24:28] INFO     继电器执行 -> ON
[2026-04-17 01:24:56] INFO     继电器 OFF (切断充电)
[2026-04-17 01:24:56] INFO     继电器执行 -> OFF
[2026-04-17 01:24:56] INFO     物理断电静置 25.0s
[2026-04-17 01:25:21] WARNING  【结论】 [FAIL] 超时未检测到成功关键字
[2026-04-17 01:25:21] INFO     统计 -> 成功: 98 | 失败: 265 | 异常: 0 | 成功率: 27.0%
[2026-04-17 01:25:21] INFO     
-------------------- 第 364 轮 | 最大监听: 28.7s --------------------
[2026-04-17 01:25:21] INFO     继电器 ON (开始充电)
[2026-04-17 01:25:21] INFO     继电器执行 -> ON
[2026-04-17 01:25:49] INFO     继电器 OFF (切断充电)
[2026-04-17 01:25:49] INFO     继电器执行 -> OFF
[2026-04-17 01:25:49] INFO     物理断电静置 25.0s
[2026-04-17 01:26:14] WARNING  【结论】 [FAIL] 超时未检测到成功关键字
[2026-04-17 01:26:14] INFO     统计 -> 成功: 98 | 失败: 266 | 异常: 0 | 成功率: 26.9%
[2026-04-17 01:26:14] INFO     
-------------------- 第 365 轮 | 最大监听: 28.9s --------------------
[2026-04-17 01:26:14] INFO     继电器 ON (开始充电)
[2026-04-17 01:26:15] INFO     继电器执行 -> ON
[2026-04-17 01:26:43] INFO     继电器 OFF (切断充电)
[2026-04-17 01:26:43] INFO     继电器执行 -> OFF
[2026-04-17 01:26:43] INFO     物理断电静置 25.0s
[2026-04-17 01:27:08] WARNING  【结论】 [FAIL] 超时未检测到成功关键字
[2026-04-17 01:27:08] INFO     统计 -> 成功: 98 | 失败: 267 | 异常: 0 | 成功率: 26.8%
[2026-04-17 01:27:08] INFO     
-------------------- 第 366 轮 | 最大监听: 29.7s --------------------
[2026-04-17 01:27:08] INFO     继电器 ON (开始充电)
[2026-04-17 01:27:09] INFO     继电器执行 -> ON
[2026-04-17 01:27:38] INFO     继电器 OFF (切断充电)
[2026-04-17 01:27:38] INFO     继电器执行 -> OFF
[2026-04-17 01:27:38] INFO     物理断电静置 25.0s
[2026-04-17 01:28:03] WARNING  【结论】 [FAIL] 超时未检测到成功关键字
[2026-04-17 01:28:03] INFO     统计 -> 成功: 98 | 失败: 268 | 异常: 0 | 成功率: 26.8%
[2026-04-17 01:28:03] INFO     
-------------------- 第 367 轮 | 最大监听: 27.1s --------------------
[2026-04-17 01:28:03] INFO     继电器 ON (开始充电)
[2026-04-17 01:28:03] INFO     继电器执行 -> ON
[2026-04-17 01:28:26] INFO     捕获目标指令: voice_msgnum:9
[2026-04-17 01:28:26] INFO     状态维稳，保持闭合 25.0s
[2026-04-17 01:28:51] INFO     继电器 OFF (切断充电)
[2026-04-17 01:28:52] INFO     继电器执行 -> OFF
[2026-04-17 01:28:52] INFO     物理断电静置 25.0s
[2026-04-17 01:29:17] INFO     【结论】 [PASS] 成功关键字: voice_msgnum:9
[2026-04-17 01:29:17] INFO     统计 -> 成功: 99 | 失败: 268 | 异常: 0 | 成功率: 27.0%
[2026-04-17 01:29:17] INFO     
-------------------- 第 368 轮 | 最大监听: 29.5s --------------------
[2026-04-17 01:29:17] INFO     继电器 ON (开始充电)
[2026-04-17 01:29:17] INFO     继电器执行 -> ON
[2026-04-17 01:29:46] INFO     继电器 OFF (切断充电)
[2026-04-17 01:29:46] INFO     继电器执行 -> OFF
[2026-04-17 01:29:46] INFO     物理断电静置 25.0s
[2026-04-17 01:30:11] WARNING  【结论】 [FAIL] 超时未检测到成功关键字
[2026-04-17 01:30:11] INFO     统计 -> 成功: 99 | 失败: 269 | 异常: 0 | 成功率: 26.9%
[2026-04-17 01:30:11] INFO     
-------------------- 第 369 轮 | 最大监听: 28.6s --------------------
[2026-04-17 01:30:11] INFO     继电器 ON (开始充电)
[2026-04-17 01:30:11] INFO     继电器执行 -> ON
[2026-04-17 01:30:40] INFO     继电器 OFF (切断充电)
[2026-04-17 01:30:40] INFO     继电器执行 -> OFF
[2026-04-17 01:30:40] INFO     物理断电静置 25.0s
[2026-04-17 01:31:05] WARNING  【结论】 [FAIL] 超时未检测到成功关键字
[2026-04-17 01:31:05] INFO     统计 -> 成功: 99 | 失败: 270 | 异常: 0 | 成功率: 26.8%
[2026-04-17 01:31:05] INFO     
-------------------- 第 370 轮 | 最大监听: 26.2s --------------------
[2026-04-17 01:31:05] INFO     继电器 ON (开始充电)
[2026-04-17 01:31:05] INFO     继电器执行 -> ON
[2026-04-17 01:31:19] INFO     捕获目标指令: voice_msgnum:9
[2026-04-17 01:31:19] INFO     状态维稳，保持闭合 25.0s
[2026-04-17 01:31:44] INFO     继电器 OFF (切断充电)
[2026-04-17 01:31:44] INFO     继电器执行 -> OFF
[2026-04-17 01:31:44] INFO     物理断电静置 25.0s
[2026-04-17 01:32:09] INFO     【结论】 [PASS] 成功关键字: voice_msgnum:9
[2026-04-17 01:32:09] INFO     统计 -> 成功: 100 | 失败: 270 | 异常: 0 | 成功率: 27.0%
[2026-04-17 01:32:09] INFO     
-------------------- 第 371 轮 | 最大监听: 25.6s --------------------
[2026-04-17 01:32:09] INFO     继电器 ON (开始充电)
[2026-04-17 01:32:09] INFO     继电器执行 -> ON
[2026-04-17 01:32:16] INFO     捕获目标指令: voice_msgnum:9
[2026-04-17 01:32:16] INFO     状态维稳，保持闭合 25.0s
[2026-04-17 01:32:41] INFO     继电器 OFF (切断充电)
[2026-04-17 01:32:41] INFO     继电器执行 -> OFF
[2026-04-17 01:32:41] INFO     物理断电静置 25.0s
[2026-04-17 01:33:06] INFO     【结论】 [PASS] 成功关键字: voice_msgnum:9
[2026-04-17 01:33:06] INFO     统计 -> 成功: 101 | 失败: 270 | 异常: 0 | 成功率: 27.2%
[2026-04-17 01:33:06] INFO     
-------------------- 第 372 轮 | 最大监听: 30.0s --------------------
[2026-04-17 01:33:06] INFO     继电器 ON (开始充电)
[2026-04-17 01:33:06] INFO     继电器执行 -> ON
[2026-04-17 01:33:25] INFO     捕获目标指令: voice_msgnum:9
[2026-04-17 01:33:25] INFO     状态维稳，保持闭合 25.0s
[2026-04-17 01:33:50] INFO     继电器 OFF (切断充电)
[2026-04-17 01:33:51] INFO     继电器执行 -> OFF
[2026-04-17 01:33:51] INFO     物理断电静置 25.0s
[2026-04-17 01:34:16] INFO     【结论】 [PASS] 成功关键字: voice_msgnum:9
[2026-04-17 01:34:16] INFO     统计 -> 成功: 102 | 失败: 270 | 异常: 0 | 成功率: 27.4%
[2026-04-17 01:34:16] INFO     
-------------------- 第 373 轮 | 最大监听: 29.3s --------------------
[2026-04-17 01:34:16] INFO     继电器 ON (开始充电)
[2026-04-17 01:34:16] INFO     继电器执行 -> ON
[2026-04-17 01:34:23] INFO     捕获目标指令: voice_msgnum:9
[2026-04-17 01:34:23] INFO     状态维稳，保持闭合 25.0s
[2026-04-17 01:34:48] INFO     继电器 OFF (切断充电)
[2026-04-17 01:34:48] INFO     继电器执行 -> OFF
[2026-04-17 01:34:48] INFO     物理断电静置 25.0s
[2026-04-17 01:35:13] INFO     【结论】 [PASS] 成功关键字: voice_msgnum:9
[2026-04-17 01:35:13] INFO     统计 -> 成功: 103 | 失败: 270 | 异常: 0 | 成功率: 27.6%
[2026-04-17 01:35:13] INFO     
-------------------- 第 374 轮 | 最大监听: 28.2s --------------------
[2026-04-17 01:35:13] INFO     继电器 ON (开始充电)
[2026-04-17 01:35:13] INFO     继电器执行 -> ON
[2026-04-17 01:35:41] INFO     继电器 OFF (切断充电)
[2026-04-17 01:35:41] INFO     继电器执行 -> OFF
[2026-04-17 01:35:41] INFO     物理断电静置 25.0s
[2026-04-17 01:36:06] WARNING  【结论】 [FAIL] 超时未检测到成功关键字
[2026-04-17 01:36:06] INFO     统计 -> 成功: 103 | 失败: 271 | 异常: 0 | 成功率: 27.5%
[2026-04-17 01:36:06] INFO     
-------------------- 第 375 轮 | 最大监听: 27.7s --------------------
[2026-04-17 01:36:06] INFO     继电器 ON (开始充电)
[2026-04-17 01:36:07] INFO     继电器执行 -> ON
[2026-04-17 01:36:34] INFO     继电器 OFF (切断充电)
[2026-04-17 01:36:34] INFO     继电器执行 -> OFF
[2026-04-17 01:36:34] INFO     物理断电静置 25.0s
[2026-04-17 01:36:59] WARNING  【结论】 [FAIL] 超时未检测到成功关键字
[2026-04-17 01:36:59] INFO     统计 -> 成功: 103 | 失败: 272 | 异常: 0 | 成功率: 27.5%
[2026-04-17 01:36:59] INFO     
-------------------- 第 376 轮 | 最大监听: 25.9s --------------------
[2026-04-17 01:36:59] INFO     继电器 ON (开始充电)
[2026-04-17 01:36:59] INFO     继电器执行 -> ON
[2026-04-17 01:37:25] INFO     继电器 OFF (切断充电)
[2026-04-17 01:37:25] INFO     继电器执行 -> OFF
[2026-04-17 01:37:25] INFO     物理断电静置 25.0s
[2026-04-17 01:37:50] WARNING  【结论】 [FAIL] 超时未检测到成功关键字
[2026-04-17 01:37:50] INFO     统计 -> 成功: 103 | 失败: 273 | 异常: 0 | 成功率: 27.4%
[2026-04-17 01:37:50] INFO     
-------------------- 第 377 轮 | 最大监听: 27.8s --------------------
[2026-04-17 01:37:50] INFO     继电器 ON (开始充电)
[2026-04-17 01:37:50] INFO     继电器执行 -> ON
[2026-04-17 01:38:18] INFO     继电器 OFF (切断充电)
[2026-04-17 01:38:18] INFO     继电器执行 -> OFF
[2026-04-17 01:38:18] INFO     物理断电静置 25.0s
[2026-04-17 01:38:43] WARNING  【结论】 [FAIL] 超时未检测到成功关键字
[2026-04-17 01:38:43] INFO     统计 -> 成功: 103 | 失败: 274 | 异常: 0 | 成功率: 27.3%
[2026-04-17 01:38:43] INFO     
-------------------- 第 378 轮 | 最大监听: 27.0s --------------------
[2026-04-17 01:38:43] INFO     继电器 ON (开始充电)
[2026-04-17 01:38:43] INFO     继电器执行 -> ON
[2026-04-17 01:39:10] INFO     继电器 OFF (切断充电)
[2026-04-17 01:39:10] INFO     继电器执行 -> OFF
[2026-04-17 01:39:10] INFO     物理断电静置 25.0s
[2026-04-17 01:39:35] WARNING  【结论】 [FAIL] 超时未检测到成功关键字
[2026-04-17 01:39:35] INFO     统计 -> 成功: 103 | 失败: 275 | 异常: 0 | 成功率: 27.2%
[2026-04-17 01:39:35] INFO     
-------------------- 第 379 轮 | 最大监听: 29.5s --------------------
[2026-04-17 01:39:35] INFO     继电器 ON (开始充电)
[2026-04-17 01:39:35] INFO     继电器执行 -> ON
[2026-04-17 01:40:05] INFO     继电器 OFF (切断充电)
[2026-04-17 01:40:05] INFO     继电器执行 -> OFF
[2026-04-17 01:40:05] INFO     物理断电静置 25.0s
[2026-04-17 01:40:30] WARNING  【结论】 [FAIL] 超时未检测到成功关键字
[2026-04-17 01:40:30] INFO     统计 -> 成功: 103 | 失败: 276 | 异常: 0 | 成功率: 27.2%
[2026-04-17 01:40:30] INFO     
-------------------- 第 380 轮 | 最大监听: 29.0s --------------------
[2026-04-17 01:40:30] INFO     继电器 ON (开始充电)
[2026-04-17 01:40:30] INFO     继电器执行 -> ON
[2026-04-17 01:40:59] INFO     继电器 OFF (切断充电)
[2026-04-17 01:40:59] INFO     继电器执行 -> OFF
[2026-04-17 01:40:59] INFO     物理断电静置 25.0s
[2026-04-17 01:41:24] WARNING  【结论】 [FAIL] 超时未检测到成功关键字
[2026-04-17 01:41:24] INFO     统计 -> 成功: 103 | 失败: 277 | 异常: 0 | 成功率: 27.1%
[2026-04-17 01:41:24] INFO     
-------------------- 第 381 轮 | 最大监听: 26.1s --------------------
[2026-04-17 01:41:24] INFO     继电器 ON (开始充电)
[2026-04-17 01:41:24] INFO     继电器执行 -> ON
[2026-04-17 01:41:50] INFO     继电器 OFF (切断充电)
[2026-04-17 01:41:50] INFO     继电器执行 -> OFF
[2026-04-17 01:41:50] INFO     物理断电静置 25.0s
[2026-04-17 01:42:15] WARNING  【结论】 [FAIL] 超时未检测到成功关键字
[2026-04-17 01:42:15] INFO     统计 -> 成功: 103 | 失败: 278 | 异常: 0 | 成功率: 27.0%
[2026-04-17 01:42:15] INFO     
-------------------- 第 382 轮 | 最大监听: 29.9s --------------------
[2026-04-17 01:42:15] INFO     继电器 ON (开始充电)
[2026-04-17 01:42:15] INFO     继电器执行 -> ON
[2026-04-17 01:42:45] INFO     继电器 OFF (切断充电)
[2026-04-17 01:42:45] INFO     继电器执行 -> OFF
[2026-04-17 01:42:45] INFO     物理断电静置 25.0s
[2026-04-17 01:43:10] WARNING  【结论】 [FAIL] 超时未检测到成功关键字
[2026-04-17 01:43:10] INFO     统计 -> 成功: 103 | 失败: 279 | 异常: 0 | 成功率: 27.0%
[2026-04-17 01:43:10] INFO     
-------------------- 第 383 轮 | 最大监听: 29.9s --------------------
[2026-04-17 01:43:10] INFO     继电器 ON (开始充电)
[2026-04-17 01:43:10] INFO     继电器执行 -> ON
[2026-04-17 01:43:40] INFO     继电器 OFF (切断充电)
[2026-04-17 01:43:40] INFO     继电器执行 -> OFF
[2026-04-17 01:43:40] INFO     物理断电静置 25.0s
[2026-04-17 01:44:05] WARNING  【结论】 [FAIL] 超时未检测到成功关键字
[2026-04-17 01:44:05] INFO     统计 -> 成功: 103 | 失败: 280 | 异常: 0 | 成功率: 26.9%
[2026-04-17 01:44:05] INFO     
-------------------- 第 384 轮 | 最大监听: 27.7s --------------------
[2026-04-17 01:44:05] INFO     继电器 ON (开始充电)
[2026-04-17 01:44:05] INFO     继电器执行 -> ON
[2026-04-17 01:44:33] INFO     继电器 OFF (切断充电)
[2026-04-17 01:44:33] INFO     继电器执行 -> OFF
[2026-04-17 01:44:33] INFO     物理断电静置 25.0s
[2026-04-17 01:44:58] WARNING  【结论】 [FAIL] 超时未检测到成功关键字
[2026-04-17 01:44:58] INFO     统计 -> 成功: 103 | 失败: 281 | 异常: 0 | 成功率: 26.8%
[2026-04-17 01:44:58] INFO     
-------------------- 第 385 轮 | 最大监听: 27.5s --------------------
[2026-04-17 01:44:58] INFO     继电器 ON (开始充电)
[2026-04-17 01:44:58] INFO     继电器执行 -> ON
[2026-04-17 01:45:26] INFO     继电器 OFF (切断充电)
[2026-04-17 01:45:26] INFO     继电器执行 -> OFF
[2026-04-17 01:45:26] INFO     物理断电静置 25.0s
[2026-04-17 01:45:51] WARNING  【结论】 [FAIL] 超时未检测到成功关键字
[2026-04-17 01:45:51] INFO     统计 -> 成功: 103 | 失败: 282 | 异常: 0 | 成功率: 26.8%
[2026-04-17 01:45:51] INFO     
-------------------- 第 386 轮 | 最大监听: 26.4s --------------------
[2026-04-17 01:45:51] INFO     继电器 ON (开始充电)
[2026-04-17 01:45:51] INFO     继电器执行 -> ON
[2026-04-17 01:46:17] INFO     继电器 OFF (切断充电)
[2026-04-17 01:46:17] INFO     继电器执行 -> OFF
[2026-04-17 01:46:17] INFO     物理断电静置 25.0s
[2026-04-17 01:46:42] WARNING  【结论】 [FAIL] 超时未检测到成功关键字
[2026-04-17 01:46:42] INFO     统计 -> 成功: 103 | 失败: 283 | 异常: 0 | 成功率: 26.7%
[2026-04-17 01:46:42] INFO     
-------------------- 第 387 轮 | 最大监听: 28.9s --------------------
[2026-04-17 01:46:42] INFO     继电器 ON (开始充电)
[2026-04-17 01:46:42] INFO     继电器执行 -> ON
[2026-04-17 01:47:11] INFO     继电器 OFF (切断充电)
[2026-04-17 01:47:11] INFO     继电器执行 -> OFF
[2026-04-17 01:47:11] INFO     物理断电静置 25.0s
[2026-04-17 01:47:36] WARNING  【结论】 [FAIL] 超时未检测到成功关键字
[2026-04-17 01:47:36] INFO     统计 -> 成功: 103 | 失败: 284 | 异常: 0 | 成功率: 26.6%
[2026-04-17 01:47:36] INFO     
-------------------- 第 388 轮 | 最大监听: 27.1s --------------------
[2026-04-17 01:47:36] INFO     继电器 ON (开始充电)
[2026-04-17 01:47:36] INFO     继电器执行 -> ON
[2026-04-17 01:48:03] INFO     继电器 OFF (切断充电)
[2026-04-17 01:48:03] INFO     继电器执行 -> OFF
[2026-04-17 01:48:03] INFO     物理断电静置 25.0s
[2026-04-17 01:48:28] WARNING  【结论】 [FAIL] 超时未检测到成功关键字
[2026-04-17 01:48:28] INFO     统计 -> 成功: 103 | 失败: 285 | 异常: 0 | 成功率: 26.5%
[2026-04-17 01:48:28] INFO     
-------------------- 第 389 轮 | 最大监听: 28.0s --------------------
[2026-04-17 01:48:28] INFO     继电器 ON (开始充电)
[2026-04-17 01:48:28] INFO     继电器执行 -> ON
[2026-04-17 01:48:55] INFO     捕获目标指令: voice_msgnum:9
[2026-04-17 01:48:55] INFO     状态维稳，保持闭合 25.0s
[2026-04-17 01:49:20] INFO     继电器 OFF (切断充电)
[2026-04-17 01:49:20] INFO     继电器执行 -> OFF
[2026-04-17 01:49:20] INFO     物理断电静置 25.0s
[2026-04-17 01:49:45] INFO     【结论】 [PASS] 成功关键字: voice_msgnum:9
[2026-04-17 01:49:45] INFO     统计 -> 成功: 104 | 失败: 285 | 异常: 0 | 成功率: 26.7%
[2026-04-17 01:49:45] INFO     
-------------------- 第 390 轮 | 最大监听: 28.3s --------------------
[2026-04-17 01:49:45] INFO     继电器 ON (开始充电)
[2026-04-17 01:49:45] INFO     继电器执行 -> ON
[2026-04-17 01:50:13] INFO     继电器 OFF (切断充电)
[2026-04-17 01:50:13] INFO     继电器执行 -> OFF
[2026-04-17 01:50:13] INFO     物理断电静置 25.0s
[2026-04-17 01:50:38] WARNING  【结论】 [FAIL] 超时未检测到成功关键字
[2026-04-17 01:50:38] INFO     统计 -> 成功: 104 | 失败: 286 | 异常: 0 | 成功率: 26.7%
[2026-04-17 01:50:38] INFO     
-------------------- 第 391 轮 | 最大监听: 29.6s --------------------
[2026-04-17 01:50:38] INFO     继电器 ON (开始充电)
[2026-04-17 01:50:38] INFO     继电器执行 -> ON
[2026-04-17 01:50:52] INFO     捕获目标指令: voice_msgnum:9
[2026-04-17 01:50:52] INFO     状态维稳，保持闭合 25.0s
[2026-04-17 01:51:17] INFO     继电器 OFF (切断充电)
[2026-04-17 01:51:17] INFO     继电器执行 -> OFF
[2026-04-17 01:51:17] INFO     物理断电静置 25.0s
[2026-04-17 01:51:42] INFO     【结论】 [PASS] 成功关键字: voice_msgnum:9
[2026-04-17 01:51:42] INFO     统计 -> 成功: 105 | 失败: 286 | 异常: 0 | 成功率: 26.9%
[2026-04-17 01:51:42] INFO     
-------------------- 第 392 轮 | 最大监听: 28.7s --------------------
[2026-04-17 01:51:42] INFO     继电器 ON (开始充电)
[2026-04-17 01:51:42] INFO     继电器执行 -> ON
[2026-04-17 01:52:10] INFO     继电器 OFF (切断充电)
[2026-04-17 01:52:11] INFO     继电器执行 -> OFF
[2026-04-17 01:52:11] INFO     物理断电静置 25.0s
[2026-04-17 01:52:36] WARNING  【结论】 [FAIL] 超时未检测到成功关键字
[2026-04-17 01:52:36] INFO     统计 -> 成功: 105 | 失败: 287 | 异常: 0 | 成功率: 26.8%
[2026-04-17 01:52:36] INFO     
-------------------- 第 393 轮 | 最大监听: 28.4s --------------------
[2026-04-17 01:52:36] INFO     继电器 ON (开始充电)
[2026-04-17 01:52:36] INFO     继电器执行 -> ON
[2026-04-17 01:53:04] INFO     继电器 OFF (切断充电)
[2026-04-17 01:53:04] INFO     继电器执行 -> OFF
[2026-04-17 01:53:04] INFO     物理断电静置 25.0s
[2026-04-17 01:53:29] WARNING  【结论】 [FAIL] 超时未检测到成功关键字
[2026-04-17 01:53:29] INFO     统计 -> 成功: 105 | 失败: 288 | 异常: 0 | 成功率: 26.7%
[2026-04-17 01:53:29] INFO     
-------------------- 第 394 轮 | 最大监听: 28.8s --------------------
[2026-04-17 01:53:29] INFO     继电器 ON (开始充电)
[2026-04-17 01:53:29] INFO     继电器执行 -> ON
[2026-04-17 01:53:52] INFO     捕获目标指令: voice_msgnum:9
[2026-04-17 01:53:52] INFO     状态维稳，保持闭合 25.0s
[2026-04-17 01:54:17] INFO     继电器 OFF (切断充电)
[2026-04-17 01:54:17] INFO     继电器执行 -> OFF
[2026-04-17 01:54:17] INFO     物理断电静置 25.0s
[2026-04-17 01:54:42] INFO     【结论】 [PASS] 成功关键字: voice_msgnum:9
[2026-04-17 01:54:42] INFO     统计 -> 成功: 106 | 失败: 288 | 异常: 0 | 成功率: 26.9%
[2026-04-17 01:54:42] INFO     
-------------------- 第 395 轮 | 最大监听: 27.5s --------------------
[2026-04-17 01:54:42] INFO     继电器 ON (开始充电)
[2026-04-17 01:54:42] INFO     继电器执行 -> ON
[2026-04-17 01:55:10] INFO     继电器 OFF (切断充电)
[2026-04-17 01:55:10] INFO     继电器执行 -> OFF
[2026-04-17 01:55:10] INFO     物理断电静置 25.0s
[2026-04-17 01:55:35] WARNING  【结论】 [FAIL] 超时未检测到成功关键字
[2026-04-17 01:55:35] INFO     统计 -> 成功: 106 | 失败: 289 | 异常: 0 | 成功率: 26.8%
[2026-04-17 01:55:35] INFO     
-------------------- 第 396 轮 | 最大监听: 29.3s --------------------
[2026-04-17 01:55:35] INFO     继电器 ON (开始充电)
[2026-04-17 01:55:35] INFO     继电器执行 -> ON
[2026-04-17 01:56:04] INFO     继电器 OFF (切断充电)
[2026-04-17 01:56:04] INFO     继电器执行 -> OFF
[2026-04-17 01:56:04] INFO     物理断电静置 25.0s
[2026-04-17 01:56:29] WARNING  【结论】 [FAIL] 超时未检测到成功关键字
[2026-04-17 01:56:29] INFO     统计 -> 成功: 106 | 失败: 290 | 异常: 0 | 成功率: 26.8%
[2026-04-17 01:56:29] INFO     
-------------------- 第 397 轮 | 最大监听: 27.5s --------------------
[2026-04-17 01:56:29] INFO     继电器 ON (开始充电)
[2026-04-17 01:56:29] INFO     继电器执行 -> ON
[2026-04-17 01:56:57] INFO     继电器 OFF (切断充电)
[2026-04-17 01:56:57] INFO     继电器执行 -> OFF
[2026-04-17 01:56:57] INFO     物理断电静置 25.0s
[2026-04-17 01:57:22] WARNING  【结论】 [FAIL] 超时未检测到成功关键字
[2026-04-17 01:57:22] INFO     统计 -> 成功: 106 | 失败: 291 | 异常: 0 | 成功率: 26.7%
[2026-04-17 01:57:22] INFO     
-------------------- 第 398 轮 | 最大监听: 29.5s --------------------
[2026-04-17 01:57:22] INFO     继电器 ON (开始充电)
[2026-04-17 01:57:22] INFO     继电器执行 -> ON
[2026-04-17 01:57:51] INFO     捕获目标指令: voice_msgnum:9
[2026-04-17 01:57:51] INFO     状态维稳，保持闭合 25.0s
[2026-04-17 01:58:16] INFO     继电器 OFF (切断充电)
[2026-04-17 01:58:16] INFO     继电器执行 -> OFF
[2026-04-17 01:58:16] INFO     物理断电静置 25.0s
[2026-04-17 01:58:41] INFO     【结论】 [PASS] 成功关键字: voice_msgnum:9
[2026-04-17 01:58:41] INFO     统计 -> 成功: 107 | 失败: 291 | 异常: 0 | 成功率: 26.9%
[2026-04-17 01:58:41] INFO     
-------------------- 第 399 轮 | 最大监听: 29.2s --------------------
[2026-04-17 01:58:41] INFO     继电器 ON (开始充电)
[2026-04-17 01:58:41] INFO     继电器执行 -> ON
[2026-04-17 01:59:10] INFO     继电器 OFF (切断充电)
[2026-04-17 01:59:11] INFO     继电器执行 -> OFF
[2026-04-17 01:59:11] INFO     物理断电静置 25.0s
[2026-04-17 01:59:36] WARNING  【结论】 [FAIL] 超时未检测到成功关键字
[2026-04-17 01:59:36] INFO     统计 -> 成功: 107 | 失败: 292 | 异常: 0 | 成功率: 26.8%
[2026-04-17 01:59:36] INFO     
-------------------- 第 400 轮 | 最大监听: 28.2s --------------------
[2026-04-17 01:59:36] INFO     继电器 ON (开始充电)
[2026-04-17 01:59:36] INFO     继电器执行 -> ON
[2026-04-17 01:59:55] INFO     捕获目标指令: voice_msgnum:9
[2026-04-17 01:59:55] INFO     状态维稳，保持闭合 25.0s
[2026-04-17 02:00:20] INFO     继电器 OFF (切断充电)
[2026-04-17 02:00:21] INFO     继电器执行 -> OFF
[2026-04-17 02:00:21] INFO     物理断电静置 25.0s
[2026-04-17 02:00:46] INFO     【结论】 [PASS] 成功关键字: voice_msgnum:9
[2026-04-17 02:00:46] INFO     统计 -> 成功: 108 | 失败: 292 | 异常: 0 | 成功率: 27.0%
[2026-04-17 02:00:46] INFO     
-------------------- 第 401 轮 | 最大监听: 25.7s --------------------
[2026-04-17 02:00:46] INFO     继电器 ON (开始充电)
[2026-04-17 02:00:46] INFO     继电器执行 -> ON
[2026-04-17 02:00:47] INFO     捕获目标指令: voice_msgnum:9
[2026-04-17 02:00:47] INFO     状态维稳，保持闭合 25.0s
[2026-04-17 02:01:12] INFO     继电器 OFF (切断充电)
[2026-04-17 02:01:12] INFO     继电器执行 -> OFF
[2026-04-17 02:01:12] INFO     物理断电静置 25.0s
[2026-04-17 02:01:37] INFO     【结论】 [PASS] 成功关键字: voice_msgnum:9
[2026-04-17 02:01:37] INFO     统计 -> 成功: 109 | 失败: 292 | 异常: 0 | 成功率: 27.2%
[2026-04-17 02:01:37] INFO     
-------------------- 第 402 轮 | 最大监听: 28.9s --------------------
[2026-04-17 02:01:37] INFO     继电器 ON (开始充电)
[2026-04-17 02:01:37] INFO     继电器执行 -> ON
[2026-04-17 02:02:06] INFO     继电器 OFF (切断充电)
[2026-04-17 02:02:06] INFO     继电器执行 -> OFF
[2026-04-17 02:02:06] INFO     物理断电静置 25.0s
[2026-04-17 02:02:31] WARNING  【结论】 [FAIL] 超时未检测到成功关键字
[2026-04-17 02:02:31] INFO     统计 -> 成功: 109 | 失败: 293 | 异常: 0 | 成功率: 27.1%
[2026-04-17 02:02:31] INFO     
-------------------- 第 403 轮 | 最大监听: 27.1s --------------------
[2026-04-17 02:02:31] INFO     继电器 ON (开始充电)
[2026-04-17 02:02:31] INFO     继电器执行 -> ON
[2026-04-17 02:02:48] INFO     捕获目标指令: voice_msgnum:9
[2026-04-17 02:02:48] INFO     状态维稳，保持闭合 25.0s
[2026-04-17 02:03:13] INFO     继电器 OFF (切断充电)
[2026-04-17 02:03:13] INFO     继电器执行 -> OFF
[2026-04-17 02:03:13] INFO     物理断电静置 25.0s
[2026-04-17 02:03:38] INFO     【结论】 [PASS] 成功关键字: voice_msgnum:9
[2026-04-17 02:03:38] INFO     统计 -> 成功: 110 | 失败: 293 | 异常: 0 | 成功率: 27.3%
[2026-04-17 02:03:38] INFO     
-------------------- 第 404 轮 | 最大监听: 28.3s --------------------
[2026-04-17 02:03:38] INFO     继电器 ON (开始充电)
[2026-04-17 02:03:38] INFO     继电器执行 -> ON
[2026-04-17 02:04:06] INFO     继电器 OFF (切断充电)
[2026-04-17 02:04:06] INFO     继电器执行 -> OFF
[2026-04-17 02:04:06] INFO     物理断电静置 25.0s
[2026-04-17 02:04:31] WARNING  【结论】 [FAIL] 超时未检测到成功关键字
[2026-04-17 02:04:31] INFO     统计 -> 成功: 110 | 失败: 294 | 异常: 0 | 成功率: 27.2%
[2026-04-17 02:04:31] INFO     
-------------------- 第 405 轮 | 最大监听: 28.5s --------------------
[2026-04-17 02:04:31] INFO     继电器 ON (开始充电)
[2026-04-17 02:04:31] INFO     继电器执行 -> ON
[2026-04-17 02:05:00] INFO     继电器 OFF (切断充电)
[2026-04-17 02:05:00] INFO     继电器执行 -> OFF
[2026-04-17 02:05:00] INFO     物理断电静置 25.0s
[2026-04-17 02:05:25] WARNING  【结论】 [FAIL] 超时未检测到成功关键字
[2026-04-17 02:05:25] INFO     统计 -> 成功: 110 | 失败: 295 | 异常: 0 | 成功率: 27.2%
[2026-04-17 02:05:25] INFO     
-------------------- 第 406 轮 | 最大监听: 27.7s --------------------
[2026-04-17 02:05:25] INFO     继电器 ON (开始充电)
[2026-04-17 02:05:25] INFO     继电器执行 -> ON
[2026-04-17 02:05:53] INFO     继电器 OFF (切断充电)
[2026-04-17 02:05:53] INFO     继电器执行 -> OFF
[2026-04-17 02:05:53] INFO     物理断电静置 25.0s
[2026-04-17 02:06:18] WARNING  【结论】 [FAIL] 超时未检测到成功关键字
[2026-04-17 02:06:18] INFO     统计 -> 成功: 110 | 失败: 296 | 异常: 0 | 成功率: 27.1%
[2026-04-17 02:06:18] INFO     
-------------------- 第 407 轮 | 最大监听: 27.4s --------------------
[2026-04-17 02:06:18] INFO     继电器 ON (开始充电)
[2026-04-17 02:06:18] INFO     继电器执行 -> ON
[2026-04-17 02:06:45] INFO     继电器 OFF (切断充电)
[2026-04-17 02:06:45] INFO     继电器执行 -> OFF
[2026-04-17 02:06:45] INFO     物理断电静置 25.0s
[2026-04-17 02:07:10] WARNING  【结论】 [FAIL] 超时未检测到成功关键字
[2026-04-17 02:07:10] INFO     统计 -> 成功: 110 | 失败: 297 | 异常: 0 | 成功率: 27.0%
[2026-04-17 02:07:10] INFO     
-------------------- 第 408 轮 | 最大监听: 26.9s --------------------
[2026-04-17 02:07:10] INFO     继电器 ON (开始充电)
[2026-04-17 02:07:10] INFO     继电器执行 -> ON
[2026-04-17 02:07:37] INFO     继电器 OFF (切断充电)
[2026-04-17 02:07:37] INFO     继电器执行 -> OFF
[2026-04-17 02:07:37] INFO     物理断电静置 25.0s
[2026-04-17 02:08:02] WARNING  【结论】 [FAIL] 超时未检测到成功关键字
[2026-04-17 02:08:02] INFO     统计 -> 成功: 110 | 失败: 298 | 异常: 0 | 成功率: 27.0%
[2026-04-17 02:08:02] INFO     
-------------------- 第 409 轮 | 最大监听: 26.6s --------------------
[2026-04-17 02:08:02] INFO     继电器 ON (开始充电)
[2026-04-17 02:08:02] INFO     继电器执行 -> ON
[2026-04-17 02:08:29] INFO     继电器 OFF (切断充电)
[2026-04-17 02:08:29] INFO     继电器执行 -> OFF
[2026-04-17 02:08:29] INFO     物理断电静置 25.0s
[2026-04-17 02:08:54] WARNING  【结论】 [FAIL] 超时未检测到成功关键字
[2026-04-17 02:08:54] INFO     统计 -> 成功: 110 | 失败: 299 | 异常: 0 | 成功率: 26.9%
[2026-04-17 02:08:54] INFO     
-------------------- 第 410 轮 | 最大监听: 27.9s --------------------
[2026-04-17 02:08:54] INFO     继电器 ON (开始充电)
[2026-04-17 02:08:54] INFO     继电器执行 -> ON
[2026-04-17 02:09:22] INFO     继电器 OFF (切断充电)
[2026-04-17 02:09:22] INFO     继电器执行 -> OFF
[2026-04-17 02:09:22] INFO     物理断电静置 25.0s
[2026-04-17 02:09:47] WARNING  【结论】 [FAIL] 超时未检测到成功关键字
[2026-04-17 02:09:47] INFO     统计 -> 成功: 110 | 失败: 300 | 异常: 0 | 成功率: 26.8%
[2026-04-17 02:09:47] INFO     
-------------------- 第 411 轮 | 最大监听: 27.7s --------------------
[2026-04-17 02:09:47] INFO     继电器 ON (开始充电)
[2026-04-17 02:09:47] INFO     继电器执行 -> ON
[2026-04-17 02:10:15] INFO     继电器 OFF (切断充电)
[2026-04-17 02:10:15] INFO     继电器执行 -> OFF
[2026-04-17 02:10:15] INFO     物理断电静置 25.0s
[2026-04-17 02:10:40] WARNING  【结论】 [FAIL] 超时未检测到成功关键字
[2026-04-17 02:10:40] INFO     统计 -> 成功: 110 | 失败: 301 | 异常: 0 | 成功率: 26.8%
[2026-04-17 02:10:40] INFO     
-------------------- 第 412 轮 | 最大监听: 27.4s --------------------
[2026-04-17 02:10:40] INFO     继电器 ON (开始充电)
[2026-04-17 02:10:40] INFO     继电器执行 -> ON
[2026-04-17 02:11:07] INFO     继电器 OFF (切断充电)
[2026-04-17 02:11:07] INFO     继电器执行 -> OFF
[2026-04-17 02:11:07] INFO     物理断电静置 25.0s
[2026-04-17 02:11:32] WARNING  【结论】 [FAIL] 超时未检测到成功关键字
[2026-04-17 02:11:32] INFO     统计 -> 成功: 110 | 失败: 302 | 异常: 0 | 成功率: 26.7%
[2026-04-17 02:11:32] INFO     
-------------------- 第 413 轮 | 最大监听: 27.7s --------------------
[2026-04-17 02:11:32] INFO     继电器 ON (开始充电)
[2026-04-17 02:11:32] INFO     继电器执行 -> ON
[2026-04-17 02:11:34] INFO     捕获目标指令: voice_msgnum:9
[2026-04-17 02:11:34] INFO     状态维稳，保持闭合 25.0s
[2026-04-17 02:11:59] INFO     继电器 OFF (切断充电)
[2026-04-17 02:11:59] INFO     继电器执行 -> OFF
[2026-04-17 02:11:59] INFO     物理断电静置 25.0s
[2026-04-17 02:12:24] INFO     【结论】 [PASS] 成功关键字: voice_msgnum:9
[2026-04-17 02:12:24] INFO     统计 -> 成功: 111 | 失败: 302 | 异常: 0 | 成功率: 26.9%
[2026-04-17 02:12:24] INFO     
-------------------- 第 414 轮 | 最大监听: 28.1s --------------------
[2026-04-17 02:12:24] INFO     继电器 ON (开始充电)
[2026-04-17 02:12:24] INFO     继电器执行 -> ON
[2026-04-17 02:12:52] INFO     继电器 OFF (切断充电)
[2026-04-17 02:12:52] INFO     继电器执行 -> OFF
[2026-04-17 02:12:52] INFO     物理断电静置 25.0s
[2026-04-17 02:13:17] WARNING  【结论】 [FAIL] 超时未检测到成功关键字
[2026-04-17 02:13:17] INFO     统计 -> 成功: 111 | 失败: 303 | 异常: 0 | 成功率: 26.8%
[2026-04-17 02:13:17] INFO     
-------------------- 第 415 轮 | 最大监听: 26.3s --------------------
[2026-04-17 02:13:17] INFO     继电器 ON (开始充电)
[2026-04-17 02:13:17] INFO     继电器执行 -> ON
[2026-04-17 02:13:44] INFO     继电器 OFF (切断充电)
[2026-04-17 02:13:44] INFO     继电器执行 -> OFF
[2026-04-17 02:13:44] INFO     物理断电静置 25.0s
[2026-04-17 02:14:09] WARNING  【结论】 [FAIL] 超时未检测到成功关键字
[2026-04-17 02:14:09] INFO     统计 -> 成功: 111 | 失败: 304 | 异常: 0 | 成功率: 26.7%
[2026-04-17 02:14:09] INFO     
-------------------- 第 416 轮 | 最大监听: 27.3s --------------------
[2026-04-17 02:14:09] INFO     继电器 ON (开始充电)
[2026-04-17 02:14:09] INFO     继电器执行 -> ON
[2026-04-17 02:14:36] INFO     继电器 OFF (切断充电)
[2026-04-17 02:14:36] INFO     继电器执行 -> OFF
[2026-04-17 02:14:36] INFO     物理断电静置 25.0s
[2026-04-17 02:15:01] WARNING  【结论】 [FAIL] 超时未检测到成功关键字
[2026-04-17 02:15:01] INFO     统计 -> 成功: 111 | 失败: 305 | 异常: 0 | 成功率: 26.7%
[2026-04-17 02:15:01] INFO     
-------------------- 第 417 轮 | 最大监听: 28.8s --------------------
[2026-04-17 02:15:01] INFO     继电器 ON (开始充电)
[2026-04-17 02:15:01] INFO     继电器执行 -> ON
[2026-04-17 02:15:30] INFO     继电器 OFF (切断充电)
[2026-04-17 02:15:30] INFO     继电器执行 -> OFF
[2026-04-17 02:15:30] INFO     物理断电静置 25.0s
[2026-04-17 02:15:55] WARNING  【结论】 [FAIL] 超时未检测到成功关键字
[2026-04-17 02:15:55] INFO     统计 -> 成功: 111 | 失败: 306 | 异常: 0 | 成功率: 26.6%
[2026-04-17 02:15:55] INFO     
-------------------- 第 418 轮 | 最大监听: 26.8s --------------------
[2026-04-17 02:15:55] INFO     继电器 ON (开始充电)
[2026-04-17 02:15:55] INFO     继电器执行 -> ON
[2026-04-17 02:16:22] INFO     继电器 OFF (切断充电)
[2026-04-17 02:16:22] INFO     继电器执行 -> OFF
[2026-04-17 02:16:22] INFO     物理断电静置 25.0s
[2026-04-17 02:16:47] WARNING  【结论】 [FAIL] 超时未检测到成功关键字
[2026-04-17 02:16:47] INFO     统计 -> 成功: 111 | 失败: 307 | 异常: 0 | 成功率: 26.6%
[2026-04-17 02:16:47] INFO     
-------------------- 第 419 轮 | 最大监听: 25.0s --------------------
[2026-04-17 02:16:47] INFO     继电器 ON (开始充电)
[2026-04-17 02:16:47] INFO     继电器执行 -> ON
[2026-04-17 02:17:12] INFO     继电器 OFF (切断充电)
[2026-04-17 02:17:12] INFO     继电器执行 -> OFF
[2026-04-17 02:17:12] INFO     物理断电静置 25.0s
[2026-04-17 02:17:37] WARNING  【结论】 [FAIL] 超时未检测到成功关键字
[2026-04-17 02:17:37] INFO     统计 -> 成功: 111 | 失败: 308 | 异常: 0 | 成功率: 26.5%
[2026-04-17 02:17:37] INFO     
-------------------- 第 420 轮 | 最大监听: 29.0s --------------------
[2026-04-17 02:17:37] INFO     继电器 ON (开始充电)
[2026-04-17 02:17:37] INFO     继电器执行 -> ON
[2026-04-17 02:17:51] INFO     捕获目标指令: voice_msgnum:9
[2026-04-17 02:17:51] INFO     状态维稳，保持闭合 25.0s
[2026-04-17 02:18:16] INFO     继电器 OFF (切断充电)
[2026-04-17 02:18:16] INFO     继电器执行 -> OFF
[2026-04-17 02:18:16] INFO     物理断电静置 25.0s
[2026-04-17 02:18:41] INFO     【结论】 [PASS] 成功关键字: voice_msgnum:9
[2026-04-17 02:18:41] INFO     统计 -> 成功: 112 | 失败: 308 | 异常: 0 | 成功率: 26.7%
[2026-04-17 02:18:41] INFO     
-------------------- 第 421 轮 | 最大监听: 26.1s --------------------
[2026-04-17 02:18:41] INFO     继电器 ON (开始充电)
[2026-04-17 02:18:41] INFO     继电器执行 -> ON
[2026-04-17 02:19:01] INFO     捕获目标指令: voice_msgnum:9
[2026-04-17 02:19:01] INFO     状态维稳，保持闭合 25.0s
[2026-04-17 02:19:26] INFO     继电器 OFF (切断充电)
[2026-04-17 02:19:26] INFO     继电器执行 -> OFF
[2026-04-17 02:19:26] INFO     物理断电静置 25.0s
[2026-04-17 02:19:51] INFO     【结论】 [PASS] 成功关键字: voice_msgnum:9
[2026-04-17 02:19:51] INFO     统计 -> 成功: 113 | 失败: 308 | 异常: 0 | 成功率: 26.8%
[2026-04-17 02:19:51] INFO     
-------------------- 第 422 轮 | 最大监听: 26.7s --------------------
[2026-04-17 02:19:51] INFO     继电器 ON (开始充电)
[2026-04-17 02:19:51] INFO     继电器执行 -> ON
[2026-04-17 02:20:05] INFO     捕获目标指令: voice_msgnum:9
[2026-04-17 02:20:05] INFO     状态维稳，保持闭合 25.0s
[2026-04-17 02:20:30] INFO     继电器 OFF (切断充电)
[2026-04-17 02:20:30] INFO     继电器执行 -> OFF
[2026-04-17 02:20:30] INFO     物理断电静置 25.0s
[2026-04-17 02:20:55] INFO     【结论】 [PASS] 成功关键字: voice_msgnum:9
[2026-04-17 02:20:55] INFO     统计 -> 成功: 114 | 失败: 308 | 异常: 0 | 成功率: 27.0%
[2026-04-17 02:20:55] INFO     
-------------------- 第 423 轮 | 最大监听: 26.4s --------------------
[2026-04-17 02:20:55] INFO     继电器 ON (开始充电)
[2026-04-17 02:20:55] INFO     继电器执行 -> ON
[2026-04-17 02:21:12] INFO     捕获目标指令: voice_msgnum:9
[2026-04-17 02:21:12] INFO     状态维稳，保持闭合 25.0s
[2026-04-17 02:21:37] INFO     继电器 OFF (切断充电)
[2026-04-17 02:21:37] INFO     继电器执行 -> OFF
[2026-04-17 02:21:37] INFO     物理断电静置 25.0s
[2026-04-17 02:22:02] INFO     【结论】 [PASS] 成功关键字: voice_msgnum:9
[2026-04-17 02:22:02] INFO     统计 -> 成功: 115 | 失败: 308 | 异常: 0 | 成功率: 27.2%
[2026-04-17 02:22:02] INFO     
-------------------- 第 424 轮 | 最大监听: 26.3s --------------------
[2026-04-17 02:22:02] INFO     继电器 ON (开始充电)
[2026-04-17 02:22:02] INFO     继电器执行 -> ON
[2026-04-17 02:22:12] INFO     捕获目标指令: voice_msgnum:9
[2026-04-17 02:22:12] INFO     状态维稳，保持闭合 25.0s
[2026-04-17 02:22:37] INFO     继电器 OFF (切断充电)
[2026-04-17 02:22:37] INFO     继电器执行 -> OFF
[2026-04-17 02:22:37] INFO     物理断电静置 25.0s
[2026-04-17 02:23:02] INFO     【结论】 [PASS] 成功关键字: voice_msgnum:9
[2026-04-17 02:23:02] INFO     统计 -> 成功: 116 | 失败: 308 | 异常: 0 | 成功率: 27.4%
[2026-04-17 02:23:02] INFO     
-------------------- 第 425 轮 | 最大监听: 29.2s --------------------
[2026-04-17 02:23:02] INFO     继电器 ON (开始充电)
[2026-04-17 02:23:02] INFO     继电器执行 -> ON
[2026-04-17 02:23:32] INFO     继电器 OFF (切断充电)
[2026-04-17 02:23:32] INFO     继电器执行 -> OFF
[2026-04-17 02:23:32] INFO     物理断电静置 25.0s
[2026-04-17 02:23:57] WARNING  【结论】 [FAIL] 超时未检测到成功关键字
[2026-04-17 02:23:57] INFO     统计 -> 成功: 116 | 失败: 309 | 异常: 0 | 成功率: 27.3%
[2026-04-17 02:23:57] INFO     
-------------------- 第 426 轮 | 最大监听: 26.0s --------------------
[2026-04-17 02:23:57] INFO     继电器 ON (开始充电)
[2026-04-17 02:23:57] INFO     继电器执行 -> ON
[2026-04-17 02:24:23] INFO     继电器 OFF (切断充电)
[2026-04-17 02:24:23] INFO     继电器执行 -> OFF
[2026-04-17 02:24:23] INFO     物理断电静置 25.0s
[2026-04-17 02:24:48] WARNING  【结论】 [FAIL] 超时未检测到成功关键字
[2026-04-17 02:24:48] INFO     统计 -> 成功: 116 | 失败: 310 | 异常: 0 | 成功率: 27.2%
[2026-04-17 02:24:48] INFO     
-------------------- 第 427 轮 | 最大监听: 27.4s --------------------
[2026-04-17 02:24:48] INFO     继电器 ON (开始充电)
[2026-04-17 02:24:48] INFO     继电器执行 -> ON
[2026-04-17 02:25:15] INFO     继电器 OFF (切断充电)
[2026-04-17 02:25:15] INFO     继电器执行 -> OFF
[2026-04-17 02:25:15] INFO     物理断电静置 25.0s
[2026-04-17 02:25:40] WARNING  【结论】 [FAIL] 超时未检测到成功关键字
[2026-04-17 02:25:40] INFO     统计 -> 成功: 116 | 失败: 311 | 异常: 0 | 成功率: 27.2%
[2026-04-17 02:25:40] INFO     
-------------------- 第 428 轮 | 最大监听: 25.5s --------------------
[2026-04-17 02:25:40] INFO     继电器 ON (开始充电)
[2026-04-17 02:25:40] INFO     继电器执行 -> ON
[2026-04-17 02:26:06] INFO     继电器 OFF (切断充电)
[2026-04-17 02:26:06] INFO     继电器执行 -> OFF
[2026-04-17 02:26:06] INFO     物理断电静置 25.0s
[2026-04-17 02:26:31] WARNING  【结论】 [FAIL] 超时未检测到成功关键字
[2026-04-17 02:26:31] INFO     统计 -> 成功: 116 | 失败: 312 | 异常: 0 | 成功率: 27.1%
[2026-04-17 02:26:31] INFO     
-------------------- 第 429 轮 | 最大监听: 29.1s --------------------
[2026-04-17 02:26:31] INFO     继电器 ON (开始充电)
[2026-04-17 02:26:31] INFO     继电器执行 -> ON
[2026-04-17 02:26:45] INFO     捕获目标指令: voice_msgnum:9
[2026-04-17 02:26:45] INFO     状态维稳，保持闭合 25.0s
[2026-04-17 02:27:10] INFO     继电器 OFF (切断充电)
[2026-04-17 02:27:10] INFO     继电器执行 -> OFF
[2026-04-17 02:27:10] INFO     物理断电静置 25.0s
[2026-04-17 02:27:35] INFO     【结论】 [PASS] 成功关键字: voice_msgnum:9
[2026-04-17 02:27:35] INFO     统计 -> 成功: 117 | 失败: 312 | 异常: 0 | 成功率: 27.3%
[2026-04-17 02:27:35] INFO     
-------------------- 第 430 轮 | 最大监听: 25.1s --------------------
[2026-04-17 02:27:35] INFO     继电器 ON (开始充电)
[2026-04-17 02:27:35] INFO     继电器执行 -> ON
[2026-04-17 02:28:00] INFO     继电器 OFF (切断充电)
[2026-04-17 02:28:00] INFO     继电器执行 -> OFF
[2026-04-17 02:28:00] INFO     物理断电静置 25.0s
[2026-04-17 02:28:25] WARNING  【结论】 [FAIL] 超时未检测到成功关键字
[2026-04-17 02:28:25] INFO     统计 -> 成功: 117 | 失败: 313 | 异常: 0 | 成功率: 27.2%
[2026-04-17 02:28:25] INFO     
-------------------- 第 431 轮 | 最大监听: 26.1s --------------------
[2026-04-17 02:28:25] INFO     继电器 ON (开始充电)
[2026-04-17 02:28:25] INFO     继电器执行 -> ON
[2026-04-17 02:28:51] INFO     继电器 OFF (切断充电)
[2026-04-17 02:28:51] INFO     继电器执行 -> OFF
[2026-04-17 02:28:51] INFO     物理断电静置 25.0s
[2026-04-17 02:29:16] WARNING  【结论】 [FAIL] 超时未检测到成功关键字
[2026-04-17 02:29:16] INFO     统计 -> 成功: 117 | 失败: 314 | 异常: 0 | 成功率: 27.1%
[2026-04-17 02:29:16] INFO     
-------------------- 第 432 轮 | 最大监听: 28.1s --------------------
[2026-04-17 02:29:16] INFO     继电器 ON (开始充电)
[2026-04-17 02:29:16] INFO     继电器执行 -> ON
[2026-04-17 02:29:44] INFO     继电器 OFF (切断充电)
[2026-04-17 02:29:44] INFO     继电器执行 -> OFF
[2026-04-17 02:29:44] INFO     物理断电静置 25.0s
[2026-04-17 02:30:09] WARNING  【结论】 [FAIL] 超时未检测到成功关键字
[2026-04-17 02:30:09] INFO     统计 -> 成功: 117 | 失败: 315 | 异常: 0 | 成功率: 27.1%
[2026-04-17 02:30:09] INFO     
-------------------- 第 433 轮 | 最大监听: 29.0s --------------------
[2026-04-17 02:30:09] INFO     继电器 ON (开始充电)
[2026-04-17 02:30:09] INFO     继电器执行 -> ON
[2026-04-17 02:30:38] INFO     继电器 OFF (切断充电)
[2026-04-17 02:30:38] INFO     继电器执行 -> OFF
[2026-04-17 02:30:38] INFO     物理断电静置 25.0s
[2026-04-17 02:31:03] WARNING  【结论】 [FAIL] 超时未检测到成功关键字
[2026-04-17 02:31:03] INFO     统计 -> 成功: 117 | 失败: 316 | 异常: 0 | 成功率: 27.0%
[2026-04-17 02:31:03] INFO     
-------------------- 第 434 轮 | 最大监听: 27.7s --------------------
[2026-04-17 02:31:03] INFO     继电器 ON (开始充电)
[2026-04-17 02:31:03] INFO     继电器执行 -> ON
[2026-04-17 02:31:31] INFO     继电器 OFF (切断充电)
[2026-04-17 02:31:31] INFO     继电器执行 -> OFF
[2026-04-17 02:31:31] INFO     物理断电静置 25.0s
[2026-04-17 02:31:56] WARNING  【结论】 [FAIL] 超时未检测到成功关键字
[2026-04-17 02:31:56] INFO     统计 -> 成功: 117 | 失败: 317 | 异常: 0 | 成功率: 27.0%
[2026-04-17 02:31:56] INFO     
-------------------- 第 435 轮 | 最大监听: 29.5s --------------------
[2026-04-17 02:31:56] INFO     继电器 ON (开始充电)
[2026-04-17 02:31:56] INFO     继电器执行 -> ON
[2026-04-17 02:32:26] INFO     继电器 OFF (切断充电)
[2026-04-17 02:32:26] INFO     继电器执行 -> OFF
[2026-04-17 02:32:26] INFO     物理断电静置 25.0s
[2026-04-17 02:32:51] WARNING  【结论】 [FAIL] 超时未检测到成功关键字
[2026-04-17 02:32:51] INFO     统计 -> 成功: 117 | 失败: 318 | 异常: 0 | 成功率: 26.9%
[2026-04-17 02:32:51] INFO     
-------------------- 第 436 轮 | 最大监听: 27.1s --------------------
[2026-04-17 02:32:51] INFO     继电器 ON (开始充电)
[2026-04-17 02:32:51] INFO     继电器执行 -> ON
[2026-04-17 02:33:18] INFO     继电器 OFF (切断充电)
[2026-04-17 02:33:18] INFO     继电器执行 -> OFF
[2026-04-17 02:33:18] INFO     物理断电静置 25.0s
[2026-04-17 02:33:43] WARNING  【结论】 [FAIL] 超时未检测到成功关键字
[2026-04-17 02:33:43] INFO     统计 -> 成功: 117 | 失败: 319 | 异常: 0 | 成功率: 26.8%
[2026-04-17 02:33:43] INFO     
-------------------- 第 437 轮 | 最大监听: 29.4s --------------------
[2026-04-17 02:33:43] INFO     继电器 ON (开始充电)
[2026-04-17 02:33:43] INFO     继电器执行 -> ON
[2026-04-17 02:33:45] INFO     捕获目标指令: voice_msgnum:9
[2026-04-17 02:33:45] INFO     状态维稳，保持闭合 25.0s
[2026-04-17 02:34:10] INFO     继电器 OFF (切断充电)
[2026-04-17 02:34:10] INFO     继电器执行 -> OFF
[2026-04-17 02:34:10] INFO     物理断电静置 25.0s
[2026-04-17 02:34:35] INFO     【结论】 [PASS] 成功关键字: voice_msgnum:9
[2026-04-17 02:34:35] INFO     统计 -> 成功: 118 | 失败: 319 | 异常: 0 | 成功率: 27.0%
[2026-04-17 02:34:35] INFO     
-------------------- 第 438 轮 | 最大监听: 28.5s --------------------
[2026-04-17 02:34:35] INFO     继电器 ON (开始充电)
[2026-04-17 02:34:35] INFO     继电器执行 -> ON
[2026-04-17 02:35:03] INFO     继电器 OFF (切断充电)
[2026-04-17 02:35:03] INFO     继电器执行 -> OFF
[2026-04-17 02:35:03] INFO     物理断电静置 25.0s
[2026-04-17 02:35:28] WARNING  【结论】 [FAIL] 超时未检测到成功关键字
[2026-04-17 02:35:28] INFO     统计 -> 成功: 118 | 失败: 320 | 异常: 0 | 成功率: 26.9%
[2026-04-17 02:35:28] INFO     
-------------------- 第 439 轮 | 最大监听: 29.8s --------------------
[2026-04-17 02:35:28] INFO     继电器 ON (开始充电)
[2026-04-17 02:35:28] INFO     继电器执行 -> ON
[2026-04-17 02:35:30] INFO     捕获目标指令: voice_msgnum:9
[2026-04-17 02:35:30] INFO     状态维稳，保持闭合 25.0s
[2026-04-17 02:35:55] INFO     继电器 OFF (切断充电)
[2026-04-17 02:35:55] INFO     继电器执行 -> OFF
[2026-04-17 02:35:55] INFO     物理断电静置 25.0s
[2026-04-17 02:36:20] INFO     【结论】 [PASS] 成功关键字: voice_msgnum:9
[2026-04-17 02:36:20] INFO     统计 -> 成功: 119 | 失败: 320 | 异常: 0 | 成功率: 27.1%
[2026-04-17 02:36:20] INFO     
-------------------- 第 440 轮 | 最大监听: 29.0s --------------------
[2026-04-17 02:36:20] INFO     继电器 ON (开始充电)
[2026-04-17 02:36:20] INFO     继电器执行 -> ON
[2026-04-17 02:36:49] INFO     继电器 OFF (切断充电)
[2026-04-17 02:36:49] INFO     继电器执行 -> OFF
[2026-04-17 02:36:49] INFO     物理断电静置 25.0s
[2026-04-17 02:37:14] WARNING  【结论】 [FAIL] 超时未检测到成功关键字
[2026-04-17 02:37:14] INFO     统计 -> 成功: 119 | 失败: 321 | 异常: 0 | 成功率: 27.0%
[2026-04-17 02:37:14] INFO     
-------------------- 第 441 轮 | 最大监听: 26.9s --------------------
[2026-04-17 02:37:14] INFO     继电器 ON (开始充电)
[2026-04-17 02:37:14] INFO     继电器执行 -> ON
[2026-04-17 02:37:41] INFO     继电器 OFF (切断充电)
[2026-04-17 02:37:41] INFO     继电器执行 -> OFF
[2026-04-17 02:37:41] INFO     物理断电静置 25.0s
[2026-04-17 02:38:06] WARNING  【结论】 [FAIL] 超时未检测到成功关键字
[2026-04-17 02:38:06] INFO     统计 -> 成功: 119 | 失败: 322 | 异常: 0 | 成功率: 27.0%
[2026-04-17 02:38:06] INFO     
-------------------- 第 442 轮 | 最大监听: 30.0s --------------------
[2026-04-17 02:38:06] INFO     继电器 ON (开始充电)
[2026-04-17 02:38:06] INFO     继电器执行 -> ON
[2026-04-17 02:38:36] INFO     继电器 OFF (切断充电)
[2026-04-17 02:38:36] INFO     继电器执行 -> OFF
[2026-04-17 02:38:36] INFO     物理断电静置 25.0s
[2026-04-17 02:39:01] WARNING  【结论】 [FAIL] 超时未检测到成功关键字
[2026-04-17 02:39:01] INFO     统计 -> 成功: 119 | 失败: 323 | 异常: 0 | 成功率: 26.9%
[2026-04-17 02:39:01] INFO     
-------------------- 第 443 轮 | 最大监听: 25.9s --------------------
[2026-04-17 02:39:01] INFO     继电器 ON (开始充电)
[2026-04-17 02:39:01] INFO     继电器执行 -> ON
[2026-04-17 02:39:27] INFO     继电器 OFF (切断充电)
[2026-04-17 02:39:27] INFO     继电器执行 -> OFF
[2026-04-17 02:39:27] INFO     物理断电静置 25.0s
[2026-04-17 02:39:52] WARNING  【结论】 [FAIL] 超时未检测到成功关键字
[2026-04-17 02:39:52] INFO     统计 -> 成功: 119 | 失败: 324 | 异常: 0 | 成功率: 26.9%
[2026-04-17 02:39:52] INFO     
-------------------- 第 444 轮 | 最大监听: 25.2s --------------------
[2026-04-17 02:39:52] INFO     继电器 ON (开始充电)
[2026-04-17 02:39:52] INFO     继电器执行 -> ON
[2026-04-17 02:39:54] INFO     捕获目标指令: voice_msgnum:9
[2026-04-17 02:39:54] INFO     状态维稳，保持闭合 25.0s
[2026-04-17 02:40:19] INFO     继电器 OFF (切断充电)
[2026-04-17 02:40:19] INFO     继电器执行 -> OFF
[2026-04-17 02:40:19] INFO     物理断电静置 25.0s
[2026-04-17 02:40:44] INFO     【结论】 [PASS] 成功关键字: voice_msgnum:9
[2026-04-17 02:40:44] INFO     统计 -> 成功: 120 | 失败: 324 | 异常: 0 | 成功率: 27.0%
[2026-04-17 02:40:44] INFO     
-------------------- 第 445 轮 | 最大监听: 28.1s --------------------
[2026-04-17 02:40:44] INFO     继电器 ON (开始充电)
[2026-04-17 02:40:44] INFO     继电器执行 -> ON
[2026-04-17 02:41:13] INFO     继电器 OFF (切断充电)
[2026-04-17 02:41:13] INFO     继电器执行 -> OFF
[2026-04-17 02:41:13] INFO     物理断电静置 25.0s
[2026-04-17 02:41:38] WARNING  【结论】 [FAIL] 超时未检测到成功关键字
[2026-04-17 02:41:38] INFO     统计 -> 成功: 120 | 失败: 325 | 异常: 0 | 成功率: 27.0%
[2026-04-17 02:41:38] INFO     
-------------------- 第 446 轮 | 最大监听: 29.9s --------------------
[2026-04-17 02:41:38] INFO     继电器 ON (开始充电)
[2026-04-17 02:41:38] INFO     继电器执行 -> ON
[2026-04-17 02:42:08] INFO     继电器 OFF (切断充电)
[2026-04-17 02:42:08] INFO     继电器执行 -> OFF
[2026-04-17 02:42:08] INFO     物理断电静置 25.0s
[2026-04-17 02:42:33] WARNING  【结论】 [FAIL] 超时未检测到成功关键字
[2026-04-17 02:42:33] INFO     统计 -> 成功: 120 | 失败: 326 | 异常: 0 | 成功率: 26.9%
[2026-04-17 02:42:33] INFO     
-------------------- 第 447 轮 | 最大监听: 28.7s --------------------
[2026-04-17 02:42:33] INFO     继电器 ON (开始充电)
[2026-04-17 02:42:33] INFO     继电器执行 -> ON
[2026-04-17 02:43:01] INFO     继电器 OFF (切断充电)
[2026-04-17 02:43:01] INFO     继电器执行 -> OFF
[2026-04-17 02:43:01] INFO     物理断电静置 25.0s
[2026-04-17 02:43:26] WARNING  【结论】 [FAIL] 超时未检测到成功关键字
[2026-04-17 02:43:26] INFO     统计 -> 成功: 120 | 失败: 327 | 异常: 0 | 成功率: 26.8%
[2026-04-17 02:43:26] INFO     
-------------------- 第 448 轮 | 最大监听: 28.5s --------------------
[2026-04-17 02:43:26] INFO     继电器 ON (开始充电)
[2026-04-17 02:43:26] INFO     继电器执行 -> ON
[2026-04-17 02:43:55] INFO     继电器 OFF (切断充电)
[2026-04-17 02:43:55] INFO     继电器执行 -> OFF
[2026-04-17 02:43:55] INFO     物理断电静置 25.0s
[2026-04-17 02:44:20] WARNING  【结论】 [FAIL] 超时未检测到成功关键字
[2026-04-17 02:44:20] INFO     统计 -> 成功: 120 | 失败: 328 | 异常: 0 | 成功率: 26.8%
[2026-04-17 02:44:20] INFO     
-------------------- 第 449 轮 | 最大监听: 26.4s --------------------
[2026-04-17 02:44:20] INFO     继电器 ON (开始充电)
[2026-04-17 02:44:20] INFO     继电器执行 -> ON
[2026-04-17 02:44:46] INFO     继电器 OFF (切断充电)
[2026-04-17 02:44:46] INFO     继电器执行 -> OFF
[2026-04-17 02:44:46] INFO     物理断电静置 25.0s
[2026-04-17 02:45:11] WARNING  【结论】 [FAIL] 超时未检测到成功关键字
[2026-04-17 02:45:11] INFO     统计 -> 成功: 120 | 失败: 329 | 异常: 0 | 成功率: 26.7%
[2026-04-17 02:45:11] INFO     
-------------------- 第 450 轮 | 最大监听: 25.5s --------------------
[2026-04-17 02:45:11] INFO     继电器 ON (开始充电)
[2026-04-17 02:45:12] INFO     继电器执行 -> ON
[2026-04-17 02:45:37] INFO     继电器 OFF (切断充电)
[2026-04-17 02:45:37] INFO     继电器执行 -> OFF
[2026-04-17 02:45:37] INFO     物理断电静置 25.0s
[2026-04-17 02:46:02] WARNING  【结论】 [FAIL] 超时未检测到成功关键字
[2026-04-17 02:46:02] INFO     统计 -> 成功: 120 | 失败: 330 | 异常: 0 | 成功率: 26.7%
[2026-04-17 02:46:02] INFO     
-------------------- 第 451 轮 | 最大监听: 27.2s --------------------
[2026-04-17 02:46:02] INFO     继电器 ON (开始充电)
[2026-04-17 02:46:02] INFO     继电器执行 -> ON
[2026-04-17 02:46:04] INFO     捕获目标指令: voice_msgnum:9
[2026-04-17 02:46:04] INFO     状态维稳，保持闭合 25.0s
[2026-04-17 02:46:29] INFO     继电器 OFF (切断充电)
[2026-04-17 02:46:29] INFO     继电器执行 -> OFF
[2026-04-17 02:46:29] INFO     物理断电静置 25.0s
[2026-04-17 02:46:54] INFO     【结论】 [PASS] 成功关键字: voice_msgnum:9
[2026-04-17 02:46:54] INFO     统计 -> 成功: 121 | 失败: 330 | 异常: 0 | 成功率: 26.8%
[2026-04-17 02:46:54] INFO     
-------------------- 第 452 轮 | 最大监听: 28.9s --------------------
[2026-04-17 02:46:54] INFO     继电器 ON (开始充电)
[2026-04-17 02:46:54] INFO     继电器执行 -> ON
[2026-04-17 02:47:23] INFO     继电器 OFF (切断充电)
[2026-04-17 02:47:23] INFO     继电器执行 -> OFF
[2026-04-17 02:47:23] INFO     物理断电静置 25.0s
[2026-04-17 02:47:48] WARNING  【结论】 [FAIL] 超时未检测到成功关键字
[2026-04-17 02:47:48] INFO     统计 -> 成功: 121 | 失败: 331 | 异常: 0 | 成功率: 26.8%
[2026-04-17 02:47:48] INFO     
-------------------- 第 453 轮 | 最大监听: 25.2s --------------------
[2026-04-17 02:47:48] INFO     继电器 ON (开始充电)
[2026-04-17 02:47:48] INFO     继电器执行 -> ON
[2026-04-17 02:48:13] INFO     继电器 OFF (切断充电)
[2026-04-17 02:48:13] INFO     继电器执行 -> OFF
[2026-04-17 02:48:13] INFO     物理断电静置 25.0s
[2026-04-17 02:48:38] WARNING  【结论】 [FAIL] 超时未检测到成功关键字
[2026-04-17 02:48:38] INFO     统计 -> 成功: 121 | 失败: 332 | 异常: 0 | 成功率: 26.7%
[2026-04-17 02:48:38] INFO     
-------------------- 第 454 轮 | 最大监听: 27.2s --------------------
[2026-04-17 02:48:38] INFO     继电器 ON (开始充电)
[2026-04-17 02:48:38] INFO     继电器执行 -> ON
[2026-04-17 02:49:05] INFO     继电器 OFF (切断充电)
[2026-04-17 02:49:05] INFO     继电器执行 -> OFF
[2026-04-17 02:49:05] INFO     物理断电静置 25.0s
[2026-04-17 02:49:30] WARNING  【结论】 [FAIL] 超时未检测到成功关键字
[2026-04-17 02:49:30] INFO     统计 -> 成功: 121 | 失败: 333 | 异常: 0 | 成功率: 26.7%
[2026-04-17 02:49:30] INFO     
-------------------- 第 455 轮 | 最大监听: 28.7s --------------------
[2026-04-17 02:49:30] INFO     继电器 ON (开始充电)
[2026-04-17 02:49:31] INFO     继电器执行 -> ON
[2026-04-17 02:49:59] INFO     继电器 OFF (切断充电)
[2026-04-17 02:49:59] INFO     继电器执行 -> OFF
[2026-04-17 02:49:59] INFO     物理断电静置 25.0s
[2026-04-17 02:50:24] WARNING  【结论】 [FAIL] 超时未检测到成功关键字
[2026-04-17 02:50:24] INFO     统计 -> 成功: 121 | 失败: 334 | 异常: 0 | 成功率: 26.6%
[2026-04-17 02:50:24] INFO     
-------------------- 第 456 轮 | 最大监听: 27.3s --------------------
[2026-04-17 02:50:24] INFO     继电器 ON (开始充电)
[2026-04-17 02:50:24] INFO     继电器执行 -> ON
[2026-04-17 02:50:52] INFO     继电器 OFF (切断充电)
[2026-04-17 02:50:52] INFO     继电器执行 -> OFF
[2026-04-17 02:50:52] INFO     物理断电静置 25.0s
[2026-04-17 02:51:17] WARNING  【结论】 [FAIL] 超时未检测到成功关键字
[2026-04-17 02:51:17] INFO     统计 -> 成功: 121 | 失败: 335 | 异常: 0 | 成功率: 26.5%
[2026-04-17 02:51:17] INFO     
-------------------- 第 457 轮 | 最大监听: 28.5s --------------------
[2026-04-17 02:51:17] INFO     继电器 ON (开始充电)
[2026-04-17 02:51:17] INFO     继电器执行 -> ON
[2026-04-17 02:51:45] INFO     继电器 OFF (切断充电)
[2026-04-17 02:51:45] INFO     继电器执行 -> OFF
[2026-04-17 02:51:45] INFO     物理断电静置 25.0s
[2026-04-17 02:52:10] WARNING  【结论】 [FAIL] 超时未检测到成功关键字
[2026-04-17 02:52:10] INFO     统计 -> 成功: 121 | 失败: 336 | 异常: 0 | 成功率: 26.5%
[2026-04-17 02:52:10] INFO     
-------------------- 第 458 轮 | 最大监听: 25.7s --------------------
[2026-04-17 02:52:10] INFO     继电器 ON (开始充电)
[2026-04-17 02:52:10] INFO     继电器执行 -> ON
[2026-04-17 02:52:36] INFO     继电器 OFF (切断充电)
[2026-04-17 02:52:36] INFO     继电器执行 -> OFF
[2026-04-17 02:52:36] INFO     物理断电静置 25.0s
[2026-04-17 02:53:01] WARNING  【结论】 [FAIL] 超时未检测到成功关键字
[2026-04-17 02:53:01] INFO     统计 -> 成功: 121 | 失败: 337 | 异常: 0 | 成功率: 26.4%
[2026-04-17 02:53:01] INFO     
-------------------- 第 459 轮 | 最大监听: 25.0s --------------------
[2026-04-17 02:53:01] INFO     继电器 ON (开始充电)
[2026-04-17 02:53:01] INFO     继电器执行 -> ON
[2026-04-17 02:53:26] INFO     继电器 OFF (切断充电)
[2026-04-17 02:53:26] INFO     继电器执行 -> OFF
[2026-04-17 02:53:26] INFO     物理断电静置 25.0s
[2026-04-17 02:53:51] WARNING  【结论】 [FAIL] 超时未检测到成功关键字
[2026-04-17 02:53:51] INFO     统计 -> 成功: 121 | 失败: 338 | 异常: 0 | 成功率: 26.4%
[2026-04-17 02:53:51] INFO     
-------------------- 第 460 轮 | 最大监听: 26.7s --------------------
[2026-04-17 02:53:51] INFO     继电器 ON (开始充电)
[2026-04-17 02:53:51] INFO     继电器执行 -> ON
[2026-04-17 02:54:18] INFO     继电器 OFF (切断充电)
[2026-04-17 02:54:18] INFO     继电器执行 -> OFF
[2026-04-17 02:54:18] INFO     物理断电静置 25.0s
[2026-04-17 02:54:43] WARNING  【结论】 [FAIL] 超时未检测到成功关键字
[2026-04-17 02:54:43] INFO     统计 -> 成功: 121 | 失败: 339 | 异常: 0 | 成功率: 26.3%
[2026-04-17 02:54:43] INFO     
-------------------- 第 461 轮 | 最大监听: 25.2s --------------------
[2026-04-17 02:54:43] INFO     继电器 ON (开始充电)
[2026-04-17 02:54:43] INFO     继电器执行 -> ON
[2026-04-17 02:55:08] INFO     继电器 OFF (切断充电)
[2026-04-17 02:55:08] INFO     继电器执行 -> OFF
[2026-04-17 02:55:08] INFO     物理断电静置 25.0s
[2026-04-17 02:55:33] WARNING  【结论】 [FAIL] 超时未检测到成功关键字
[2026-04-17 02:55:33] INFO     统计 -> 成功: 121 | 失败: 340 | 异常: 0 | 成功率: 26.2%
[2026-04-17 02:55:33] INFO     
-------------------- 第 462 轮 | 最大监听: 29.5s --------------------
[2026-04-17 02:55:33] INFO     继电器 ON (开始充电)
[2026-04-17 02:55:33] INFO     继电器执行 -> ON
[2026-04-17 02:56:03] INFO     继电器 OFF (切断充电)
[2026-04-17 02:56:03] INFO     继电器执行 -> OFF
[2026-04-17 02:56:03] INFO     物理断电静置 25.0s
[2026-04-17 02:56:28] WARNING  【结论】 [FAIL] 超时未检测到成功关键字
[2026-04-17 02:56:28] INFO     统计 -> 成功: 121 | 失败: 341 | 异常: 0 | 成功率: 26.2%
[2026-04-17 02:56:28] INFO     
-------------------- 第 463 轮 | 最大监听: 29.8s --------------------
[2026-04-17 02:56:28] INFO     继电器 ON (开始充电)
[2026-04-17 02:56:28] INFO     继电器执行 -> ON
[2026-04-17 02:56:58] INFO     继电器 OFF (切断充电)
[2026-04-17 02:56:58] INFO     继电器执行 -> OFF
[2026-04-17 02:56:58] INFO     物理断电静置 25.0s
[2026-04-17 02:57:23] WARNING  【结论】 [FAIL] 超时未检测到成功关键字
[2026-04-17 02:57:23] INFO     统计 -> 成功: 121 | 失败: 342 | 异常: 0 | 成功率: 26.1%
[2026-04-17 02:57:23] INFO     
-------------------- 第 464 轮 | 最大监听: 27.8s --------------------
[2026-04-17 02:57:23] INFO     继电器 ON (开始充电)
[2026-04-17 02:57:23] INFO     继电器执行 -> ON
[2026-04-17 02:57:51] INFO     继电器 OFF (切断充电)
[2026-04-17 02:57:51] INFO     继电器执行 -> OFF
[2026-04-17 02:57:51] INFO     物理断电静置 25.0s
[2026-04-17 02:58:16] WARNING  【结论】 [FAIL] 超时未检测到成功关键字
[2026-04-17 02:58:16] INFO     统计 -> 成功: 121 | 失败: 343 | 异常: 0 | 成功率: 26.1%
[2026-04-17 02:58:16] INFO     
-------------------- 第 465 轮 | 最大监听: 27.7s --------------------
[2026-04-17 02:58:16] INFO     继电器 ON (开始充电)
[2026-04-17 02:58:16] INFO     继电器执行 -> ON
[2026-04-17 02:58:44] INFO     继电器 OFF (切断充电)
[2026-04-17 02:58:44] INFO     继电器执行 -> OFF
[2026-04-17 02:58:44] INFO     物理断电静置 25.0s
[2026-04-17 02:59:09] WARNING  【结论】 [FAIL] 超时未检测到成功关键字
[2026-04-17 02:59:09] INFO     统计 -> 成功: 121 | 失败: 344 | 异常: 0 | 成功率: 26.0%
[2026-04-17 02:59:09] INFO     
-------------------- 第 466 轮 | 最大监听: 27.0s --------------------
[2026-04-17 02:59:09] INFO     继电器 ON (开始充电)
[2026-04-17 02:59:09] INFO     继电器执行 -> ON
[2026-04-17 02:59:36] INFO     继电器 OFF (切断充电)
[2026-04-17 02:59:36] INFO     继电器执行 -> OFF
[2026-04-17 02:59:36] INFO     物理断电静置 25.0s
[2026-04-17 03:00:01] WARNING  【结论】 [FAIL] 超时未检测到成功关键字
[2026-04-17 03:00:01] INFO     统计 -> 成功: 121 | 失败: 345 | 异常: 0 | 成功率: 26.0%
[2026-04-17 03:00:01] INFO     
-------------------- 第 467 轮 | 最大监听: 28.4s --------------------
[2026-04-17 03:00:01] INFO     继电器 ON (开始充电)
[2026-04-17 03:00:01] INFO     继电器执行 -> ON
[2026-04-17 03:00:29] INFO     继电器 OFF (切断充电)
[2026-04-17 03:00:29] INFO     继电器执行 -> OFF
[2026-04-17 03:00:29] INFO     物理断电静置 25.0s
[2026-04-17 03:00:54] WARNING  【结论】 [FAIL] 超时未检测到成功关键字
[2026-04-17 03:00:54] INFO     统计 -> 成功: 121 | 失败: 346 | 异常: 0 | 成功率: 25.9%
[2026-04-17 03:00:54] INFO     
-------------------- 第 468 轮 | 最大监听: 27.0s --------------------
[2026-04-17 03:00:54] INFO     继电器 ON (开始充电)
[2026-04-17 03:00:54] INFO     继电器执行 -> ON
[2026-04-17 03:01:21] INFO     继电器 OFF (切断充电)
[2026-04-17 03:01:21] INFO     继电器执行 -> OFF
[2026-04-17 03:01:21] INFO     物理断电静置 25.0s
[2026-04-17 03:01:46] WARNING  【结论】 [FAIL] 超时未检测到成功关键字
[2026-04-17 03:01:46] INFO     统计 -> 成功: 121 | 失败: 347 | 异常: 0 | 成功率: 25.9%
[2026-04-17 03:01:46] INFO     
-------------------- 第 469 轮 | 最大监听: 25.9s --------------------
[2026-04-17 03:01:46] INFO     继电器 ON (开始充电)
[2026-04-17 03:01:46] INFO     继电器执行 -> ON
[2026-04-17 03:02:12] INFO     继电器 OFF (切断充电)
[2026-04-17 03:02:12] INFO     继电器执行 -> OFF
[2026-04-17 03:02:12] INFO     物理断电静置 25.0s
[2026-04-17 03:02:37] WARNING  【结论】 [FAIL] 超时未检测到成功关键字
[2026-04-17 03:02:37] INFO     统计 -> 成功: 121 | 失败: 348 | 异常: 0 | 成功率: 25.8%
[2026-04-17 03:02:37] INFO     
-------------------- 第 470 轮 | 最大监听: 27.0s --------------------
[2026-04-17 03:02:37] INFO     继电器 ON (开始充电)
[2026-04-17 03:02:37] INFO     继电器执行 -> ON
[2026-04-17 03:03:04] INFO     继电器 OFF (切断充电)
[2026-04-17 03:03:04] INFO     继电器执行 -> OFF
[2026-04-17 03:03:04] INFO     物理断电静置 25.0s
[2026-04-17 03:03:29] WARNING  【结论】 [FAIL] 超时未检测到成功关键字
[2026-04-17 03:03:29] INFO     统计 -> 成功: 121 | 失败: 349 | 异常: 0 | 成功率: 25.7%
[2026-04-17 03:03:29] INFO     
-------------------- 第 471 轮 | 最大监听: 28.2s --------------------
[2026-04-17 03:03:29] INFO     继电器 ON (开始充电)
[2026-04-17 03:03:29] INFO     继电器执行 -> ON
[2026-04-17 03:03:37] INFO     捕获目标指令: voice_msgnum:9
[2026-04-17 03:03:37] INFO     状态维稳，保持闭合 25.0s
[2026-04-17 03:04:02] INFO     继电器 OFF (切断充电)
[2026-04-17 03:04:02] INFO     继电器执行 -> OFF
[2026-04-17 03:04:02] INFO     物理断电静置 25.0s
[2026-04-17 03:04:27] INFO     【结论】 [PASS] 成功关键字: voice_msgnum:9
[2026-04-17 03:04:27] INFO     统计 -> 成功: 122 | 失败: 349 | 异常: 0 | 成功率: 25.9%
[2026-04-17 03:04:27] INFO     
-------------------- 第 472 轮 | 最大监听: 29.0s --------------------
[2026-04-17 03:04:27] INFO     继电器 ON (开始充电)
[2026-04-17 03:04:27] INFO     继电器执行 -> ON
[2026-04-17 03:04:56] INFO     继电器 OFF (切断充电)
[2026-04-17 03:04:56] INFO     继电器执行 -> OFF
[2026-04-17 03:04:56] INFO     物理断电静置 25.0s
[2026-04-17 03:05:21] WARNING  【结论】 [FAIL] 超时未检测到成功关键字
[2026-04-17 03:05:21] INFO     统计 -> 成功: 122 | 失败: 350 | 异常: 0 | 成功率: 25.8%
[2026-04-17 03:05:21] INFO     
-------------------- 第 473 轮 | 最大监听: 27.8s --------------------
[2026-04-17 03:05:21] INFO     继电器 ON (开始充电)
[2026-04-17 03:05:21] INFO     继电器执行 -> ON
[2026-04-17 03:05:49] INFO     继电器 OFF (切断充电)
[2026-04-17 03:05:49] INFO     继电器执行 -> OFF
[2026-04-17 03:05:49] INFO     物理断电静置 25.0s
[2026-04-17 03:06:14] WARNING  【结论】 [FAIL] 超时未检测到成功关键字
[2026-04-17 03:06:14] INFO     统计 -> 成功: 122 | 失败: 351 | 异常: 0 | 成功率: 25.8%
[2026-04-17 03:06:14] INFO     
-------------------- 第 474 轮 | 最大监听: 27.5s --------------------
[2026-04-17 03:06:14] INFO     继电器 ON (开始充电)
[2026-04-17 03:06:14] INFO     继电器执行 -> ON
[2026-04-17 03:06:42] INFO     继电器 OFF (切断充电)
[2026-04-17 03:06:42] INFO     继电器执行 -> OFF
[2026-04-17 03:06:42] INFO     物理断电静置 25.0s
[2026-04-17 03:07:07] WARNING  【结论】 [FAIL] 超时未检测到成功关键字
[2026-04-17 03:07:07] INFO     统计 -> 成功: 122 | 失败: 352 | 异常: 0 | 成功率: 25.7%
[2026-04-17 03:07:07] INFO     
-------------------- 第 475 轮 | 最大监听: 29.8s --------------------
[2026-04-17 03:07:07] INFO     继电器 ON (开始充电)
[2026-04-17 03:07:07] INFO     继电器执行 -> ON
[2026-04-17 03:07:37] INFO     继电器 OFF (切断充电)
[2026-04-17 03:07:37] INFO     继电器执行 -> OFF
[2026-04-17 03:07:37] INFO     物理断电静置 25.0s
[2026-04-17 03:08:02] WARNING  【结论】 [FAIL] 超时未检测到成功关键字
[2026-04-17 03:08:02] INFO     统计 -> 成功: 122 | 失败: 353 | 异常: 0 | 成功率: 25.7%
[2026-04-17 03:08:02] INFO     
-------------------- 第 476 轮 | 最大监听: 29.7s --------------------
[2026-04-17 03:08:02] INFO     继电器 ON (开始充电)
[2026-04-17 03:08:02] INFO     继电器执行 -> ON
[2026-04-17 03:08:31] INFO     继电器 OFF (切断充电)
[2026-04-17 03:08:31] INFO     继电器执行 -> OFF
[2026-04-17 03:08:31] INFO     物理断电静置 25.0s
[2026-04-17 03:08:56] WARNING  【结论】 [FAIL] 超时未检测到成功关键字
[2026-04-17 03:08:56] INFO     统计 -> 成功: 122 | 失败: 354 | 异常: 0 | 成功率: 25.6%
[2026-04-17 03:08:56] INFO     
-------------------- 第 477 轮 | 最大监听: 27.3s --------------------
[2026-04-17 03:08:56] INFO     继电器 ON (开始充电)
[2026-04-17 03:08:56] INFO     继电器执行 -> ON
[2026-04-17 03:09:24] INFO     继电器 OFF (切断充电)
[2026-04-17 03:09:24] INFO     继电器执行 -> OFF
[2026-04-17 03:09:24] INFO     物理断电静置 25.0s
[2026-04-17 03:09:49] WARNING  【结论】 [FAIL] 超时未检测到成功关键字
[2026-04-17 03:09:49] INFO     统计 -> 成功: 122 | 失败: 355 | 异常: 0 | 成功率: 25.6%
[2026-04-17 03:09:49] INFO     
-------------------- 第 478 轮 | 最大监听: 27.0s --------------------
[2026-04-17 03:09:49] INFO     继电器 ON (开始充电)
[2026-04-17 03:09:49] INFO     继电器执行 -> ON
[2026-04-17 03:10:16] INFO     继电器 OFF (切断充电)
[2026-04-17 03:10:16] INFO     继电器执行 -> OFF
[2026-04-17 03:10:16] INFO     物理断电静置 25.0s
[2026-04-17 03:10:41] WARNING  【结论】 [FAIL] 超时未检测到成功关键字
[2026-04-17 03:10:41] INFO     统计 -> 成功: 122 | 失败: 356 | 异常: 0 | 成功率: 25.5%
[2026-04-17 03:10:41] INFO     
-------------------- 第 479 轮 | 最大监听: 25.8s --------------------
[2026-04-17 03:10:41] INFO     继电器 ON (开始充电)
[2026-04-17 03:10:41] INFO     继电器执行 -> ON
[2026-04-17 03:11:07] INFO     继电器 OFF (切断充电)
[2026-04-17 03:11:07] INFO     继电器执行 -> OFF
[2026-04-17 03:11:07] INFO     物理断电静置 25.0s
[2026-04-17 03:11:32] WARNING  【结论】 [FAIL] 超时未检测到成功关键字
[2026-04-17 03:11:32] INFO     统计 -> 成功: 122 | 失败: 357 | 异常: 0 | 成功率: 25.5%
[2026-04-17 03:11:32] INFO     
-------------------- 第 480 轮 | 最大监听: 28.2s --------------------
[2026-04-17 03:11:32] INFO     继电器 ON (开始充电)
[2026-04-17 03:11:32] INFO     继电器执行 -> ON
[2026-04-17 03:12:00] INFO     继电器 OFF (切断充电)
[2026-04-17 03:12:00] INFO     继电器执行 -> OFF
[2026-04-17 03:12:00] INFO     物理断电静置 25.0s
[2026-04-17 03:12:25] WARNING  【结论】 [FAIL] 超时未检测到成功关键字
[2026-04-17 03:12:25] INFO     统计 -> 成功: 122 | 失败: 358 | 异常: 0 | 成功率: 25.4%
[2026-04-17 03:12:25] INFO     
-------------------- 第 481 轮 | 最大监听: 25.9s --------------------
[2026-04-17 03:12:25] INFO     继电器 ON (开始充电)
[2026-04-17 03:12:25] INFO     继电器执行 -> ON
[2026-04-17 03:12:51] INFO     继电器 OFF (切断充电)
[2026-04-17 03:12:51] INFO     继电器执行 -> OFF
[2026-04-17 03:12:51] INFO     物理断电静置 25.0s
[2026-04-17 03:13:16] WARNING  【结论】 [FAIL] 超时未检测到成功关键字
[2026-04-17 03:13:16] INFO     统计 -> 成功: 122 | 失败: 359 | 异常: 0 | 成功率: 25.4%
[2026-04-17 03:13:16] INFO     
-------------------- 第 482 轮 | 最大监听: 29.0s --------------------
[2026-04-17 03:13:16] INFO     继电器 ON (开始充电)
[2026-04-17 03:13:16] INFO     继电器执行 -> ON
[2026-04-17 03:13:45] INFO     继电器 OFF (切断充电)
[2026-04-17 03:13:45] INFO     继电器执行 -> OFF
[2026-04-17 03:13:45] INFO     物理断电静置 25.0s
[2026-04-17 03:14:10] WARNING  【结论】 [FAIL] 超时未检测到成功关键字
[2026-04-17 03:14:10] INFO     统计 -> 成功: 122 | 失败: 360 | 异常: 0 | 成功率: 25.3%
[2026-04-17 03:14:10] INFO     
-------------------- 第 483 轮 | 最大监听: 28.2s --------------------
[2026-04-17 03:14:10] INFO     继电器 ON (开始充电)
[2026-04-17 03:14:10] INFO     继电器执行 -> ON
[2026-04-17 03:14:38] INFO     继电器 OFF (切断充电)
[2026-04-17 03:14:39] INFO     继电器执行 -> OFF
[2026-04-17 03:14:39] INFO     物理断电静置 25.0s
[2026-04-17 03:15:04] WARNING  【结论】 [FAIL] 超时未检测到成功关键字
[2026-04-17 03:15:04] INFO     统计 -> 成功: 122 | 失败: 361 | 异常: 0 | 成功率: 25.3%
[2026-04-17 03:15:04] INFO     
-------------------- 第 484 轮 | 最大监听: 28.5s --------------------
[2026-04-17 03:15:04] INFO     继电器 ON (开始充电)
[2026-04-17 03:15:04] INFO     继电器执行 -> ON
[2026-04-17 03:15:32] INFO     继电器 OFF (切断充电)
[2026-04-17 03:15:32] INFO     继电器执行 -> OFF
[2026-04-17 03:15:32] INFO     物理断电静置 25.0s
[2026-04-17 03:15:57] WARNING  【结论】 [FAIL] 超时未检测到成功关键字
[2026-04-17 03:15:57] INFO     统计 -> 成功: 122 | 失败: 362 | 异常: 0 | 成功率: 25.2%
[2026-04-17 03:15:57] INFO     
-------------------- 第 485 轮 | 最大监听: 28.2s --------------------
[2026-04-17 03:15:57] INFO     继电器 ON (开始充电)
[2026-04-17 03:15:57] INFO     继电器执行 -> ON
[2026-04-17 03:16:25] INFO     继电器 OFF (切断充电)
[2026-04-17 03:16:25] INFO     继电器执行 -> OFF
[2026-04-17 03:16:25] INFO     物理断电静置 25.0s
[2026-04-17 03:16:50] WARNING  【结论】 [FAIL] 超时未检测到成功关键字
[2026-04-17 03:16:50] INFO     统计 -> 成功: 122 | 失败: 363 | 异常: 0 | 成功率: 25.2%
[2026-04-17 03:16:50] INFO     
-------------------- 第 486 轮 | 最大监听: 29.8s --------------------
[2026-04-17 03:16:50] INFO     继电器 ON (开始充电)
[2026-04-17 03:16:51] INFO     继电器执行 -> ON
[2026-04-17 03:17:20] INFO     继电器 OFF (切断充电)
[2026-04-17 03:17:20] INFO     继电器执行 -> OFF
[2026-04-17 03:17:20] INFO     物理断电静置 25.0s
[2026-04-17 03:17:45] WARNING  【结论】 [FAIL] 超时未检测到成功关键字
[2026-04-17 03:17:45] INFO     统计 -> 成功: 122 | 失败: 364 | 异常: 0 | 成功率: 25.1%
[2026-04-17 03:17:45] INFO     
-------------------- 第 487 轮 | 最大监听: 25.9s --------------------
[2026-04-17 03:17:45] INFO     继电器 ON (开始充电)
[2026-04-17 03:17:45] INFO     继电器执行 -> ON
[2026-04-17 03:18:11] INFO     继电器 OFF (切断充电)
[2026-04-17 03:18:11] INFO     继电器执行 -> OFF
[2026-04-17 03:18:11] INFO     物理断电静置 25.0s
[2026-04-17 03:18:36] WARNING  【结论】 [FAIL] 超时未检测到成功关键字
[2026-04-17 03:18:36] INFO     统计 -> 成功: 122 | 失败: 365 | 异常: 0 | 成功率: 25.1%
[2026-04-17 03:18:36] INFO     
-------------------- 第 488 轮 | 最大监听: 25.5s --------------------
[2026-04-17 03:18:36] INFO     继电器 ON (开始充电)
[2026-04-17 03:18:36] INFO     继电器执行 -> ON
[2026-04-17 03:19:02] INFO     继电器 OFF (切断充电)
[2026-04-17 03:19:02] INFO     继电器执行 -> OFF
[2026-04-17 03:19:02] INFO     物理断电静置 25.0s
[2026-04-17 03:19:27] WARNING  【结论】 [FAIL] 超时未检测到成功关键字
[2026-04-17 03:19:27] INFO     统计 -> 成功: 122 | 失败: 366 | 异常: 0 | 成功率: 25.0%
[2026-04-17 03:19:27] INFO     
-------------------- 第 489 轮 | 最大监听: 26.0s --------------------
[2026-04-17 03:19:27] INFO     继电器 ON (开始充电)
[2026-04-17 03:19:27] INFO     继电器执行 -> ON
[2026-04-17 03:19:53] INFO     继电器 OFF (切断充电)
[2026-04-17 03:19:53] INFO     继电器执行 -> OFF
[2026-04-17 03:19:53] INFO     物理断电静置 25.0s
[2026-04-17 03:20:18] WARNING  【结论】 [FAIL] 超时未检测到成功关键字
[2026-04-17 03:20:18] INFO     统计 -> 成功: 122 | 失败: 367 | 异常: 0 | 成功率: 24.9%
[2026-04-17 03:20:18] INFO     
-------------------- 第 490 轮 | 最大监听: 28.0s --------------------
[2026-04-17 03:20:18] INFO     继电器 ON (开始充电)
[2026-04-17 03:20:18] INFO     继电器执行 -> ON
[2026-04-17 03:20:46] INFO     继电器 OFF (切断充电)
[2026-04-17 03:20:46] INFO     继电器执行 -> OFF
[2026-04-17 03:20:46] INFO     物理断电静置 25.0s
[2026-04-17 03:21:11] WARNING  【结论】 [FAIL] 超时未检测到成功关键字
[2026-04-17 03:21:11] INFO     统计 -> 成功: 122 | 失败: 368 | 异常: 0 | 成功率: 24.9%
[2026-04-17 03:21:11] INFO     
-------------------- 第 491 轮 | 最大监听: 27.3s --------------------
[2026-04-17 03:21:11] INFO     继电器 ON (开始充电)
[2026-04-17 03:21:11] INFO     继电器执行 -> ON
[2026-04-17 03:21:39] INFO     继电器 OFF (切断充电)
[2026-04-17 03:21:39] INFO     继电器执行 -> OFF
[2026-04-17 03:21:39] INFO     物理断电静置 25.0s
[2026-04-17 03:22:04] WARNING  【结论】 [FAIL] 超时未检测到成功关键字
[2026-04-17 03:22:04] INFO     统计 -> 成功: 122 | 失败: 369 | 异常: 0 | 成功率: 24.8%
[2026-04-17 03:22:04] INFO     
-------------------- 第 492 轮 | 最大监听: 25.6s --------------------
[2026-04-17 03:22:04] INFO     继电器 ON (开始充电)
[2026-04-17 03:22:04] INFO     继电器执行 -> ON
[2026-04-17 03:22:29] INFO     继电器 OFF (切断充电)
[2026-04-17 03:22:29] INFO     继电器执行 -> OFF
[2026-04-17 03:22:29] INFO     物理断电静置 25.0s
[2026-04-17 03:22:54] WARNING  【结论】 [FAIL] 超时未检测到成功关键字
[2026-04-17 03:22:54] INFO     统计 -> 成功: 122 | 失败: 370 | 异常: 0 | 成功率: 24.8%
[2026-04-17 03:22:54] INFO     
-------------------- 第 493 轮 | 最大监听: 29.4s --------------------
[2026-04-17 03:22:54] INFO     继电器 ON (开始充电)
[2026-04-17 03:22:54] INFO     继电器执行 -> ON
[2026-04-17 03:23:24] INFO     继电器 OFF (切断充电)
[2026-04-17 03:23:24] INFO     继电器执行 -> OFF
[2026-04-17 03:23:24] INFO     物理断电静置 25.0s
[2026-04-17 03:23:49] WARNING  【结论】 [FAIL] 超时未检测到成功关键字
[2026-04-17 03:23:49] INFO     统计 -> 成功: 122 | 失败: 371 | 异常: 0 | 成功率: 24.7%
[2026-04-17 03:23:49] INFO     
-------------------- 第 494 轮 | 最大监听: 29.1s --------------------
[2026-04-17 03:23:49] INFO     继电器 ON (开始充电)
[2026-04-17 03:23:49] INFO     继电器执行 -> ON
[2026-04-17 03:24:18] INFO     继电器 OFF (切断充电)
[2026-04-17 03:24:18] INFO     继电器执行 -> OFF
[2026-04-17 03:24:18] INFO     物理断电静置 25.0s
[2026-04-17 03:24:43] WARNING  【结论】 [FAIL] 超时未检测到成功关键字
[2026-04-17 03:24:43] INFO     统计 -> 成功: 122 | 失败: 372 | 异常: 0 | 成功率: 24.7%
[2026-04-17 03:24:43] INFO     
-------------------- 第 495 轮 | 最大监听: 29.2s --------------------
[2026-04-17 03:24:43] INFO     继电器 ON (开始充电)
[2026-04-17 03:24:43] INFO     继电器执行 -> ON
[2026-04-17 03:25:12] INFO     继电器 OFF (切断充电)
[2026-04-17 03:25:12] INFO     继电器执行 -> OFF
[2026-04-17 03:25:12] INFO     物理断电静置 25.0s
[2026-04-17 03:25:37] WARNING  【结论】 [FAIL] 超时未检测到成功关键字
[2026-04-17 03:25:37] INFO     统计 -> 成功: 122 | 失败: 373 | 异常: 0 | 成功率: 24.6%
[2026-04-17 03:25:37] INFO     
-------------------- 第 496 轮 | 最大监听: 26.8s --------------------
[2026-04-17 03:25:37] INFO     继电器 ON (开始充电)
[2026-04-17 03:25:37] INFO     继电器执行 -> ON
[2026-04-17 03:26:04] INFO     继电器 OFF (切断充电)
[2026-04-17 03:26:04] INFO     继电器执行 -> OFF
[2026-04-17 03:26:04] INFO     物理断电静置 25.0s
[2026-04-17 03:26:29] WARNING  【结论】 [FAIL] 超时未检测到成功关键字
[2026-04-17 03:26:29] INFO     统计 -> 成功: 122 | 失败: 374 | 异常: 0 | 成功率: 24.6%
[2026-04-17 03:26:29] INFO     
-------------------- 第 497 轮 | 最大监听: 29.7s --------------------
[2026-04-17 03:26:29] INFO     继电器 ON (开始充电)
[2026-04-17 03:26:29] INFO     继电器执行 -> ON
[2026-04-17 03:26:59] INFO     继电器 OFF (切断充电)
[2026-04-17 03:26:59] INFO     继电器执行 -> OFF
[2026-04-17 03:26:59] INFO     物理断电静置 25.0s
[2026-04-17 03:27:24] WARNING  【结论】 [FAIL] 超时未检测到成功关键字
[2026-04-17 03:27:24] INFO     统计 -> 成功: 122 | 失败: 375 | 异常: 0 | 成功率: 24.5%
[2026-04-17 03:27:24] INFO     
-------------------- 第 498 轮 | 最大监听: 26.9s --------------------
[2026-04-17 03:27:24] INFO     继电器 ON (开始充电)
[2026-04-17 03:27:24] INFO     继电器执行 -> ON
[2026-04-17 03:27:51] INFO     继电器 OFF (切断充电)
[2026-04-17 03:27:51] INFO     继电器执行 -> OFF
[2026-04-17 03:27:51] INFO     物理断电静置 25.0s
[2026-04-17 03:28:16] WARNING  【结论】 [FAIL] 超时未检测到成功关键字
[2026-04-17 03:28:16] INFO     统计 -> 成功: 122 | 失败: 376 | 异常: 0 | 成功率: 24.5%
[2026-04-17 03:28:16] INFO     
-------------------- 第 499 轮 | 最大监听: 29.5s --------------------
[2026-04-17 03:28:16] INFO     继电器 ON (开始充电)
[2026-04-17 03:28:16] INFO     继电器执行 -> ON
[2026-04-17 03:28:46] INFO     继电器 OFF (切断充电)
[2026-04-17 03:28:46] INFO     继电器执行 -> OFF
[2026-04-17 03:28:46] INFO     物理断电静置 25.0s
[2026-04-17 03:29:11] WARNING  【结论】 [FAIL] 超时未检测到成功关键字
[2026-04-17 03:29:11] INFO     统计 -> 成功: 122 | 失败: 377 | 异常: 0 | 成功率: 24.4%
[2026-04-17 03:29:11] INFO     
-------------------- 第 500 轮 | 最大监听: 27.9s --------------------
[2026-04-17 03:29:11] INFO     继电器 ON (开始充电)
[2026-04-17 03:29:11] INFO     继电器执行 -> ON
[2026-04-17 03:29:39] INFO     继电器 OFF (切断充电)
[2026-04-17 03:29:39] INFO     继电器执行 -> OFF
[2026-04-17 03:29:39] INFO     物理断电静置 25.0s
[2026-04-17 03:30:04] WARNING  【结论】 [FAIL] 超时未检测到成功关键字
[2026-04-17 03:30:04] INFO     统计 -> 成功: 122 | 失败: 378 | 异常: 0 | 成功率: 24.4%
[2026-04-17 03:30:04] INFO     
-------------------- 第 501 轮 | 最大监听: 26.7s --------------------
[2026-04-17 03:30:04] INFO     继电器 ON (开始充电)
[2026-04-17 03:30:04] INFO     继电器执行 -> ON
[2026-04-17 03:30:30] INFO     继电器 OFF (切断充电)
[2026-04-17 03:30:31] INFO     继电器执行 -> OFF
[2026-04-17 03:30:31] INFO     物理断电静置 25.0s
[2026-04-17 03:30:56] WARNING  【结论】 [FAIL] 超时未检测到成功关键字
[2026-04-17 03:30:56] INFO     统计 -> 成功: 122 | 失败: 379 | 异常: 0 | 成功率: 24.4%
[2026-04-17 03:30:56] INFO     
-------------------- 第 502 轮 | 最大监听: 25.0s --------------------
[2026-04-17 03:30:56] INFO     继电器 ON (开始充电)
[2026-04-17 03:30:56] INFO     继电器执行 -> ON
[2026-04-17 03:31:21] INFO     继电器 OFF (切断充电)
[2026-04-17 03:31:21] INFO     继电器执行 -> OFF
[2026-04-17 03:31:21] INFO     物理断电静置 25.0s
[2026-04-17 03:31:46] WARNING  【结论】 [FAIL] 超时未检测到成功关键字
[2026-04-17 03:31:46] INFO     统计 -> 成功: 122 | 失败: 380 | 异常: 0 | 成功率: 24.3%
[2026-04-17 03:31:46] INFO     
-------------------- 第 503 轮 | 最大监听: 29.1s --------------------
[2026-04-17 03:31:46] INFO     继电器 ON (开始充电)
[2026-04-17 03:31:46] INFO     继电器执行 -> ON
[2026-04-17 03:32:15] INFO     继电器 OFF (切断充电)
[2026-04-17 03:32:15] INFO     继电器执行 -> OFF
[2026-04-17 03:32:15] INFO     物理断电静置 25.0s
[2026-04-17 03:32:40] WARNING  【结论】 [FAIL] 超时未检测到成功关键字
[2026-04-17 03:32:40] INFO     统计 -> 成功: 122 | 失败: 381 | 异常: 0 | 成功率: 24.3%
[2026-04-17 03:32:40] INFO     
-------------------- 第 504 轮 | 最大监听: 28.7s --------------------
[2026-04-17 03:32:40] INFO     继电器 ON (开始充电)
[2026-04-17 03:32:40] INFO     继电器执行 -> ON
[2026-04-17 03:33:09] INFO     继电器 OFF (切断充电)
[2026-04-17 03:33:09] INFO     继电器执行 -> OFF
[2026-04-17 03:33:09] INFO     物理断电静置 25.0s
[2026-04-17 03:33:34] WARNING  【结论】 [FAIL] 超时未检测到成功关键字
[2026-04-17 03:33:34] INFO     统计 -> 成功: 122 | 失败: 382 | 异常: 0 | 成功率: 24.2%
[2026-04-17 03:33:34] INFO     
-------------------- 第 505 轮 | 最大监听: 27.5s --------------------
[2026-04-17 03:33:34] INFO     继电器 ON (开始充电)
[2026-04-17 03:33:34] INFO     继电器执行 -> ON
[2026-04-17 03:34:01] INFO     继电器 OFF (切断充电)
[2026-04-17 03:34:01] INFO     继电器执行 -> OFF
[2026-04-17 03:34:01] INFO     物理断电静置 25.0s
[2026-04-17 03:34:26] WARNING  【结论】 [FAIL] 超时未检测到成功关键字
[2026-04-17 03:34:26] INFO     统计 -> 成功: 122 | 失败: 383 | 异常: 0 | 成功率: 24.2%
[2026-04-17 03:34:26] INFO     
-------------------- 第 506 轮 | 最大监听: 27.0s --------------------
[2026-04-17 03:34:26] INFO     继电器 ON (开始充电)
[2026-04-17 03:34:26] INFO     继电器执行 -> ON
[2026-04-17 03:34:53] INFO     继电器 OFF (切断充电)
[2026-04-17 03:34:53] INFO     继电器执行 -> OFF
[2026-04-17 03:34:53] INFO     物理断电静置 25.0s
[2026-04-17 03:35:18] WARNING  【结论】 [FAIL] 超时未检测到成功关键字
[2026-04-17 03:35:18] INFO     统计 -> 成功: 122 | 失败: 384 | 异常: 0 | 成功率: 24.1%
[2026-04-17 03:35:18] INFO     
-------------------- 第 507 轮 | 最大监听: 27.1s --------------------
[2026-04-17 03:35:18] INFO     继电器 ON (开始充电)
[2026-04-17 03:35:18] INFO     继电器执行 -> ON
[2026-04-17 03:35:46] INFO     继电器 OFF (切断充电)
[2026-04-17 03:35:46] INFO     继电器执行 -> OFF
[2026-04-17 03:35:46] INFO     物理断电静置 25.0s
[2026-04-17 03:36:11] WARNING  【结论】 [FAIL] 超时未检测到成功关键字
[2026-04-17 03:36:11] INFO     统计 -> 成功: 122 | 失败: 385 | 异常: 0 | 成功率: 24.1%
[2026-04-17 03:36:11] INFO     
-------------------- 第 508 轮 | 最大监听: 27.3s --------------------
[2026-04-17 03:36:11] INFO     继电器 ON (开始充电)
[2026-04-17 03:36:11] INFO     继电器执行 -> ON
[2026-04-17 03:36:38] INFO     继电器 OFF (切断充电)
[2026-04-17 03:36:38] INFO     继电器执行 -> OFF
[2026-04-17 03:36:38] INFO     物理断电静置 25.0s
[2026-04-17 03:37:03] WARNING  【结论】 [FAIL] 超时未检测到成功关键字
[2026-04-17 03:37:03] INFO     统计 -> 成功: 122 | 失败: 386 | 异常: 0 | 成功率: 24.0%
[2026-04-17 03:37:03] INFO     
-------------------- 第 509 轮 | 最大监听: 29.5s --------------------
[2026-04-17 03:37:03] INFO     继电器 ON (开始充电)
[2026-04-17 03:37:03] INFO     继电器执行 -> ON
[2026-04-17 03:37:33] INFO     继电器 OFF (切断充电)
[2026-04-17 03:37:33] INFO     继电器执行 -> OFF
[2026-04-17 03:37:33] INFO     物理断电静置 25.0s
[2026-04-17 03:37:58] WARNING  【结论】 [FAIL] 超时未检测到成功关键字
[2026-04-17 03:37:58] INFO     统计 -> 成功: 122 | 失败: 387 | 异常: 0 | 成功率: 24.0%
[2026-04-17 03:37:58] INFO     
-------------------- 第 510 轮 | 最大监听: 25.6s --------------------
[2026-04-17 03:37:58] INFO     继电器 ON (开始充电)
[2026-04-17 03:37:58] INFO     继电器执行 -> ON
[2026-04-17 03:38:23] INFO     继电器 OFF (切断充电)
[2026-04-17 03:38:23] INFO     继电器执行 -> OFF
[2026-04-17 03:38:23] INFO     物理断电静置 25.0s
[2026-04-17 03:38:48] WARNING  【结论】 [FAIL] 超时未检测到成功关键字
[2026-04-17 03:38:48] INFO     统计 -> 成功: 122 | 失败: 388 | 异常: 0 | 成功率: 23.9%
[2026-04-17 03:38:48] INFO     
-------------------- 第 511 轮 | 最大监听: 28.0s --------------------
[2026-04-17 03:38:48] INFO     继电器 ON (开始充电)
[2026-04-17 03:38:48] INFO     继电器执行 -> ON
[2026-04-17 03:39:16] INFO     继电器 OFF (切断充电)
[2026-04-17 03:39:16] INFO     继电器执行 -> OFF
[2026-04-17 03:39:16] INFO     物理断电静置 25.0s
[2026-04-17 03:39:41] WARNING  【结论】 [FAIL] 超时未检测到成功关键字
[2026-04-17 03:39:41] INFO     统计 -> 成功: 122 | 失败: 389 | 异常: 0 | 成功率: 23.9%
[2026-04-17 03:39:41] INFO     
-------------------- 第 512 轮 | 最大监听: 26.2s --------------------
[2026-04-17 03:39:41] INFO     继电器 ON (开始充电)
[2026-04-17 03:39:41] INFO     继电器执行 -> ON
[2026-04-17 03:40:08] INFO     继电器 OFF (切断充电)
[2026-04-17 03:40:08] INFO     继电器执行 -> OFF
[2026-04-17 03:40:08] INFO     物理断电静置 25.0s
[2026-04-17 03:40:33] WARNING  【结论】 [FAIL] 超时未检测到成功关键字
[2026-04-17 03:40:33] INFO     统计 -> 成功: 122 | 失败: 390 | 异常: 0 | 成功率: 23.8%
[2026-04-17 03:40:33] INFO     
-------------------- 第 513 轮 | 最大监听: 25.0s --------------------
[2026-04-17 03:40:33] INFO     继电器 ON (开始充电)
[2026-04-17 03:40:33] INFO     继电器执行 -> ON
[2026-04-17 03:40:58] INFO     继电器 OFF (切断充电)
[2026-04-17 03:40:58] INFO     继电器执行 -> OFF
[2026-04-17 03:40:58] INFO     物理断电静置 25.0s
[2026-04-17 03:41:23] WARNING  【结论】 [FAIL] 超时未检测到成功关键字
[2026-04-17 03:41:23] INFO     统计 -> 成功: 122 | 失败: 391 | 异常: 0 | 成功率: 23.8%
[2026-04-17 03:41:23] INFO     
-------------------- 第 514 轮 | 最大监听: 25.6s --------------------
[2026-04-17 03:41:23] INFO     继电器 ON (开始充电)
[2026-04-17 03:41:23] INFO     继电器执行 -> ON
[2026-04-17 03:41:48] INFO     继电器 OFF (切断充电)
[2026-04-17 03:41:49] INFO     继电器执行 -> OFF
[2026-04-17 03:41:49] INFO     物理断电静置 25.0s
[2026-04-17 03:42:14] WARNING  【结论】 [FAIL] 超时未检测到成功关键字
[2026-04-17 03:42:14] INFO     统计 -> 成功: 122 | 失败: 392 | 异常: 0 | 成功率: 23.7%
[2026-04-17 03:42:14] INFO     
-------------------- 第 515 轮 | 最大监听: 28.3s --------------------
[2026-04-17 03:42:14] INFO     继电器 ON (开始充电)
[2026-04-17 03:42:14] INFO     继电器执行 -> ON
[2026-04-17 03:42:42] INFO     继电器 OFF (切断充电)
[2026-04-17 03:42:42] INFO     继电器执行 -> OFF
[2026-04-17 03:42:42] INFO     物理断电静置 25.0s
[2026-04-17 03:43:07] WARNING  【结论】 [FAIL] 超时未检测到成功关键字
[2026-04-17 03:43:07] INFO     统计 -> 成功: 122 | 失败: 393 | 异常: 0 | 成功率: 23.7%
[2026-04-17 03:43:07] INFO     
-------------------- 第 516 轮 | 最大监听: 29.4s --------------------
[2026-04-17 03:43:07] INFO     继电器 ON (开始充电)
[2026-04-17 03:43:07] INFO     继电器执行 -> ON
[2026-04-17 03:43:30] INFO     捕获目标指令: voice_msgnum:9
[2026-04-17 03:43:30] INFO     状态维稳，保持闭合 25.0s
[2026-04-17 03:43:55] INFO     继电器 OFF (切断充电)
[2026-04-17 03:43:55] INFO     继电器执行 -> OFF
[2026-04-17 03:43:55] INFO     物理断电静置 25.0s
[2026-04-17 03:44:20] INFO     【结论】 [PASS] 成功关键字: voice_msgnum:9
[2026-04-17 03:44:20] INFO     统计 -> 成功: 123 | 失败: 393 | 异常: 0 | 成功率: 23.8%
[2026-04-17 03:44:20] INFO     
-------------------- 第 517 轮 | 最大监听: 27.9s --------------------
[2026-04-17 03:44:20] INFO     继电器 ON (开始充电)
[2026-04-17 03:44:20] INFO     继电器执行 -> ON
[2026-04-17 03:44:48] INFO     继电器 OFF (切断充电)
[2026-04-17 03:44:48] INFO     继电器执行 -> OFF
[2026-04-17 03:44:48] INFO     物理断电静置 25.0s
[2026-04-17 03:45:13] WARNING  【结论】 [FAIL] 超时未检测到成功关键字
[2026-04-17 03:45:13] INFO     统计 -> 成功: 123 | 失败: 394 | 异常: 0 | 成功率: 23.8%
[2026-04-17 03:45:13] INFO     
-------------------- 第 518 轮 | 最大监听: 29.5s --------------------
[2026-04-17 03:45:13] INFO     继电器 ON (开始充电)
[2026-04-17 03:45:13] INFO     继电器执行 -> ON
[2026-04-17 03:45:43] INFO     继电器 OFF (切断充电)
[2026-04-17 03:45:43] INFO     继电器执行 -> OFF
[2026-04-17 03:45:43] INFO     物理断电静置 25.0s
[2026-04-17 03:46:08] WARNING  【结论】 [FAIL] 超时未检测到成功关键字
[2026-04-17 03:46:08] INFO     统计 -> 成功: 123 | 失败: 395 | 异常: 0 | 成功率: 23.7%
[2026-04-17 03:46:08] INFO     
-------------------- 第 519 轮 | 最大监听: 25.3s --------------------
[2026-04-17 03:46:08] INFO     继电器 ON (开始充电)
[2026-04-17 03:46:08] INFO     继电器执行 -> ON
[2026-04-17 03:46:33] INFO     继电器 OFF (切断充电)
[2026-04-17 03:46:33] INFO     继电器执行 -> OFF
[2026-04-17 03:46:33] INFO     物理断电静置 25.0s
[2026-04-17 03:46:58] WARNING  【结论】 [FAIL] 超时未检测到成功关键字
[2026-04-17 03:46:58] INFO     统计 -> 成功: 123 | 失败: 396 | 异常: 0 | 成功率: 23.7%
[2026-04-17 03:46:58] INFO     
-------------------- 第 520 轮 | 最大监听: 29.3s --------------------
[2026-04-17 03:46:58] INFO     继电器 ON (开始充电)
[2026-04-17 03:46:58] INFO     继电器执行 -> ON
[2026-04-17 03:47:27] INFO     继电器 OFF (切断充电)
[2026-04-17 03:47:27] INFO     继电器执行 -> OFF
[2026-04-17 03:47:27] INFO     物理断电静置 25.0s
[2026-04-17 03:47:52] WARNING  【结论】 [FAIL] 超时未检测到成功关键字
[2026-04-17 03:47:52] INFO     统计 -> 成功: 123 | 失败: 397 | 异常: 0 | 成功率: 23.7%
[2026-04-17 03:47:52] INFO     
-------------------- 第 521 轮 | 最大监听: 28.5s --------------------
[2026-04-17 03:47:52] INFO     继电器 ON (开始充电)
[2026-04-17 03:47:53] INFO     继电器执行 -> ON
[2026-04-17 03:48:21] INFO     继电器 OFF (切断充电)
[2026-04-17 03:48:21] INFO     继电器执行 -> OFF
[2026-04-17 03:48:21] INFO     物理断电静置 25.0s
[2026-04-17 03:48:46] WARNING  【结论】 [FAIL] 超时未检测到成功关键字
[2026-04-17 03:48:46] INFO     统计 -> 成功: 123 | 失败: 398 | 异常: 0 | 成功率: 23.6%
[2026-04-17 03:48:46] INFO     
-------------------- 第 522 轮 | 最大监听: 28.2s --------------------
[2026-04-17 03:48:46] INFO     继电器 ON (开始充电)
[2026-04-17 03:48:46] INFO     继电器执行 -> ON
[2026-04-17 03:49:14] INFO     继电器 OFF (切断充电)
[2026-04-17 03:49:14] INFO     继电器执行 -> OFF
[2026-04-17 03:49:14] INFO     物理断电静置 25.0s
[2026-04-17 03:49:39] WARNING  【结论】 [FAIL] 超时未检测到成功关键字
[2026-04-17 03:49:39] INFO     统计 -> 成功: 123 | 失败: 399 | 异常: 0 | 成功率: 23.6%
[2026-04-17 03:49:39] INFO     
-------------------- 第 523 轮 | 最大监听: 29.1s --------------------
[2026-04-17 03:49:39] INFO     继电器 ON (开始充电)
[2026-04-17 03:49:39] INFO     继电器执行 -> ON
[2026-04-17 03:50:09] INFO     继电器 OFF (切断充电)
[2026-04-17 03:50:09] INFO     继电器执行 -> OFF
[2026-04-17 03:50:09] INFO     物理断电静置 25.0s
[2026-04-17 03:50:34] WARNING  【结论】 [FAIL] 超时未检测到成功关键字
[2026-04-17 03:50:34] INFO     统计 -> 成功: 123 | 失败: 400 | 异常: 0 | 成功率: 23.5%
[2026-04-17 03:50:34] INFO     
-------------------- 第 524 轮 | 最大监听: 28.2s --------------------
[2026-04-17 03:50:34] INFO     继电器 ON (开始充电)
[2026-04-17 03:50:34] INFO     继电器执行 -> ON
[2026-04-17 03:51:02] INFO     继电器 OFF (切断充电)
[2026-04-17 03:51:02] INFO     继电器执行 -> OFF
[2026-04-17 03:51:02] INFO     物理断电静置 25.0s
[2026-04-17 03:51:27] WARNING  【结论】 [FAIL] 超时未检测到成功关键字
[2026-04-17 03:51:27] INFO     统计 -> 成功: 123 | 失败: 401 | 异常: 0 | 成功率: 23.5%
[2026-04-17 03:51:27] INFO     
-------------------- 第 525 轮 | 最大监听: 27.4s --------------------
[2026-04-17 03:51:27] INFO     继电器 ON (开始充电)
[2026-04-17 03:51:27] INFO     继电器执行 -> ON
[2026-04-17 03:51:54] INFO     继电器 OFF (切断充电)
[2026-04-17 03:51:54] INFO     继电器执行 -> OFF
[2026-04-17 03:51:54] INFO     物理断电静置 25.0s
[2026-04-17 03:52:19] WARNING  【结论】 [FAIL] 超时未检测到成功关键字
[2026-04-17 03:52:19] INFO     统计 -> 成功: 123 | 失败: 402 | 异常: 0 | 成功率: 23.4%
[2026-04-17 03:52:19] INFO     
-------------------- 第 526 轮 | 最大监听: 29.4s --------------------
[2026-04-17 03:52:19] INFO     继电器 ON (开始充电)
[2026-04-17 03:52:19] INFO     继电器执行 -> ON
[2026-04-17 03:52:49] INFO     继电器 OFF (切断充电)
[2026-04-17 03:52:49] INFO     继电器执行 -> OFF
[2026-04-17 03:52:49] INFO     物理断电静置 25.0s
[2026-04-17 03:53:14] WARNING  【结论】 [FAIL] 超时未检测到成功关键字
[2026-04-17 03:53:14] INFO     统计 -> 成功: 123 | 失败: 403 | 异常: 0 | 成功率: 23.4%
[2026-04-17 03:53:14] INFO     
-------------------- 第 527 轮 | 最大监听: 25.6s --------------------
[2026-04-17 03:53:14] INFO     继电器 ON (开始充电)
[2026-04-17 03:53:14] INFO     继电器执行 -> ON
[2026-04-17 03:53:40] INFO     继电器 OFF (切断充电)
[2026-04-17 03:53:40] INFO     继电器执行 -> OFF
[2026-04-17 03:53:40] INFO     物理断电静置 25.0s
[2026-04-17 03:54:05] WARNING  【结论】 [FAIL] 超时未检测到成功关键字
[2026-04-17 03:54:05] INFO     统计 -> 成功: 123 | 失败: 404 | 异常: 0 | 成功率: 23.3%
[2026-04-17 03:54:05] INFO     
-------------------- 第 528 轮 | 最大监听: 27.5s --------------------
[2026-04-17 03:54:05] INFO     继电器 ON (开始充电)
[2026-04-17 03:54:05] INFO     继电器执行 -> ON
[2026-04-17 03:54:32] INFO     继电器 OFF (切断充电)
[2026-04-17 03:54:32] INFO     继电器执行 -> OFF
[2026-04-17 03:54:32] INFO     物理断电静置 25.0s
[2026-04-17 03:54:57] WARNING  【结论】 [FAIL] 超时未检测到成功关键字
[2026-04-17 03:54:57] INFO     统计 -> 成功: 123 | 失败: 405 | 异常: 0 | 成功率: 23.3%
[2026-04-17 03:54:57] INFO     
-------------------- 第 529 轮 | 最大监听: 28.8s --------------------
[2026-04-17 03:54:57] INFO     继电器 ON (开始充电)
[2026-04-17 03:54:57] INFO     继电器执行 -> ON
[2026-04-17 03:55:26] INFO     继电器 OFF (切断充电)
[2026-04-17 03:55:26] INFO     继电器执行 -> OFF
[2026-04-17 03:55:26] INFO     物理断电静置 25.0s
[2026-04-17 03:55:51] WARNING  【结论】 [FAIL] 超时未检测到成功关键字
[2026-04-17 03:55:51] INFO     统计 -> 成功: 123 | 失败: 406 | 异常: 0 | 成功率: 23.3%
[2026-04-17 03:55:51] INFO     
-------------------- 第 530 轮 | 最大监听: 29.5s --------------------
[2026-04-17 03:55:51] INFO     继电器 ON (开始充电)
[2026-04-17 03:55:51] INFO     继电器执行 -> ON
[2026-04-17 03:56:21] INFO     继电器 OFF (切断充电)
[2026-04-17 03:56:21] INFO     继电器执行 -> OFF
[2026-04-17 03:56:21] INFO     物理断电静置 25.0s
[2026-04-17 03:56:46] WARNING  【结论】 [FAIL] 超时未检测到成功关键字
[2026-04-17 03:56:46] INFO     统计 -> 成功: 123 | 失败: 407 | 异常: 0 | 成功率: 23.2%
[2026-04-17 03:56:46] INFO     
-------------------- 第 531 轮 | 最大监听: 28.8s --------------------
[2026-04-17 03:56:46] INFO     继电器 ON (开始充电)
[2026-04-17 03:56:46] INFO     继电器执行 -> ON
[2026-04-17 03:57:15] INFO     继电器 OFF (切断充电)
[2026-04-17 03:57:15] INFO     继电器执行 -> OFF
[2026-04-17 03:57:15] INFO     物理断电静置 25.0s
[2026-04-17 03:57:40] WARNING  【结论】 [FAIL] 超时未检测到成功关键字
[2026-04-17 03:57:40] INFO     统计 -> 成功: 123 | 失败: 408 | 异常: 0 | 成功率: 23.2%
[2026-04-17 03:57:40] INFO     
-------------------- 第 532 轮 | 最大监听: 28.5s --------------------
[2026-04-17 03:57:40] INFO     继电器 ON (开始充电)
[2026-04-17 03:57:40] INFO     继电器执行 -> ON
[2026-04-17 03:58:08] INFO     继电器 OFF (切断充电)
[2026-04-17 03:58:08] INFO     继电器执行 -> OFF
[2026-04-17 03:58:08] INFO     物理断电静置 25.0s
[2026-04-17 03:58:33] WARNING  【结论】 [FAIL] 超时未检测到成功关键字
[2026-04-17 03:58:33] INFO     统计 -> 成功: 123 | 失败: 409 | 异常: 0 | 成功率: 23.1%
[2026-04-17 03:58:33] INFO     
-------------------- 第 533 轮 | 最大监听: 27.3s --------------------
[2026-04-17 03:58:33] INFO     继电器 ON (开始充电)
[2026-04-17 03:58:33] INFO     继电器执行 -> ON
[2026-04-17 03:59:01] INFO     继电器 OFF (切断充电)
[2026-04-17 03:59:01] INFO     继电器执行 -> OFF
[2026-04-17 03:59:01] INFO     物理断电静置 25.0s
[2026-04-17 03:59:26] WARNING  【结论】 [FAIL] 超时未检测到成功关键字
[2026-04-17 03:59:26] INFO     统计 -> 成功: 123 | 失败: 410 | 异常: 0 | 成功率: 23.1%
[2026-04-17 03:59:26] INFO     
-------------------- 第 534 轮 | 最大监听: 29.0s --------------------
[2026-04-17 03:59:26] INFO     继电器 ON (开始充电)
[2026-04-17 03:59:26] INFO     继电器执行 -> ON
[2026-04-17 03:59:55] INFO     继电器 OFF (切断充电)
[2026-04-17 03:59:55] INFO     继电器执行 -> OFF
[2026-04-17 03:59:55] INFO     物理断电静置 25.0s
[2026-04-17 04:00:20] WARNING  【结论】 [FAIL] 超时未检测到成功关键字
[2026-04-17 04:00:20] INFO     统计 -> 成功: 123 | 失败: 411 | 异常: 0 | 成功率: 23.0%
[2026-04-17 04:00:20] INFO     
-------------------- 第 535 轮 | 最大监听: 28.3s --------------------
[2026-04-17 04:00:20] INFO     继电器 ON (开始充电)
[2026-04-17 04:00:20] INFO     继电器执行 -> ON
[2026-04-17 04:00:48] INFO     继电器 OFF (切断充电)
[2026-04-17 04:00:48] INFO     继电器执行 -> OFF
[2026-04-17 04:00:48] INFO     物理断电静置 25.0s
[2026-04-17 04:01:13] WARNING  【结论】 [FAIL] 超时未检测到成功关键字
[2026-04-17 04:01:13] INFO     统计 -> 成功: 123 | 失败: 412 | 异常: 0 | 成功率: 23.0%
[2026-04-17 04:01:13] INFO     
-------------------- 第 536 轮 | 最大监听: 29.0s --------------------
[2026-04-17 04:01:13] INFO     继电器 ON (开始充电)
[2026-04-17 04:01:13] INFO     继电器执行 -> ON
[2026-04-17 04:01:42] INFO     继电器 OFF (切断充电)
[2026-04-17 04:01:42] INFO     继电器执行 -> OFF
[2026-04-17 04:01:42] INFO     物理断电静置 25.0s
[2026-04-17 04:02:07] WARNING  【结论】 [FAIL] 超时未检测到成功关键字
[2026-04-17 04:02:07] INFO     统计 -> 成功: 123 | 失败: 413 | 异常: 0 | 成功率: 22.9%
[2026-04-17 04:02:07] INFO     
-------------------- 第 537 轮 | 最大监听: 28.1s --------------------
[2026-04-17 04:02:07] INFO     继电器 ON (开始充电)
[2026-04-17 04:02:07] INFO     继电器执行 -> ON
[2026-04-17 04:02:35] INFO     继电器 OFF (切断充电)
[2026-04-17 04:02:36] INFO     继电器执行 -> OFF
[2026-04-17 04:02:36] INFO     物理断电静置 25.0s
[2026-04-17 04:03:01] WARNING  【结论】 [FAIL] 超时未检测到成功关键字
[2026-04-17 04:03:01] INFO     统计 -> 成功: 123 | 失败: 414 | 异常: 0 | 成功率: 22.9%
[2026-04-17 04:03:01] INFO     
-------------------- 第 538 轮 | 最大监听: 29.3s --------------------
[2026-04-17 04:03:01] INFO     继电器 ON (开始充电)
[2026-04-17 04:03:01] INFO     继电器执行 -> ON
[2026-04-17 04:03:14] INFO     捕获目标指令: voice_msgnum:9
[2026-04-17 04:03:14] INFO     状态维稳，保持闭合 25.0s
[2026-04-17 04:03:39] INFO     继电器 OFF (切断充电)
[2026-04-17 04:03:39] INFO     继电器执行 -> OFF
[2026-04-17 04:03:39] INFO     物理断电静置 25.0s
[2026-04-17 04:04:04] INFO     【结论】 [PASS] 成功关键字: voice_msgnum:9
[2026-04-17 04:04:04] INFO     统计 -> 成功: 124 | 失败: 414 | 异常: 0 | 成功率: 23.0%
[2026-04-17 04:04:04] INFO     
-------------------- 第 539 轮 | 最大监听: 26.6s --------------------
[2026-04-17 04:04:04] INFO     继电器 ON (开始充电)
[2026-04-17 04:04:05] INFO     继电器执行 -> ON
[2026-04-17 04:04:31] INFO     继电器 OFF (切断充电)
[2026-04-17 04:04:31] INFO     继电器执行 -> OFF
[2026-04-17 04:04:31] INFO     物理断电静置 25.0s
[2026-04-17 04:04:56] WARNING  【结论】 [FAIL] 超时未检测到成功关键字
[2026-04-17 04:04:56] INFO     统计 -> 成功: 124 | 失败: 415 | 异常: 0 | 成功率: 23.0%
[2026-04-17 04:04:56] INFO     
-------------------- 第 540 轮 | 最大监听: 27.4s --------------------
[2026-04-17 04:04:56] INFO     继电器 ON (开始充电)
[2026-04-17 04:04:56] INFO     继电器执行 -> ON
[2026-04-17 04:05:24] INFO     继电器 OFF (切断充电)
[2026-04-17 04:05:24] INFO     继电器执行 -> OFF
[2026-04-17 04:05:24] INFO     物理断电静置 25.0s
[2026-04-17 04:05:49] WARNING  【结论】 [FAIL] 超时未检测到成功关键字
[2026-04-17 04:05:49] INFO     统计 -> 成功: 124 | 失败: 416 | 异常: 0 | 成功率: 23.0%
[2026-04-17 04:05:49] INFO     
-------------------- 第 541 轮 | 最大监听: 27.3s --------------------
[2026-04-17 04:05:49] INFO     继电器 ON (开始充电)
[2026-04-17 04:05:49] INFO     继电器执行 -> ON
[2026-04-17 04:06:16] INFO     继电器 OFF (切断充电)
[2026-04-17 04:06:16] INFO     继电器执行 -> OFF
[2026-04-17 04:06:16] INFO     物理断电静置 25.0s
[2026-04-17 04:06:41] WARNING  【结论】 [FAIL] 超时未检测到成功关键字
[2026-04-17 04:06:41] INFO     统计 -> 成功: 124 | 失败: 417 | 异常: 0 | 成功率: 22.9%
[2026-04-17 04:06:41] INFO     
-------------------- 第 542 轮 | 最大监听: 29.3s --------------------
[2026-04-17 04:06:41] INFO     继电器 ON (开始充电)
[2026-04-17 04:06:41] INFO     继电器执行 -> ON
[2026-04-17 04:07:10] INFO     继电器 OFF (切断充电)
[2026-04-17 04:07:10] INFO     继电器执行 -> OFF
[2026-04-17 04:07:10] INFO     物理断电静置 25.0s
[2026-04-17 04:07:35] WARNING  【结论】 [FAIL] 超时未检测到成功关键字
[2026-04-17 04:07:35] INFO     统计 -> 成功: 124 | 失败: 418 | 异常: 0 | 成功率: 22.9%
[2026-04-17 04:07:35] INFO     
-------------------- 第 543 轮 | 最大监听: 26.9s --------------------
[2026-04-17 04:07:35] INFO     继电器 ON (开始充电)
[2026-04-17 04:07:36] INFO     继电器执行 -> ON
[2026-04-17 04:08:02] INFO     继电器 OFF (切断充电)
[2026-04-17 04:08:02] INFO     继电器执行 -> OFF
[2026-04-17 04:08:02] INFO     物理断电静置 25.0s
[2026-04-17 04:08:27] WARNING  【结论】 [FAIL] 超时未检测到成功关键字
[2026-04-17 04:08:27] INFO     统计 -> 成功: 124 | 失败: 419 | 异常: 0 | 成功率: 22.8%
[2026-04-17 04:08:27] INFO     
-------------------- 第 544 轮 | 最大监听: 28.4s --------------------
[2026-04-17 04:08:27] INFO     继电器 ON (开始充电)
[2026-04-17 04:08:28] INFO     继电器执行 -> ON
[2026-04-17 04:08:56] INFO     继电器 OFF (切断充电)
[2026-04-17 04:08:56] INFO     继电器执行 -> OFF
[2026-04-17 04:08:56] INFO     物理断电静置 25.0s
[2026-04-17 04:09:21] WARNING  【结论】 [FAIL] 超时未检测到成功关键字
[2026-04-17 04:09:21] INFO     统计 -> 成功: 124 | 失败: 420 | 异常: 0 | 成功率: 22.8%
[2026-04-17 04:09:21] INFO     
-------------------- 第 545 轮 | 最大监听: 27.2s --------------------
[2026-04-17 04:09:21] INFO     继电器 ON (开始充电)
[2026-04-17 04:09:21] INFO     继电器执行 -> ON
[2026-04-17 04:09:48] INFO     继电器 OFF (切断充电)
[2026-04-17 04:09:48] INFO     继电器执行 -> OFF
[2026-04-17 04:09:48] INFO     物理断电静置 25.0s
[2026-04-17 04:10:13] WARNING  【结论】 [FAIL] 超时未检测到成功关键字
[2026-04-17 04:10:13] INFO     统计 -> 成功: 124 | 失败: 421 | 异常: 0 | 成功率: 22.8%
[2026-04-17 04:10:13] INFO     
-------------------- 第 546 轮 | 最大监听: 26.6s --------------------
[2026-04-17 04:10:13] INFO     继电器 ON (开始充电)
[2026-04-17 04:10:13] INFO     继电器执行 -> ON
[2026-04-17 04:10:40] INFO     继电器 OFF (切断充电)
[2026-04-17 04:10:40] INFO     继电器执行 -> OFF
[2026-04-17 04:10:40] INFO     物理断电静置 25.0s
[2026-04-17 04:11:05] WARNING  【结论】 [FAIL] 超时未检测到成功关键字
[2026-04-17 04:11:05] INFO     统计 -> 成功: 124 | 失败: 422 | 异常: 0 | 成功率: 22.7%
[2026-04-17 04:11:05] INFO     
-------------------- 第 547 轮 | 最大监听: 29.8s --------------------
[2026-04-17 04:11:05] INFO     继电器 ON (开始充电)
[2026-04-17 04:11:05] INFO     继电器执行 -> ON
[2026-04-17 04:11:07] INFO     捕获目标指令: voice_msgnum:9
[2026-04-17 04:11:07] INFO     状态维稳，保持闭合 25.0s
[2026-04-17 04:11:32] INFO     继电器 OFF (切断充电)
[2026-04-17 04:11:32] INFO     继电器执行 -> OFF
[2026-04-17 04:11:32] INFO     物理断电静置 25.0s
[2026-04-17 04:11:57] INFO     【结论】 [PASS] 成功关键字: voice_msgnum:9
[2026-04-17 04:11:57] INFO     统计 -> 成功: 125 | 失败: 422 | 异常: 0 | 成功率: 22.9%
[2026-04-17 04:11:57] INFO     
-------------------- 第 548 轮 | 最大监听: 26.2s --------------------
[2026-04-17 04:11:57] INFO     继电器 ON (开始充电)
[2026-04-17 04:11:57] INFO     继电器执行 -> ON
[2026-04-17 04:12:02] INFO     捕获目标指令: voice_msgnum:9
[2026-04-17 04:12:02] INFO     状态维稳，保持闭合 25.0s
[2026-04-17 04:12:27] INFO     继电器 OFF (切断充电)
[2026-04-17 04:12:27] INFO     继电器执行 -> OFF
[2026-04-17 04:12:27] INFO     物理断电静置 25.0s
[2026-04-17 04:12:52] INFO     【结论】 [PASS] 成功关键字: voice_msgnum:9
[2026-04-17 04:12:52] INFO     统计 -> 成功: 126 | 失败: 422 | 异常: 0 | 成功率: 23.0%
[2026-04-17 04:12:52] INFO     
-------------------- 第 549 轮 | 最大监听: 28.4s --------------------
[2026-04-17 04:12:52] INFO     继电器 ON (开始充电)
[2026-04-17 04:12:52] INFO     继电器执行 -> ON
[2026-04-17 04:13:20] INFO     继电器 OFF (切断充电)
[2026-04-17 04:13:20] INFO     继电器执行 -> OFF
[2026-04-17 04:13:20] INFO     物理断电静置 25.0s
[2026-04-17 04:13:45] WARNING  【结论】 [FAIL] 超时未检测到成功关键字
[2026-04-17 04:13:45] INFO     统计 -> 成功: 126 | 失败: 423 | 异常: 0 | 成功率: 23.0%
[2026-04-17 04:13:45] INFO     
-------------------- 第 550 轮 | 最大监听: 27.5s --------------------
[2026-04-17 04:13:45] INFO     继电器 ON (开始充电)
[2026-04-17 04:13:45] INFO     继电器执行 -> ON
[2026-04-17 04:14:13] INFO     继电器 OFF (切断充电)
[2026-04-17 04:14:13] INFO     继电器执行 -> OFF
[2026-04-17 04:14:13] INFO     物理断电静置 25.0s
[2026-04-17 04:14:38] WARNING  【结论】 [FAIL] 超时未检测到成功关键字
[2026-04-17 04:14:38] INFO     统计 -> 成功: 126 | 失败: 424 | 异常: 0 | 成功率: 22.9%
[2026-04-17 04:14:38] INFO     
-------------------- 第 551 轮 | 最大监听: 25.7s --------------------
[2026-04-17 04:14:38] INFO     继电器 ON (开始充电)
[2026-04-17 04:14:38] INFO     继电器执行 -> ON
[2026-04-17 04:15:04] INFO     继电器 OFF (切断充电)
[2026-04-17 04:15:04] INFO     继电器执行 -> OFF
[2026-04-17 04:15:04] INFO     物理断电静置 25.0s
[2026-04-17 04:15:29] WARNING  【结论】 [FAIL] 超时未检测到成功关键字
[2026-04-17 04:15:29] INFO     统计 -> 成功: 126 | 失败: 425 | 异常: 0 | 成功率: 22.9%
[2026-04-17 04:15:29] INFO     
-------------------- 第 552 轮 | 最大监听: 28.9s --------------------
[2026-04-17 04:15:29] INFO     继电器 ON (开始充电)
[2026-04-17 04:15:29] INFO     继电器执行 -> ON
[2026-04-17 04:15:58] INFO     继电器 OFF (切断充电)
[2026-04-17 04:15:58] INFO     继电器执行 -> OFF
[2026-04-17 04:15:58] INFO     物理断电静置 25.0s
[2026-04-17 04:16:23] WARNING  【结论】 [FAIL] 超时未检测到成功关键字
[2026-04-17 04:16:23] INFO     统计 -> 成功: 126 | 失败: 426 | 异常: 0 | 成功率: 22.8%
[2026-04-17 04:16:23] INFO     
-------------------- 第 553 轮 | 最大监听: 28.7s --------------------
[2026-04-17 04:16:23] INFO     继电器 ON (开始充电)
[2026-04-17 04:16:23] INFO     继电器执行 -> ON
[2026-04-17 04:16:52] INFO     继电器 OFF (切断充电)
[2026-04-17 04:16:52] INFO     继电器执行 -> OFF
[2026-04-17 04:16:52] INFO     物理断电静置 25.0s
[2026-04-17 04:17:17] WARNING  【结论】 [FAIL] 超时未检测到成功关键字
[2026-04-17 04:17:17] INFO     统计 -> 成功: 126 | 失败: 427 | 异常: 0 | 成功率: 22.8%
[2026-04-17 04:17:17] INFO     
-------------------- 第 554 轮 | 最大监听: 29.7s --------------------
[2026-04-17 04:17:17] INFO     继电器 ON (开始充电)
[2026-04-17 04:17:17] INFO     继电器执行 -> ON
[2026-04-17 04:17:46] INFO     继电器 OFF (切断充电)
[2026-04-17 04:17:46] INFO     继电器执行 -> OFF
[2026-04-17 04:17:46] INFO     物理断电静置 25.0s
[2026-04-17 04:18:11] WARNING  【结论】 [FAIL] 超时未检测到成功关键字
[2026-04-17 04:18:11] INFO     统计 -> 成功: 126 | 失败: 428 | 异常: 0 | 成功率: 22.7%
[2026-04-17 04:18:11] INFO     
-------------------- 第 555 轮 | 最大监听: 27.4s --------------------
[2026-04-17 04:18:11] INFO     继电器 ON (开始充电)
[2026-04-17 04:18:11] INFO     继电器执行 -> ON
[2026-04-17 04:18:39] INFO     继电器 OFF (切断充电)
[2026-04-17 04:18:39] INFO     继电器执行 -> OFF
[2026-04-17 04:18:39] INFO     物理断电静置 25.0s
[2026-04-17 04:19:04] WARNING  【结论】 [FAIL] 超时未检测到成功关键字
[2026-04-17 04:19:04] INFO     统计 -> 成功: 126 | 失败: 429 | 异常: 0 | 成功率: 22.7%
[2026-04-17 04:19:04] INFO     
-------------------- 第 556 轮 | 最大监听: 25.7s --------------------
[2026-04-17 04:19:04] INFO     继电器 ON (开始充电)
[2026-04-17 04:19:04] INFO     继电器执行 -> ON
[2026-04-17 04:19:30] INFO     继电器 OFF (切断充电)
[2026-04-17 04:19:30] INFO     继电器执行 -> OFF
[2026-04-17 04:19:30] INFO     物理断电静置 25.0s
[2026-04-17 04:19:55] WARNING  【结论】 [FAIL] 超时未检测到成功关键字
[2026-04-17 04:19:55] INFO     统计 -> 成功: 126 | 失败: 430 | 异常: 0 | 成功率: 22.7%
[2026-04-17 04:19:55] INFO     
-------------------- 第 557 轮 | 最大监听: 29.0s --------------------
[2026-04-17 04:19:55] INFO     继电器 ON (开始充电)
[2026-04-17 04:19:55] INFO     继电器执行 -> ON
[2026-04-17 04:20:24] INFO     继电器 OFF (切断充电)
[2026-04-17 04:20:24] INFO     继电器执行 -> OFF
[2026-04-17 04:20:24] INFO     物理断电静置 25.0s
[2026-04-17 04:20:49] WARNING  【结论】 [FAIL] 超时未检测到成功关键字
[2026-04-17 04:20:49] INFO     统计 -> 成功: 126 | 失败: 431 | 异常: 0 | 成功率: 22.6%
[2026-04-17 04:20:49] INFO     
-------------------- 第 558 轮 | 最大监听: 25.3s --------------------
[2026-04-17 04:20:49] INFO     继电器 ON (开始充电)
[2026-04-17 04:20:49] INFO     继电器执行 -> ON
[2026-04-17 04:21:14] INFO     继电器 OFF (切断充电)
[2026-04-17 04:21:14] INFO     继电器执行 -> OFF
[2026-04-17 04:21:14] INFO     物理断电静置 25.0s
[2026-04-17 04:21:39] WARNING  【结论】 [FAIL] 超时未检测到成功关键字
[2026-04-17 04:21:39] INFO     统计 -> 成功: 126 | 失败: 432 | 异常: 0 | 成功率: 22.6%
[2026-04-17 04:21:39] INFO     
-------------------- 第 559 轮 | 最大监听: 29.2s --------------------
[2026-04-17 04:21:39] INFO     继电器 ON (开始充电)
[2026-04-17 04:21:39] INFO     继电器执行 -> ON
[2026-04-17 04:22:09] INFO     继电器 OFF (切断充电)
[2026-04-17 04:22:09] INFO     继电器执行 -> OFF
[2026-04-17 04:22:09] INFO     物理断电静置 25.0s
[2026-04-17 04:22:34] WARNING  【结论】 [FAIL] 超时未检测到成功关键字
[2026-04-17 04:22:34] INFO     统计 -> 成功: 126 | 失败: 433 | 异常: 0 | 成功率: 22.5%
[2026-04-17 04:22:34] INFO     
-------------------- 第 560 轮 | 最大监听: 27.4s --------------------
[2026-04-17 04:22:34] INFO     继电器 ON (开始充电)
[2026-04-17 04:22:34] INFO     继电器执行 -> ON
[2026-04-17 04:23:01] INFO     继电器 OFF (切断充电)
[2026-04-17 04:23:01] INFO     继电器执行 -> OFF
[2026-04-17 04:23:01] INFO     物理断电静置 25.0s
[2026-04-17 04:23:26] WARNING  【结论】 [FAIL] 超时未检测到成功关键字
[2026-04-17 04:23:26] INFO     统计 -> 成功: 126 | 失败: 434 | 异常: 0 | 成功率: 22.5%
[2026-04-17 04:23:26] INFO     
-------------------- 第 561 轮 | 最大监听: 28.6s --------------------
[2026-04-17 04:23:26] INFO     继电器 ON (开始充电)
[2026-04-17 04:23:26] INFO     继电器执行 -> ON
[2026-04-17 04:23:55] INFO     继电器 OFF (切断充电)
[2026-04-17 04:23:55] INFO     继电器执行 -> OFF
[2026-04-17 04:23:55] INFO     物理断电静置 25.0s
[2026-04-17 04:24:20] WARNING  【结论】 [FAIL] 超时未检测到成功关键字
[2026-04-17 04:24:20] INFO     统计 -> 成功: 126 | 失败: 435 | 异常: 0 | 成功率: 22.5%
[2026-04-17 04:24:20] INFO     
-------------------- 第 562 轮 | 最大监听: 26.1s --------------------
[2026-04-17 04:24:20] INFO     继电器 ON (开始充电)
[2026-04-17 04:24:20] INFO     继电器执行 -> ON
[2026-04-17 04:24:46] INFO     继电器 OFF (切断充电)
[2026-04-17 04:24:46] INFO     继电器执行 -> OFF
[2026-04-17 04:24:46] INFO     物理断电静置 25.0s
[2026-04-17 04:25:11] WARNING  【结论】 [FAIL] 超时未检测到成功关键字
[2026-04-17 04:25:11] INFO     统计 -> 成功: 126 | 失败: 436 | 异常: 0 | 成功率: 22.4%
[2026-04-17 04:25:11] INFO     
-------------------- 第 563 轮 | 最大监听: 25.1s --------------------
[2026-04-17 04:25:11] INFO     继电器 ON (开始充电)
[2026-04-17 04:25:11] INFO     继电器执行 -> ON
[2026-04-17 04:25:36] INFO     继电器 OFF (切断充电)
[2026-04-17 04:25:36] INFO     继电器执行 -> OFF
[2026-04-17 04:25:36] INFO     物理断电静置 25.0s
[2026-04-17 04:26:01] WARNING  【结论】 [FAIL] 超时未检测到成功关键字
[2026-04-17 04:26:01] INFO     统计 -> 成功: 126 | 失败: 437 | 异常: 0 | 成功率: 22.4%
[2026-04-17 04:26:01] INFO     
-------------------- 第 564 轮 | 最大监听: 29.1s --------------------
[2026-04-17 04:26:01] INFO     继电器 ON (开始充电)
[2026-04-17 04:26:01] INFO     继电器执行 -> ON
[2026-04-17 04:26:30] INFO     继电器 OFF (切断充电)
[2026-04-17 04:26:30] INFO     继电器执行 -> OFF
[2026-04-17 04:26:30] INFO     物理断电静置 25.0s
[2026-04-17 04:26:55] WARNING  【结论】 [FAIL] 超时未检测到成功关键字
[2026-04-17 04:26:55] INFO     统计 -> 成功: 126 | 失败: 438 | 异常: 0 | 成功率: 22.3%
[2026-04-17 04:26:55] INFO     
-------------------- 第 565 轮 | 最大监听: 26.9s --------------------
[2026-04-17 04:26:55] INFO     继电器 ON (开始充电)
[2026-04-17 04:26:55] INFO     继电器执行 -> ON
[2026-04-17 04:27:22] INFO     继电器 OFF (切断充电)
[2026-04-17 04:27:22] INFO     继电器执行 -> OFF
[2026-04-17 04:27:22] INFO     物理断电静置 25.0s
[2026-04-17 04:27:47] WARNING  【结论】 [FAIL] 超时未检测到成功关键字
[2026-04-17 04:27:47] INFO     统计 -> 成功: 126 | 失败: 439 | 异常: 0 | 成功率: 22.3%
[2026-04-17 04:27:47] INFO     
-------------------- 第 566 轮 | 最大监听: 29.7s --------------------
[2026-04-17 04:27:47] INFO     继电器 ON (开始充电)
[2026-04-17 04:27:47] INFO     继电器执行 -> ON
[2026-04-17 04:28:17] INFO     继电器 OFF (切断充电)
[2026-04-17 04:28:17] INFO     继电器执行 -> OFF
[2026-04-17 04:28:17] INFO     物理断电静置 25.0s
[2026-04-17 04:28:42] WARNING  【结论】 [FAIL] 超时未检测到成功关键字
[2026-04-17 04:28:42] INFO     统计 -> 成功: 126 | 失败: 440 | 异常: 0 | 成功率: 22.3%
[2026-04-17 04:28:42] INFO     
-------------------- 第 567 轮 | 最大监听: 27.4s --------------------
[2026-04-17 04:28:42] INFO     继电器 ON (开始充电)
[2026-04-17 04:28:42] INFO     继电器执行 -> ON
[2026-04-17 04:29:10] INFO     继电器 OFF (切断充电)
[2026-04-17 04:29:10] INFO     继电器执行 -> OFF
[2026-04-17 04:29:10] INFO     物理断电静置 25.0s
[2026-04-17 04:29:35] WARNING  【结论】 [FAIL] 超时未检测到成功关键字
[2026-04-17 04:29:35] INFO     统计 -> 成功: 126 | 失败: 441 | 异常: 0 | 成功率: 22.2%
[2026-04-17 04:29:35] INFO     
-------------------- 第 568 轮 | 最大监听: 27.2s --------------------
[2026-04-17 04:29:35] INFO     继电器 ON (开始充电)
[2026-04-17 04:29:35] INFO     继电器执行 -> ON
[2026-04-17 04:30:02] INFO     继电器 OFF (切断充电)
[2026-04-17 04:30:02] INFO     继电器执行 -> OFF
[2026-04-17 04:30:02] INFO     物理断电静置 25.0s
[2026-04-17 04:30:27] WARNING  【结论】 [FAIL] 超时未检测到成功关键字
[2026-04-17 04:30:27] INFO     统计 -> 成功: 126 | 失败: 442 | 异常: 0 | 成功率: 22.2%
[2026-04-17 04:30:27] INFO     
-------------------- 第 569 轮 | 最大监听: 25.1s --------------------
[2026-04-17 04:30:27] INFO     继电器 ON (开始充电)
[2026-04-17 04:30:27] INFO     继电器执行 -> ON
[2026-04-17 04:30:52] INFO     继电器 OFF (切断充电)
[2026-04-17 04:30:52] INFO     继电器执行 -> OFF
[2026-04-17 04:30:52] INFO     物理断电静置 25.0s
[2026-04-17 04:31:17] WARNING  【结论】 [FAIL] 超时未检测到成功关键字
[2026-04-17 04:31:17] INFO     统计 -> 成功: 126 | 失败: 443 | 异常: 0 | 成功率: 22.1%
[2026-04-17 04:31:17] INFO     
-------------------- 第 570 轮 | 最大监听: 28.3s --------------------
[2026-04-17 04:31:17] INFO     继电器 ON (开始充电)
[2026-04-17 04:31:17] INFO     继电器执行 -> ON
[2026-04-17 04:31:46] INFO     继电器 OFF (切断充电)
[2026-04-17 04:31:46] INFO     继电器执行 -> OFF
[2026-04-17 04:31:46] INFO     物理断电静置 25.0s
[2026-04-17 04:32:11] WARNING  【结论】 [FAIL] 超时未检测到成功关键字
[2026-04-17 04:32:11] INFO     统计 -> 成功: 126 | 失败: 444 | 异常: 0 | 成功率: 22.1%
[2026-04-17 04:32:11] INFO     
-------------------- 第 571 轮 | 最大监听: 27.7s --------------------
[2026-04-17 04:32:11] INFO     继电器 ON (开始充电)
[2026-04-17 04:32:11] INFO     继电器执行 -> ON
[2026-04-17 04:32:38] INFO     继电器 OFF (切断充电)
[2026-04-17 04:32:38] INFO     继电器执行 -> OFF
[2026-04-17 04:32:38] INFO     物理断电静置 25.0s
[2026-04-17 04:33:03] WARNING  【结论】 [FAIL] 超时未检测到成功关键字
[2026-04-17 04:33:03] INFO     统计 -> 成功: 126 | 失败: 445 | 异常: 0 | 成功率: 22.1%
[2026-04-17 04:33:03] INFO     
-------------------- 第 572 轮 | 最大监听: 27.7s --------------------
[2026-04-17 04:33:03] INFO     继电器 ON (开始充电)
[2026-04-17 04:33:04] INFO     继电器执行 -> ON
[2026-04-17 04:33:31] INFO     继电器 OFF (切断充电)
[2026-04-17 04:33:31] INFO     继电器执行 -> OFF
[2026-04-17 04:33:31] INFO     物理断电静置 25.0s
[2026-04-17 04:33:56] WARNING  【结论】 [FAIL] 超时未检测到成功关键字
[2026-04-17 04:33:56] INFO     统计 -> 成功: 126 | 失败: 446 | 异常: 0 | 成功率: 22.0%
[2026-04-17 04:33:56] INFO     
-------------------- 第 573 轮 | 最大监听: 25.7s --------------------
[2026-04-17 04:33:56] INFO     继电器 ON (开始充电)
[2026-04-17 04:33:56] INFO     继电器执行 -> ON
[2026-04-17 04:34:22] INFO     继电器 OFF (切断充电)
[2026-04-17 04:34:22] INFO     继电器执行 -> OFF
[2026-04-17 04:34:22] INFO     物理断电静置 25.0s
[2026-04-17 04:34:47] WARNING  【结论】 [FAIL] 超时未检测到成功关键字
[2026-04-17 04:34:47] INFO     统计 -> 成功: 126 | 失败: 447 | 异常: 0 | 成功率: 22.0%
[2026-04-17 04:34:47] INFO     
-------------------- 第 574 轮 | 最大监听: 27.5s --------------------
[2026-04-17 04:34:47] INFO     继电器 ON (开始充电)
[2026-04-17 04:34:47] INFO     继电器执行 -> ON
[2026-04-17 04:35:01] INFO     捕获目标指令: voice_msgnum:9
[2026-04-17 04:35:01] INFO     状态维稳，保持闭合 25.0s
[2026-04-17 04:35:26] INFO     继电器 OFF (切断充电)
[2026-04-17 04:35:26] INFO     继电器执行 -> OFF
[2026-04-17 04:35:26] INFO     物理断电静置 25.0s
[2026-04-17 04:35:51] INFO     【结论】 [PASS] 成功关键字: voice_msgnum:9
[2026-04-17 04:35:51] INFO     统计 -> 成功: 127 | 失败: 447 | 异常: 0 | 成功率: 22.1%
[2026-04-17 04:35:51] INFO     
-------------------- 第 575 轮 | 最大监听: 28.1s --------------------
[2026-04-17 04:35:51] INFO     继电器 ON (开始充电)
[2026-04-17 04:35:51] INFO     继电器执行 -> ON
[2026-04-17 04:36:17] INFO     捕获目标指令: voice_msgnum:9
[2026-04-17 04:36:17] INFO     状态维稳，保持闭合 25.0s
[2026-04-17 04:36:42] INFO     继电器 OFF (切断充电)
[2026-04-17 04:36:42] INFO     继电器执行 -> OFF
[2026-04-17 04:36:42] INFO     物理断电静置 25.0s
[2026-04-17 04:37:07] INFO     【结论】 [PASS] 成功关键字: voice_msgnum:9
[2026-04-17 04:37:07] INFO     统计 -> 成功: 128 | 失败: 447 | 异常: 0 | 成功率: 22.3%
[2026-04-17 04:37:07] INFO     
-------------------- 第 576 轮 | 最大监听: 28.3s --------------------
[2026-04-17 04:37:07] INFO     继电器 ON (开始充电)
[2026-04-17 04:37:07] INFO     继电器执行 -> ON
[2026-04-17 04:37:35] INFO     继电器 OFF (切断充电)
[2026-04-17 04:37:36] INFO     继电器执行 -> OFF
[2026-04-17 04:37:36] INFO     物理断电静置 25.0s
[2026-04-17 04:38:01] WARNING  【结论】 [FAIL] 超时未检测到成功关键字
[2026-04-17 04:38:01] INFO     统计 -> 成功: 128 | 失败: 448 | 异常: 0 | 成功率: 22.2%
[2026-04-17 04:38:01] INFO     
-------------------- 第 577 轮 | 最大监听: 29.5s --------------------
[2026-04-17 04:38:01] INFO     继电器 ON (开始充电)
[2026-04-17 04:38:01] INFO     继电器执行 -> ON
[2026-04-17 04:38:30] INFO     继电器 OFF (切断充电)
[2026-04-17 04:38:30] INFO     继电器执行 -> OFF
[2026-04-17 04:38:30] INFO     物理断电静置 25.0s
[2026-04-17 04:38:55] WARNING  【结论】 [FAIL] 超时未检测到成功关键字
[2026-04-17 04:38:55] INFO     统计 -> 成功: 128 | 失败: 449 | 异常: 0 | 成功率: 22.2%
[2026-04-17 04:38:55] INFO     
-------------------- 第 578 轮 | 最大监听: 29.7s --------------------
[2026-04-17 04:38:55] INFO     继电器 ON (开始充电)
[2026-04-17 04:38:55] INFO     继电器执行 -> ON
[2026-04-17 04:39:25] INFO     继电器 OFF (切断充电)
[2026-04-17 04:39:25] INFO     继电器执行 -> OFF
[2026-04-17 04:39:25] INFO     物理断电静置 25.0s
[2026-04-17 04:39:50] WARNING  【结论】 [FAIL] 超时未检测到成功关键字
[2026-04-17 04:39:50] INFO     统计 -> 成功: 128 | 失败: 450 | 异常: 0 | 成功率: 22.1%
[2026-04-17 04:39:50] INFO     
-------------------- 第 579 轮 | 最大监听: 26.0s --------------------
[2026-04-17 04:39:50] INFO     继电器 ON (开始充电)
[2026-04-17 04:39:50] INFO     继电器执行 -> ON
[2026-04-17 04:40:16] INFO     继电器 OFF (切断充电)
[2026-04-17 04:40:16] INFO     继电器执行 -> OFF
[2026-04-17 04:40:16] INFO     物理断电静置 25.0s
[2026-04-17 04:40:41] WARNING  【结论】 [FAIL] 超时未检测到成功关键字
[2026-04-17 04:40:41] INFO     统计 -> 成功: 128 | 失败: 451 | 异常: 0 | 成功率: 22.1%
[2026-04-17 04:40:41] INFO     
-------------------- 第 580 轮 | 最大监听: 29.2s --------------------
[2026-04-17 04:40:41] INFO     继电器 ON (开始充电)
[2026-04-17 04:40:41] INFO     继电器执行 -> ON
[2026-04-17 04:41:10] INFO     继电器 OFF (切断充电)
[2026-04-17 04:41:10] INFO     继电器执行 -> OFF
[2026-04-17 04:41:10] INFO     物理断电静置 25.0s
[2026-04-17 04:41:35] WARNING  【结论】 [FAIL] 超时未检测到成功关键字
[2026-04-17 04:41:35] INFO     统计 -> 成功: 128 | 失败: 452 | 异常: 0 | 成功率: 22.1%
[2026-04-17 04:41:35] INFO     
-------------------- 第 581 轮 | 最大监听: 28.2s --------------------
[2026-04-17 04:41:35] INFO     继电器 ON (开始充电)
[2026-04-17 04:41:35] INFO     继电器执行 -> ON
[2026-04-17 04:41:39] ERROR    [异常] assertionfailedatfunction | (0) assertion failed at function:rt_hw_hard_fault_exception, line number:428
[2026-04-17 04:42:04] INFO     继电器 OFF (切断充电)
[2026-04-17 04:42:04] INFO     继电器执行 -> OFF
[2026-04-17 04:42:04] INFO     物理断电静置 25.0s
[2026-04-17 04:42:29] WARNING  【结论】 [FAIL] 超时未检测到成功关键字
[2026-04-17 04:42:29] INFO     统计 -> 成功: 128 | 失败: 453 | 异常: 1 | 成功率: 22.0%
[2026-04-17 04:42:29] INFO     
-------------------- 第 582 轮 | 最大监听: 26.6s --------------------
[2026-04-17 04:42:29] INFO     继电器 ON (开始充电)
[2026-04-17 04:42:29] INFO     继电器执行 -> ON
[2026-04-17 04:42:55] INFO     继电器 OFF (切断充电)
[2026-04-17 04:42:55] INFO     继电器执行 -> OFF
[2026-04-17 04:42:55] INFO     物理断电静置 25.0s
[2026-04-17 04:43:20] WARNING  【结论】 [FAIL] 超时未检测到成功关键字
[2026-04-17 04:43:20] INFO     统计 -> 成功: 128 | 失败: 454 | 异常: 1 | 成功率: 22.0%
[2026-04-17 04:43:20] INFO     
-------------------- 第 583 轮 | 最大监听: 25.9s --------------------
[2026-04-17 04:43:20] INFO     继电器 ON (开始充电)
[2026-04-17 04:43:20] INFO     继电器执行 -> ON
[2026-04-17 04:43:46] INFO     继电器 OFF (切断充电)
[2026-04-17 04:43:46] INFO     继电器执行 -> OFF
[2026-04-17 04:43:46] INFO     物理断电静置 25.0s
[2026-04-17 04:44:11] WARNING  【结论】 [FAIL] 超时未检测到成功关键字
[2026-04-17 04:44:11] INFO     统计 -> 成功: 128 | 失败: 455 | 异常: 1 | 成功率: 21.9%
[2026-04-17 04:44:11] INFO     
-------------------- 第 584 轮 | 最大监听: 27.3s --------------------
[2026-04-17 04:44:11] INFO     继电器 ON (开始充电)
[2026-04-17 04:44:11] INFO     继电器执行 -> ON
[2026-04-17 04:44:39] INFO     继电器 OFF (切断充电)
[2026-04-17 04:44:39] INFO     继电器执行 -> OFF
[2026-04-17 04:44:39] INFO     物理断电静置 25.0s
[2026-04-17 04:45:04] WARNING  【结论】 [FAIL] 超时未检测到成功关键字
[2026-04-17 04:45:04] INFO     统计 -> 成功: 128 | 失败: 456 | 异常: 1 | 成功率: 21.9%
[2026-04-17 04:45:04] INFO     
-------------------- 第 585 轮 | 最大监听: 26.2s --------------------
[2026-04-17 04:45:04] INFO     继电器 ON (开始充电)
[2026-04-17 04:45:04] INFO     继电器执行 -> ON
[2026-04-17 04:45:30] INFO     继电器 OFF (切断充电)
[2026-04-17 04:45:30] INFO     继电器执行 -> OFF
[2026-04-17 04:45:30] INFO     物理断电静置 25.0s
[2026-04-17 04:45:55] WARNING  【结论】 [FAIL] 超时未检测到成功关键字
[2026-04-17 04:45:55] INFO     统计 -> 成功: 128 | 失败: 457 | 异常: 1 | 成功率: 21.8%
[2026-04-17 04:45:55] INFO     
-------------------- 第 586 轮 | 最大监听: 25.2s --------------------
[2026-04-17 04:45:55] INFO     继电器 ON (开始充电)
[2026-04-17 04:45:55] INFO     继电器执行 -> ON
[2026-04-17 04:46:20] INFO     继电器 OFF (切断充电)
[2026-04-17 04:46:20] INFO     继电器执行 -> OFF
[2026-04-17 04:46:20] INFO     物理断电静置 25.0s
[2026-04-17 04:46:45] WARNING  【结论】 [FAIL] 超时未检测到成功关键字
[2026-04-17 04:46:45] INFO     统计 -> 成功: 128 | 失败: 458 | 异常: 1 | 成功率: 21.8%
[2026-04-17 04:46:45] INFO     
-------------------- 第 587 轮 | 最大监听: 25.6s --------------------
[2026-04-17 04:46:45] INFO     继电器 ON (开始充电)
[2026-04-17 04:46:45] INFO     继电器执行 -> ON
[2026-04-17 04:47:11] INFO     继电器 OFF (切断充电)
[2026-04-17 04:47:11] INFO     继电器执行 -> OFF
[2026-04-17 04:47:11] INFO     物理断电静置 25.0s
[2026-04-17 04:47:36] WARNING  【结论】 [FAIL] 超时未检测到成功关键字
[2026-04-17 04:47:36] INFO     统计 -> 成功: 128 | 失败: 459 | 异常: 1 | 成功率: 21.8%
[2026-04-17 04:47:36] INFO     
-------------------- 第 588 轮 | 最大监听: 29.9s --------------------
[2026-04-17 04:47:36] INFO     继电器 ON (开始充电)
[2026-04-17 04:47:36] INFO     继电器执行 -> ON
[2026-04-17 04:48:06] INFO     继电器 OFF (切断充电)
[2026-04-17 04:48:06] INFO     继电器执行 -> OFF
[2026-04-17 04:48:06] INFO     物理断电静置 25.0s
[2026-04-17 04:48:31] WARNING  【结论】 [FAIL] 超时未检测到成功关键字
[2026-04-17 04:48:31] INFO     统计 -> 成功: 128 | 失败: 460 | 异常: 1 | 成功率: 21.7%
[2026-04-17 04:48:31] INFO     
-------------------- 第 589 轮 | 最大监听: 28.0s --------------------
[2026-04-17 04:48:31] INFO     继电器 ON (开始充电)
[2026-04-17 04:48:31] INFO     继电器执行 -> ON
[2026-04-17 04:48:59] INFO     继电器 OFF (切断充电)
[2026-04-17 04:48:59] INFO     继电器执行 -> OFF
[2026-04-17 04:48:59] INFO     物理断电静置 25.0s
[2026-04-17 04:49:24] WARNING  【结论】 [FAIL] 超时未检测到成功关键字
[2026-04-17 04:49:24] INFO     统计 -> 成功: 128 | 失败: 461 | 异常: 1 | 成功率: 21.7%
[2026-04-17 04:49:24] INFO     
-------------------- 第 590 轮 | 最大监听: 26.7s --------------------
[2026-04-17 04:49:24] INFO     继电器 ON (开始充电)
[2026-04-17 04:49:24] INFO     继电器执行 -> ON
[2026-04-17 04:49:51] INFO     继电器 OFF (切断充电)
[2026-04-17 04:49:51] INFO     继电器执行 -> OFF
[2026-04-17 04:49:51] INFO     物理断电静置 25.0s
[2026-04-17 04:50:16] WARNING  【结论】 [FAIL] 超时未检测到成功关键字
[2026-04-17 04:50:16] INFO     统计 -> 成功: 128 | 失败: 462 | 异常: 1 | 成功率: 21.7%
[2026-04-17 04:50:16] INFO     
-------------------- 第 591 轮 | 最大监听: 28.9s --------------------
[2026-04-17 04:50:16] INFO     继电器 ON (开始充电)
[2026-04-17 04:50:16] INFO     继电器执行 -> ON
[2026-04-17 04:50:45] INFO     继电器 OFF (切断充电)
[2026-04-17 04:50:45] INFO     继电器执行 -> OFF
[2026-04-17 04:50:45] INFO     物理断电静置 25.0s
[2026-04-17 04:51:10] WARNING  【结论】 [FAIL] 超时未检测到成功关键字
[2026-04-17 04:51:10] INFO     统计 -> 成功: 128 | 失败: 463 | 异常: 1 | 成功率: 21.6%
[2026-04-17 04:51:10] INFO     
-------------------- 第 592 轮 | 最大监听: 28.6s --------------------
[2026-04-17 04:51:10] INFO     继电器 ON (开始充电)
[2026-04-17 04:51:10] INFO     继电器执行 -> ON
[2026-04-17 04:51:39] INFO     继电器 OFF (切断充电)
[2026-04-17 04:51:39] INFO     继电器执行 -> OFF
[2026-04-17 04:51:39] INFO     物理断电静置 25.0s
[2026-04-17 04:52:04] WARNING  【结论】 [FAIL] 超时未检测到成功关键字
[2026-04-17 04:52:04] INFO     统计 -> 成功: 128 | 失败: 464 | 异常: 1 | 成功率: 21.6%
[2026-04-17 04:52:04] INFO     
-------------------- 第 593 轮 | 最大监听: 29.2s --------------------
[2026-04-17 04:52:04] INFO     继电器 ON (开始充电)
[2026-04-17 04:52:04] INFO     继电器执行 -> ON
[2026-04-17 04:52:33] INFO     继电器 OFF (切断充电)
[2026-04-17 04:52:33] INFO     继电器执行 -> OFF
[2026-04-17 04:52:33] INFO     物理断电静置 25.0s
[2026-04-17 04:52:58] WARNING  【结论】 [FAIL] 超时未检测到成功关键字
[2026-04-17 04:52:58] INFO     统计 -> 成功: 128 | 失败: 465 | 异常: 1 | 成功率: 21.5%
[2026-04-17 04:52:58] INFO     
-------------------- 第 594 轮 | 最大监听: 28.2s --------------------
[2026-04-17 04:52:58] INFO     继电器 ON (开始充电)
[2026-04-17 04:52:58] INFO     继电器执行 -> ON
[2026-04-17 04:53:26] INFO     继电器 OFF (切断充电)
[2026-04-17 04:53:26] INFO     继电器执行 -> OFF
[2026-04-17 04:53:26] INFO     物理断电静置 25.0s
[2026-04-17 04:53:51] WARNING  【结论】 [FAIL] 超时未检测到成功关键字
[2026-04-17 04:53:51] INFO     统计 -> 成功: 128 | 失败: 466 | 异常: 1 | 成功率: 21.5%
[2026-04-17 04:53:51] INFO     
-------------------- 第 595 轮 | 最大监听: 27.0s --------------------
[2026-04-17 04:53:51] INFO     继电器 ON (开始充电)
[2026-04-17 04:53:51] INFO     继电器执行 -> ON
[2026-04-17 04:54:18] INFO     继电器 OFF (切断充电)
[2026-04-17 04:54:18] INFO     继电器执行 -> OFF
[2026-04-17 04:54:18] INFO     物理断电静置 25.0s
[2026-04-17 04:54:43] WARNING  【结论】 [FAIL] 超时未检测到成功关键字
[2026-04-17 04:54:43] INFO     统计 -> 成功: 128 | 失败: 467 | 异常: 1 | 成功率: 21.5%
[2026-04-17 04:54:43] INFO     
-------------------- 第 596 轮 | 最大监听: 27.1s --------------------
[2026-04-17 04:54:43] INFO     继电器 ON (开始充电)
[2026-04-17 04:54:44] INFO     继电器执行 -> ON
[2026-04-17 04:55:11] INFO     继电器 OFF (切断充电)
[2026-04-17 04:55:11] INFO     继电器执行 -> OFF
[2026-04-17 04:55:11] INFO     物理断电静置 25.0s
[2026-04-17 04:55:36] WARNING  【结论】 [FAIL] 超时未检测到成功关键字
[2026-04-17 04:55:36] INFO     统计 -> 成功: 128 | 失败: 468 | 异常: 1 | 成功率: 21.4%
[2026-04-17 04:55:36] INFO     
-------------------- 第 597 轮 | 最大监听: 29.8s --------------------
[2026-04-17 04:55:36] INFO     继电器 ON (开始充电)
[2026-04-17 04:55:36] INFO     继电器执行 -> ON
[2026-04-17 04:56:06] INFO     继电器 OFF (切断充电)
[2026-04-17 04:56:06] INFO     继电器执行 -> OFF
[2026-04-17 04:56:06] INFO     物理断电静置 25.0s
[2026-04-17 04:56:31] WARNING  【结论】 [FAIL] 超时未检测到成功关键字
[2026-04-17 04:56:31] INFO     统计 -> 成功: 128 | 失败: 469 | 异常: 1 | 成功率: 21.4%
[2026-04-17 04:56:31] INFO     
-------------------- 第 598 轮 | 最大监听: 26.7s --------------------
[2026-04-17 04:56:31] INFO     继电器 ON (开始充电)
[2026-04-17 04:56:31] INFO     继电器执行 -> ON
[2026-04-17 04:56:44] INFO     捕获目标指令: voice_msgnum:9
[2026-04-17 04:56:44] INFO     状态维稳，保持闭合 25.0s
[2026-04-17 04:57:09] INFO     继电器 OFF (切断充电)
[2026-04-17 04:57:09] INFO     继电器执行 -> OFF
[2026-04-17 04:57:09] INFO     物理断电静置 25.0s
[2026-04-17 04:57:34] INFO     【结论】 [PASS] 成功关键字: voice_msgnum:9
[2026-04-17 04:57:34] INFO     统计 -> 成功: 129 | 失败: 469 | 异常: 1 | 成功率: 21.5%
[2026-04-17 04:57:34] INFO     
-------------------- 第 599 轮 | 最大监听: 27.7s --------------------
[2026-04-17 04:57:34] INFO     继电器 ON (开始充电)
[2026-04-17 04:57:34] INFO     继电器执行 -> ON
[2026-04-17 04:57:45] INFO     捕获目标指令: voice_msgnum:9
[2026-04-17 04:57:45] INFO     状态维稳，保持闭合 25.0s
[2026-04-17 04:58:10] INFO     继电器 OFF (切断充电)
[2026-04-17 04:58:10] INFO     继电器执行 -> OFF
[2026-04-17 04:58:10] INFO     物理断电静置 25.0s
[2026-04-17 04:58:35] INFO     【结论】 [PASS] 成功关键字: voice_msgnum:9
[2026-04-17 04:58:35] INFO     统计 -> 成功: 130 | 失败: 469 | 异常: 1 | 成功率: 21.7%
[2026-04-17 04:58:35] INFO     
-------------------- 第 600 轮 | 最大监听: 28.6s --------------------
[2026-04-17 04:58:35] INFO     继电器 ON (开始充电)
[2026-04-17 04:58:35] INFO     继电器执行 -> ON
[2026-04-17 04:59:03] INFO     继电器 OFF (切断充电)
[2026-04-17 04:59:03] INFO     继电器执行 -> OFF
[2026-04-17 04:59:03] INFO     物理断电静置 25.0s
[2026-04-17 04:59:28] WARNING  【结论】 [FAIL] 超时未检测到成功关键字
[2026-04-17 04:59:28] INFO     统计 -> 成功: 130 | 失败: 470 | 异常: 1 | 成功率: 21.6%
[2026-04-17 04:59:28] INFO     
-------------------- 第 601 轮 | 最大监听: 28.1s --------------------
[2026-04-17 04:59:28] INFO     继电器 ON (开始充电)
[2026-04-17 04:59:28] INFO     继电器执行 -> ON
[2026-04-17 04:59:57] INFO     继电器 OFF (切断充电)
[2026-04-17 04:59:57] INFO     继电器执行 -> OFF
[2026-04-17 04:59:57] INFO     物理断电静置 25.0s
[2026-04-17 05:00:22] WARNING  【结论】 [FAIL] 超时未检测到成功关键字
[2026-04-17 05:00:22] INFO     统计 -> 成功: 130 | 失败: 471 | 异常: 1 | 成功率: 21.6%
[2026-04-17 05:00:22] INFO     
-------------------- 第 602 轮 | 最大监听: 25.8s --------------------
[2026-04-17 05:00:22] INFO     继电器 ON (开始充电)
[2026-04-17 05:00:22] INFO     继电器执行 -> ON
[2026-04-17 05:00:47] INFO     继电器 OFF (切断充电)
[2026-04-17 05:00:47] INFO     继电器执行 -> OFF
[2026-04-17 05:00:47] INFO     物理断电静置 25.0s
[2026-04-17 05:01:12] WARNING  【结论】 [FAIL] 超时未检测到成功关键字
[2026-04-17 05:01:12] INFO     统计 -> 成功: 130 | 失败: 472 | 异常: 1 | 成功率: 21.6%
[2026-04-17 05:01:12] INFO     
-------------------- 第 603 轮 | 最大监听: 28.2s --------------------
[2026-04-17 05:01:12] INFO     继电器 ON (开始充电)
[2026-04-17 05:01:13] INFO     继电器执行 -> ON
[2026-04-17 05:01:41] INFO     继电器 OFF (切断充电)
[2026-04-17 05:01:41] INFO     继电器执行 -> OFF
[2026-04-17 05:01:41] INFO     物理断电静置 25.0s
[2026-04-17 05:02:06] WARNING  【结论】 [FAIL] 超时未检测到成功关键字
[2026-04-17 05:02:06] INFO     统计 -> 成功: 130 | 失败: 473 | 异常: 1 | 成功率: 21.5%
[2026-04-17 05:02:06] INFO     
-------------------- 第 604 轮 | 最大监听: 27.0s --------------------
[2026-04-17 05:02:06] INFO     继电器 ON (开始充电)
[2026-04-17 05:02:06] INFO     继电器执行 -> ON
[2026-04-17 05:02:33] INFO     继电器 OFF (切断充电)
[2026-04-17 05:02:33] INFO     继电器执行 -> OFF
[2026-04-17 05:02:33] INFO     物理断电静置 25.0s
[2026-04-17 05:02:58] WARNING  【结论】 [FAIL] 超时未检测到成功关键字
[2026-04-17 05:02:58] INFO     统计 -> 成功: 130 | 失败: 474 | 异常: 1 | 成功率: 21.5%
[2026-04-17 05:02:58] INFO     
-------------------- 第 605 轮 | 最大监听: 29.3s --------------------
[2026-04-17 05:02:58] INFO     继电器 ON (开始充电)
[2026-04-17 05:02:58] INFO     继电器执行 -> ON
[2026-04-17 05:02:59] INFO     捕获目标指令: voice_msgnum:9
[2026-04-17 05:02:59] INFO     状态维稳，保持闭合 25.0s
[2026-04-17 05:03:24] INFO     继电器 OFF (切断充电)
[2026-04-17 05:03:24] INFO     继电器执行 -> OFF
[2026-04-17 05:03:24] INFO     物理断电静置 25.0s
[2026-04-17 05:03:49] INFO     【结论】 [PASS] 成功关键字: voice_msgnum:9
[2026-04-17 05:03:49] INFO     统计 -> 成功: 131 | 失败: 474 | 异常: 1 | 成功率: 21.6%
[2026-04-17 05:03:49] INFO     
-------------------- 第 606 轮 | 最大监听: 29.8s --------------------
[2026-04-17 05:03:49] INFO     继电器 ON (开始充电)
[2026-04-17 05:03:49] INFO     继电器执行 -> ON
[2026-04-17 05:04:19] INFO     继电器 OFF (切断充电)
[2026-04-17 05:04:19] INFO     继电器执行 -> OFF
[2026-04-17 05:04:19] INFO     物理断电静置 25.0s
[2026-04-17 05:04:44] WARNING  【结论】 [FAIL] 超时未检测到成功关键字
[2026-04-17 05:04:44] INFO     统计 -> 成功: 131 | 失败: 475 | 异常: 1 | 成功率: 21.6%
[2026-04-17 05:04:44] INFO     
-------------------- 第 607 轮 | 最大监听: 28.9s --------------------
[2026-04-17 05:04:44] INFO     继电器 ON (开始充电)
[2026-04-17 05:04:44] INFO     继电器执行 -> ON
[2026-04-17 05:05:13] INFO     继电器 OFF (切断充电)
[2026-04-17 05:05:13] INFO     继电器执行 -> OFF
[2026-04-17 05:05:13] INFO     物理断电静置 25.0s
[2026-04-17 05:05:38] WARNING  【结论】 [FAIL] 超时未检测到成功关键字
[2026-04-17 05:05:38] INFO     统计 -> 成功: 131 | 失败: 476 | 异常: 1 | 成功率: 21.5%
[2026-04-17 05:05:38] INFO     
-------------------- 第 608 轮 | 最大监听: 29.7s --------------------
[2026-04-17 05:05:38] INFO     继电器 ON (开始充电)
[2026-04-17 05:05:38] INFO     继电器执行 -> ON
[2026-04-17 05:06:08] INFO     继电器 OFF (切断充电)
[2026-04-17 05:06:08] INFO     继电器执行 -> OFF
[2026-04-17 05:06:08] INFO     物理断电静置 25.0s
[2026-04-17 05:06:33] WARNING  【结论】 [FAIL] 超时未检测到成功关键字
[2026-04-17 05:06:33] INFO     统计 -> 成功: 131 | 失败: 477 | 异常: 1 | 成功率: 21.5%
[2026-04-17 05:06:33] INFO     
-------------------- 第 609 轮 | 最大监听: 27.5s --------------------
[2026-04-17 05:06:33] INFO     继电器 ON (开始充电)
[2026-04-17 05:06:33] INFO     继电器执行 -> ON
[2026-04-17 05:07:01] INFO     继电器 OFF (切断充电)
[2026-04-17 05:07:01] INFO     继电器执行 -> OFF
[2026-04-17 05:07:01] INFO     物理断电静置 25.0s
[2026-04-17 05:07:26] WARNING  【结论】 [FAIL] 超时未检测到成功关键字
[2026-04-17 05:07:26] INFO     统计 -> 成功: 131 | 失败: 478 | 异常: 1 | 成功率: 21.5%
[2026-04-17 05:07:26] INFO     
-------------------- 第 610 轮 | 最大监听: 28.8s --------------------
[2026-04-17 05:07:26] INFO     继电器 ON (开始充电)
[2026-04-17 05:07:26] INFO     继电器执行 -> ON
[2026-04-17 05:07:55] INFO     继电器 OFF (切断充电)
[2026-04-17 05:07:55] INFO     继电器执行 -> OFF
[2026-04-17 05:07:55] INFO     物理断电静置 25.0s
[2026-04-17 05:08:20] WARNING  【结论】 [FAIL] 超时未检测到成功关键字
[2026-04-17 05:08:20] INFO     统计 -> 成功: 131 | 失败: 479 | 异常: 1 | 成功率: 21.4%
[2026-04-17 05:08:20] INFO     
-------------------- 第 611 轮 | 最大监听: 28.0s --------------------
[2026-04-17 05:08:20] INFO     继电器 ON (开始充电)
[2026-04-17 05:08:20] INFO     继电器执行 -> ON
[2026-04-17 05:08:48] INFO     继电器 OFF (切断充电)
[2026-04-17 05:08:48] INFO     继电器执行 -> OFF
[2026-04-17 05:08:48] INFO     物理断电静置 25.0s
[2026-04-17 05:09:13] WARNING  【结论】 [FAIL] 超时未检测到成功关键字
[2026-04-17 05:09:13] INFO     统计 -> 成功: 131 | 失败: 480 | 异常: 1 | 成功率: 21.4%
[2026-04-17 05:09:13] INFO     
-------------------- 第 612 轮 | 最大监听: 27.1s --------------------
[2026-04-17 05:09:13] INFO     继电器 ON (开始充电)
[2026-04-17 05:09:13] INFO     继电器执行 -> ON
[2026-04-17 05:09:40] INFO     继电器 OFF (切断充电)
[2026-04-17 05:09:40] INFO     继电器执行 -> OFF
[2026-04-17 05:09:40] INFO     物理断电静置 25.0s
[2026-04-17 05:10:05] WARNING  【结论】 [FAIL] 超时未检测到成功关键字
[2026-04-17 05:10:05] INFO     统计 -> 成功: 131 | 失败: 481 | 异常: 1 | 成功率: 21.4%
[2026-04-17 05:10:05] INFO     
-------------------- 第 613 轮 | 最大监听: 27.2s --------------------
[2026-04-17 05:10:05] INFO     继电器 ON (开始充电)
[2026-04-17 05:10:05] INFO     继电器执行 -> ON
[2026-04-17 05:10:06] INFO     捕获目标指令: voice_msgnum:9
[2026-04-17 05:10:06] INFO     状态维稳，保持闭合 25.0s
[2026-04-17 05:10:31] INFO     继电器 OFF (切断充电)
[2026-04-17 05:10:31] INFO     继电器执行 -> OFF
[2026-04-17 05:10:31] INFO     物理断电静置 25.0s
[2026-04-17 05:10:56] INFO     【结论】 [PASS] 成功关键字: voice_msgnum:9
[2026-04-17 05:10:56] INFO     统计 -> 成功: 132 | 失败: 481 | 异常: 1 | 成功率: 21.5%
[2026-04-17 05:10:56] INFO     
-------------------- 第 614 轮 | 最大监听: 29.6s --------------------
[2026-04-17 05:10:56] INFO     继电器 ON (开始充电)
[2026-04-17 05:10:57] INFO     继电器执行 -> ON
[2026-04-17 05:11:26] INFO     继电器 OFF (切断充电)
[2026-04-17 05:11:26] INFO     继电器执行 -> OFF
[2026-04-17 05:11:26] INFO     物理断电静置 25.0s
[2026-04-17 05:11:51] WARNING  【结论】 [FAIL] 超时未检测到成功关键字
[2026-04-17 05:11:51] INFO     统计 -> 成功: 132 | 失败: 482 | 异常: 1 | 成功率: 21.5%
[2026-04-17 05:11:51] INFO     
-------------------- 第 615 轮 | 最大监听: 29.0s --------------------
[2026-04-17 05:11:51] INFO     继电器 ON (开始充电)
[2026-04-17 05:11:51] INFO     继电器执行 -> ON
[2026-04-17 05:12:20] INFO     继电器 OFF (切断充电)
[2026-04-17 05:12:20] INFO     继电器执行 -> OFF
[2026-04-17 05:12:20] INFO     物理断电静置 25.0s
[2026-04-17 05:12:45] WARNING  【结论】 [FAIL] 超时未检测到成功关键字
[2026-04-17 05:12:45] INFO     统计 -> 成功: 132 | 失败: 483 | 异常: 1 | 成功率: 21.4%
[2026-04-17 05:12:45] INFO     
-------------------- 第 616 轮 | 最大监听: 26.9s --------------------
[2026-04-17 05:12:45] INFO     继电器 ON (开始充电)
[2026-04-17 05:12:45] INFO     继电器执行 -> ON
[2026-04-17 05:13:12] INFO     继电器 OFF (切断充电)
[2026-04-17 05:13:12] INFO     继电器执行 -> OFF
[2026-04-17 05:13:12] INFO     物理断电静置 25.0s
[2026-04-17 05:13:37] WARNING  【结论】 [FAIL] 超时未检测到成功关键字
[2026-04-17 05:13:37] INFO     统计 -> 成功: 132 | 失败: 484 | 异常: 1 | 成功率: 21.4%
[2026-04-17 05:13:37] INFO     
-------------------- 第 617 轮 | 最大监听: 29.0s --------------------
[2026-04-17 05:13:37] INFO     继电器 ON (开始充电)
[2026-04-17 05:13:37] INFO     继电器执行 -> ON
[2026-04-17 05:14:06] INFO     继电器 OFF (切断充电)
[2026-04-17 05:14:06] INFO     继电器执行 -> OFF
[2026-04-17 05:14:06] INFO     物理断电静置 25.0s
[2026-04-17 05:14:31] WARNING  【结论】 [FAIL] 超时未检测到成功关键字
[2026-04-17 05:14:31] INFO     统计 -> 成功: 132 | 失败: 485 | 异常: 1 | 成功率: 21.4%
[2026-04-17 05:14:31] INFO     
-------------------- 第 618 轮 | 最大监听: 28.8s --------------------
[2026-04-17 05:14:31] INFO     继电器 ON (开始充电)
[2026-04-17 05:14:31] INFO     继电器执行 -> ON
[2026-04-17 05:15:00] INFO     继电器 OFF (切断充电)
[2026-04-17 05:15:00] INFO     继电器执行 -> OFF
[2026-04-17 05:15:00] INFO     物理断电静置 25.0s
[2026-04-17 05:15:25] WARNING  【结论】 [FAIL] 超时未检测到成功关键字
[2026-04-17 05:15:25] INFO     统计 -> 成功: 132 | 失败: 486 | 异常: 1 | 成功率: 21.3%
[2026-04-17 05:15:25] INFO     
-------------------- 第 619 轮 | 最大监听: 29.5s --------------------
[2026-04-17 05:15:25] INFO     继电器 ON (开始充电)
[2026-04-17 05:15:25] INFO     继电器执行 -> ON
[2026-04-17 05:15:55] INFO     继电器 OFF (切断充电)
[2026-04-17 05:15:55] INFO     继电器执行 -> OFF
[2026-04-17 05:15:55] INFO     物理断电静置 25.0s
[2026-04-17 05:16:20] WARNING  【结论】 [FAIL] 超时未检测到成功关键字
[2026-04-17 05:16:20] INFO     统计 -> 成功: 132 | 失败: 487 | 异常: 1 | 成功率: 21.3%
[2026-04-17 05:16:20] INFO     
-------------------- 第 620 轮 | 最大监听: 28.0s --------------------
[2026-04-17 05:16:20] INFO     继电器 ON (开始充电)
[2026-04-17 05:16:20] INFO     继电器执行 -> ON
[2026-04-17 05:16:48] INFO     继电器 OFF (切断充电)
[2026-04-17 05:16:48] INFO     继电器执行 -> OFF
[2026-04-17 05:16:48] INFO     物理断电静置 25.0s
[2026-04-17 05:17:13] WARNING  【结论】 [FAIL] 超时未检测到成功关键字
[2026-04-17 05:17:13] INFO     统计 -> 成功: 132 | 失败: 488 | 异常: 1 | 成功率: 21.3%
[2026-04-17 05:17:13] INFO     
-------------------- 第 621 轮 | 最大监听: 26.8s --------------------
[2026-04-17 05:17:13] INFO     继电器 ON (开始充电)
[2026-04-17 05:17:13] INFO     继电器执行 -> ON
[2026-04-17 05:17:40] INFO     继电器 OFF (切断充电)
[2026-04-17 05:17:40] INFO     继电器执行 -> OFF
[2026-04-17 05:17:40] INFO     物理断电静置 25.0s
[2026-04-17 05:18:05] WARNING  【结论】 [FAIL] 超时未检测到成功关键字
[2026-04-17 05:18:05] INFO     统计 -> 成功: 132 | 失败: 489 | 异常: 1 | 成功率: 21.2%
[2026-04-17 05:18:05] INFO     
-------------------- 第 622 轮 | 最大监听: 26.4s --------------------
[2026-04-17 05:18:05] INFO     继电器 ON (开始充电)
[2026-04-17 05:18:05] INFO     继电器执行 -> ON
[2026-04-17 05:18:31] INFO     继电器 OFF (切断充电)
[2026-04-17 05:18:31] INFO     继电器执行 -> OFF
[2026-04-17 05:18:31] INFO     物理断电静置 25.0s
[2026-04-17 05:18:56] WARNING  【结论】 [FAIL] 超时未检测到成功关键字
[2026-04-17 05:18:56] INFO     统计 -> 成功: 132 | 失败: 490 | 异常: 1 | 成功率: 21.2%
[2026-04-17 05:18:56] INFO     
-------------------- 第 623 轮 | 最大监听: 28.4s --------------------
[2026-04-17 05:18:56] INFO     继电器 ON (开始充电)
[2026-04-17 05:18:57] INFO     继电器执行 -> ON
[2026-04-17 05:19:25] INFO     继电器 OFF (切断充电)
[2026-04-17 05:19:25] INFO     继电器执行 -> OFF
[2026-04-17 05:19:25] INFO     物理断电静置 25.0s
[2026-04-17 05:19:50] WARNING  【结论】 [FAIL] 超时未检测到成功关键字
[2026-04-17 05:19:50] INFO     统计 -> 成功: 132 | 失败: 491 | 异常: 1 | 成功率: 21.2%
[2026-04-17 05:19:50] INFO     
-------------------- 第 624 轮 | 最大监听: 28.0s --------------------
[2026-04-17 05:19:50] INFO     继电器 ON (开始充电)
[2026-04-17 05:19:50] INFO     继电器执行 -> ON
[2026-04-17 05:20:18] INFO     继电器 OFF (切断充电)
[2026-04-17 05:20:18] INFO     继电器执行 -> OFF
[2026-04-17 05:20:18] INFO     物理断电静置 25.0s
[2026-04-17 05:20:43] WARNING  【结论】 [FAIL] 超时未检测到成功关键字
[2026-04-17 05:20:43] INFO     统计 -> 成功: 132 | 失败: 492 | 异常: 1 | 成功率: 21.1%
[2026-04-17 05:20:43] INFO     
-------------------- 第 625 轮 | 最大监听: 28.6s --------------------
[2026-04-17 05:20:43] INFO     继电器 ON (开始充电)
[2026-04-17 05:20:43] INFO     继电器执行 -> ON
[2026-04-17 05:21:12] INFO     继电器 OFF (切断充电)
[2026-04-17 05:21:12] INFO     继电器执行 -> OFF
[2026-04-17 05:21:12] INFO     物理断电静置 25.0s
[2026-04-17 05:21:37] WARNING  【结论】 [FAIL] 超时未检测到成功关键字
[2026-04-17 05:21:37] INFO     统计 -> 成功: 132 | 失败: 493 | 异常: 1 | 成功率: 21.1%
[2026-04-17 05:21:37] INFO     
-------------------- 第 626 轮 | 最大监听: 27.1s --------------------
[2026-04-17 05:21:37] INFO     继电器 ON (开始充电)
[2026-04-17 05:21:37] INFO     继电器执行 -> ON
[2026-04-17 05:22:04] INFO     继电器 OFF (切断充电)
[2026-04-17 05:22:04] INFO     继电器执行 -> OFF
[2026-04-17 05:22:04] INFO     物理断电静置 25.0s
[2026-04-17 05:22:29] WARNING  【结论】 [FAIL] 超时未检测到成功关键字
[2026-04-17 05:22:29] INFO     统计 -> 成功: 132 | 失败: 494 | 异常: 1 | 成功率: 21.1%
[2026-04-17 05:22:29] INFO     
-------------------- 第 627 轮 | 最大监听: 26.4s --------------------
[2026-04-17 05:22:29] INFO     继电器 ON (开始充电)
[2026-04-17 05:22:29] INFO     继电器执行 -> ON
[2026-04-17 05:22:55] INFO     继电器 OFF (切断充电)
[2026-04-17 05:22:56] INFO     继电器执行 -> OFF
[2026-04-17 05:22:56] INFO     物理断电静置 25.0s
[2026-04-17 05:23:21] WARNING  【结论】 [FAIL] 超时未检测到成功关键字
[2026-04-17 05:23:21] INFO     统计 -> 成功: 132 | 失败: 495 | 异常: 1 | 成功率: 21.0%
[2026-04-17 05:23:21] INFO     
-------------------- 第 628 轮 | 最大监听: 29.9s --------------------
[2026-04-17 05:23:21] INFO     继电器 ON (开始充电)
[2026-04-17 05:23:21] INFO     继电器执行 -> ON
[2026-04-17 05:23:50] INFO     继电器 OFF (切断充电)
[2026-04-17 05:23:51] INFO     继电器执行 -> OFF
[2026-04-17 05:23:51] INFO     物理断电静置 25.0s
[2026-04-17 05:24:16] WARNING  【结论】 [FAIL] 超时未检测到成功关键字
[2026-04-17 05:24:16] INFO     统计 -> 成功: 132 | 失败: 496 | 异常: 1 | 成功率: 21.0%
[2026-04-17 05:24:16] INFO     
-------------------- 第 629 轮 | 最大监听: 26.9s --------------------
[2026-04-17 05:24:16] INFO     继电器 ON (开始充电)
[2026-04-17 05:24:16] INFO     继电器执行 -> ON
[2026-04-17 05:24:42] INFO     继电器 OFF (切断充电)
[2026-04-17 05:24:43] INFO     继电器执行 -> OFF
[2026-04-17 05:24:43] INFO     物理断电静置 25.0s
[2026-04-17 05:25:08] WARNING  【结论】 [FAIL] 超时未检测到成功关键字
[2026-04-17 05:25:08] INFO     统计 -> 成功: 132 | 失败: 497 | 异常: 1 | 成功率: 21.0%
[2026-04-17 05:25:08] INFO     
-------------------- 第 630 轮 | 最大监听: 25.4s --------------------
[2026-04-17 05:25:08] INFO     继电器 ON (开始充电)
[2026-04-17 05:25:08] INFO     继电器执行 -> ON
[2026-04-17 05:25:33] INFO     继电器 OFF (切断充电)
[2026-04-17 05:25:33] INFO     继电器执行 -> OFF
[2026-04-17 05:25:33] INFO     物理断电静置 25.0s
[2026-04-17 05:25:58] WARNING  【结论】 [FAIL] 超时未检测到成功关键字
[2026-04-17 05:25:58] INFO     统计 -> 成功: 132 | 失败: 498 | 异常: 1 | 成功率: 20.9%
[2026-04-17 05:25:58] INFO     
-------------------- 第 631 轮 | 最大监听: 26.2s --------------------
[2026-04-17 05:25:58] INFO     继电器 ON (开始充电)
[2026-04-17 05:25:58] INFO     继电器执行 -> ON
[2026-04-17 05:26:24] INFO     继电器 OFF (切断充电)
[2026-04-17 05:26:24] INFO     继电器执行 -> OFF
[2026-04-17 05:26:24] INFO     物理断电静置 25.0s
[2026-04-17 05:26:49] WARNING  【结论】 [FAIL] 超时未检测到成功关键字
[2026-04-17 05:26:49] INFO     统计 -> 成功: 132 | 失败: 499 | 异常: 1 | 成功率: 20.9%
[2026-04-17 05:26:49] INFO     
-------------------- 第 632 轮 | 最大监听: 28.4s --------------------
[2026-04-17 05:26:49] INFO     继电器 ON (开始充电)
[2026-04-17 05:26:49] INFO     继电器执行 -> ON
[2026-04-17 05:27:18] INFO     继电器 OFF (切断充电)
[2026-04-17 05:27:18] INFO     继电器执行 -> OFF
[2026-04-17 05:27:18] INFO     物理断电静置 25.0s
[2026-04-17 05:27:43] WARNING  【结论】 [FAIL] 超时未检测到成功关键字
[2026-04-17 05:27:43] INFO     统计 -> 成功: 132 | 失败: 500 | 异常: 1 | 成功率: 20.9%
[2026-04-17 05:27:43] INFO     
-------------------- 第 633 轮 | 最大监听: 30.0s --------------------
[2026-04-17 05:27:43] INFO     继电器 ON (开始充电)
[2026-04-17 05:27:43] INFO     继电器执行 -> ON
[2026-04-17 05:28:13] INFO     继电器 OFF (切断充电)
[2026-04-17 05:28:13] INFO     继电器执行 -> OFF
[2026-04-17 05:28:13] INFO     物理断电静置 25.0s
[2026-04-17 05:28:38] WARNING  【结论】 [FAIL] 超时未检测到成功关键字
[2026-04-17 05:28:38] INFO     统计 -> 成功: 132 | 失败: 501 | 异常: 1 | 成功率: 20.8%
[2026-04-17 05:28:38] INFO     
-------------------- 第 634 轮 | 最大监听: 25.5s --------------------
[2026-04-17 05:28:38] INFO     继电器 ON (开始充电)
[2026-04-17 05:28:38] INFO     继电器执行 -> ON
[2026-04-17 05:29:04] INFO     继电器 OFF (切断充电)
[2026-04-17 05:29:04] INFO     继电器执行 -> OFF
[2026-04-17 05:29:04] INFO     物理断电静置 25.0s
[2026-04-17 05:29:29] WARNING  【结论】 [FAIL] 超时未检测到成功关键字
[2026-04-17 05:29:29] INFO     统计 -> 成功: 132 | 失败: 502 | 异常: 1 | 成功率: 20.8%
[2026-04-17 05:29:29] INFO     
-------------------- 第 635 轮 | 最大监听: 26.4s --------------------
[2026-04-17 05:29:29] INFO     继电器 ON (开始充电)
[2026-04-17 05:29:29] INFO     继电器执行 -> ON
[2026-04-17 05:29:55] INFO     继电器 OFF (切断充电)
[2026-04-17 05:29:55] INFO     继电器执行 -> OFF
[2026-04-17 05:29:55] INFO     物理断电静置 25.0s
[2026-04-17 05:30:20] WARNING  【结论】 [FAIL] 超时未检测到成功关键字
[2026-04-17 05:30:20] INFO     统计 -> 成功: 132 | 失败: 503 | 异常: 1 | 成功率: 20.8%
[2026-04-17 05:30:20] INFO     
-------------------- 第 636 轮 | 最大监听: 25.0s --------------------
[2026-04-17 05:30:20] INFO     继电器 ON (开始充电)
[2026-04-17 05:30:20] INFO     继电器执行 -> ON
[2026-04-17 05:30:45] INFO     继电器 OFF (切断充电)
[2026-04-17 05:30:45] INFO     继电器执行 -> OFF
[2026-04-17 05:30:45] INFO     物理断电静置 25.0s
[2026-04-17 05:31:10] WARNING  【结论】 [FAIL] 超时未检测到成功关键字
[2026-04-17 05:31:10] INFO     统计 -> 成功: 132 | 失败: 504 | 异常: 1 | 成功率: 20.7%
[2026-04-17 05:31:10] INFO     
-------------------- 第 637 轮 | 最大监听: 26.1s --------------------
[2026-04-17 05:31:10] INFO     继电器 ON (开始充电)
[2026-04-17 05:31:10] INFO     继电器执行 -> ON
[2026-04-17 05:31:36] INFO     继电器 OFF (切断充电)
[2026-04-17 05:31:36] INFO     继电器执行 -> OFF
[2026-04-17 05:31:36] INFO     物理断电静置 25.0s
[2026-04-17 05:32:01] WARNING  【结论】 [FAIL] 超时未检测到成功关键字
[2026-04-17 05:32:01] INFO     统计 -> 成功: 132 | 失败: 505 | 异常: 1 | 成功率: 20.7%
[2026-04-17 05:32:01] INFO     
-------------------- 第 638 轮 | 最大监听: 28.7s --------------------
[2026-04-17 05:32:01] INFO     继电器 ON (开始充电)
[2026-04-17 05:32:01] INFO     继电器执行 -> ON
[2026-04-17 05:32:30] INFO     继电器 OFF (切断充电)
[2026-04-17 05:32:30] INFO     继电器执行 -> OFF
[2026-04-17 05:32:30] INFO     物理断电静置 25.0s
[2026-04-17 05:32:55] WARNING  【结论】 [FAIL] 超时未检测到成功关键字
[2026-04-17 05:32:55] INFO     统计 -> 成功: 132 | 失败: 506 | 异常: 1 | 成功率: 20.7%
[2026-04-17 05:32:55] INFO     
-------------------- 第 639 轮 | 最大监听: 28.0s --------------------
[2026-04-17 05:32:55] INFO     继电器 ON (开始充电)
[2026-04-17 05:32:55] INFO     继电器执行 -> ON
[2026-04-17 05:33:23] INFO     继电器 OFF (切断充电)
[2026-04-17 05:33:23] INFO     继电器执行 -> OFF
[2026-04-17 05:33:23] INFO     物理断电静置 25.0s
[2026-04-17 05:33:48] WARNING  【结论】 [FAIL] 超时未检测到成功关键字
[2026-04-17 05:33:48] INFO     统计 -> 成功: 132 | 失败: 507 | 异常: 1 | 成功率: 20.6%
[2026-04-17 05:33:48] INFO     
-------------------- 第 640 轮 | 最大监听: 25.5s --------------------
[2026-04-17 05:33:48] INFO     继电器 ON (开始充电)
[2026-04-17 05:33:48] INFO     继电器执行 -> ON
[2026-04-17 05:33:50] INFO     捕获目标指令: voice_msgnum:9
[2026-04-17 05:33:50] INFO     状态维稳，保持闭合 25.0s
[2026-04-17 05:34:15] INFO     继电器 OFF (切断充电)
[2026-04-17 05:34:15] INFO     继电器执行 -> OFF
[2026-04-17 05:34:15] INFO     物理断电静置 25.0s
[2026-04-17 05:34:40] INFO     【结论】 [PASS] 成功关键字: voice_msgnum:9
[2026-04-17 05:34:40] INFO     统计 -> 成功: 133 | 失败: 507 | 异常: 1 | 成功率: 20.7%
[2026-04-17 05:34:40] INFO     
-------------------- 第 641 轮 | 最大监听: 28.4s --------------------
[2026-04-17 05:34:40] INFO     继电器 ON (开始充电)
[2026-04-17 05:34:40] INFO     继电器执行 -> ON
[2026-04-17 05:35:08] INFO     继电器 OFF (切断充电)
[2026-04-17 05:35:08] INFO     继电器执行 -> OFF
[2026-04-17 05:35:08] INFO     物理断电静置 25.0s
[2026-04-17 05:35:33] WARNING  【结论】 [FAIL] 超时未检测到成功关键字
[2026-04-17 05:35:33] INFO     统计 -> 成功: 133 | 失败: 508 | 异常: 1 | 成功率: 20.7%
[2026-04-17 05:35:33] INFO     
-------------------- 第 642 轮 | 最大监听: 25.4s --------------------
[2026-04-17 05:35:33] INFO     继电器 ON (开始充电)
[2026-04-17 05:35:33] INFO     继电器执行 -> ON
[2026-04-17 05:35:59] INFO     继电器 OFF (切断充电)
[2026-04-17 05:35:59] INFO     继电器执行 -> OFF
[2026-04-17 05:35:59] INFO     物理断电静置 25.0s
[2026-04-17 05:36:24] WARNING  【结论】 [FAIL] 超时未检测到成功关键字
[2026-04-17 05:36:24] INFO     统计 -> 成功: 133 | 失败: 509 | 异常: 1 | 成功率: 20.7%
[2026-04-17 05:36:24] INFO     
-------------------- 第 643 轮 | 最大监听: 25.8s --------------------
[2026-04-17 05:36:24] INFO     继电器 ON (开始充电)
[2026-04-17 05:36:24] INFO     继电器执行 -> ON
[2026-04-17 05:36:50] INFO     继电器 OFF (切断充电)
[2026-04-17 05:36:50] INFO     继电器执行 -> OFF
[2026-04-17 05:36:50] INFO     物理断电静置 25.0s
[2026-04-17 05:37:15] WARNING  【结论】 [FAIL] 超时未检测到成功关键字
[2026-04-17 05:37:15] INFO     统计 -> 成功: 133 | 失败: 510 | 异常: 1 | 成功率: 20.7%
[2026-04-17 05:37:15] INFO     
-------------------- 第 644 轮 | 最大监听: 27.3s --------------------
[2026-04-17 05:37:15] INFO     继电器 ON (开始充电)
[2026-04-17 05:37:15] INFO     继电器执行 -> ON
[2026-04-17 05:37:42] INFO     继电器 OFF (切断充电)
[2026-04-17 05:37:42] INFO     继电器执行 -> OFF
[2026-04-17 05:37:42] INFO     物理断电静置 25.0s
[2026-04-17 05:38:07] WARNING  【结论】 [FAIL] 超时未检测到成功关键字
[2026-04-17 05:38:07] INFO     统计 -> 成功: 133 | 失败: 511 | 异常: 1 | 成功率: 20.6%
[2026-04-17 05:38:07] INFO     
-------------------- 第 645 轮 | 最大监听: 29.8s --------------------
[2026-04-17 05:38:07] INFO     继电器 ON (开始充电)
[2026-04-17 05:38:07] INFO     继电器执行 -> ON
[2026-04-17 05:38:37] INFO     继电器 OFF (切断充电)
[2026-04-17 05:38:37] INFO     继电器执行 -> OFF
[2026-04-17 05:38:37] INFO     物理断电静置 25.0s
[2026-04-17 05:39:02] WARNING  【结论】 [FAIL] 超时未检测到成功关键字
[2026-04-17 05:39:02] INFO     统计 -> 成功: 133 | 失败: 512 | 异常: 1 | 成功率: 20.6%
[2026-04-17 05:39:02] INFO     
-------------------- 第 646 轮 | 最大监听: 27.4s --------------------
[2026-04-17 05:39:02] INFO     继电器 ON (开始充电)
[2026-04-17 05:39:02] INFO     继电器执行 -> ON
[2026-04-17 05:39:30] INFO     继电器 OFF (切断充电)
[2026-04-17 05:39:30] INFO     继电器执行 -> OFF
[2026-04-17 05:39:30] INFO     物理断电静置 25.0s
[2026-04-17 05:39:55] WARNING  【结论】 [FAIL] 超时未检测到成功关键字
[2026-04-17 05:39:55] INFO     统计 -> 成功: 133 | 失败: 513 | 异常: 1 | 成功率: 20.6%
[2026-04-17 05:39:55] INFO     
-------------------- 第 647 轮 | 最大监听: 28.8s --------------------
[2026-04-17 05:39:55] INFO     继电器 ON (开始充电)
[2026-04-17 05:39:55] INFO     继电器执行 -> ON
[2026-04-17 05:40:23] INFO     继电器 OFF (切断充电)
[2026-04-17 05:40:23] INFO     继电器执行 -> OFF
[2026-04-17 05:40:23] INFO     物理断电静置 25.0s
[2026-04-17 05:40:49] WARNING  【结论】 [FAIL] 超时未检测到成功关键字
[2026-04-17 05:40:49] INFO     统计 -> 成功: 133 | 失败: 514 | 异常: 1 | 成功率: 20.5%
[2026-04-17 05:40:49] INFO     
-------------------- 第 648 轮 | 最大监听: 28.9s --------------------
[2026-04-17 05:40:49] INFO     继电器 ON (开始充电)
[2026-04-17 05:40:49] INFO     继电器执行 -> ON
[2026-04-17 05:41:17] INFO     继电器 OFF (切断充电)
[2026-04-17 05:41:18] INFO     继电器执行 -> OFF
[2026-04-17 05:41:18] INFO     物理断电静置 25.0s
[2026-04-17 05:41:43] WARNING  【结论】 [FAIL] 超时未检测到成功关键字
[2026-04-17 05:41:43] INFO     统计 -> 成功: 133 | 失败: 515 | 异常: 1 | 成功率: 20.5%
[2026-04-17 05:41:43] INFO     
-------------------- 第 649 轮 | 最大监听: 28.7s --------------------
[2026-04-17 05:41:43] INFO     继电器 ON (开始充电)
[2026-04-17 05:41:43] INFO     继电器执行 -> ON
[2026-04-17 05:42:11] INFO     继电器 OFF (切断充电)
[2026-04-17 05:42:11] INFO     继电器执行 -> OFF
[2026-04-17 05:42:11] INFO     物理断电静置 25.0s
[2026-04-17 05:42:36] WARNING  【结论】 [FAIL] 超时未检测到成功关键字
[2026-04-17 05:42:36] INFO     统计 -> 成功: 133 | 失败: 516 | 异常: 1 | 成功率: 20.5%
[2026-04-17 05:42:36] INFO     
-------------------- 第 650 轮 | 最大监听: 28.1s --------------------
[2026-04-17 05:42:36] INFO     继电器 ON (开始充电)
[2026-04-17 05:42:36] INFO     继电器执行 -> ON
[2026-04-17 05:43:04] INFO     继电器 OFF (切断充电)
[2026-04-17 05:43:05] INFO     继电器执行 -> OFF
[2026-04-17 05:43:05] INFO     物理断电静置 25.0s
[2026-04-17 05:43:30] WARNING  【结论】 [FAIL] 超时未检测到成功关键字
[2026-04-17 05:43:30] INFO     统计 -> 成功: 133 | 失败: 517 | 异常: 1 | 成功率: 20.4%
[2026-04-17 05:43:30] INFO     
-------------------- 第 651 轮 | 最大监听: 26.1s --------------------
[2026-04-17 05:43:30] INFO     继电器 ON (开始充电)
[2026-04-17 05:43:30] INFO     继电器执行 -> ON
[2026-04-17 05:43:56] INFO     继电器 OFF (切断充电)
[2026-04-17 05:43:56] INFO     继电器执行 -> OFF
[2026-04-17 05:43:56] INFO     物理断电静置 25.0s
[2026-04-17 05:44:21] WARNING  【结论】 [FAIL] 超时未检测到成功关键字
[2026-04-17 05:44:21] INFO     统计 -> 成功: 133 | 失败: 518 | 异常: 1 | 成功率: 20.4%
[2026-04-17 05:44:21] INFO     
-------------------- 第 652 轮 | 最大监听: 26.7s --------------------
[2026-04-17 05:44:21] INFO     继电器 ON (开始充电)
[2026-04-17 05:44:21] INFO     继电器执行 -> ON
[2026-04-17 05:44:47] INFO     继电器 OFF (切断充电)
[2026-04-17 05:44:48] INFO     继电器执行 -> OFF
[2026-04-17 05:44:48] INFO     物理断电静置 25.0s
[2026-04-17 05:45:13] WARNING  【结论】 [FAIL] 超时未检测到成功关键字
[2026-04-17 05:45:13] INFO     统计 -> 成功: 133 | 失败: 519 | 异常: 1 | 成功率: 20.4%
[2026-04-17 05:45:13] INFO     
-------------------- 第 653 轮 | 最大监听: 29.1s --------------------
[2026-04-17 05:45:13] INFO     继电器 ON (开始充电)
[2026-04-17 05:45:13] INFO     继电器执行 -> ON
[2026-04-17 05:45:42] INFO     继电器 OFF (切断充电)
[2026-04-17 05:45:42] INFO     继电器执行 -> OFF
[2026-04-17 05:45:42] INFO     物理断电静置 25.0s
[2026-04-17 05:46:07] WARNING  【结论】 [FAIL] 超时未检测到成功关键字
[2026-04-17 05:46:07] INFO     统计 -> 成功: 133 | 失败: 520 | 异常: 1 | 成功率: 20.3%
[2026-04-17 05:46:07] INFO     
-------------------- 第 654 轮 | 最大监听: 26.4s --------------------
[2026-04-17 05:46:07] INFO     继电器 ON (开始充电)
[2026-04-17 05:46:07] INFO     继电器执行 -> ON
[2026-04-17 05:46:33] INFO     继电器 OFF (切断充电)
[2026-04-17 05:46:33] INFO     继电器执行 -> OFF
[2026-04-17 05:46:33] INFO     物理断电静置 25.0s
[2026-04-17 05:46:58] WARNING  【结论】 [FAIL] 超时未检测到成功关键字
[2026-04-17 05:46:58] INFO     统计 -> 成功: 133 | 失败: 521 | 异常: 1 | 成功率: 20.3%
[2026-04-17 05:46:58] INFO     
-------------------- 第 655 轮 | 最大监听: 26.1s --------------------
[2026-04-17 05:46:58] INFO     继电器 ON (开始充电)
[2026-04-17 05:46:58] INFO     继电器执行 -> ON
[2026-04-17 05:47:24] INFO     继电器 OFF (切断充电)
[2026-04-17 05:47:24] INFO     继电器执行 -> OFF
[2026-04-17 05:47:24] INFO     物理断电静置 25.0s
[2026-04-17 05:47:49] WARNING  【结论】 [FAIL] 超时未检测到成功关键字
[2026-04-17 05:47:49] INFO     统计 -> 成功: 133 | 失败: 522 | 异常: 1 | 成功率: 20.3%
[2026-04-17 05:47:49] INFO     
-------------------- 第 656 轮 | 最大监听: 28.5s --------------------
[2026-04-17 05:47:49] INFO     继电器 ON (开始充电)
[2026-04-17 05:47:50] INFO     继电器执行 -> ON
[2026-04-17 05:48:18] INFO     继电器 OFF (切断充电)
[2026-04-17 05:48:18] INFO     继电器执行 -> OFF
[2026-04-17 05:48:18] INFO     物理断电静置 25.0s
[2026-04-17 05:48:43] WARNING  【结论】 [FAIL] 超时未检测到成功关键字
[2026-04-17 05:48:43] INFO     统计 -> 成功: 133 | 失败: 523 | 异常: 1 | 成功率: 20.2%
[2026-04-17 05:48:43] INFO     
-------------------- 第 657 轮 | 最大监听: 25.8s --------------------
[2026-04-17 05:48:43] INFO     继电器 ON (开始充电)
[2026-04-17 05:48:43] INFO     继电器执行 -> ON
[2026-04-17 05:49:09] INFO     继电器 OFF (切断充电)
[2026-04-17 05:49:09] INFO     继电器执行 -> OFF
[2026-04-17 05:49:09] INFO     物理断电静置 25.0s
[2026-04-17 05:49:34] WARNING  【结论】 [FAIL] 超时未检测到成功关键字
[2026-04-17 05:49:34] INFO     统计 -> 成功: 133 | 失败: 524 | 异常: 1 | 成功率: 20.2%
[2026-04-17 05:49:34] INFO     
-------------------- 第 658 轮 | 最大监听: 27.4s --------------------
[2026-04-17 05:49:34] INFO     继电器 ON (开始充电)
[2026-04-17 05:49:34] INFO     继电器执行 -> ON
[2026-04-17 05:50:01] INFO     继电器 OFF (切断充电)
[2026-04-17 05:50:01] INFO     继电器执行 -> OFF
[2026-04-17 05:50:01] INFO     物理断电静置 25.0s
[2026-04-17 05:50:26] WARNING  【结论】 [FAIL] 超时未检测到成功关键字
[2026-04-17 05:50:26] INFO     统计 -> 成功: 133 | 失败: 525 | 异常: 1 | 成功率: 20.2%
[2026-04-17 05:50:26] INFO     
-------------------- 第 659 轮 | 最大监听: 25.4s --------------------
[2026-04-17 05:50:26] INFO     继电器 ON (开始充电)
[2026-04-17 05:50:27] INFO     继电器执行 -> ON
[2026-04-17 05:50:52] INFO     继电器 OFF (切断充电)
[2026-04-17 05:50:52] INFO     继电器执行 -> OFF
[2026-04-17 05:50:52] INFO     物理断电静置 25.0s
[2026-04-17 05:51:17] WARNING  【结论】 [FAIL] 超时未检测到成功关键字
[2026-04-17 05:51:17] INFO     统计 -> 成功: 133 | 失败: 526 | 异常: 1 | 成功率: 20.2%
[2026-04-17 05:51:17] INFO     
-------------------- 第 660 轮 | 最大监听: 26.0s --------------------
[2026-04-17 05:51:17] INFO     继电器 ON (开始充电)
[2026-04-17 05:51:17] INFO     继电器执行 -> ON
[2026-04-17 05:51:43] INFO     继电器 OFF (切断充电)
[2026-04-17 05:51:43] INFO     继电器执行 -> OFF
[2026-04-17 05:51:43] INFO     物理断电静置 25.0s
[2026-04-17 05:52:08] WARNING  【结论】 [FAIL] 超时未检测到成功关键字
[2026-04-17 05:52:08] INFO     统计 -> 成功: 133 | 失败: 527 | 异常: 1 | 成功率: 20.1%
[2026-04-17 05:52:08] INFO     
-------------------- 第 661 轮 | 最大监听: 27.5s --------------------
[2026-04-17 05:52:08] INFO     继电器 ON (开始充电)
[2026-04-17 05:52:08] INFO     继电器执行 -> ON
[2026-04-17 05:52:36] INFO     继电器 OFF (切断充电)
[2026-04-17 05:52:36] INFO     继电器执行 -> OFF
[2026-04-17 05:52:36] INFO     物理断电静置 25.0s
[2026-04-17 05:53:01] WARNING  【结论】 [FAIL] 超时未检测到成功关键字
[2026-04-17 05:53:01] INFO     统计 -> 成功: 133 | 失败: 528 | 异常: 1 | 成功率: 20.1%
[2026-04-17 05:53:01] INFO     
-------------------- 第 662 轮 | 最大监听: 26.0s --------------------
[2026-04-17 05:53:01] INFO     继电器 ON (开始充电)
[2026-04-17 05:53:01] INFO     继电器执行 -> ON
[2026-04-17 05:53:27] INFO     继电器 OFF (切断充电)
[2026-04-17 05:53:27] INFO     继电器执行 -> OFF
[2026-04-17 05:53:27] INFO     物理断电静置 25.0s
[2026-04-17 05:53:52] WARNING  【结论】 [FAIL] 超时未检测到成功关键字
[2026-04-17 05:53:52] INFO     统计 -> 成功: 133 | 失败: 529 | 异常: 1 | 成功率: 20.1%
[2026-04-17 05:53:52] INFO     
-------------------- 第 663 轮 | 最大监听: 25.5s --------------------
[2026-04-17 05:53:52] INFO     继电器 ON (开始充电)
[2026-04-17 05:53:52] INFO     继电器执行 -> ON
[2026-04-17 05:54:17] INFO     继电器 OFF (切断充电)
[2026-04-17 05:54:17] INFO     继电器执行 -> OFF
[2026-04-17 05:54:17] INFO     物理断电静置 25.0s
[2026-04-17 05:54:42] WARNING  【结论】 [FAIL] 超时未检测到成功关键字
[2026-04-17 05:54:42] INFO     统计 -> 成功: 133 | 失败: 530 | 异常: 1 | 成功率: 20.0%
[2026-04-17 05:54:42] INFO     
-------------------- 第 664 轮 | 最大监听: 26.6s --------------------
[2026-04-17 05:54:42] INFO     继电器 ON (开始充电)
[2026-04-17 05:54:42] INFO     继电器执行 -> ON
[2026-04-17 05:55:09] INFO     继电器 OFF (切断充电)
[2026-04-17 05:55:09] INFO     继电器执行 -> OFF
[2026-04-17 05:55:09] INFO     物理断电静置 25.0s
[2026-04-17 05:55:34] WARNING  【结论】 [FAIL] 超时未检测到成功关键字
[2026-04-17 05:55:34] INFO     统计 -> 成功: 133 | 失败: 531 | 异常: 1 | 成功率: 20.0%
[2026-04-17 05:55:34] INFO     
-------------------- 第 665 轮 | 最大监听: 27.6s --------------------
[2026-04-17 05:55:34] INFO     继电器 ON (开始充电)
[2026-04-17 05:55:34] INFO     继电器执行 -> ON
[2026-04-17 05:56:02] INFO     继电器 OFF (切断充电)
[2026-04-17 05:56:02] INFO     继电器执行 -> OFF
[2026-04-17 05:56:02] INFO     物理断电静置 25.0s
[2026-04-17 05:56:27] WARNING  【结论】 [FAIL] 超时未检测到成功关键字
[2026-04-17 05:56:27] INFO     统计 -> 成功: 133 | 失败: 532 | 异常: 1 | 成功率: 20.0%
[2026-04-17 05:56:27] INFO     
-------------------- 第 666 轮 | 最大监听: 25.8s --------------------
[2026-04-17 05:56:27] INFO     继电器 ON (开始充电)
[2026-04-17 05:56:27] INFO     继电器执行 -> ON
[2026-04-17 05:56:53] INFO     继电器 OFF (切断充电)
[2026-04-17 05:56:53] INFO     继电器执行 -> OFF
[2026-04-17 05:56:53] INFO     物理断电静置 25.0s
[2026-04-17 05:57:18] WARNING  【结论】 [FAIL] 超时未检测到成功关键字
[2026-04-17 05:57:18] INFO     统计 -> 成功: 133 | 失败: 533 | 异常: 1 | 成功率: 19.9%
[2026-04-17 05:57:18] INFO     
-------------------- 第 667 轮 | 最大监听: 28.6s --------------------
[2026-04-17 05:57:18] INFO     继电器 ON (开始充电)
[2026-04-17 05:57:18] INFO     继电器执行 -> ON
[2026-04-17 05:57:46] INFO     继电器 OFF (切断充电)
[2026-04-17 05:57:46] INFO     继电器执行 -> OFF
[2026-04-17 05:57:46] INFO     物理断电静置 25.0s
[2026-04-17 05:58:11] WARNING  【结论】 [FAIL] 超时未检测到成功关键字
[2026-04-17 05:58:11] INFO     统计 -> 成功: 133 | 失败: 534 | 异常: 1 | 成功率: 19.9%
[2026-04-17 05:58:11] INFO     
-------------------- 第 668 轮 | 最大监听: 27.3s --------------------
[2026-04-17 05:58:11] INFO     继电器 ON (开始充电)
[2026-04-17 05:58:12] INFO     继电器执行 -> ON
[2026-04-17 05:58:39] INFO     继电器 OFF (切断充电)
[2026-04-17 05:58:39] INFO     继电器执行 -> OFF
[2026-04-17 05:58:39] INFO     物理断电静置 25.0s
[2026-04-17 05:59:04] WARNING  【结论】 [FAIL] 超时未检测到成功关键字
[2026-04-17 05:59:04] INFO     统计 -> 成功: 133 | 失败: 535 | 异常: 1 | 成功率: 19.9%
[2026-04-17 05:59:04] INFO     
-------------------- 第 669 轮 | 最大监听: 26.5s --------------------
[2026-04-17 05:59:04] INFO     继电器 ON (开始充电)
[2026-04-17 05:59:04] INFO     继电器执行 -> ON
[2026-04-17 05:59:30] INFO     继电器 OFF (切断充电)
[2026-04-17 05:59:30] INFO     继电器执行 -> OFF
[2026-04-17 05:59:30] INFO     物理断电静置 25.0s
[2026-04-17 05:59:55] WARNING  【结论】 [FAIL] 超时未检测到成功关键字
[2026-04-17 05:59:55] INFO     统计 -> 成功: 133 | 失败: 536 | 异常: 1 | 成功率: 19.9%
[2026-04-17 05:59:55] INFO     
-------------------- 第 670 轮 | 最大监听: 29.2s --------------------
[2026-04-17 05:59:55] INFO     继电器 ON (开始充电)
[2026-04-17 05:59:56] INFO     继电器执行 -> ON
[2026-04-17 06:00:25] INFO     继电器 OFF (切断充电)
[2026-04-17 06:00:25] INFO     继电器执行 -> OFF
[2026-04-17 06:00:25] INFO     物理断电静置 25.0s
[2026-04-17 06:00:50] WARNING  【结论】 [FAIL] 超时未检测到成功关键字
[2026-04-17 06:00:50] INFO     统计 -> 成功: 133 | 失败: 537 | 异常: 1 | 成功率: 19.8%
[2026-04-17 06:00:50] INFO     
-------------------- 第 671 轮 | 最大监听: 25.3s --------------------
[2026-04-17 06:00:50] INFO     继电器 ON (开始充电)
[2026-04-17 06:00:50] INFO     继电器执行 -> ON
[2026-04-17 06:01:15] INFO     继电器 OFF (切断充电)
[2026-04-17 06:01:15] INFO     继电器执行 -> OFF
[2026-04-17 06:01:15] INFO     物理断电静置 25.0s
[2026-04-17 06:01:40] WARNING  【结论】 [FAIL] 超时未检测到成功关键字
[2026-04-17 06:01:40] INFO     统计 -> 成功: 133 | 失败: 538 | 异常: 1 | 成功率: 19.8%
[2026-04-17 06:01:40] INFO     
-------------------- 第 672 轮 | 最大监听: 29.2s --------------------
[2026-04-17 06:01:40] INFO     继电器 ON (开始充电)
[2026-04-17 06:01:40] INFO     继电器执行 -> ON
[2026-04-17 06:02:09] INFO     继电器 OFF (切断充电)
[2026-04-17 06:02:10] INFO     继电器执行 -> OFF
[2026-04-17 06:02:10] INFO     物理断电静置 25.0s
[2026-04-17 06:02:35] WARNING  【结论】 [FAIL] 超时未检测到成功关键字
[2026-04-17 06:02:35] INFO     统计 -> 成功: 133 | 失败: 539 | 异常: 1 | 成功率: 19.8%
[2026-04-17 06:02:35] INFO     
-------------------- 第 673 轮 | 最大监听: 29.5s --------------------
[2026-04-17 06:02:35] INFO     继电器 ON (开始充电)
[2026-04-17 06:02:35] INFO     继电器执行 -> ON
[2026-04-17 06:03:04] INFO     继电器 OFF (切断充电)
[2026-04-17 06:03:04] INFO     继电器执行 -> OFF
[2026-04-17 06:03:04] INFO     物理断电静置 25.0s
[2026-04-17 06:03:29] WARNING  【结论】 [FAIL] 超时未检测到成功关键字
[2026-04-17 06:03:29] INFO     统计 -> 成功: 133 | 失败: 540 | 异常: 1 | 成功率: 19.7%
[2026-04-17 06:03:29] INFO     
-------------------- 第 674 轮 | 最大监听: 26.2s --------------------
[2026-04-17 06:03:29] INFO     继电器 ON (开始充电)
[2026-04-17 06:03:29] INFO     继电器执行 -> ON
[2026-04-17 06:03:55] INFO     继电器 OFF (切断充电)
[2026-04-17 06:03:55] INFO     继电器执行 -> OFF
[2026-04-17 06:03:55] INFO     物理断电静置 25.0s
[2026-04-17 06:04:20] WARNING  【结论】 [FAIL] 超时未检测到成功关键字
[2026-04-17 06:04:20] INFO     统计 -> 成功: 133 | 失败: 541 | 异常: 1 | 成功率: 19.7%
[2026-04-17 06:04:20] INFO     
-------------------- 第 675 轮 | 最大监听: 28.7s --------------------
[2026-04-17 06:04:20] INFO     继电器 ON (开始充电)
[2026-04-17 06:04:20] INFO     继电器执行 -> ON
[2026-04-17 06:04:49] INFO     继电器 OFF (切断充电)
[2026-04-17 06:04:49] INFO     继电器执行 -> OFF
[2026-04-17 06:04:49] INFO     物理断电静置 25.0s
[2026-04-17 06:05:14] WARNING  【结论】 [FAIL] 超时未检测到成功关键字
[2026-04-17 06:05:14] INFO     统计 -> 成功: 133 | 失败: 542 | 异常: 1 | 成功率: 19.7%
[2026-04-17 06:05:14] INFO     
-------------------- 第 676 轮 | 最大监听: 29.5s --------------------
[2026-04-17 06:05:14] INFO     继电器 ON (开始充电)
[2026-04-17 06:05:14] INFO     继电器执行 -> ON
[2026-04-17 06:05:44] INFO     继电器 OFF (切断充电)
[2026-04-17 06:05:44] INFO     继电器执行 -> OFF
[2026-04-17 06:05:44] INFO     物理断电静置 25.0s
[2026-04-17 06:06:09] WARNING  【结论】 [FAIL] 超时未检测到成功关键字
[2026-04-17 06:06:09] INFO     统计 -> 成功: 133 | 失败: 543 | 异常: 1 | 成功率: 19.6%
[2026-04-17 06:06:09] INFO     
-------------------- 第 677 轮 | 最大监听: 27.2s --------------------
[2026-04-17 06:06:09] INFO     继电器 ON (开始充电)
[2026-04-17 06:06:09] INFO     继电器执行 -> ON
[2026-04-17 06:06:36] INFO     继电器 OFF (切断充电)
[2026-04-17 06:06:36] INFO     继电器执行 -> OFF
[2026-04-17 06:06:36] INFO     物理断电静置 25.0s
[2026-04-17 06:07:01] WARNING  【结论】 [FAIL] 超时未检测到成功关键字
[2026-04-17 06:07:01] INFO     统计 -> 成功: 133 | 失败: 544 | 异常: 1 | 成功率: 19.6%
[2026-04-17 06:07:01] INFO     
-------------------- 第 678 轮 | 最大监听: 27.7s --------------------
[2026-04-17 06:07:01] INFO     继电器 ON (开始充电)
[2026-04-17 06:07:01] INFO     继电器执行 -> ON
[2026-04-17 06:07:29] INFO     继电器 OFF (切断充电)
[2026-04-17 06:07:29] INFO     继电器执行 -> OFF
[2026-04-17 06:07:29] INFO     物理断电静置 25.0s
[2026-04-17 06:07:54] WARNING  【结论】 [FAIL] 超时未检测到成功关键字
[2026-04-17 06:07:54] INFO     统计 -> 成功: 133 | 失败: 545 | 异常: 1 | 成功率: 19.6%
[2026-04-17 06:07:54] INFO     
-------------------- 第 679 轮 | 最大监听: 29.7s --------------------
[2026-04-17 06:07:54] INFO     继电器 ON (开始充电)
[2026-04-17 06:07:54] INFO     继电器执行 -> ON
[2026-04-17 06:08:24] INFO     继电器 OFF (切断充电)
[2026-04-17 06:08:24] INFO     继电器执行 -> OFF
[2026-04-17 06:08:24] INFO     物理断电静置 25.0s
[2026-04-17 06:08:49] WARNING  【结论】 [FAIL] 超时未检测到成功关键字
[2026-04-17 06:08:49] INFO     统计 -> 成功: 133 | 失败: 546 | 异常: 1 | 成功率: 19.6%
[2026-04-17 06:08:49] INFO     
-------------------- 第 680 轮 | 最大监听: 29.2s --------------------
[2026-04-17 06:08:49] INFO     继电器 ON (开始充电)
[2026-04-17 06:08:49] INFO     继电器执行 -> ON
[2026-04-17 06:09:18] INFO     继电器 OFF (切断充电)
[2026-04-17 06:09:18] INFO     继电器执行 -> OFF
[2026-04-17 06:09:18] INFO     物理断电静置 25.0s
[2026-04-17 06:09:43] WARNING  【结论】 [FAIL] 超时未检测到成功关键字
[2026-04-17 06:09:43] INFO     统计 -> 成功: 133 | 失败: 547 | 异常: 1 | 成功率: 19.5%
[2026-04-17 06:09:43] INFO     
-------------------- 第 681 轮 | 最大监听: 29.2s --------------------
[2026-04-17 06:09:43] INFO     继电器 ON (开始充电)
[2026-04-17 06:09:43] INFO     继电器执行 -> ON
[2026-04-17 06:10:12] INFO     继电器 OFF (切断充电)
[2026-04-17 06:10:12] INFO     继电器执行 -> OFF
[2026-04-17 06:10:12] INFO     物理断电静置 25.0s
[2026-04-17 06:10:37] WARNING  【结论】 [FAIL] 超时未检测到成功关键字
[2026-04-17 06:10:37] INFO     统计 -> 成功: 133 | 失败: 548 | 异常: 1 | 成功率: 19.5%
[2026-04-17 06:10:37] INFO     
-------------------- 第 682 轮 | 最大监听: 25.2s --------------------
[2026-04-17 06:10:37] INFO     继电器 ON (开始充电)
[2026-04-17 06:10:37] INFO     继电器执行 -> ON
[2026-04-17 06:11:03] INFO     继电器 OFF (切断充电)
[2026-04-17 06:11:03] INFO     继电器执行 -> OFF
[2026-04-17 06:11:03] INFO     物理断电静置 25.0s
[2026-04-17 06:11:28] WARNING  【结论】 [FAIL] 超时未检测到成功关键字
[2026-04-17 06:11:28] INFO     统计 -> 成功: 133 | 失败: 549 | 异常: 1 | 成功率: 19.5%
[2026-04-17 06:11:28] INFO     
-------------------- 第 683 轮 | 最大监听: 26.6s --------------------
[2026-04-17 06:11:28] INFO     继电器 ON (开始充电)
[2026-04-17 06:11:28] INFO     继电器执行 -> ON
[2026-04-17 06:11:54] INFO     继电器 OFF (切断充电)
[2026-04-17 06:11:54] INFO     继电器执行 -> OFF
[2026-04-17 06:11:54] INFO     物理断电静置 25.0s
[2026-04-17 06:12:19] WARNING  【结论】 [FAIL] 超时未检测到成功关键字
[2026-04-17 06:12:19] INFO     统计 -> 成功: 133 | 失败: 550 | 异常: 1 | 成功率: 19.4%
[2026-04-17 06:12:19] INFO     
-------------------- 第 684 轮 | 最大监听: 26.5s --------------------
[2026-04-17 06:12:19] INFO     继电器 ON (开始充电)
[2026-04-17 06:12:19] INFO     继电器执行 -> ON
[2026-04-17 06:12:46] INFO     继电器 OFF (切断充电)
[2026-04-17 06:12:46] INFO     继电器执行 -> OFF
[2026-04-17 06:12:46] INFO     物理断电静置 25.0s
[2026-04-17 06:13:11] WARNING  【结论】 [FAIL] 超时未检测到成功关键字
[2026-04-17 06:13:11] INFO     统计 -> 成功: 133 | 失败: 551 | 异常: 1 | 成功率: 19.4%
[2026-04-17 06:13:11] INFO     
-------------------- 第 685 轮 | 最大监听: 27.2s --------------------
[2026-04-17 06:13:11] INFO     继电器 ON (开始充电)
[2026-04-17 06:13:11] INFO     继电器执行 -> ON
[2026-04-17 06:13:38] INFO     继电器 OFF (切断充电)
[2026-04-17 06:13:38] INFO     继电器执行 -> OFF
[2026-04-17 06:13:38] INFO     物理断电静置 25.0s
[2026-04-17 06:14:03] WARNING  【结论】 [FAIL] 超时未检测到成功关键字
[2026-04-17 06:14:03] INFO     统计 -> 成功: 133 | 失败: 552 | 异常: 1 | 成功率: 19.4%
[2026-04-17 06:14:03] INFO     
-------------------- 第 686 轮 | 最大监听: 29.9s --------------------
[2026-04-17 06:14:03] INFO     继电器 ON (开始充电)
[2026-04-17 06:14:03] INFO     继电器执行 -> ON
[2026-04-17 06:14:05] INFO     捕获目标指令: voice_msgnum:9
[2026-04-17 06:14:05] INFO     状态维稳，保持闭合 25.0s
[2026-04-17 06:14:30] INFO     继电器 OFF (切断充电)
[2026-04-17 06:14:30] INFO     继电器执行 -> OFF
[2026-04-17 06:14:30] INFO     物理断电静置 25.0s
[2026-04-17 06:14:55] INFO     【结论】 [PASS] 成功关键字: voice_msgnum:9
[2026-04-17 06:14:55] INFO     统计 -> 成功: 134 | 失败: 552 | 异常: 1 | 成功率: 19.5%
[2026-04-17 06:14:55] INFO     
-------------------- 第 687 轮 | 最大监听: 29.9s --------------------
[2026-04-17 06:14:55] INFO     继电器 ON (开始充电)
[2026-04-17 06:14:55] INFO     继电器执行 -> ON
[2026-04-17 06:15:25] INFO     继电器 OFF (切断充电)
[2026-04-17 06:15:25] INFO     继电器执行 -> OFF
[2026-04-17 06:15:25] INFO     物理断电静置 25.0s
[2026-04-17 06:15:50] WARNING  【结论】 [FAIL] 超时未检测到成功关键字
[2026-04-17 06:15:50] INFO     统计 -> 成功: 134 | 失败: 553 | 异常: 1 | 成功率: 19.5%
[2026-04-17 06:15:50] INFO     
-------------------- 第 688 轮 | 最大监听: 25.0s --------------------
[2026-04-17 06:15:50] INFO     继电器 ON (开始充电)
[2026-04-17 06:15:50] INFO     继电器执行 -> ON
[2026-04-17 06:16:15] INFO     继电器 OFF (切断充电)
[2026-04-17 06:16:15] INFO     继电器执行 -> OFF
[2026-04-17 06:16:15] INFO     物理断电静置 25.0s
[2026-04-17 06:16:40] WARNING  【结论】 [FAIL] 超时未检测到成功关键字
[2026-04-17 06:16:40] INFO     统计 -> 成功: 134 | 失败: 554 | 异常: 1 | 成功率: 19.4%
[2026-04-17 06:16:40] INFO     
-------------------- 第 689 轮 | 最大监听: 25.3s --------------------
[2026-04-17 06:16:40] INFO     继电器 ON (开始充电)
[2026-04-17 06:16:40] INFO     继电器执行 -> ON
[2026-04-17 06:17:05] INFO     继电器 OFF (切断充电)
[2026-04-17 06:17:05] INFO     继电器执行 -> OFF
[2026-04-17 06:17:05] INFO     物理断电静置 25.0s
[2026-04-17 06:17:30] WARNING  【结论】 [FAIL] 超时未检测到成功关键字
[2026-04-17 06:17:30] INFO     统计 -> 成功: 134 | 失败: 555 | 异常: 1 | 成功率: 19.4%
[2026-04-17 06:17:30] INFO     
-------------------- 第 690 轮 | 最大监听: 27.8s --------------------
[2026-04-17 06:17:30] INFO     继电器 ON (开始充电)
[2026-04-17 06:17:30] INFO     继电器执行 -> ON
[2026-04-17 06:17:58] INFO     继电器 OFF (切断充电)
[2026-04-17 06:17:58] INFO     继电器执行 -> OFF
[2026-04-17 06:17:58] INFO     物理断电静置 25.0s
[2026-04-17 06:18:23] WARNING  【结论】 [FAIL] 超时未检测到成功关键字
[2026-04-17 06:18:23] INFO     统计 -> 成功: 134 | 失败: 556 | 异常: 1 | 成功率: 19.4%
[2026-04-17 06:18:23] INFO     
-------------------- 第 691 轮 | 最大监听: 27.5s --------------------
[2026-04-17 06:18:23] INFO     继电器 ON (开始充电)
[2026-04-17 06:18:23] INFO     继电器执行 -> ON
[2026-04-17 06:18:51] INFO     继电器 OFF (切断充电)
[2026-04-17 06:18:51] INFO     继电器执行 -> OFF
[2026-04-17 06:18:51] INFO     物理断电静置 25.0s
[2026-04-17 06:19:16] WARNING  【结论】 [FAIL] 超时未检测到成功关键字
[2026-04-17 06:19:16] INFO     统计 -> 成功: 134 | 失败: 557 | 异常: 1 | 成功率: 19.4%
[2026-04-17 06:19:16] INFO     
-------------------- 第 692 轮 | 最大监听: 25.3s --------------------
[2026-04-17 06:19:16] INFO     继电器 ON (开始充电)
[2026-04-17 06:19:16] INFO     继电器执行 -> ON
[2026-04-17 06:19:41] INFO     继电器 OFF (切断充电)
[2026-04-17 06:19:41] INFO     继电器执行 -> OFF
[2026-04-17 06:19:41] INFO     物理断电静置 25.0s
[2026-04-17 06:20:06] WARNING  【结论】 [FAIL] 超时未检测到成功关键字
[2026-04-17 06:20:06] INFO     统计 -> 成功: 134 | 失败: 558 | 异常: 1 | 成功率: 19.3%
[2026-04-17 06:20:06] INFO     
-------------------- 第 693 轮 | 最大监听: 27.3s --------------------
[2026-04-17 06:20:06] INFO     继电器 ON (开始充电)
[2026-04-17 06:20:06] INFO     继电器执行 -> ON
[2026-04-17 06:20:34] INFO     继电器 OFF (切断充电)
[2026-04-17 06:20:34] INFO     继电器执行 -> OFF
[2026-04-17 06:20:34] INFO     物理断电静置 25.0s
[2026-04-17 06:20:59] WARNING  【结论】 [FAIL] 超时未检测到成功关键字
[2026-04-17 06:20:59] INFO     统计 -> 成功: 134 | 失败: 559 | 异常: 1 | 成功率: 19.3%
[2026-04-17 06:20:59] INFO     
-------------------- 第 694 轮 | 最大监听: 27.3s --------------------
[2026-04-17 06:20:59] INFO     继电器 ON (开始充电)
[2026-04-17 06:20:59] INFO     继电器执行 -> ON
[2026-04-17 06:21:00] INFO     捕获目标指令: voice_msgnum:9
[2026-04-17 06:21:00] INFO     状态维稳，保持闭合 25.0s
[2026-04-17 06:21:25] INFO     继电器 OFF (切断充电)
[2026-04-17 06:21:25] INFO     继电器执行 -> OFF
[2026-04-17 06:21:25] INFO     物理断电静置 25.0s
[2026-04-17 06:21:50] INFO     【结论】 [PASS] 成功关键字: voice_msgnum:9
[2026-04-17 06:21:50] INFO     统计 -> 成功: 135 | 失败: 559 | 异常: 1 | 成功率: 19.4%
[2026-04-17 06:21:50] INFO     
-------------------- 第 695 轮 | 最大监听: 27.3s --------------------
[2026-04-17 06:21:50] INFO     继电器 ON (开始充电)
[2026-04-17 06:21:50] INFO     继电器执行 -> ON
[2026-04-17 06:21:54] INFO     捕获目标指令: voice_msgnum:9
[2026-04-17 06:21:54] INFO     状态维稳，保持闭合 25.0s
[2026-04-17 06:22:19] INFO     继电器 OFF (切断充电)
[2026-04-17 06:22:20] INFO     继电器执行 -> OFF
[2026-04-17 06:22:20] INFO     物理断电静置 25.0s
[2026-04-17 06:22:45] INFO     【结论】 [PASS] 成功关键字: voice_msgnum:9
[2026-04-17 06:22:45] INFO     统计 -> 成功: 136 | 失败: 559 | 异常: 1 | 成功率: 19.5%
[2026-04-17 06:22:45] INFO     
-------------------- 第 696 轮 | 最大监听: 25.8s --------------------
[2026-04-17 06:22:45] INFO     继电器 ON (开始充电)
[2026-04-17 06:22:45] INFO     继电器执行 -> ON
[2026-04-17 06:23:10] INFO     继电器 OFF (切断充电)
[2026-04-17 06:23:10] INFO     继电器执行 -> OFF
[2026-04-17 06:23:10] INFO     物理断电静置 25.0s
[2026-04-17 06:23:35] WARNING  【结论】 [FAIL] 超时未检测到成功关键字
[2026-04-17 06:23:35] INFO     统计 -> 成功: 136 | 失败: 560 | 异常: 1 | 成功率: 19.5%
[2026-04-17 06:23:35] INFO     
-------------------- 第 697 轮 | 最大监听: 26.2s --------------------
[2026-04-17 06:23:35] INFO     继电器 ON (开始充电)
[2026-04-17 06:23:35] INFO     继电器执行 -> ON
[2026-04-17 06:24:02] INFO     继电器 OFF (切断充电)
[2026-04-17 06:24:02] INFO     继电器执行 -> OFF
[2026-04-17 06:24:02] INFO     物理断电静置 25.0s
[2026-04-17 06:24:27] WARNING  【结论】 [FAIL] 超时未检测到成功关键字
[2026-04-17 06:24:27] INFO     统计 -> 成功: 136 | 失败: 561 | 异常: 1 | 成功率: 19.5%
[2026-04-17 06:24:27] INFO     
-------------------- 第 698 轮 | 最大监听: 26.9s --------------------
[2026-04-17 06:24:27] INFO     继电器 ON (开始充电)
[2026-04-17 06:24:27] INFO     继电器执行 -> ON
[2026-04-17 06:24:54] INFO     继电器 OFF (切断充电)
[2026-04-17 06:24:54] INFO     继电器执行 -> OFF
[2026-04-17 06:24:54] INFO     物理断电静置 25.0s
[2026-04-17 06:25:19] WARNING  【结论】 [FAIL] 超时未检测到成功关键字
[2026-04-17 06:25:19] INFO     统计 -> 成功: 136 | 失败: 562 | 异常: 1 | 成功率: 19.5%
[2026-04-17 06:25:19] INFO     
-------------------- 第 699 轮 | 最大监听: 29.5s --------------------
[2026-04-17 06:25:19] INFO     继电器 ON (开始充电)
[2026-04-17 06:25:19] INFO     继电器执行 -> ON
[2026-04-17 06:25:48] INFO     继电器 OFF (切断充电)
[2026-04-17 06:25:48] INFO     继电器执行 -> OFF
[2026-04-17 06:25:48] INFO     物理断电静置 25.0s
[2026-04-17 06:26:13] WARNING  【结论】 [FAIL] 超时未检测到成功关键字
[2026-04-17 06:26:13] INFO     统计 -> 成功: 136 | 失败: 563 | 异常: 1 | 成功率: 19.4%
[2026-04-17 06:26:13] INFO     
-------------------- 第 700 轮 | 最大监听: 26.6s --------------------
[2026-04-17 06:26:13] INFO     继电器 ON (开始充电)
[2026-04-17 06:26:13] INFO     继电器执行 -> ON
[2026-04-17 06:26:40] INFO     继电器 OFF (切断充电)
[2026-04-17 06:26:40] INFO     继电器执行 -> OFF
[2026-04-17 06:26:40] INFO     物理断电静置 25.0s
[2026-04-17 06:27:05] WARNING  【结论】 [FAIL] 超时未检测到成功关键字
[2026-04-17 06:27:05] INFO     统计 -> 成功: 136 | 失败: 564 | 异常: 1 | 成功率: 19.4%
[2026-04-17 06:27:05] INFO     
-------------------- 第 701 轮 | 最大监听: 28.1s --------------------
[2026-04-17 06:27:05] INFO     继电器 ON (开始充电)
[2026-04-17 06:27:05] INFO     继电器执行 -> ON
[2026-04-17 06:27:33] INFO     继电器 OFF (切断充电)
[2026-04-17 06:27:33] INFO     继电器执行 -> OFF
[2026-04-17 06:27:33] INFO     物理断电静置 25.0s
[2026-04-17 06:27:58] WARNING  【结论】 [FAIL] 超时未检测到成功关键字
[2026-04-17 06:27:58] INFO     统计 -> 成功: 136 | 失败: 565 | 异常: 1 | 成功率: 19.4%
[2026-04-17 06:27:58] INFO     
-------------------- 第 702 轮 | 最大监听: 27.1s --------------------
[2026-04-17 06:27:58] INFO     继电器 ON (开始充电)
[2026-04-17 06:27:58] INFO     继电器执行 -> ON
[2026-04-17 06:28:25] INFO     继电器 OFF (切断充电)
[2026-04-17 06:28:25] INFO     继电器执行 -> OFF
[2026-04-17 06:28:25] INFO     物理断电静置 25.0s
[2026-04-17 06:28:50] WARNING  【结论】 [FAIL] 超时未检测到成功关键字
[2026-04-17 06:28:50] INFO     统计 -> 成功: 136 | 失败: 566 | 异常: 1 | 成功率: 19.3%
[2026-04-17 06:28:50] INFO     
-------------------- 第 703 轮 | 最大监听: 25.5s --------------------
[2026-04-17 06:28:50] INFO     继电器 ON (开始充电)
[2026-04-17 06:28:51] INFO     继电器执行 -> ON
[2026-04-17 06:29:16] INFO     继电器 OFF (切断充电)
[2026-04-17 06:29:16] INFO     继电器执行 -> OFF
[2026-04-17 06:29:16] INFO     物理断电静置 25.0s
[2026-04-17 06:29:41] WARNING  【结论】 [FAIL] 超时未检测到成功关键字
[2026-04-17 06:29:41] INFO     统计 -> 成功: 136 | 失败: 567 | 异常: 1 | 成功率: 19.3%
[2026-04-17 06:29:41] INFO     
-------------------- 第 704 轮 | 最大监听: 29.6s --------------------
[2026-04-17 06:29:41] INFO     继电器 ON (开始充电)
[2026-04-17 06:29:41] INFO     继电器执行 -> ON
[2026-04-17 06:29:43] INFO     捕获目标指令: voice_msgnum:9
[2026-04-17 06:29:43] INFO     状态维稳，保持闭合 25.0s
[2026-04-17 06:30:08] INFO     继电器 OFF (切断充电)
[2026-04-17 06:30:08] INFO     继电器执行 -> OFF
[2026-04-17 06:30:08] INFO     物理断电静置 25.0s
[2026-04-17 06:30:33] INFO     【结论】 [PASS] 成功关键字: voice_msgnum:9
[2026-04-17 06:30:33] INFO     统计 -> 成功: 137 | 失败: 567 | 异常: 1 | 成功率: 19.4%
[2026-04-17 06:30:33] INFO     
-------------------- 第 705 轮 | 最大监听: 26.4s --------------------
[2026-04-17 06:30:33] INFO     继电器 ON (开始充电)
[2026-04-17 06:30:33] INFO     继电器执行 -> ON
[2026-04-17 06:30:34] INFO     捕获目标指令: voice_msgnum:9
[2026-04-17 06:30:34] INFO     状态维稳，保持闭合 25.0s
[2026-04-17 06:30:59] INFO     继电器 OFF (切断充电)
[2026-04-17 06:30:59] INFO     继电器执行 -> OFF
[2026-04-17 06:30:59] INFO     物理断电静置 25.0s
[2026-04-17 06:31:24] INFO     【结论】 [PASS] 成功关键字: voice_msgnum:9
[2026-04-17 06:31:24] INFO     统计 -> 成功: 138 | 失败: 567 | 异常: 1 | 成功率: 19.5%
[2026-04-17 06:31:24] INFO     
-------------------- 第 706 轮 | 最大监听: 29.1s --------------------
[2026-04-17 06:31:24] INFO     继电器 ON (开始充电)
[2026-04-17 06:31:24] INFO     继电器执行 -> ON
[2026-04-17 06:31:53] INFO     继电器 OFF (切断充电)
[2026-04-17 06:31:53] INFO     继电器执行 -> OFF
[2026-04-17 06:31:53] INFO     物理断电静置 25.0s
[2026-04-17 06:32:18] WARNING  【结论】 [FAIL] 超时未检测到成功关键字
[2026-04-17 06:32:18] INFO     统计 -> 成功: 138 | 失败: 568 | 异常: 1 | 成功率: 19.5%
[2026-04-17 06:32:18] INFO     
-------------------- 第 707 轮 | 最大监听: 29.5s --------------------
[2026-04-17 06:32:18] INFO     继电器 ON (开始充电)
[2026-04-17 06:32:18] INFO     继电器执行 -> ON
[2026-04-17 06:32:23] INFO     捕获目标指令: voice_msgnum:9
[2026-04-17 06:32:23] INFO     状态维稳，保持闭合 25.0s
[2026-04-17 06:32:48] INFO     继电器 OFF (切断充电)
[2026-04-17 06:32:48] INFO     继电器执行 -> OFF
[2026-04-17 06:32:48] INFO     物理断电静置 25.0s
[2026-04-17 06:33:13] INFO     【结论】 [PASS] 成功关键字: voice_msgnum:9
[2026-04-17 06:33:13] INFO     统计 -> 成功: 139 | 失败: 568 | 异常: 1 | 成功率: 19.6%
[2026-04-17 06:33:13] INFO     
-------------------- 第 708 轮 | 最大监听: 25.8s --------------------
[2026-04-17 06:33:13] INFO     继电器 ON (开始充电)
[2026-04-17 06:33:13] INFO     继电器执行 -> ON
[2026-04-17 06:33:14] INFO     捕获目标指令: voice_msgnum:9
[2026-04-17 06:33:14] INFO     状态维稳，保持闭合 25.0s
[2026-04-17 06:33:39] INFO     继电器 OFF (切断充电)
[2026-04-17 06:33:39] INFO     继电器执行 -> OFF
[2026-04-17 06:33:39] INFO     物理断电静置 25.0s
[2026-04-17 06:34:04] INFO     【结论】 [PASS] 成功关键字: voice_msgnum:9
[2026-04-17 06:34:04] INFO     统计 -> 成功: 140 | 失败: 568 | 异常: 1 | 成功率: 19.7%
[2026-04-17 06:34:04] INFO     
-------------------- 第 709 轮 | 最大监听: 29.8s --------------------
[2026-04-17 06:34:04] INFO     继电器 ON (开始充电)
[2026-04-17 06:34:04] INFO     继电器执行 -> ON
[2026-04-17 06:34:34] INFO     继电器 OFF (切断充电)
[2026-04-17 06:34:34] INFO     继电器执行 -> OFF
[2026-04-17 06:34:34] INFO     物理断电静置 25.0s
[2026-04-17 06:34:59] WARNING  【结论】 [FAIL] 超时未检测到成功关键字
[2026-04-17 06:34:59] INFO     统计 -> 成功: 140 | 失败: 569 | 异常: 1 | 成功率: 19.7%
[2026-04-17 06:34:59] INFO     
-------------------- 第 710 轮 | 最大监听: 29.2s --------------------
[2026-04-17 06:34:59] INFO     继电器 ON (开始充电)
[2026-04-17 06:34:59] INFO     继电器执行 -> ON
[2026-04-17 06:35:29] INFO     继电器 OFF (切断充电)
[2026-04-17 06:35:29] INFO     继电器执行 -> OFF
[2026-04-17 06:35:29] INFO     物理断电静置 25.0s
[2026-04-17 06:35:54] WARNING  【结论】 [FAIL] 超时未检测到成功关键字
[2026-04-17 06:35:54] INFO     统计 -> 成功: 140 | 失败: 570 | 异常: 1 | 成功率: 19.7%
[2026-04-17 06:35:54] INFO     
-------------------- 第 711 轮 | 最大监听: 27.3s --------------------
[2026-04-17 06:35:54] INFO     继电器 ON (开始充电)
[2026-04-17 06:35:54] INFO     继电器执行 -> ON
[2026-04-17 06:36:21] INFO     继电器 OFF (切断充电)
[2026-04-17 06:36:21] INFO     继电器执行 -> OFF
[2026-04-17 06:36:21] INFO     物理断电静置 25.0s
[2026-04-17 06:36:46] WARNING  【结论】 [FAIL] 超时未检测到成功关键字
[2026-04-17 06:36:46] INFO     统计 -> 成功: 140 | 失败: 571 | 异常: 1 | 成功率: 19.7%
[2026-04-17 06:36:46] INFO     
-------------------- 第 712 轮 | 最大监听: 26.1s --------------------
[2026-04-17 06:36:46] INFO     继电器 ON (开始充电)
[2026-04-17 06:36:46] INFO     继电器执行 -> ON
[2026-04-17 06:37:12] INFO     继电器 OFF (切断充电)
[2026-04-17 06:37:12] INFO     继电器执行 -> OFF
[2026-04-17 06:37:12] INFO     物理断电静置 25.0s
[2026-04-17 06:37:37] WARNING  【结论】 [FAIL] 超时未检测到成功关键字
[2026-04-17 06:37:37] INFO     统计 -> 成功: 140 | 失败: 572 | 异常: 1 | 成功率: 19.6%
[2026-04-17 06:37:37] INFO     
-------------------- 第 713 轮 | 最大监听: 26.6s --------------------
[2026-04-17 06:37:37] INFO     继电器 ON (开始充电)
[2026-04-17 06:37:37] INFO     继电器执行 -> ON
[2026-04-17 06:38:04] INFO     继电器 OFF (切断充电)
[2026-04-17 06:38:04] INFO     继电器执行 -> OFF
[2026-04-17 06:38:04] INFO     物理断电静置 25.0s
[2026-04-17 06:38:29] WARNING  【结论】 [FAIL] 超时未检测到成功关键字
[2026-04-17 06:38:29] INFO     统计 -> 成功: 140 | 失败: 573 | 异常: 1 | 成功率: 19.6%
[2026-04-17 06:38:29] INFO     
-------------------- 第 714 轮 | 最大监听: 29.6s --------------------
[2026-04-17 06:38:29] INFO     继电器 ON (开始充电)
[2026-04-17 06:38:29] INFO     继电器执行 -> ON
[2026-04-17 06:38:42] INFO     捕获目标指令: voice_msgnum:9
[2026-04-17 06:38:42] INFO     状态维稳，保持闭合 25.0s
[2026-04-17 06:39:07] INFO     继电器 OFF (切断充电)
[2026-04-17 06:39:07] INFO     继电器执行 -> OFF
[2026-04-17 06:39:07] INFO     物理断电静置 25.0s
[2026-04-17 06:39:32] INFO     【结论】 [PASS] 成功关键字: voice_msgnum:9
[2026-04-17 06:39:32] INFO     统计 -> 成功: 141 | 失败: 573 | 异常: 1 | 成功率: 19.7%
[2026-04-17 06:39:32] INFO     
-------------------- 第 715 轮 | 最大监听: 27.7s --------------------
[2026-04-17 06:39:32] INFO     继电器 ON (开始充电)
[2026-04-17 06:39:32] INFO     继电器执行 -> ON
[2026-04-17 06:40:00] INFO     继电器 OFF (切断充电)
[2026-04-17 06:40:00] INFO     继电器执行 -> OFF
[2026-04-17 06:40:00] INFO     物理断电静置 25.0s
[2026-04-17 06:40:25] WARNING  【结论】 [FAIL] 超时未检测到成功关键字
[2026-04-17 06:40:25] INFO     统计 -> 成功: 141 | 失败: 574 | 异常: 1 | 成功率: 19.7%
[2026-04-17 06:40:25] INFO     
-------------------- 第 716 轮 | 最大监听: 26.8s --------------------
[2026-04-17 06:40:25] INFO     继电器 ON (开始充电)
[2026-04-17 06:40:25] INFO     继电器执行 -> ON
[2026-04-17 06:40:52] INFO     继电器 OFF (切断充电)
[2026-04-17 06:40:52] INFO     继电器执行 -> OFF
[2026-04-17 06:40:52] INFO     物理断电静置 25.0s
[2026-04-17 06:41:17] WARNING  【结论】 [FAIL] 超时未检测到成功关键字
[2026-04-17 06:41:17] INFO     统计 -> 成功: 141 | 失败: 575 | 异常: 1 | 成功率: 19.7%
[2026-04-17 06:41:17] INFO     
-------------------- 第 717 轮 | 最大监听: 27.6s --------------------
[2026-04-17 06:41:17] INFO     继电器 ON (开始充电)
[2026-04-17 06:41:17] INFO     继电器执行 -> ON
[2026-04-17 06:41:45] INFO     继电器 OFF (切断充电)
[2026-04-17 06:41:45] INFO     继电器执行 -> OFF
[2026-04-17 06:41:45] INFO     物理断电静置 25.0s
[2026-04-17 06:42:10] WARNING  【结论】 [FAIL] 超时未检测到成功关键字
[2026-04-17 06:42:10] INFO     统计 -> 成功: 141 | 失败: 576 | 异常: 1 | 成功率: 19.6%
[2026-04-17 06:42:10] INFO     
-------------------- 第 718 轮 | 最大监听: 27.2s --------------------
[2026-04-17 06:42:10] INFO     继电器 ON (开始充电)
[2026-04-17 06:42:10] INFO     继电器执行 -> ON
[2026-04-17 06:42:37] INFO     继电器 OFF (切断充电)
[2026-04-17 06:42:37] INFO     继电器执行 -> OFF
[2026-04-17 06:42:37] INFO     物理断电静置 25.0s
[2026-04-17 06:43:02] WARNING  【结论】 [FAIL] 超时未检测到成功关键字
[2026-04-17 06:43:02] INFO     统计 -> 成功: 141 | 失败: 577 | 异常: 1 | 成功率: 19.6%
[2026-04-17 06:43:02] INFO     
-------------------- 第 719 轮 | 最大监听: 27.4s --------------------
[2026-04-17 06:43:02] INFO     继电器 ON (开始充电)
[2026-04-17 06:43:02] INFO     继电器执行 -> ON
[2026-04-17 06:43:30] INFO     继电器 OFF (切断充电)
[2026-04-17 06:43:30] INFO     继电器执行 -> OFF
[2026-04-17 06:43:30] INFO     物理断电静置 25.0s
[2026-04-17 06:43:55] WARNING  【结论】 [FAIL] 超时未检测到成功关键字
[2026-04-17 06:43:55] INFO     统计 -> 成功: 141 | 失败: 578 | 异常: 1 | 成功率: 19.6%
[2026-04-17 06:43:55] INFO     
-------------------- 第 720 轮 | 最大监听: 27.2s --------------------
[2026-04-17 06:43:55] INFO     继电器 ON (开始充电)
[2026-04-17 06:43:55] INFO     继电器执行 -> ON
[2026-04-17 06:44:22] INFO     继电器 OFF (切断充电)
[2026-04-17 06:44:22] INFO     继电器执行 -> OFF
[2026-04-17 06:44:22] INFO     物理断电静置 25.0s
[2026-04-17 06:44:47] WARNING  【结论】 [FAIL] 超时未检测到成功关键字
[2026-04-17 06:44:47] INFO     统计 -> 成功: 141 | 失败: 579 | 异常: 1 | 成功率: 19.6%
[2026-04-17 06:44:47] INFO     
-------------------- 第 721 轮 | 最大监听: 29.1s --------------------
[2026-04-17 06:44:47] INFO     继电器 ON (开始充电)
[2026-04-17 06:44:47] INFO     继电器执行 -> ON
[2026-04-17 06:45:16] INFO     继电器 OFF (切断充电)
[2026-04-17 06:45:16] INFO     继电器执行 -> OFF
[2026-04-17 06:45:16] INFO     物理断电静置 25.0s
[2026-04-17 06:45:41] WARNING  【结论】 [FAIL] 超时未检测到成功关键字
[2026-04-17 06:45:41] INFO     统计 -> 成功: 141 | 失败: 580 | 异常: 1 | 成功率: 19.5%
[2026-04-17 06:45:41] INFO     
-------------------- 第 722 轮 | 最大监听: 26.8s --------------------
[2026-04-17 06:45:41] INFO     继电器 ON (开始充电)
[2026-04-17 06:45:41] INFO     继电器执行 -> ON
[2026-04-17 06:46:08] INFO     继电器 OFF (切断充电)
[2026-04-17 06:46:08] INFO     继电器执行 -> OFF
[2026-04-17 06:46:08] INFO     物理断电静置 25.0s
[2026-04-17 06:46:33] WARNING  【结论】 [FAIL] 超时未检测到成功关键字
[2026-04-17 06:46:33] INFO     统计 -> 成功: 141 | 失败: 581 | 异常: 1 | 成功率: 19.5%
[2026-04-17 06:46:33] INFO     
-------------------- 第 723 轮 | 最大监听: 26.0s --------------------
[2026-04-17 06:46:33] INFO     继电器 ON (开始充电)
[2026-04-17 06:46:33] INFO     继电器执行 -> ON
[2026-04-17 06:46:59] INFO     继电器 OFF (切断充电)
[2026-04-17 06:46:59] INFO     继电器执行 -> OFF
[2026-04-17 06:46:59] INFO     物理断电静置 25.0s
[2026-04-17 06:47:24] WARNING  【结论】 [FAIL] 超时未检测到成功关键字
[2026-04-17 06:47:24] INFO     统计 -> 成功: 141 | 失败: 582 | 异常: 1 | 成功率: 19.5%
[2026-04-17 06:47:24] INFO     
-------------------- 第 724 轮 | 最大监听: 27.7s --------------------
[2026-04-17 06:47:24] INFO     继电器 ON (开始充电)
[2026-04-17 06:47:24] INFO     继电器执行 -> ON
[2026-04-17 06:47:52] INFO     继电器 OFF (切断充电)
[2026-04-17 06:47:52] INFO     继电器执行 -> OFF
[2026-04-17 06:47:52] INFO     物理断电静置 25.0s
[2026-04-17 06:48:17] WARNING  【结论】 [FAIL] 超时未检测到成功关键字
[2026-04-17 06:48:17] INFO     统计 -> 成功: 141 | 失败: 583 | 异常: 1 | 成功率: 19.4%
[2026-04-17 06:48:17] INFO     
-------------------- 第 725 轮 | 最大监听: 26.5s --------------------
[2026-04-17 06:48:17] INFO     继电器 ON (开始充电)
[2026-04-17 06:48:17] INFO     继电器执行 -> ON
[2026-04-17 06:48:44] INFO     继电器 OFF (切断充电)
[2026-04-17 06:48:44] INFO     继电器执行 -> OFF
[2026-04-17 06:48:44] INFO     物理断电静置 25.0s
[2026-04-17 06:49:09] WARNING  【结论】 [FAIL] 超时未检测到成功关键字
[2026-04-17 06:49:09] INFO     统计 -> 成功: 141 | 失败: 584 | 异常: 1 | 成功率: 19.4%
[2026-04-17 06:49:09] INFO     
-------------------- 第 726 轮 | 最大监听: 29.4s --------------------
[2026-04-17 06:49:09] INFO     继电器 ON (开始充电)
[2026-04-17 06:49:09] INFO     继电器执行 -> ON
[2026-04-17 06:49:38] INFO     继电器 OFF (切断充电)
[2026-04-17 06:49:38] INFO     继电器执行 -> OFF
[2026-04-17 06:49:38] INFO     物理断电静置 25.0s
[2026-04-17 06:50:03] WARNING  【结论】 [FAIL] 超时未检测到成功关键字
[2026-04-17 06:50:03] INFO     统计 -> 成功: 141 | 失败: 585 | 异常: 1 | 成功率: 19.4%
[2026-04-17 06:50:03] INFO     
-------------------- 第 727 轮 | 最大监听: 28.5s --------------------
[2026-04-17 06:50:03] INFO     继电器 ON (开始充电)
[2026-04-17 06:50:03] INFO     继电器执行 -> ON
[2026-04-17 06:50:32] INFO     继电器 OFF (切断充电)
[2026-04-17 06:50:32] INFO     继电器执行 -> OFF
[2026-04-17 06:50:32] INFO     物理断电静置 25.0s
[2026-04-17 06:50:57] WARNING  【结论】 [FAIL] 超时未检测到成功关键字
[2026-04-17 06:50:57] INFO     统计 -> 成功: 141 | 失败: 586 | 异常: 1 | 成功率: 19.4%
[2026-04-17 06:50:57] INFO     
-------------------- 第 728 轮 | 最大监听: 27.8s --------------------
[2026-04-17 06:50:57] INFO     继电器 ON (开始充电)
[2026-04-17 06:50:57] INFO     继电器执行 -> ON
[2026-04-17 06:51:25] INFO     继电器 OFF (切断充电)
[2026-04-17 06:51:25] INFO     继电器执行 -> OFF
[2026-04-17 06:51:25] INFO     物理断电静置 25.0s
[2026-04-17 06:51:50] WARNING  【结论】 [FAIL] 超时未检测到成功关键字
[2026-04-17 06:51:50] INFO     统计 -> 成功: 141 | 失败: 587 | 异常: 1 | 成功率: 19.3%
[2026-04-17 06:51:50] INFO     
-------------------- 第 729 轮 | 最大监听: 26.7s --------------------
[2026-04-17 06:51:50] INFO     继电器 ON (开始充电)
[2026-04-17 06:51:50] INFO     继电器执行 -> ON
[2026-04-17 06:52:16] INFO     继电器 OFF (切断充电)
[2026-04-17 06:52:16] INFO     继电器执行 -> OFF
[2026-04-17 06:52:16] INFO     物理断电静置 25.0s
[2026-04-17 06:52:41] WARNING  【结论】 [FAIL] 超时未检测到成功关键字
[2026-04-17 06:52:41] INFO     统计 -> 成功: 141 | 失败: 588 | 异常: 1 | 成功率: 19.3%
[2026-04-17 06:52:41] INFO     
-------------------- 第 730 轮 | 最大监听: 28.2s --------------------
[2026-04-17 06:52:41] INFO     继电器 ON (开始充电)
[2026-04-17 06:52:42] INFO     继电器执行 -> ON
[2026-04-17 06:52:43] INFO     捕获目标指令: voice_msgnum:9
[2026-04-17 06:52:43] INFO     状态维稳，保持闭合 25.0s
[2026-04-17 06:53:08] INFO     继电器 OFF (切断充电)
[2026-04-17 06:53:08] INFO     继电器执行 -> OFF
[2026-04-17 06:53:08] INFO     物理断电静置 25.0s
[2026-04-17 06:53:33] INFO     【结论】 [PASS] 成功关键字: voice_msgnum:9
[2026-04-17 06:53:33] INFO     统计 -> 成功: 142 | 失败: 588 | 异常: 1 | 成功率: 19.4%
[2026-04-17 06:53:33] INFO     
-------------------- 第 731 轮 | 最大监听: 26.8s --------------------
[2026-04-17 06:53:33] INFO     继电器 ON (开始充电)
[2026-04-17 06:53:33] INFO     继电器执行 -> ON
[2026-04-17 06:54:00] INFO     继电器 OFF (切断充电)
[2026-04-17 06:54:00] INFO     继电器执行 -> OFF
[2026-04-17 06:54:00] INFO     物理断电静置 25.0s
[2026-04-17 06:54:25] WARNING  【结论】 [FAIL] 超时未检测到成功关键字
[2026-04-17 06:54:25] INFO     统计 -> 成功: 142 | 失败: 589 | 异常: 1 | 成功率: 19.4%
[2026-04-17 06:54:25] INFO     
-------------------- 第 732 轮 | 最大监听: 26.7s --------------------
[2026-04-17 06:54:25] INFO     继电器 ON (开始充电)
[2026-04-17 06:54:25] INFO     继电器执行 -> ON
[2026-04-17 06:54:52] INFO     继电器 OFF (切断充电)
[2026-04-17 06:54:52] INFO     继电器执行 -> OFF
[2026-04-17 06:54:52] INFO     物理断电静置 25.0s
[2026-04-17 06:55:17] WARNING  【结论】 [FAIL] 超时未检测到成功关键字
[2026-04-17 06:55:17] INFO     统计 -> 成功: 142 | 失败: 590 | 异常: 1 | 成功率: 19.4%
[2026-04-17 06:55:17] INFO     
-------------------- 第 733 轮 | 最大监听: 25.8s --------------------
[2026-04-17 06:55:17] INFO     继电器 ON (开始充电)
[2026-04-17 06:55:17] INFO     继电器执行 -> ON
[2026-04-17 06:55:43] INFO     继电器 OFF (切断充电)
[2026-04-17 06:55:43] INFO     继电器执行 -> OFF
[2026-04-17 06:55:43] INFO     物理断电静置 25.0s
[2026-04-17 06:56:08] WARNING  【结论】 [FAIL] 超时未检测到成功关键字
[2026-04-17 06:56:08] INFO     统计 -> 成功: 142 | 失败: 591 | 异常: 1 | 成功率: 19.3%
[2026-04-17 06:56:08] INFO     
-------------------- 第 734 轮 | 最大监听: 25.5s --------------------
[2026-04-17 06:56:08] INFO     继电器 ON (开始充电)
[2026-04-17 06:56:08] INFO     继电器执行 -> ON
[2026-04-17 06:56:09] INFO     捕获目标指令: voice_msgnum:9
[2026-04-17 06:56:09] INFO     状态维稳，保持闭合 25.0s
[2026-04-17 06:56:34] INFO     继电器 OFF (切断充电)
[2026-04-17 06:56:34] INFO     继电器执行 -> OFF
[2026-04-17 06:56:34] INFO     物理断电静置 25.0s
[2026-04-17 06:56:59] INFO     【结论】 [PASS] 成功关键字: voice_msgnum:9
[2026-04-17 06:56:59] INFO     统计 -> 成功: 143 | 失败: 591 | 异常: 1 | 成功率: 19.5%
[2026-04-17 06:56:59] INFO     
-------------------- 第 735 轮 | 最大监听: 28.7s --------------------
[2026-04-17 06:56:59] INFO     继电器 ON (开始充电)
[2026-04-17 06:56:59] INFO     继电器执行 -> ON
[2026-04-17 06:57:28] INFO     继电器 OFF (切断充电)
[2026-04-17 06:57:28] INFO     继电器执行 -> OFF
[2026-04-17 06:57:28] INFO     物理断电静置 25.0s
[2026-04-17 06:57:53] WARNING  【结论】 [FAIL] 超时未检测到成功关键字
[2026-04-17 06:57:53] INFO     统计 -> 成功: 143 | 失败: 592 | 异常: 1 | 成功率: 19.4%
[2026-04-17 06:57:53] INFO     
-------------------- 第 736 轮 | 最大监听: 27.9s --------------------
[2026-04-17 06:57:53] INFO     继电器 ON (开始充电)
[2026-04-17 06:57:53] INFO     继电器执行 -> ON
[2026-04-17 06:57:57] INFO     捕获目标指令: voice_msgnum:9
[2026-04-17 06:57:57] INFO     状态维稳，保持闭合 25.0s
[2026-04-17 06:58:22] INFO     继电器 OFF (切断充电)
[2026-04-17 06:58:22] INFO     继电器执行 -> OFF
[2026-04-17 06:58:22] INFO     物理断电静置 25.0s
[2026-04-17 06:58:47] INFO     【结论】 [PASS] 成功关键字: voice_msgnum:9
[2026-04-17 06:58:47] INFO     统计 -> 成功: 144 | 失败: 592 | 异常: 1 | 成功率: 19.5%
[2026-04-17 06:58:47] INFO     
-------------------- 第 737 轮 | 最大监听: 28.7s --------------------
[2026-04-17 06:58:47] INFO     继电器 ON (开始充电)
[2026-04-17 06:58:47] INFO     继电器执行 -> ON
[2026-04-17 06:58:49] INFO     捕获目标指令: voice_msgnum:9
[2026-04-17 06:58:49] INFO     状态维稳，保持闭合 25.0s
[2026-04-17 06:59:14] INFO     继电器 OFF (切断充电)
[2026-04-17 06:59:14] INFO     继电器执行 -> OFF
[2026-04-17 06:59:14] INFO     物理断电静置 25.0s
[2026-04-17 06:59:39] INFO     【结论】 [PASS] 成功关键字: voice_msgnum:9
[2026-04-17 06:59:39] INFO     统计 -> 成功: 145 | 失败: 592 | 异常: 1 | 成功率: 19.6%
[2026-04-17 06:59:39] INFO     
-------------------- 第 738 轮 | 最大监听: 28.2s --------------------
[2026-04-17 06:59:39] INFO     继电器 ON (开始充电)
[2026-04-17 06:59:39] INFO     继电器执行 -> ON
[2026-04-17 06:59:43] INFO     捕获目标指令: voice_msgnum:9
[2026-04-17 06:59:43] INFO     状态维稳，保持闭合 25.0s
[2026-04-17 07:00:08] INFO     继电器 OFF (切断充电)
[2026-04-17 07:00:08] INFO     继电器执行 -> OFF
[2026-04-17 07:00:08] INFO     物理断电静置 25.0s
[2026-04-17 07:00:33] INFO     【结论】 [PASS] 成功关键字: voice_msgnum:9
[2026-04-17 07:00:33] INFO     统计 -> 成功: 146 | 失败: 592 | 异常: 1 | 成功率: 19.8%
[2026-04-17 07:00:33] INFO     
-------------------- 第 739 轮 | 最大监听: 25.9s --------------------
[2026-04-17 07:00:33] INFO     继电器 ON (开始充电)
[2026-04-17 07:00:33] INFO     继电器执行 -> ON
[2026-04-17 07:00:37] INFO     捕获目标指令: voice_msgnum:9
[2026-04-17 07:00:37] INFO     状态维稳，保持闭合 25.0s
[2026-04-17 07:01:02] INFO     继电器 OFF (切断充电)
[2026-04-17 07:01:02] INFO     继电器执行 -> OFF
[2026-04-17 07:01:02] INFO     物理断电静置 25.0s
[2026-04-17 07:01:27] INFO     【结论】 [PASS] 成功关键字: voice_msgnum:9
[2026-04-17 07:01:27] INFO     统计 -> 成功: 147 | 失败: 592 | 异常: 1 | 成功率: 19.9%
[2026-04-17 07:01:27] INFO     
-------------------- 第 740 轮 | 最大监听: 28.3s --------------------
[2026-04-17 07:01:27] INFO     继电器 ON (开始充电)
[2026-04-17 07:01:27] INFO     继电器执行 -> ON
[2026-04-17 07:01:29] INFO     捕获目标指令: voice_msgnum:9
[2026-04-17 07:01:29] INFO     状态维稳，保持闭合 25.0s
[2026-04-17 07:01:54] INFO     继电器 OFF (切断充电)
[2026-04-17 07:01:54] INFO     继电器执行 -> OFF
[2026-04-17 07:01:54] INFO     物理断电静置 25.0s
[2026-04-17 07:02:19] INFO     【结论】 [PASS] 成功关键字: voice_msgnum:9
[2026-04-17 07:02:19] INFO     统计 -> 成功: 148 | 失败: 592 | 异常: 1 | 成功率: 20.0%
[2026-04-17 07:02:19] INFO     
-------------------- 第 741 轮 | 最大监听: 25.4s --------------------
[2026-04-17 07:02:19] INFO     继电器 ON (开始充电)
[2026-04-17 07:02:19] INFO     继电器执行 -> ON
[2026-04-17 07:02:44] INFO     继电器 OFF (切断充电)
[2026-04-17 07:02:44] INFO     继电器执行 -> OFF
[2026-04-17 07:02:44] INFO     物理断电静置 25.0s
[2026-04-17 07:03:09] WARNING  【结论】 [FAIL] 超时未检测到成功关键字
[2026-04-17 07:03:09] INFO     统计 -> 成功: 148 | 失败: 593 | 异常: 1 | 成功率: 19.9%
[2026-04-17 07:03:09] INFO     
-------------------- 第 742 轮 | 最大监听: 29.7s --------------------
[2026-04-17 07:03:09] INFO     继电器 ON (开始充电)
[2026-04-17 07:03:09] INFO     继电器执行 -> ON
[2026-04-17 07:03:39] INFO     继电器 OFF (切断充电)
[2026-04-17 07:03:39] INFO     继电器执行 -> OFF
[2026-04-17 07:03:39] INFO     物理断电静置 25.0s
[2026-04-17 07:04:04] WARNING  【结论】 [FAIL] 超时未检测到成功关键字
[2026-04-17 07:04:04] INFO     统计 -> 成功: 148 | 失败: 594 | 异常: 1 | 成功率: 19.9%
[2026-04-17 07:04:04] INFO     
-------------------- 第 743 轮 | 最大监听: 29.2s --------------------
[2026-04-17 07:04:04] INFO     继电器 ON (开始充电)
[2026-04-17 07:04:04] INFO     继电器执行 -> ON
[2026-04-17 07:04:06] INFO     捕获目标指令: voice_msgnum:9
[2026-04-17 07:04:06] INFO     状态维稳，保持闭合 25.0s
[2026-04-17 07:04:31] INFO     继电器 OFF (切断充电)
[2026-04-17 07:04:31] INFO     继电器执行 -> OFF
[2026-04-17 07:04:31] INFO     物理断电静置 25.0s
[2026-04-17 07:04:56] INFO     【结论】 [PASS] 成功关键字: voice_msgnum:9
[2026-04-17 07:04:56] INFO     统计 -> 成功: 149 | 失败: 594 | 异常: 1 | 成功率: 20.0%
[2026-04-17 07:04:56] INFO     
-------------------- 第 744 轮 | 最大监听: 25.9s --------------------
[2026-04-17 07:04:56] INFO     继电器 ON (开始充电)
[2026-04-17 07:04:56] INFO     继电器执行 -> ON
[2026-04-17 07:05:22] INFO     继电器 OFF (切断充电)
[2026-04-17 07:05:22] INFO     继电器执行 -> OFF
[2026-04-17 07:05:22] INFO     物理断电静置 25.0s
[2026-04-17 07:05:47] WARNING  【结论】 [FAIL] 超时未检测到成功关键字
[2026-04-17 07:05:47] INFO     统计 -> 成功: 149 | 失败: 595 | 异常: 1 | 成功率: 20.0%
[2026-04-17 07:05:47] INFO     
-------------------- 第 745 轮 | 最大监听: 26.3s --------------------
[2026-04-17 07:05:47] INFO     继电器 ON (开始充电)
[2026-04-17 07:05:47] INFO     继电器执行 -> ON
[2026-04-17 07:06:13] INFO     继电器 OFF (切断充电)
[2026-04-17 07:06:13] INFO     继电器执行 -> OFF
[2026-04-17 07:06:13] INFO     物理断电静置 25.0s
[2026-04-17 07:06:38] WARNING  【结论】 [FAIL] 超时未检测到成功关键字
[2026-04-17 07:06:38] INFO     统计 -> 成功: 149 | 失败: 596 | 异常: 1 | 成功率: 20.0%
[2026-04-17 07:06:38] INFO     
-------------------- 第 746 轮 | 最大监听: 29.0s --------------------
[2026-04-17 07:06:38] INFO     继电器 ON (开始充电)
[2026-04-17 07:06:38] INFO     继电器执行 -> ON
[2026-04-17 07:06:40] INFO     捕获目标指令: voice_msgnum:9
[2026-04-17 07:06:40] INFO     状态维稳，保持闭合 25.0s
[2026-04-17 07:07:05] INFO     继电器 OFF (切断充电)
[2026-04-17 07:07:05] INFO     继电器执行 -> OFF
[2026-04-17 07:07:05] INFO     物理断电静置 25.0s
[2026-04-17 07:07:30] INFO     【结论】 [PASS] 成功关键字: voice_msgnum:9
[2026-04-17 07:07:30] INFO     统计 -> 成功: 150 | 失败: 596 | 异常: 1 | 成功率: 20.1%
[2026-04-17 07:07:30] INFO     
-------------------- 第 747 轮 | 最大监听: 28.0s --------------------
[2026-04-17 07:07:30] INFO     继电器 ON (开始充电)
[2026-04-17 07:07:30] INFO     继电器执行 -> ON
[2026-04-17 07:07:58] INFO     继电器 OFF (切断充电)
[2026-04-17 07:07:58] INFO     继电器执行 -> OFF
[2026-04-17 07:07:58] INFO     物理断电静置 25.0s
[2026-04-17 07:08:23] WARNING  【结论】 [FAIL] 超时未检测到成功关键字
[2026-04-17 07:08:23] INFO     统计 -> 成功: 150 | 失败: 597 | 异常: 1 | 成功率: 20.1%
[2026-04-17 07:08:23] INFO     
-------------------- 第 748 轮 | 最大监听: 26.2s --------------------
[2026-04-17 07:08:23] INFO     继电器 ON (开始充电)
[2026-04-17 07:08:23] INFO     继电器执行 -> ON
[2026-04-17 07:08:49] INFO     继电器 OFF (切断充电)
[2026-04-17 07:08:49] INFO     继电器执行 -> OFF
[2026-04-17 07:08:49] INFO     物理断电静置 25.0s
[2026-04-17 07:09:14] WARNING  【结论】 [FAIL] 超时未检测到成功关键字
[2026-04-17 07:09:14] INFO     统计 -> 成功: 150 | 失败: 598 | 异常: 1 | 成功率: 20.0%
[2026-04-17 07:09:14] INFO     
-------------------- 第 749 轮 | 最大监听: 25.8s --------------------
[2026-04-17 07:09:14] INFO     继电器 ON (开始充电)
[2026-04-17 07:09:14] INFO     继电器执行 -> ON
[2026-04-17 07:09:40] INFO     继电器 OFF (切断充电)
[2026-04-17 07:09:40] INFO     继电器执行 -> OFF
[2026-04-17 07:09:40] INFO     物理断电静置 25.0s
[2026-04-17 07:10:05] WARNING  【结论】 [FAIL] 超时未检测到成功关键字
[2026-04-17 07:10:05] INFO     统计 -> 成功: 150 | 失败: 599 | 异常: 1 | 成功率: 20.0%
[2026-04-17 07:10:05] INFO     
-------------------- 第 750 轮 | 最大监听: 26.4s --------------------
[2026-04-17 07:10:05] INFO     继电器 ON (开始充电)
[2026-04-17 07:10:05] INFO     继电器执行 -> ON
[2026-04-17 07:10:31] INFO     继电器 OFF (切断充电)
[2026-04-17 07:10:32] INFO     继电器执行 -> OFF
[2026-04-17 07:10:32] INFO     物理断电静置 25.0s
[2026-04-17 07:10:57] WARNING  【结论】 [FAIL] 超时未检测到成功关键字
[2026-04-17 07:10:57] INFO     统计 -> 成功: 150 | 失败: 600 | 异常: 1 | 成功率: 20.0%
[2026-04-17 07:10:57] INFO     
-------------------- 第 751 轮 | 最大监听: 28.5s --------------------
[2026-04-17 07:10:57] INFO     继电器 ON (开始充电)
[2026-04-17 07:10:57] INFO     继电器执行 -> ON
[2026-04-17 07:11:25] INFO     继电器 OFF (切断充电)
[2026-04-17 07:11:25] INFO     继电器执行 -> OFF
[2026-04-17 07:11:25] INFO     物理断电静置 25.0s
[2026-04-17 07:11:50] WARNING  【结论】 [FAIL] 超时未检测到成功关键字
[2026-04-17 07:11:50] INFO     统计 -> 成功: 150 | 失败: 601 | 异常: 1 | 成功率: 19.9%
[2026-04-17 07:11:50] INFO     
-------------------- 第 752 轮 | 最大监听: 26.9s --------------------
[2026-04-17 07:11:50] INFO     继电器 ON (开始充电)
[2026-04-17 07:11:50] INFO     继电器执行 -> ON
[2026-04-17 07:12:17] INFO     继电器 OFF (切断充电)
[2026-04-17 07:12:17] INFO     继电器执行 -> OFF
[2026-04-17 07:12:17] INFO     物理断电静置 25.0s
[2026-04-17 07:12:42] WARNING  【结论】 [FAIL] 超时未检测到成功关键字
[2026-04-17 07:12:42] INFO     统计 -> 成功: 150 | 失败: 602 | 异常: 1 | 成功率: 19.9%
[2026-04-17 07:12:42] INFO     
-------------------- 第 753 轮 | 最大监听: 27.9s --------------------
[2026-04-17 07:12:42] INFO     继电器 ON (开始充电)
[2026-04-17 07:12:42] INFO     继电器执行 -> ON
[2026-04-17 07:13:10] INFO     继电器 OFF (切断充电)
[2026-04-17 07:13:10] INFO     继电器执行 -> OFF
[2026-04-17 07:13:10] INFO     物理断电静置 25.0s
[2026-04-17 07:13:35] WARNING  【结论】 [FAIL] 超时未检测到成功关键字
[2026-04-17 07:13:35] INFO     统计 -> 成功: 150 | 失败: 603 | 异常: 1 | 成功率: 19.9%
[2026-04-17 07:13:35] INFO     
-------------------- 第 754 轮 | 最大监听: 27.3s --------------------
[2026-04-17 07:13:35] INFO     继电器 ON (开始充电)
[2026-04-17 07:13:35] INFO     继电器执行 -> ON
[2026-04-17 07:14:03] INFO     继电器 OFF (切断充电)
[2026-04-17 07:14:03] INFO     继电器执行 -> OFF
[2026-04-17 07:14:03] INFO     物理断电静置 25.0s
[2026-04-17 07:14:28] WARNING  【结论】 [FAIL] 超时未检测到成功关键字
[2026-04-17 07:14:28] INFO     统计 -> 成功: 150 | 失败: 604 | 异常: 1 | 成功率: 19.9%
[2026-04-17 07:14:28] INFO     
-------------------- 第 755 轮 | 最大监听: 25.4s --------------------
[2026-04-17 07:14:28] INFO     继电器 ON (开始充电)
[2026-04-17 07:14:28] INFO     继电器执行 -> ON
[2026-04-17 07:14:53] INFO     继电器 OFF (切断充电)
[2026-04-17 07:14:53] INFO     继电器执行 -> OFF
[2026-04-17 07:14:53] INFO     物理断电静置 25.0s
[2026-04-17 07:15:18] WARNING  【结论】 [FAIL] 超时未检测到成功关键字
[2026-04-17 07:15:18] INFO     统计 -> 成功: 150 | 失败: 605 | 异常: 1 | 成功率: 19.8%
[2026-04-17 07:15:18] INFO     
-------------------- 第 756 轮 | 最大监听: 25.9s --------------------
[2026-04-17 07:15:18] INFO     继电器 ON (开始充电)
[2026-04-17 07:15:18] INFO     继电器执行 -> ON
[2026-04-17 07:15:44] INFO     继电器 OFF (切断充电)
[2026-04-17 07:15:44] INFO     继电器执行 -> OFF
[2026-04-17 07:15:44] INFO     物理断电静置 25.0s
[2026-04-17 07:16:09] WARNING  【结论】 [FAIL] 超时未检测到成功关键字
[2026-04-17 07:16:09] INFO     统计 -> 成功: 150 | 失败: 606 | 异常: 1 | 成功率: 19.8%
[2026-04-17 07:16:09] INFO     
-------------------- 第 757 轮 | 最大监听: 25.2s --------------------
[2026-04-17 07:16:09] INFO     继电器 ON (开始充电)
[2026-04-17 07:16:09] INFO     继电器执行 -> ON
[2026-04-17 07:16:34] INFO     继电器 OFF (切断充电)
[2026-04-17 07:16:34] INFO     继电器执行 -> OFF
[2026-04-17 07:16:34] INFO     物理断电静置 25.0s
[2026-04-17 07:16:59] WARNING  【结论】 [FAIL] 超时未检测到成功关键字
[2026-04-17 07:16:59] INFO     统计 -> 成功: 150 | 失败: 607 | 异常: 1 | 成功率: 19.8%
[2026-04-17 07:16:59] INFO     
-------------------- 第 758 轮 | 最大监听: 26.3s --------------------
[2026-04-17 07:16:59] INFO     继电器 ON (开始充电)
[2026-04-17 07:16:59] INFO     继电器执行 -> ON
[2026-04-17 07:17:26] INFO     继电器 OFF (切断充电)
[2026-04-17 07:17:26] INFO     继电器执行 -> OFF
[2026-04-17 07:17:26] INFO     物理断电静置 25.0s
[2026-04-17 07:17:51] WARNING  【结论】 [FAIL] 超时未检测到成功关键字
[2026-04-17 07:17:51] INFO     统计 -> 成功: 150 | 失败: 608 | 异常: 1 | 成功率: 19.8%
[2026-04-17 07:17:51] INFO     
-------------------- 第 759 轮 | 最大监听: 29.8s --------------------
[2026-04-17 07:17:51] INFO     继电器 ON (开始充电)
[2026-04-17 07:17:51] INFO     继电器执行 -> ON
[2026-04-17 07:18:21] INFO     继电器 OFF (切断充电)
[2026-04-17 07:18:21] INFO     继电器执行 -> OFF
[2026-04-17 07:18:21] INFO     物理断电静置 25.0s
[2026-04-17 07:18:46] WARNING  【结论】 [FAIL] 超时未检测到成功关键字
[2026-04-17 07:18:46] INFO     统计 -> 成功: 150 | 失败: 609 | 异常: 1 | 成功率: 19.7%
[2026-04-17 07:18:46] INFO     
-------------------- 第 760 轮 | 最大监听: 27.0s --------------------
[2026-04-17 07:18:46] INFO     继电器 ON (开始充电)
[2026-04-17 07:18:46] INFO     继电器执行 -> ON
[2026-04-17 07:19:13] INFO     继电器 OFF (切断充电)
[2026-04-17 07:19:13] INFO     继电器执行 -> OFF
[2026-04-17 07:19:13] INFO     物理断电静置 25.0s
[2026-04-17 07:19:38] WARNING  【结论】 [FAIL] 超时未检测到成功关键字
[2026-04-17 07:19:38] INFO     统计 -> 成功: 150 | 失败: 610 | 异常: 1 | 成功率: 19.7%
[2026-04-17 07:19:38] INFO     
-------------------- 第 761 轮 | 最大监听: 26.5s --------------------
[2026-04-17 07:19:38] INFO     继电器 ON (开始充电)
[2026-04-17 07:19:38] INFO     继电器执行 -> ON
[2026-04-17 07:20:04] INFO     继电器 OFF (切断充电)
[2026-04-17 07:20:04] INFO     继电器执行 -> OFF
[2026-04-17 07:20:04] INFO     物理断电静置 25.0s
[2026-04-17 07:20:29] WARNING  【结论】 [FAIL] 超时未检测到成功关键字
[2026-04-17 07:20:29] INFO     统计 -> 成功: 150 | 失败: 611 | 异常: 1 | 成功率: 19.7%
[2026-04-17 07:20:29] INFO     
-------------------- 第 762 轮 | 最大监听: 30.0s --------------------
[2026-04-17 07:20:29] INFO     继电器 ON (开始充电)
[2026-04-17 07:20:29] INFO     继电器执行 -> ON
[2026-04-17 07:20:34] INFO     捕获目标指令: voice_msgnum:9
[2026-04-17 07:20:34] INFO     状态维稳，保持闭合 25.0s
[2026-04-17 07:20:59] INFO     继电器 OFF (切断充电)
[2026-04-17 07:20:59] INFO     继电器执行 -> OFF
[2026-04-17 07:20:59] INFO     物理断电静置 25.0s
[2026-04-17 07:21:24] INFO     【结论】 [PASS] 成功关键字: voice_msgnum:9
[2026-04-17 07:21:24] INFO     统计 -> 成功: 151 | 失败: 611 | 异常: 1 | 成功率: 19.8%
[2026-04-17 07:21:24] INFO     
-------------------- 第 763 轮 | 最大监听: 26.8s --------------------
[2026-04-17 07:21:24] INFO     继电器 ON (开始充电)
[2026-04-17 07:21:24] INFO     继电器执行 -> ON
[2026-04-17 07:21:51] INFO     继电器 OFF (切断充电)
[2026-04-17 07:21:51] INFO     继电器执行 -> OFF
[2026-04-17 07:21:51] INFO     物理断电静置 25.0s
[2026-04-17 07:22:16] WARNING  【结论】 [FAIL] 超时未检测到成功关键字
[2026-04-17 07:22:16] INFO     统计 -> 成功: 151 | 失败: 612 | 异常: 1 | 成功率: 19.8%
[2026-04-17 07:22:16] INFO     
-------------------- 第 764 轮 | 最大监听: 29.5s --------------------
[2026-04-17 07:22:16] INFO     继电器 ON (开始充电)
[2026-04-17 07:22:16] INFO     继电器执行 -> ON
[2026-04-17 07:22:45] INFO     继电器 OFF (切断充电)
[2026-04-17 07:22:45] INFO     继电器执行 -> OFF
[2026-04-17 07:22:45] INFO     物理断电静置 25.0s
[2026-04-17 07:23:10] WARNING  【结论】 [FAIL] 超时未检测到成功关键字
[2026-04-17 07:23:10] INFO     统计 -> 成功: 151 | 失败: 613 | 异常: 1 | 成功率: 19.7%
[2026-04-17 07:23:10] INFO     
-------------------- 第 765 轮 | 最大监听: 27.2s --------------------
[2026-04-17 07:23:10] INFO     继电器 ON (开始充电)
[2026-04-17 07:23:10] INFO     继电器执行 -> ON
[2026-04-17 07:23:38] INFO     继电器 OFF (切断充电)
[2026-04-17 07:23:38] INFO     继电器执行 -> OFF
[2026-04-17 07:23:38] INFO     物理断电静置 25.0s
[2026-04-17 07:24:03] WARNING  【结论】 [FAIL] 超时未检测到成功关键字
[2026-04-17 07:24:03] INFO     统计 -> 成功: 151 | 失败: 614 | 异常: 1 | 成功率: 19.7%
[2026-04-17 07:24:03] INFO     
-------------------- 第 766 轮 | 最大监听: 25.8s --------------------
[2026-04-17 07:24:03] INFO     继电器 ON (开始充电)
[2026-04-17 07:24:03] INFO     继电器执行 -> ON
[2026-04-17 07:24:10] INFO     捕获目标指令: voice_msgnum:9
[2026-04-17 07:24:10] INFO     状态维稳，保持闭合 25.0s
[2026-04-17 07:24:35] INFO     继电器 OFF (切断充电)
[2026-04-17 07:24:35] INFO     继电器执行 -> OFF
[2026-04-17 07:24:35] INFO     物理断电静置 25.0s
[2026-04-17 07:25:00] INFO     【结论】 [PASS] 成功关键字: voice_msgnum:9
[2026-04-17 07:25:00] INFO     统计 -> 成功: 152 | 失败: 614 | 异常: 1 | 成功率: 19.8%
[2026-04-17 07:25:00] INFO     
-------------------- 第 767 轮 | 最大监听: 28.7s --------------------
[2026-04-17 07:25:00] INFO     继电器 ON (开始充电)
[2026-04-17 07:25:00] INFO     继电器执行 -> ON
[2026-04-17 07:25:29] INFO     继电器 OFF (切断充电)
[2026-04-17 07:25:29] INFO     继电器执行 -> OFF
[2026-04-17 07:25:29] INFO     物理断电静置 25.0s
[2026-04-17 07:25:54] WARNING  【结论】 [FAIL] 超时未检测到成功关键字
[2026-04-17 07:25:54] INFO     统计 -> 成功: 152 | 失败: 615 | 异常: 1 | 成功率: 19.8%
[2026-04-17 07:25:54] INFO     
-------------------- 第 768 轮 | 最大监听: 30.0s --------------------
[2026-04-17 07:25:54] INFO     继电器 ON (开始充电)
[2026-04-17 07:25:54] INFO     继电器执行 -> ON
[2026-04-17 07:25:55] INFO     捕获目标指令: voice_msgnum:9
[2026-04-17 07:25:55] INFO     状态维稳，保持闭合 25.0s
[2026-04-17 07:26:20] INFO     继电器 OFF (切断充电)
[2026-04-17 07:26:20] INFO     继电器执行 -> OFF
[2026-04-17 07:26:20] INFO     物理断电静置 25.0s
[2026-04-17 07:26:45] INFO     【结论】 [PASS] 成功关键字: voice_msgnum:9
[2026-04-17 07:26:45] INFO     统计 -> 成功: 153 | 失败: 615 | 异常: 1 | 成功率: 19.9%
[2026-04-17 07:26:45] INFO     
-------------------- 第 769 轮 | 最大监听: 27.7s --------------------
[2026-04-17 07:26:45] INFO     继电器 ON (开始充电)
[2026-04-17 07:26:45] INFO     继电器执行 -> ON
[2026-04-17 07:26:56] INFO     捕获目标指令: voice_msgnum:9
[2026-04-17 07:26:56] INFO     状态维稳，保持闭合 25.0s
[2026-04-17 07:27:21] INFO     继电器 OFF (切断充电)
[2026-04-17 07:27:21] INFO     继电器执行 -> OFF
[2026-04-17 07:27:21] INFO     物理断电静置 25.0s
[2026-04-17 07:27:46] INFO     【结论】 [PASS] 成功关键字: voice_msgnum:9
[2026-04-17 07:27:46] INFO     统计 -> 成功: 154 | 失败: 615 | 异常: 1 | 成功率: 20.0%
[2026-04-17 07:27:46] INFO     
-------------------- 第 770 轮 | 最大监听: 27.3s --------------------
[2026-04-17 07:27:46] INFO     继电器 ON (开始充电)
[2026-04-17 07:27:46] INFO     继电器执行 -> ON
[2026-04-17 07:27:47] INFO     捕获目标指令: voice_msgnum:9
[2026-04-17 07:27:47] INFO     状态维稳，保持闭合 25.0s
[2026-04-17 07:28:12] INFO     继电器 OFF (切断充电)
[2026-04-17 07:28:12] INFO     继电器执行 -> OFF
[2026-04-17 07:28:12] INFO     物理断电静置 25.0s
[2026-04-17 07:28:37] INFO     【结论】 [PASS] 成功关键字: voice_msgnum:9
[2026-04-17 07:28:37] INFO     统计 -> 成功: 155 | 失败: 615 | 异常: 1 | 成功率: 20.1%
[2026-04-17 07:28:37] INFO     
-------------------- 第 771 轮 | 最大监听: 27.9s --------------------
[2026-04-17 07:28:37] INFO     继电器 ON (开始充电)
[2026-04-17 07:28:37] INFO     继电器执行 -> ON
[2026-04-17 07:28:39] INFO     捕获目标指令: voice_msgnum:9
[2026-04-17 07:28:39] INFO     状态维稳，保持闭合 25.0s
[2026-04-17 07:29:04] INFO     继电器 OFF (切断充电)
[2026-04-17 07:29:04] INFO     继电器执行 -> OFF
[2026-04-17 07:29:04] INFO     物理断电静置 25.0s
[2026-04-17 07:29:29] INFO     【结论】 [PASS] 成功关键字: voice_msgnum:9
[2026-04-17 07:29:29] INFO     统计 -> 成功: 156 | 失败: 615 | 异常: 1 | 成功率: 20.2%
[2026-04-17 07:29:29] INFO     
-------------------- 第 772 轮 | 最大监听: 28.2s --------------------
[2026-04-17 07:29:29] INFO     继电器 ON (开始充电)
[2026-04-17 07:29:29] INFO     继电器执行 -> ON
[2026-04-17 07:29:36] INFO     捕获目标指令: voice_msgnum:9
[2026-04-17 07:29:36] INFO     状态维稳，保持闭合 25.0s
[2026-04-17 07:30:01] INFO     继电器 OFF (切断充电)
[2026-04-17 07:30:01] INFO     继电器执行 -> OFF
[2026-04-17 07:30:01] INFO     物理断电静置 25.0s
[2026-04-17 07:30:26] INFO     【结论】 [PASS] 成功关键字: voice_msgnum:9
[2026-04-17 07:30:26] INFO     统计 -> 成功: 157 | 失败: 615 | 异常: 1 | 成功率: 20.3%
[2026-04-17 07:30:26] INFO     
-------------------- 第 773 轮 | 最大监听: 26.5s --------------------
[2026-04-17 07:30:26] INFO     继电器 ON (开始充电)
[2026-04-17 07:30:26] INFO     继电器执行 -> ON
[2026-04-17 07:30:30] INFO     捕获目标指令: voice_msgnum:9
[2026-04-17 07:30:30] INFO     状态维稳，保持闭合 25.0s
[2026-04-17 07:30:55] INFO     继电器 OFF (切断充电)
[2026-04-17 07:30:55] INFO     继电器执行 -> OFF
[2026-04-17 07:30:55] INFO     物理断电静置 25.0s
[2026-04-17 07:31:20] INFO     【结论】 [PASS] 成功关键字: voice_msgnum:9
[2026-04-17 07:31:20] INFO     统计 -> 成功: 158 | 失败: 615 | 异常: 1 | 成功率: 20.4%
[2026-04-17 07:31:20] INFO     
-------------------- 第 774 轮 | 最大监听: 29.4s --------------------
[2026-04-17 07:31:20] INFO     继电器 ON (开始充电)
[2026-04-17 07:31:20] INFO     继电器执行 -> ON
[2026-04-17 07:31:25] INFO     捕获目标指令: voice_msgnum:9
[2026-04-17 07:31:25] INFO     状态维稳，保持闭合 25.0s
[2026-04-17 07:31:50] INFO     继电器 OFF (切断充电)
[2026-04-17 07:31:50] INFO     继电器执行 -> OFF
[2026-04-17 07:31:50] INFO     物理断电静置 25.0s
[2026-04-17 07:32:15] INFO     【结论】 [PASS] 成功关键字: voice_msgnum:9
[2026-04-17 07:32:15] INFO     统计 -> 成功: 159 | 失败: 615 | 异常: 1 | 成功率: 20.5%
[2026-04-17 07:32:15] INFO     
-------------------- 第 775 轮 | 最大监听: 25.9s --------------------
[2026-04-17 07:32:15] INFO     继电器 ON (开始充电)
[2026-04-17 07:32:15] INFO     继电器执行 -> ON
[2026-04-17 07:32:41] INFO     继电器 OFF (切断充电)
[2026-04-17 07:32:41] INFO     继电器执行 -> OFF
[2026-04-17 07:32:41] INFO     物理断电静置 25.0s
[2026-04-17 07:33:06] WARNING  【结论】 [FAIL] 超时未检测到成功关键字
[2026-04-17 07:33:06] INFO     统计 -> 成功: 159 | 失败: 616 | 异常: 1 | 成功率: 20.5%
[2026-04-17 07:33:06] INFO     
-------------------- 第 776 轮 | 最大监听: 29.2s --------------------
[2026-04-17 07:33:06] INFO     继电器 ON (开始充电)
[2026-04-17 07:33:06] INFO     继电器执行 -> ON
[2026-04-17 07:33:35] INFO     继电器 OFF (切断充电)
[2026-04-17 07:33:35] INFO     继电器执行 -> OFF
[2026-04-17 07:33:35] INFO     物理断电静置 25.0s
[2026-04-17 07:34:00] WARNING  【结论】 [FAIL] 超时未检测到成功关键字
[2026-04-17 07:34:00] INFO     统计 -> 成功: 159 | 失败: 617 | 异常: 1 | 成功率: 20.5%
[2026-04-17 07:34:00] INFO     
-------------------- 第 777 轮 | 最大监听: 27.9s --------------------
[2026-04-17 07:34:00] INFO     继电器 ON (开始充电)
[2026-04-17 07:34:00] INFO     继电器执行 -> ON
[2026-04-17 07:34:28] INFO     继电器 OFF (切断充电)
[2026-04-17 07:34:28] INFO     继电器执行 -> OFF
[2026-04-17 07:34:28] INFO     物理断电静置 25.0s
[2026-04-17 07:34:53] WARNING  【结论】 [FAIL] 超时未检测到成功关键字
[2026-04-17 07:34:53] INFO     统计 -> 成功: 159 | 失败: 618 | 异常: 1 | 成功率: 20.4%
[2026-04-17 07:34:53] INFO     
-------------------- 第 778 轮 | 最大监听: 29.6s --------------------
[2026-04-17 07:34:53] INFO     继电器 ON (开始充电)
[2026-04-17 07:34:53] INFO     继电器执行 -> ON
[2026-04-17 07:35:23] INFO     继电器 OFF (切断充电)
[2026-04-17 07:35:23] INFO     继电器执行 -> OFF
[2026-04-17 07:35:23] INFO     物理断电静置 25.0s
[2026-04-17 07:35:48] WARNING  【结论】 [FAIL] 超时未检测到成功关键字
[2026-04-17 07:35:48] INFO     统计 -> 成功: 159 | 失败: 619 | 异常: 1 | 成功率: 20.4%
[2026-04-17 07:35:48] INFO     
-------------------- 第 779 轮 | 最大监听: 27.5s --------------------
[2026-04-17 07:35:48] INFO     继电器 ON (开始充电)
[2026-04-17 07:35:48] INFO     继电器执行 -> ON
[2026-04-17 07:36:15] INFO     继电器 OFF (切断充电)
[2026-04-17 07:36:15] INFO     继电器执行 -> OFF
[2026-04-17 07:36:15] INFO     物理断电静置 25.0s
[2026-04-17 07:36:40] WARNING  【结论】 [FAIL] 超时未检测到成功关键字
[2026-04-17 07:36:40] INFO     统计 -> 成功: 159 | 失败: 620 | 异常: 1 | 成功率: 20.4%
[2026-04-17 07:36:40] INFO     
-------------------- 第 780 轮 | 最大监听: 26.5s --------------------
[2026-04-17 07:36:40] INFO     继电器 ON (开始充电)
[2026-04-17 07:36:40] INFO     继电器执行 -> ON
[2026-04-17 07:37:07] INFO     继电器 OFF (切断充电)
[2026-04-17 07:37:07] INFO     继电器执行 -> OFF
[2026-04-17 07:37:07] INFO     物理断电静置 25.0s
[2026-04-17 07:37:32] WARNING  【结论】 [FAIL] 超时未检测到成功关键字
[2026-04-17 07:37:32] INFO     统计 -> 成功: 159 | 失败: 621 | 异常: 1 | 成功率: 20.4%
[2026-04-17 07:37:32] INFO     
-------------------- 第 781 轮 | 最大监听: 28.8s --------------------
[2026-04-17 07:37:32] INFO     继电器 ON (开始充电)
[2026-04-17 07:37:32] INFO     继电器执行 -> ON
[2026-04-17 07:38:01] INFO     继电器 OFF (切断充电)
[2026-04-17 07:38:01] INFO     继电器执行 -> OFF
[2026-04-17 07:38:01] INFO     物理断电静置 25.0s
[2026-04-17 07:38:26] WARNING  【结论】 [FAIL] 超时未检测到成功关键字
[2026-04-17 07:38:26] INFO     统计 -> 成功: 159 | 失败: 622 | 异常: 1 | 成功率: 20.3%
[2026-04-17 07:38:26] INFO     
-------------------- 第 782 轮 | 最大监听: 29.2s --------------------
[2026-04-17 07:38:26] INFO     继电器 ON (开始充电)
[2026-04-17 07:38:26] INFO     继电器执行 -> ON
[2026-04-17 07:38:55] INFO     继电器 OFF (切断充电)
[2026-04-17 07:38:55] INFO     继电器执行 -> OFF
[2026-04-17 07:38:55] INFO     物理断电静置 25.0s
[2026-04-17 07:39:20] WARNING  【结论】 [FAIL] 超时未检测到成功关键字
[2026-04-17 07:39:20] INFO     统计 -> 成功: 159 | 失败: 623 | 异常: 1 | 成功率: 20.3%
[2026-04-17 07:39:20] INFO     
-------------------- 第 783 轮 | 最大监听: 29.9s --------------------
[2026-04-17 07:39:20] INFO     继电器 ON (开始充电)
[2026-04-17 07:39:20] INFO     继电器执行 -> ON
[2026-04-17 07:39:50] INFO     继电器 OFF (切断充电)
[2026-04-17 07:39:50] INFO     继电器执行 -> OFF
[2026-04-17 07:39:50] INFO     物理断电静置 25.0s
[2026-04-17 07:40:15] WARNING  【结论】 [FAIL] 超时未检测到成功关键字
[2026-04-17 07:40:15] INFO     统计 -> 成功: 159 | 失败: 624 | 异常: 1 | 成功率: 20.3%
[2026-04-17 07:40:15] INFO     
-------------------- 第 784 轮 | 最大监听: 30.0s --------------------
[2026-04-17 07:40:15] INFO     继电器 ON (开始充电)
[2026-04-17 07:40:15] INFO     继电器执行 -> ON
[2026-04-17 07:40:45] INFO     继电器 OFF (切断充电)
[2026-04-17 07:40:45] INFO     继电器执行 -> OFF
[2026-04-17 07:40:45] INFO     物理断电静置 25.0s
[2026-04-17 07:41:10] WARNING  【结论】 [FAIL] 超时未检测到成功关键字
[2026-04-17 07:41:10] INFO     统计 -> 成功: 159 | 失败: 625 | 异常: 1 | 成功率: 20.3%
[2026-04-17 07:41:10] INFO     
-------------------- 第 785 轮 | 最大监听: 26.5s --------------------
[2026-04-17 07:41:10] INFO     继电器 ON (开始充电)
[2026-04-17 07:41:10] INFO     继电器执行 -> ON
[2026-04-17 07:41:37] INFO     继电器 OFF (切断充电)
[2026-04-17 07:41:37] INFO     继电器执行 -> OFF
[2026-04-17 07:41:37] INFO     物理断电静置 25.0s
[2026-04-17 07:42:02] WARNING  【结论】 [FAIL] 超时未检测到成功关键字
[2026-04-17 07:42:02] INFO     统计 -> 成功: 159 | 失败: 626 | 异常: 1 | 成功率: 20.2%
[2026-04-17 07:42:02] INFO     
-------------------- 第 786 轮 | 最大监听: 29.1s --------------------
[2026-04-17 07:42:02] INFO     继电器 ON (开始充电)
[2026-04-17 07:42:02] INFO     继电器执行 -> ON
[2026-04-17 07:42:31] INFO     继电器 OFF (切断充电)
[2026-04-17 07:42:31] INFO     继电器执行 -> OFF
[2026-04-17 07:42:31] INFO     物理断电静置 25.0s
[2026-04-17 07:42:56] WARNING  【结论】 [FAIL] 超时未检测到成功关键字
[2026-04-17 07:42:56] INFO     统计 -> 成功: 159 | 失败: 627 | 异常: 1 | 成功率: 20.2%
[2026-04-17 07:42:56] INFO     
-------------------- 第 787 轮 | 最大监听: 26.0s --------------------
[2026-04-17 07:42:56] INFO     继电器 ON (开始充电)
[2026-04-17 07:42:56] INFO     继电器执行 -> ON
[2026-04-17 07:43:22] INFO     继电器 OFF (切断充电)
[2026-04-17 07:43:22] INFO     继电器执行 -> OFF
[2026-04-17 07:43:22] INFO     物理断电静置 25.0s
[2026-04-17 07:43:47] WARNING  【结论】 [FAIL] 超时未检测到成功关键字
[2026-04-17 07:43:47] INFO     统计 -> 成功: 159 | 失败: 628 | 异常: 1 | 成功率: 20.2%
[2026-04-17 07:43:47] INFO     
-------------------- 第 788 轮 | 最大监听: 27.8s --------------------
[2026-04-17 07:43:47] INFO     继电器 ON (开始充电)
[2026-04-17 07:43:47] INFO     继电器执行 -> ON
[2026-04-17 07:44:15] INFO     继电器 OFF (切断充电)
[2026-04-17 07:44:15] INFO     继电器执行 -> OFF
[2026-04-17 07:44:15] INFO     物理断电静置 25.0s
[2026-04-17 07:44:40] WARNING  【结论】 [FAIL] 超时未检测到成功关键字
[2026-04-17 07:44:40] INFO     统计 -> 成功: 159 | 失败: 629 | 异常: 1 | 成功率: 20.2%
[2026-04-17 07:44:40] INFO     
-------------------- 第 789 轮 | 最大监听: 28.1s --------------------
[2026-04-17 07:44:40] INFO     继电器 ON (开始充电)
[2026-04-17 07:44:40] INFO     继电器执行 -> ON
[2026-04-17 07:45:08] INFO     继电器 OFF (切断充电)
[2026-04-17 07:45:08] INFO     继电器执行 -> OFF
[2026-04-17 07:45:08] INFO     物理断电静置 25.0s
[2026-04-17 07:45:33] WARNING  【结论】 [FAIL] 超时未检测到成功关键字
[2026-04-17 07:45:33] INFO     统计 -> 成功: 159 | 失败: 630 | 异常: 1 | 成功率: 20.1%
[2026-04-17 07:45:33] INFO     
-------------------- 第 790 轮 | 最大监听: 27.6s --------------------
[2026-04-17 07:45:33] INFO     继电器 ON (开始充电)
[2026-04-17 07:45:33] INFO     继电器执行 -> ON
[2026-04-17 07:46:01] INFO     继电器 OFF (切断充电)
[2026-04-17 07:46:01] INFO     继电器执行 -> OFF
[2026-04-17 07:46:01] INFO     物理断电静置 25.0s
[2026-04-17 07:46:26] WARNING  【结论】 [FAIL] 超时未检测到成功关键字
[2026-04-17 07:46:26] INFO     统计 -> 成功: 159 | 失败: 631 | 异常: 1 | 成功率: 20.1%
[2026-04-17 07:46:26] INFO     
-------------------- 第 791 轮 | 最大监听: 28.7s --------------------
[2026-04-17 07:46:26] INFO     继电器 ON (开始充电)
[2026-04-17 07:46:26] INFO     继电器执行 -> ON
[2026-04-17 07:46:55] INFO     继电器 OFF (切断充电)
[2026-04-17 07:46:55] INFO     继电器执行 -> OFF
[2026-04-17 07:46:55] INFO     物理断电静置 25.0s
[2026-04-17 07:47:20] WARNING  【结论】 [FAIL] 超时未检测到成功关键字
[2026-04-17 07:47:20] INFO     统计 -> 成功: 159 | 失败: 632 | 异常: 1 | 成功率: 20.1%
[2026-04-17 07:47:20] INFO     
-------------------- 第 792 轮 | 最大监听: 28.7s --------------------
[2026-04-17 07:47:20] INFO     继电器 ON (开始充电)
[2026-04-17 07:47:20] INFO     继电器执行 -> ON
[2026-04-17 07:47:49] INFO     继电器 OFF (切断充电)
[2026-04-17 07:47:49] INFO     继电器执行 -> OFF
[2026-04-17 07:47:49] INFO     物理断电静置 25.0s
[2026-04-17 07:48:14] WARNING  【结论】 [FAIL] 超时未检测到成功关键字
[2026-04-17 07:48:14] INFO     统计 -> 成功: 159 | 失败: 633 | 异常: 1 | 成功率: 20.1%
[2026-04-17 07:48:14] INFO     
-------------------- 第 793 轮 | 最大监听: 26.6s --------------------
[2026-04-17 07:48:14] INFO     继电器 ON (开始充电)
[2026-04-17 07:48:14] INFO     继电器执行 -> ON
[2026-04-17 07:48:40] INFO     继电器 OFF (切断充电)
[2026-04-17 07:48:40] INFO     继电器执行 -> OFF
[2026-04-17 07:48:40] INFO     物理断电静置 25.0s
[2026-04-17 07:49:05] WARNING  【结论】 [FAIL] 超时未检测到成功关键字
[2026-04-17 07:49:05] INFO     统计 -> 成功: 159 | 失败: 634 | 异常: 1 | 成功率: 20.0%
[2026-04-17 07:49:05] INFO     
-------------------- 第 794 轮 | 最大监听: 28.9s --------------------
[2026-04-17 07:49:05] INFO     继电器 ON (开始充电)
[2026-04-17 07:49:05] INFO     继电器执行 -> ON
[2026-04-17 07:49:34] INFO     继电器 OFF (切断充电)
[2026-04-17 07:49:34] INFO     继电器执行 -> OFF
[2026-04-17 07:49:34] INFO     物理断电静置 25.0s
[2026-04-17 07:49:59] WARNING  【结论】 [FAIL] 超时未检测到成功关键字
[2026-04-17 07:49:59] INFO     统计 -> 成功: 159 | 失败: 635 | 异常: 1 | 成功率: 20.0%
[2026-04-17 07:49:59] INFO     
-------------------- 第 795 轮 | 最大监听: 26.7s --------------------
[2026-04-17 07:49:59] INFO     继电器 ON (开始充电)
[2026-04-17 07:49:59] INFO     继电器执行 -> ON
[2026-04-17 07:50:26] INFO     继电器 OFF (切断充电)
[2026-04-17 07:50:26] INFO     继电器执行 -> OFF
[2026-04-17 07:50:26] INFO     物理断电静置 25.0s
[2026-04-17 07:50:51] WARNING  【结论】 [FAIL] 超时未检测到成功关键字
[2026-04-17 07:50:51] INFO     统计 -> 成功: 159 | 失败: 636 | 异常: 1 | 成功率: 20.0%
[2026-04-17 07:50:51] INFO     
-------------------- 第 796 轮 | 最大监听: 29.2s --------------------
[2026-04-17 07:50:51] INFO     继电器 ON (开始充电)
[2026-04-17 07:50:51] INFO     继电器执行 -> ON
[2026-04-17 07:51:20] INFO     继电器 OFF (切断充电)
[2026-04-17 07:51:21] INFO     继电器执行 -> OFF
[2026-04-17 07:51:21] INFO     物理断电静置 25.0s
[2026-04-17 07:51:46] WARNING  【结论】 [FAIL] 超时未检测到成功关键字
[2026-04-17 07:51:46] INFO     统计 -> 成功: 159 | 失败: 637 | 异常: 1 | 成功率: 19.9%
[2026-04-17 07:51:46] INFO     
-------------------- 第 797 轮 | 最大监听: 27.8s --------------------
[2026-04-17 07:51:46] INFO     继电器 ON (开始充电)
[2026-04-17 07:51:46] INFO     继电器执行 -> ON
[2026-04-17 07:52:13] INFO     继电器 OFF (切断充电)
[2026-04-17 07:52:13] INFO     继电器执行 -> OFF
[2026-04-17 07:52:13] INFO     物理断电静置 25.0s
[2026-04-17 07:52:38] WARNING  【结论】 [FAIL] 超时未检测到成功关键字
[2026-04-17 07:52:38] INFO     统计 -> 成功: 159 | 失败: 638 | 异常: 1 | 成功率: 19.9%
[2026-04-17 07:52:38] INFO     
-------------------- 第 798 轮 | 最大监听: 28.9s --------------------
[2026-04-17 07:52:38] INFO     继电器 ON (开始充电)
[2026-04-17 07:52:38] INFO     继电器执行 -> ON
[2026-04-17 07:53:07] INFO     继电器 OFF (切断充电)
[2026-04-17 07:53:07] INFO     继电器执行 -> OFF
[2026-04-17 07:53:07] INFO     物理断电静置 25.0s
[2026-04-17 07:53:32] WARNING  【结论】 [FAIL] 超时未检测到成功关键字
[2026-04-17 07:53:32] INFO     统计 -> 成功: 159 | 失败: 639 | 异常: 1 | 成功率: 19.9%
[2026-04-17 07:53:32] INFO     
-------------------- 第 799 轮 | 最大监听: 25.5s --------------------
[2026-04-17 07:53:32] INFO     继电器 ON (开始充电)
[2026-04-17 07:53:32] INFO     继电器执行 -> ON
[2026-04-17 07:53:58] INFO     继电器 OFF (切断充电)
[2026-04-17 07:53:58] INFO     继电器执行 -> OFF
[2026-04-17 07:53:58] INFO     物理断电静置 25.0s
[2026-04-17 07:54:23] WARNING  【结论】 [FAIL] 超时未检测到成功关键字
[2026-04-17 07:54:23] INFO     统计 -> 成功: 159 | 失败: 640 | 异常: 1 | 成功率: 19.9%
[2026-04-17 07:54:23] INFO     
-------------------- 第 800 轮 | 最大监听: 26.4s --------------------
[2026-04-17 07:54:23] INFO     继电器 ON (开始充电)
[2026-04-17 07:54:23] INFO     继电器执行 -> ON
[2026-04-17 07:54:49] INFO     继电器 OFF (切断充电)
[2026-04-17 07:54:50] INFO     继电器执行 -> OFF
[2026-04-17 07:54:50] INFO     物理断电静置 25.0s
[2026-04-17 07:55:15] WARNING  【结论】 [FAIL] 超时未检测到成功关键字
[2026-04-17 07:55:15] INFO     统计 -> 成功: 159 | 失败: 641 | 异常: 1 | 成功率: 19.9%
[2026-04-17 07:55:15] INFO     
-------------------- 第 801 轮 | 最大监听: 29.4s --------------------
[2026-04-17 07:55:15] INFO     继电器 ON (开始充电)
[2026-04-17 07:55:15] INFO     继电器执行 -> ON
[2026-04-17 07:55:44] INFO     继电器 OFF (切断充电)
[2026-04-17 07:55:44] INFO     继电器执行 -> OFF
[2026-04-17 07:55:44] INFO     物理断电静置 25.0s
[2026-04-17 07:56:09] WARNING  【结论】 [FAIL] 超时未检测到成功关键字
[2026-04-17 07:56:09] INFO     统计 -> 成功: 159 | 失败: 642 | 异常: 1 | 成功率: 19.8%
[2026-04-17 07:56:09] INFO     
-------------------- 第 802 轮 | 最大监听: 28.9s --------------------
[2026-04-17 07:56:09] INFO     继电器 ON (开始充电)
[2026-04-17 07:56:09] INFO     继电器执行 -> ON
[2026-04-17 07:56:38] INFO     继电器 OFF (切断充电)
[2026-04-17 07:56:38] INFO     继电器执行 -> OFF
[2026-04-17 07:56:38] INFO     物理断电静置 25.0s
[2026-04-17 07:57:03] WARNING  【结论】 [FAIL] 超时未检测到成功关键字
[2026-04-17 07:57:03] INFO     统计 -> 成功: 159 | 失败: 643 | 异常: 1 | 成功率: 19.8%
[2026-04-17 07:57:03] INFO     
-------------------- 第 803 轮 | 最大监听: 26.3s --------------------
[2026-04-17 07:57:03] INFO     继电器 ON (开始充电)
[2026-04-17 07:57:03] INFO     继电器执行 -> ON
[2026-04-17 07:57:07] INFO     捕获目标指令: voice_msgnum:9
[2026-04-17 07:57:07] INFO     状态维稳，保持闭合 25.0s
[2026-04-17 07:57:32] INFO     继电器 OFF (切断充电)
[2026-04-17 07:57:32] INFO     继电器执行 -> OFF
[2026-04-17 07:57:32] INFO     物理断电静置 25.0s
[2026-04-17 07:57:57] INFO     【结论】 [PASS] 成功关键字: voice_msgnum:9
[2026-04-17 07:57:57] INFO     统计 -> 成功: 160 | 失败: 643 | 异常: 1 | 成功率: 19.9%
[2026-04-17 07:57:57] INFO     
-------------------- 第 804 轮 | 最大监听: 27.0s --------------------
[2026-04-17 07:57:57] INFO     继电器 ON (开始充电)
[2026-04-17 07:57:57] INFO     继电器执行 -> ON
[2026-04-17 07:58:24] INFO     继电器 OFF (切断充电)
[2026-04-17 07:58:24] INFO     继电器执行 -> OFF
[2026-04-17 07:58:24] INFO     物理断电静置 25.0s
[2026-04-17 07:58:49] WARNING  【结论】 [FAIL] 超时未检测到成功关键字
[2026-04-17 07:58:49] INFO     统计 -> 成功: 160 | 失败: 644 | 异常: 1 | 成功率: 19.9%
[2026-04-17 07:58:49] INFO     
-------------------- 第 805 轮 | 最大监听: 26.4s --------------------
[2026-04-17 07:58:49] INFO     继电器 ON (开始充电)
[2026-04-17 07:58:50] INFO     继电器执行 -> ON
[2026-04-17 07:59:16] INFO     继电器 OFF (切断充电)
[2026-04-17 07:59:16] INFO     继电器执行 -> OFF
[2026-04-17 07:59:16] INFO     物理断电静置 25.0s
[2026-04-17 07:59:41] WARNING  【结论】 [FAIL] 超时未检测到成功关键字
[2026-04-17 07:59:41] INFO     统计 -> 成功: 160 | 失败: 645 | 异常: 1 | 成功率: 19.9%
[2026-04-17 07:59:41] INFO     
-------------------- 第 806 轮 | 最大监听: 25.6s --------------------
[2026-04-17 07:59:41] INFO     继电器 ON (开始充电)
[2026-04-17 07:59:41] INFO     继电器执行 -> ON
[2026-04-17 08:00:07] INFO     继电器 OFF (切断充电)
[2026-04-17 08:00:07] INFO     继电器执行 -> OFF
[2026-04-17 08:00:07] INFO     物理断电静置 25.0s
[2026-04-17 08:00:32] WARNING  【结论】 [FAIL] 超时未检测到成功关键字
[2026-04-17 08:00:32] INFO     统计 -> 成功: 160 | 失败: 646 | 异常: 1 | 成功率: 19.8%
[2026-04-17 08:00:32] INFO     
-------------------- 第 807 轮 | 最大监听: 29.1s --------------------
[2026-04-17 08:00:32] INFO     继电器 ON (开始充电)
[2026-04-17 08:00:32] INFO     继电器执行 -> ON
[2026-04-17 08:01:01] INFO     继电器 OFF (切断充电)
[2026-04-17 08:01:01] INFO     继电器执行 -> OFF
[2026-04-17 08:01:01] INFO     物理断电静置 25.0s
[2026-04-17 08:01:26] WARNING  【结论】 [FAIL] 超时未检测到成功关键字
[2026-04-17 08:01:26] INFO     统计 -> 成功: 160 | 失败: 647 | 异常: 1 | 成功率: 19.8%
[2026-04-17 08:01:26] INFO     
-------------------- 第 808 轮 | 最大监听: 25.8s --------------------
[2026-04-17 08:01:26] INFO     继电器 ON (开始充电)
[2026-04-17 08:01:26] INFO     继电器执行 -> ON
[2026-04-17 08:01:36] INFO     捕获目标指令: voice_msgnum:9
[2026-04-17 08:01:36] INFO     状态维稳，保持闭合 25.0s
[2026-04-17 08:02:01] INFO     继电器 OFF (切断充电)
[2026-04-17 08:02:01] INFO     继电器执行 -> OFF
[2026-04-17 08:02:01] INFO     物理断电静置 25.0s
[2026-04-17 08:02:26] INFO     【结论】 [PASS] 成功关键字: voice_msgnum:9
[2026-04-17 08:02:26] INFO     统计 -> 成功: 161 | 失败: 647 | 异常: 1 | 成功率: 19.9%
[2026-04-17 08:02:26] INFO     
-------------------- 第 809 轮 | 最大监听: 25.2s --------------------
[2026-04-17 08:02:26] INFO     继电器 ON (开始充电)
[2026-04-17 08:02:26] INFO     继电器执行 -> ON
[2026-04-17 08:02:52] INFO     继电器 OFF (切断充电)
[2026-04-17 08:02:52] INFO     继电器执行 -> OFF
[2026-04-17 08:02:52] INFO     物理断电静置 25.0s
[2026-04-17 08:03:17] WARNING  【结论】 [FAIL] 超时未检测到成功关键字
[2026-04-17 08:03:17] INFO     统计 -> 成功: 161 | 失败: 648 | 异常: 1 | 成功率: 19.9%
[2026-04-17 08:03:17] INFO     
-------------------- 第 810 轮 | 最大监听: 26.9s --------------------
[2026-04-17 08:03:17] INFO     继电器 ON (开始充电)
[2026-04-17 08:03:17] INFO     继电器执行 -> ON
[2026-04-17 08:03:44] INFO     继电器 OFF (切断充电)
[2026-04-17 08:03:44] INFO     继电器执行 -> OFF
[2026-04-17 08:03:44] INFO     物理断电静置 25.0s
[2026-04-17 08:04:09] WARNING  【结论】 [FAIL] 超时未检测到成功关键字
[2026-04-17 08:04:09] INFO     统计 -> 成功: 161 | 失败: 649 | 异常: 1 | 成功率: 19.9%
[2026-04-17 08:04:09] INFO     
-------------------- 第 811 轮 | 最大监听: 29.7s --------------------
[2026-04-17 08:04:09] INFO     继电器 ON (开始充电)
[2026-04-17 08:04:09] INFO     继电器执行 -> ON
[2026-04-17 08:04:38] INFO     继电器 OFF (切断充电)
[2026-04-17 08:04:39] INFO     继电器执行 -> OFF
[2026-04-17 08:04:39] INFO     物理断电静置 25.0s
[2026-04-17 08:05:04] WARNING  【结论】 [FAIL] 超时未检测到成功关键字
[2026-04-17 08:05:04] INFO     统计 -> 成功: 161 | 失败: 650 | 异常: 1 | 成功率: 19.8%
[2026-04-17 08:05:04] INFO     
-------------------- 第 812 轮 | 最大监听: 28.5s --------------------
[2026-04-17 08:05:04] INFO     继电器 ON (开始充电)
[2026-04-17 08:05:04] INFO     继电器执行 -> ON
[2026-04-17 08:05:32] INFO     继电器 OFF (切断充电)
[2026-04-17 08:05:32] INFO     继电器执行 -> OFF
[2026-04-17 08:05:32] INFO     物理断电静置 25.0s
[2026-04-17 08:05:57] WARNING  【结论】 [FAIL] 超时未检测到成功关键字
[2026-04-17 08:05:57] INFO     统计 -> 成功: 161 | 失败: 651 | 异常: 1 | 成功率: 19.8%
[2026-04-17 08:05:57] INFO     
-------------------- 第 813 轮 | 最大监听: 27.1s --------------------
[2026-04-17 08:05:57] INFO     继电器 ON (开始充电)
[2026-04-17 08:05:57] INFO     继电器执行 -> ON
[2026-04-17 08:06:24] INFO     继电器 OFF (切断充电)
[2026-04-17 08:06:24] INFO     继电器执行 -> OFF
[2026-04-17 08:06:24] INFO     物理断电静置 25.0s
[2026-04-17 08:06:49] WARNING  【结论】 [FAIL] 超时未检测到成功关键字
[2026-04-17 08:06:49] INFO     统计 -> 成功: 161 | 失败: 652 | 异常: 1 | 成功率: 19.8%
[2026-04-17 08:06:49] INFO     
-------------------- 第 814 轮 | 最大监听: 28.0s --------------------
[2026-04-17 08:06:49] INFO     继电器 ON (开始充电)
[2026-04-17 08:06:49] INFO     继电器执行 -> ON
[2026-04-17 08:07:17] INFO     继电器 OFF (切断充电)
[2026-04-17 08:07:17] INFO     继电器执行 -> OFF
[2026-04-17 08:07:17] INFO     物理断电静置 25.0s
[2026-04-17 08:07:42] WARNING  【结论】 [FAIL] 超时未检测到成功关键字
[2026-04-17 08:07:42] INFO     统计 -> 成功: 161 | 失败: 653 | 异常: 1 | 成功率: 19.8%
[2026-04-17 08:07:42] INFO     
-------------------- 第 815 轮 | 最大监听: 25.2s --------------------
[2026-04-17 08:07:42] INFO     继电器 ON (开始充电)
[2026-04-17 08:07:43] INFO     继电器执行 -> ON
[2026-04-17 08:08:08] INFO     继电器 OFF (切断充电)
[2026-04-17 08:08:08] INFO     继电器执行 -> OFF
[2026-04-17 08:08:08] INFO     物理断电静置 25.0s
[2026-04-17 08:08:33] WARNING  【结论】 [FAIL] 超时未检测到成功关键字
[2026-04-17 08:08:33] INFO     统计 -> 成功: 161 | 失败: 654 | 异常: 1 | 成功率: 19.7%
[2026-04-17 08:08:33] INFO     
-------------------- 第 816 轮 | 最大监听: 26.4s --------------------
[2026-04-17 08:08:33] INFO     继电器 ON (开始充电)
[2026-04-17 08:08:33] INFO     继电器执行 -> ON
[2026-04-17 08:08:59] INFO     继电器 OFF (切断充电)
[2026-04-17 08:08:59] INFO     继电器执行 -> OFF
[2026-04-17 08:08:59] INFO     物理断电静置 25.0s
[2026-04-17 08:09:24] WARNING  【结论】 [FAIL] 超时未检测到成功关键字
[2026-04-17 08:09:24] INFO     统计 -> 成功: 161 | 失败: 655 | 异常: 1 | 成功率: 19.7%
[2026-04-17 08:09:24] INFO     
-------------------- 第 817 轮 | 最大监听: 27.2s --------------------
[2026-04-17 08:09:24] INFO     继电器 ON (开始充电)
[2026-04-17 08:09:24] INFO     继电器执行 -> ON
[2026-04-17 08:09:52] INFO     继电器 OFF (切断充电)
[2026-04-17 08:09:52] INFO     继电器执行 -> OFF
[2026-04-17 08:09:52] INFO     物理断电静置 25.0s
[2026-04-17 08:10:17] WARNING  【结论】 [FAIL] 超时未检测到成功关键字
[2026-04-17 08:10:17] INFO     统计 -> 成功: 161 | 失败: 656 | 异常: 1 | 成功率: 19.7%
[2026-04-17 08:10:17] INFO     
-------------------- 第 818 轮 | 最大监听: 27.4s --------------------
[2026-04-17 08:10:17] INFO     继电器 ON (开始充电)
[2026-04-17 08:10:17] INFO     继电器执行 -> ON
[2026-04-17 08:10:44] INFO     继电器 OFF (切断充电)
[2026-04-17 08:10:44] INFO     继电器执行 -> OFF
[2026-04-17 08:10:44] INFO     物理断电静置 25.0s
[2026-04-17 08:11:09] WARNING  【结论】 [FAIL] 超时未检测到成功关键字
[2026-04-17 08:11:09] INFO     统计 -> 成功: 161 | 失败: 657 | 异常: 1 | 成功率: 19.7%
[2026-04-17 08:11:09] INFO     
-------------------- 第 819 轮 | 最大监听: 27.4s --------------------
[2026-04-17 08:11:09] INFO     继电器 ON (开始充电)
[2026-04-17 08:11:09] INFO     继电器执行 -> ON
[2026-04-17 08:11:37] INFO     继电器 OFF (切断充电)
[2026-04-17 08:11:37] INFO     继电器执行 -> OFF
[2026-04-17 08:11:37] INFO     物理断电静置 25.0s
[2026-04-17 08:12:02] WARNING  【结论】 [FAIL] 超时未检测到成功关键字
[2026-04-17 08:12:02] INFO     统计 -> 成功: 161 | 失败: 658 | 异常: 1 | 成功率: 19.6%
[2026-04-17 08:12:02] INFO     
-------------------- 第 820 轮 | 最大监听: 28.8s --------------------
[2026-04-17 08:12:02] INFO     继电器 ON (开始充电)
[2026-04-17 08:12:02] INFO     继电器执行 -> ON
[2026-04-17 08:12:30] INFO     继电器 OFF (切断充电)
[2026-04-17 08:12:31] INFO     继电器执行 -> OFF
[2026-04-17 08:12:31] INFO     物理断电静置 25.0s
[2026-04-17 08:12:56] WARNING  【结论】 [FAIL] 超时未检测到成功关键字
[2026-04-17 08:12:56] INFO     统计 -> 成功: 161 | 失败: 659 | 异常: 1 | 成功率: 19.6%
[2026-04-17 08:12:56] INFO     
-------------------- 第 821 轮 | 最大监听: 26.0s --------------------
[2026-04-17 08:12:56] INFO     继电器 ON (开始充电)
[2026-04-17 08:12:56] INFO     继电器执行 -> ON
[2026-04-17 08:13:22] INFO     继电器 OFF (切断充电)
[2026-04-17 08:13:22] INFO     继电器执行 -> OFF
[2026-04-17 08:13:22] INFO     物理断电静置 25.0s
[2026-04-17 08:13:47] WARNING  【结论】 [FAIL] 超时未检测到成功关键字
[2026-04-17 08:13:47] INFO     统计 -> 成功: 161 | 失败: 660 | 异常: 1 | 成功率: 19.6%
[2026-04-17 08:13:47] INFO     
-------------------- 第 822 轮 | 最大监听: 26.6s --------------------
[2026-04-17 08:13:47] INFO     继电器 ON (开始充电)
[2026-04-17 08:13:47] INFO     继电器执行 -> ON
[2026-04-17 08:14:13] INFO     继电器 OFF (切断充电)
[2026-04-17 08:14:13] INFO     继电器执行 -> OFF
[2026-04-17 08:14:13] INFO     物理断电静置 25.0s
[2026-04-17 08:14:38] WARNING  【结论】 [FAIL] 超时未检测到成功关键字
[2026-04-17 08:14:38] INFO     统计 -> 成功: 161 | 失败: 661 | 异常: 1 | 成功率: 19.6%
[2026-04-17 08:14:38] INFO     
-------------------- 第 823 轮 | 最大监听: 28.2s --------------------
[2026-04-17 08:14:38] INFO     继电器 ON (开始充电)
[2026-04-17 08:14:38] INFO     继电器执行 -> ON
[2026-04-17 08:15:07] INFO     继电器 OFF (切断充电)
[2026-04-17 08:15:07] INFO     继电器执行 -> OFF
[2026-04-17 08:15:07] INFO     物理断电静置 25.0s
[2026-04-17 08:15:32] WARNING  【结论】 [FAIL] 超时未检测到成功关键字
[2026-04-17 08:15:32] INFO     统计 -> 成功: 161 | 失败: 662 | 异常: 1 | 成功率: 19.5%
[2026-04-17 08:15:32] INFO     
-------------------- 第 824 轮 | 最大监听: 26.6s --------------------
[2026-04-17 08:15:32] INFO     继电器 ON (开始充电)
[2026-04-17 08:15:32] INFO     继电器执行 -> ON
[2026-04-17 08:15:58] INFO     继电器 OFF (切断充电)
[2026-04-17 08:15:58] INFO     继电器执行 -> OFF
[2026-04-17 08:15:58] INFO     物理断电静置 25.0s
[2026-04-17 08:16:23] WARNING  【结论】 [FAIL] 超时未检测到成功关键字
[2026-04-17 08:16:23] INFO     统计 -> 成功: 161 | 失败: 663 | 异常: 1 | 成功率: 19.5%
[2026-04-17 08:16:23] INFO     
-------------------- 第 825 轮 | 最大监听: 25.3s --------------------
[2026-04-17 08:16:23] INFO     继电器 ON (开始充电)
[2026-04-17 08:16:23] INFO     继电器执行 -> ON
[2026-04-17 08:16:49] INFO     继电器 OFF (切断充电)
[2026-04-17 08:16:49] INFO     继电器执行 -> OFF
[2026-04-17 08:16:49] INFO     物理断电静置 25.0s
[2026-04-17 08:17:14] WARNING  【结论】 [FAIL] 超时未检测到成功关键字
[2026-04-17 08:17:14] INFO     统计 -> 成功: 161 | 失败: 664 | 异常: 1 | 成功率: 19.5%
[2026-04-17 08:17:14] INFO     
-------------------- 第 826 轮 | 最大监听: 25.3s --------------------
[2026-04-17 08:17:14] INFO     继电器 ON (开始充电)
[2026-04-17 08:17:14] INFO     继电器执行 -> ON
[2026-04-17 08:17:39] INFO     继电器 OFF (切断充电)
[2026-04-17 08:17:39] INFO     继电器执行 -> OFF
[2026-04-17 08:17:39] INFO     物理断电静置 25.0s
[2026-04-17 08:18:04] WARNING  【结论】 [FAIL] 超时未检测到成功关键字
[2026-04-17 08:18:04] INFO     统计 -> 成功: 161 | 失败: 665 | 异常: 1 | 成功率: 19.5%
[2026-04-17 08:18:04] INFO     
-------------------- 第 827 轮 | 最大监听: 28.1s --------------------
[2026-04-17 08:18:04] INFO     继电器 ON (开始充电)
[2026-04-17 08:18:04] INFO     继电器执行 -> ON
[2026-04-17 08:18:32] INFO     继电器 OFF (切断充电)
[2026-04-17 08:18:32] INFO     继电器执行 -> OFF
[2026-04-17 08:18:32] INFO     物理断电静置 25.0s
[2026-04-17 08:18:57] WARNING  【结论】 [FAIL] 超时未检测到成功关键字
[2026-04-17 08:18:57] INFO     统计 -> 成功: 161 | 失败: 666 | 异常: 1 | 成功率: 19.4%
[2026-04-17 08:18:57] INFO     
-------------------- 第 828 轮 | 最大监听: 25.8s --------------------
[2026-04-17 08:18:57] INFO     继电器 ON (开始充电)
[2026-04-17 08:18:57] INFO     继电器执行 -> ON
[2026-04-17 08:19:23] INFO     继电器 OFF (切断充电)
[2026-04-17 08:19:23] INFO     继电器执行 -> OFF
[2026-04-17 08:19:23] INFO     物理断电静置 25.0s
[2026-04-17 08:19:48] WARNING  【结论】 [FAIL] 超时未检测到成功关键字
[2026-04-17 08:19:48] INFO     统计 -> 成功: 161 | 失败: 667 | 异常: 1 | 成功率: 19.4%
[2026-04-17 08:19:48] INFO     
-------------------- 第 829 轮 | 最大监听: 26.5s --------------------
[2026-04-17 08:19:48] INFO     继电器 ON (开始充电)
[2026-04-17 08:19:48] INFO     继电器执行 -> ON
[2026-04-17 08:20:15] INFO     继电器 OFF (切断充电)
[2026-04-17 08:20:15] INFO     继电器执行 -> OFF
[2026-04-17 08:20:15] INFO     物理断电静置 25.0s
[2026-04-17 08:20:40] WARNING  【结论】 [FAIL] 超时未检测到成功关键字
[2026-04-17 08:20:40] INFO     统计 -> 成功: 161 | 失败: 668 | 异常: 1 | 成功率: 19.4%
[2026-04-17 08:20:40] INFO     
-------------------- 第 830 轮 | 最大监听: 28.9s --------------------
[2026-04-17 08:20:40] INFO     继电器 ON (开始充电)
[2026-04-17 08:20:40] INFO     继电器执行 -> ON
[2026-04-17 08:21:09] INFO     继电器 OFF (切断充电)
[2026-04-17 08:21:09] INFO     继电器执行 -> OFF
[2026-04-17 08:21:09] INFO     物理断电静置 25.0s
[2026-04-17 08:21:34] WARNING  【结论】 [FAIL] 超时未检测到成功关键字
[2026-04-17 08:21:34] INFO     统计 -> 成功: 161 | 失败: 669 | 异常: 1 | 成功率: 19.4%
[2026-04-17 08:21:34] INFO     
-------------------- 第 831 轮 | 最大监听: 28.9s --------------------
[2026-04-17 08:21:34] INFO     继电器 ON (开始充电)
[2026-04-17 08:21:34] INFO     继电器执行 -> ON
[2026-04-17 08:21:47] INFO     捕获目标指令: voice_msgnum:9
[2026-04-17 08:21:47] INFO     状态维稳，保持闭合 25.0s
[2026-04-17 08:22:12] INFO     继电器 OFF (切断充电)
[2026-04-17 08:22:12] INFO     继电器执行 -> OFF
[2026-04-17 08:22:12] INFO     物理断电静置 25.0s
[2026-04-17 08:22:37] INFO     【结论】 [PASS] 成功关键字: voice_msgnum:9
[2026-04-17 08:22:37] INFO     统计 -> 成功: 162 | 失败: 669 | 异常: 1 | 成功率: 19.5%
[2026-04-17 08:22:37] INFO     
-------------------- 第 832 轮 | 最大监听: 28.0s --------------------
[2026-04-17 08:22:37] INFO     继电器 ON (开始充电)
[2026-04-17 08:22:37] INFO     继电器执行 -> ON
[2026-04-17 08:23:05] INFO     继电器 OFF (切断充电)
[2026-04-17 08:23:06] INFO     继电器执行 -> OFF
[2026-04-17 08:23:06] INFO     物理断电静置 25.0s
[2026-04-17 08:23:31] WARNING  【结论】 [FAIL] 超时未检测到成功关键字
[2026-04-17 08:23:31] INFO     统计 -> 成功: 162 | 失败: 670 | 异常: 1 | 成功率: 19.4%
[2026-04-17 08:23:31] INFO     
-------------------- 第 833 轮 | 最大监听: 29.8s --------------------
[2026-04-17 08:23:31] INFO     继电器 ON (开始充电)
[2026-04-17 08:23:31] INFO     继电器执行 -> ON
[2026-04-17 08:23:32] INFO     捕获目标指令: voice_msgnum:9
[2026-04-17 08:23:32] INFO     状态维稳，保持闭合 25.0s
[2026-04-17 08:23:57] INFO     继电器 OFF (切断充电)
[2026-04-17 08:23:57] INFO     继电器执行 -> OFF
[2026-04-17 08:23:57] INFO     物理断电静置 25.0s
[2026-04-17 08:24:22] INFO     【结论】 [PASS] 成功关键字: voice_msgnum:9
[2026-04-17 08:24:22] INFO     统计 -> 成功: 163 | 失败: 670 | 异常: 1 | 成功率: 19.5%
[2026-04-17 08:24:22] INFO     
-------------------- 第 834 轮 | 最大监听: 29.9s --------------------
[2026-04-17 08:24:22] INFO     继电器 ON (开始充电)
[2026-04-17 08:24:22] INFO     继电器执行 -> ON
[2026-04-17 08:24:24] INFO     捕获目标指令: voice_msgnum:9
[2026-04-17 08:24:24] INFO     状态维稳，保持闭合 25.0s
[2026-04-17 08:24:49] INFO     继电器 OFF (切断充电)
[2026-04-17 08:24:49] INFO     继电器执行 -> OFF
[2026-04-17 08:24:49] INFO     物理断电静置 25.0s
[2026-04-17 08:25:14] INFO     【结论】 [PASS] 成功关键字: voice_msgnum:9
[2026-04-17 08:25:14] INFO     统计 -> 成功: 164 | 失败: 670 | 异常: 1 | 成功率: 19.6%
[2026-04-17 08:25:14] INFO     
-------------------- 第 835 轮 | 最大监听: 28.2s --------------------
[2026-04-17 08:25:14] INFO     继电器 ON (开始充电)
[2026-04-17 08:25:14] INFO     继电器执行 -> ON
[2026-04-17 08:25:15] INFO     捕获目标指令: voice_msgnum:9
[2026-04-17 08:25:15] INFO     状态维稳，保持闭合 25.0s
[2026-04-17 08:25:40] INFO     继电器 OFF (切断充电)
[2026-04-17 08:25:40] INFO     继电器执行 -> OFF
[2026-04-17 08:25:40] INFO     物理断电静置 25.0s
[2026-04-17 08:26:05] INFO     【结论】 [PASS] 成功关键字: voice_msgnum:9
[2026-04-17 08:26:05] INFO     统计 -> 成功: 165 | 失败: 670 | 异常: 1 | 成功率: 19.7%
[2026-04-17 08:26:05] INFO     
-------------------- 第 836 轮 | 最大监听: 25.3s --------------------
[2026-04-17 08:26:05] INFO     继电器 ON (开始充电)
[2026-04-17 08:26:05] INFO     继电器执行 -> ON
[2026-04-17 08:26:30] INFO     继电器 OFF (切断充电)
[2026-04-17 08:26:30] INFO     继电器执行 -> OFF
[2026-04-17 08:26:30] INFO     物理断电静置 25.0s
[2026-04-17 08:26:55] WARNING  【结论】 [FAIL] 超时未检测到成功关键字
[2026-04-17 08:26:55] INFO     统计 -> 成功: 165 | 失败: 671 | 异常: 1 | 成功率: 19.7%
[2026-04-17 08:26:55] INFO     
-------------------- 第 837 轮 | 最大监听: 26.0s --------------------
[2026-04-17 08:26:55] INFO     继电器 ON (开始充电)
[2026-04-17 08:26:56] INFO     继电器执行 -> ON
[2026-04-17 08:27:22] INFO     继电器 OFF (切断充电)
[2026-04-17 08:27:22] INFO     继电器执行 -> OFF
[2026-04-17 08:27:22] INFO     物理断电静置 25.0s
[2026-04-17 08:27:47] WARNING  【结论】 [FAIL] 超时未检测到成功关键字
[2026-04-17 08:27:47] INFO     统计 -> 成功: 165 | 失败: 672 | 异常: 1 | 成功率: 19.7%
[2026-04-17 08:27:47] INFO     
-------------------- 第 838 轮 | 最大监听: 28.9s --------------------
[2026-04-17 08:27:47] INFO     继电器 ON (开始充电)
[2026-04-17 08:27:47] INFO     继电器执行 -> ON
[2026-04-17 08:28:03] INFO     捕获目标指令: voice_msgnum:9
[2026-04-17 08:28:03] INFO     状态维稳，保持闭合 25.0s
[2026-04-17 08:28:28] INFO     继电器 OFF (切断充电)
[2026-04-17 08:28:28] INFO     继电器执行 -> OFF
[2026-04-17 08:28:28] INFO     物理断电静置 25.0s
[2026-04-17 08:28:53] INFO     【结论】 [PASS] 成功关键字: voice_msgnum:9
[2026-04-17 08:28:53] INFO     统计 -> 成功: 166 | 失败: 672 | 异常: 1 | 成功率: 19.8%
[2026-04-17 08:28:53] INFO     
-------------------- 第 839 轮 | 最大监听: 29.5s --------------------
[2026-04-17 08:28:53] INFO     继电器 ON (开始充电)
[2026-04-17 08:28:53] INFO     继电器执行 -> ON
[2026-04-17 08:29:23] INFO     继电器 OFF (切断充电)
[2026-04-17 08:29:23] INFO     继电器执行 -> OFF
[2026-04-17 08:29:23] INFO     物理断电静置 25.0s
[2026-04-17 08:29:48] WARNING  【结论】 [FAIL] 超时未检测到成功关键字
[2026-04-17 08:29:48] INFO     统计 -> 成功: 166 | 失败: 673 | 异常: 1 | 成功率: 19.8%
[2026-04-17 08:29:48] INFO     
-------------------- 第 840 轮 | 最大监听: 25.9s --------------------
[2026-04-17 08:29:48] INFO     继电器 ON (开始充电)
[2026-04-17 08:29:48] INFO     继电器执行 -> ON
[2026-04-17 08:30:14] INFO     继电器 OFF (切断充电)
[2026-04-17 08:30:14] INFO     继电器执行 -> OFF
[2026-04-17 08:30:14] INFO     物理断电静置 25.0s
[2026-04-17 08:30:39] WARNING  【结论】 [FAIL] 超时未检测到成功关键字
[2026-04-17 08:30:39] INFO     统计 -> 成功: 166 | 失败: 674 | 异常: 1 | 成功率: 19.7%
[2026-04-17 08:30:39] INFO     
-------------------- 第 841 轮 | 最大监听: 29.3s --------------------
[2026-04-17 08:30:39] INFO     继电器 ON (开始充电)
[2026-04-17 08:30:39] INFO     继电器执行 -> ON
[2026-04-17 08:30:43] INFO     捕获目标指令: voice_msgnum:9
[2026-04-17 08:30:43] INFO     状态维稳，保持闭合 25.0s
[2026-04-17 08:31:08] INFO     继电器 OFF (切断充电)
[2026-04-17 08:31:08] INFO     继电器执行 -> OFF
[2026-04-17 08:31:08] INFO     物理断电静置 25.0s
[2026-04-17 08:31:33] INFO     【结论】 [PASS] 成功关键字: voice_msgnum:9
[2026-04-17 08:31:33] INFO     统计 -> 成功: 167 | 失败: 674 | 异常: 1 | 成功率: 19.8%
[2026-04-17 08:31:33] INFO     
-------------------- 第 842 轮 | 最大监听: 26.5s --------------------
[2026-04-17 08:31:33] INFO     继电器 ON (开始充电)
[2026-04-17 08:31:33] INFO     继电器执行 -> ON
[2026-04-17 08:32:00] INFO     继电器 OFF (切断充电)
[2026-04-17 08:32:00] INFO     继电器执行 -> OFF
[2026-04-17 08:32:00] INFO     物理断电静置 25.0s
[2026-04-17 08:32:25] WARNING  【结论】 [FAIL] 超时未检测到成功关键字
[2026-04-17 08:32:25] INFO     统计 -> 成功: 167 | 失败: 675 | 异常: 1 | 成功率: 19.8%
[2026-04-17 08:32:25] INFO     
-------------------- 第 843 轮 | 最大监听: 25.5s --------------------
[2026-04-17 08:32:25] INFO     继电器 ON (开始充电)
[2026-04-17 08:32:25] INFO     继电器执行 -> ON
[2026-04-17 08:32:29] INFO     捕获目标指令: voice_msgnum:9
[2026-04-17 08:32:29] INFO     状态维稳，保持闭合 25.0s
[2026-04-17 08:32:54] INFO     继电器 OFF (切断充电)
[2026-04-17 08:32:54] INFO     继电器执行 -> OFF
[2026-04-17 08:32:54] INFO     物理断电静置 25.0s
[2026-04-17 08:33:19] INFO     【结论】 [PASS] 成功关键字: voice_msgnum:9
[2026-04-17 08:33:19] INFO     统计 -> 成功: 168 | 失败: 675 | 异常: 1 | 成功率: 19.9%
[2026-04-17 08:33:19] INFO     
-------------------- 第 844 轮 | 最大监听: 25.1s --------------------
[2026-04-17 08:33:19] INFO     继电器 ON (开始充电)
[2026-04-17 08:33:19] INFO     继电器执行 -> ON
[2026-04-17 08:33:44] INFO     继电器 OFF (切断充电)
[2026-04-17 08:33:44] INFO     继电器执行 -> OFF
[2026-04-17 08:33:44] INFO     物理断电静置 25.0s
[2026-04-17 08:34:09] WARNING  【结论】 [FAIL] 超时未检测到成功关键字
[2026-04-17 08:34:09] INFO     统计 -> 成功: 168 | 失败: 676 | 异常: 1 | 成功率: 19.9%
[2026-04-17 08:34:09] INFO     
-------------------- 第 845 轮 | 最大监听: 29.8s --------------------
[2026-04-17 08:34:09] INFO     继电器 ON (开始充电)
[2026-04-17 08:34:09] INFO     继电器执行 -> ON
[2026-04-17 08:34:39] INFO     继电器 OFF (切断充电)
[2026-04-17 08:34:39] INFO     继电器执行 -> OFF
[2026-04-17 08:34:39] INFO     物理断电静置 25.0s
[2026-04-17 08:35:04] WARNING  【结论】 [FAIL] 超时未检测到成功关键字
[2026-04-17 08:35:04] INFO     统计 -> 成功: 168 | 失败: 677 | 异常: 1 | 成功率: 19.9%
[2026-04-17 08:35:04] INFO     
-------------------- 第 846 轮 | 最大监听: 29.7s --------------------
[2026-04-17 08:35:04] INFO     继电器 ON (开始充电)
[2026-04-17 08:35:04] INFO     继电器执行 -> ON
[2026-04-17 08:35:34] INFO     继电器 OFF (切断充电)
[2026-04-17 08:35:34] INFO     继电器执行 -> OFF
[2026-04-17 08:35:34] INFO     物理断电静置 25.0s
[2026-04-17 08:35:59] WARNING  【结论】 [FAIL] 超时未检测到成功关键字
[2026-04-17 08:35:59] INFO     统计 -> 成功: 168 | 失败: 678 | 异常: 1 | 成功率: 19.8%
[2026-04-17 08:35:59] INFO     
-------------------- 第 847 轮 | 最大监听: 28.6s --------------------
[2026-04-17 08:35:59] INFO     继电器 ON (开始充电)
[2026-04-17 08:35:59] INFO     继电器执行 -> ON
[2026-04-17 08:36:06] INFO     捕获目标指令: voice_msgnum:9
[2026-04-17 08:36:06] INFO     状态维稳，保持闭合 25.0s
[2026-04-17 08:36:31] INFO     继电器 OFF (切断充电)
[2026-04-17 08:36:31] INFO     继电器执行 -> OFF
[2026-04-17 08:36:31] INFO     物理断电静置 25.0s
[2026-04-17 08:36:56] INFO     【结论】 [PASS] 成功关键字: voice_msgnum:9
[2026-04-17 08:36:56] INFO     统计 -> 成功: 169 | 失败: 678 | 异常: 1 | 成功率: 19.9%
[2026-04-17 08:36:56] INFO     
-------------------- 第 848 轮 | 最大监听: 25.5s --------------------
[2026-04-17 08:36:56] INFO     继电器 ON (开始充电)
[2026-04-17 08:36:56] INFO     继电器执行 -> ON
[2026-04-17 08:37:22] INFO     继电器 OFF (切断充电)
[2026-04-17 08:37:22] INFO     继电器执行 -> OFF
[2026-04-17 08:37:22] INFO     物理断电静置 25.0s
[2026-04-17 08:37:47] WARNING  【结论】 [FAIL] 超时未检测到成功关键字
[2026-04-17 08:37:47] INFO     统计 -> 成功: 169 | 失败: 679 | 异常: 1 | 成功率: 19.9%
[2026-04-17 08:37:47] INFO     
-------------------- 第 849 轮 | 最大监听: 28.4s --------------------
[2026-04-17 08:37:47] INFO     继电器 ON (开始充电)
[2026-04-17 08:37:47] INFO     继电器执行 -> ON
[2026-04-17 08:38:15] INFO     继电器 OFF (切断充电)
[2026-04-17 08:38:16] INFO     继电器执行 -> OFF
[2026-04-17 08:38:16] INFO     物理断电静置 25.0s
[2026-04-17 08:38:41] WARNING  【结论】 [FAIL] 超时未检测到成功关键字
[2026-04-17 08:38:41] INFO     统计 -> 成功: 169 | 失败: 680 | 异常: 1 | 成功率: 19.9%
[2026-04-17 08:38:41] INFO     
-------------------- 第 850 轮 | 最大监听: 27.6s --------------------
[2026-04-17 08:38:41] INFO     继电器 ON (开始充电)
[2026-04-17 08:38:41] INFO     继电器执行 -> ON
[2026-04-17 08:39:08] INFO     继电器 OFF (切断充电)
[2026-04-17 08:39:08] INFO     继电器执行 -> OFF
[2026-04-17 08:39:08] INFO     物理断电静置 25.0s
[2026-04-17 08:39:33] WARNING  【结论】 [FAIL] 超时未检测到成功关键字
[2026-04-17 08:39:33] INFO     统计 -> 成功: 169 | 失败: 681 | 异常: 1 | 成功率: 19.9%
[2026-04-17 08:39:33] INFO     
-------------------- 第 851 轮 | 最大监听: 26.3s --------------------
[2026-04-17 08:39:33] INFO     继电器 ON (开始充电)
[2026-04-17 08:39:33] INFO     继电器执行 -> ON
[2026-04-17 08:40:00] INFO     继电器 OFF (切断充电)
[2026-04-17 08:40:00] INFO     继电器执行 -> OFF
[2026-04-17 08:40:00] INFO     物理断电静置 25.0s
[2026-04-17 08:40:25] WARNING  【结论】 [FAIL] 超时未检测到成功关键字
[2026-04-17 08:40:25] INFO     统计 -> 成功: 169 | 失败: 682 | 异常: 1 | 成功率: 19.8%
[2026-04-17 08:40:25] INFO     
-------------------- 第 852 轮 | 最大监听: 27.3s --------------------
[2026-04-17 08:40:25] INFO     继电器 ON (开始充电)
[2026-04-17 08:40:25] INFO     继电器执行 -> ON
[2026-04-17 08:40:52] INFO     继电器 OFF (切断充电)
[2026-04-17 08:40:52] INFO     继电器执行 -> OFF
[2026-04-17 08:40:52] INFO     物理断电静置 25.0s
[2026-04-17 08:41:17] WARNING  【结论】 [FAIL] 超时未检测到成功关键字
[2026-04-17 08:41:17] INFO     统计 -> 成功: 169 | 失败: 683 | 异常: 1 | 成功率: 19.8%
[2026-04-17 08:41:17] INFO     
-------------------- 第 853 轮 | 最大监听: 28.5s --------------------
[2026-04-17 08:41:17] INFO     继电器 ON (开始充电)
[2026-04-17 08:41:17] INFO     继电器执行 -> ON
[2026-04-17 08:41:46] INFO     继电器 OFF (切断充电)
[2026-04-17 08:41:46] INFO     继电器执行 -> OFF
[2026-04-17 08:41:46] INFO     物理断电静置 25.0s
[2026-04-17 08:42:11] WARNING  【结论】 [FAIL] 超时未检测到成功关键字
[2026-04-17 08:42:11] INFO     统计 -> 成功: 169 | 失败: 684 | 异常: 1 | 成功率: 19.8%
[2026-04-17 08:42:11] INFO     
-------------------- 第 854 轮 | 最大监听: 27.9s --------------------
[2026-04-17 08:42:11] INFO     继电器 ON (开始充电)
[2026-04-17 08:42:11] INFO     继电器执行 -> ON
[2026-04-17 08:42:39] INFO     继电器 OFF (切断充电)
[2026-04-17 08:42:39] INFO     继电器执行 -> OFF
[2026-04-17 08:42:39] INFO     物理断电静置 25.0s
[2026-04-17 08:43:04] WARNING  【结论】 [FAIL] 超时未检测到成功关键字
[2026-04-17 08:43:04] INFO     统计 -> 成功: 169 | 失败: 685 | 异常: 1 | 成功率: 19.8%
[2026-04-17 08:43:04] INFO     
-------------------- 第 855 轮 | 最大监听: 28.8s --------------------
[2026-04-17 08:43:04] INFO     继电器 ON (开始充电)
[2026-04-17 08:43:04] INFO     继电器执行 -> ON
[2026-04-17 08:43:33] INFO     继电器 OFF (切断充电)
[2026-04-17 08:43:33] INFO     继电器执行 -> OFF
[2026-04-17 08:43:33] INFO     物理断电静置 25.0s
[2026-04-17 08:43:58] WARNING  【结论】 [FAIL] 超时未检测到成功关键字
[2026-04-17 08:43:58] INFO     统计 -> 成功: 169 | 失败: 686 | 异常: 1 | 成功率: 19.7%
[2026-04-17 08:43:58] INFO     
-------------------- 第 856 轮 | 最大监听: 28.5s --------------------
[2026-04-17 08:43:58] INFO     继电器 ON (开始充电)
[2026-04-17 08:43:58] INFO     继电器执行 -> ON
[2026-04-17 08:44:26] INFO     继电器 OFF (切断充电)
[2026-04-17 08:44:26] INFO     继电器执行 -> OFF
[2026-04-17 08:44:26] INFO     物理断电静置 25.0s
[2026-04-17 08:44:51] WARNING  【结论】 [FAIL] 超时未检测到成功关键字
[2026-04-17 08:44:51] INFO     统计 -> 成功: 169 | 失败: 687 | 异常: 1 | 成功率: 19.7%
[2026-04-17 08:44:51] INFO     
-------------------- 第 857 轮 | 最大监听: 26.9s --------------------
[2026-04-17 08:44:51] INFO     继电器 ON (开始充电)
[2026-04-17 08:44:51] INFO     继电器执行 -> ON
[2026-04-17 08:45:18] INFO     继电器 OFF (切断充电)
[2026-04-17 08:45:18] INFO     继电器执行 -> OFF
[2026-04-17 08:45:18] INFO     物理断电静置 25.0s
[2026-04-17 08:45:43] WARNING  【结论】 [FAIL] 超时未检测到成功关键字
[2026-04-17 08:45:43] INFO     统计 -> 成功: 169 | 失败: 688 | 异常: 1 | 成功率: 19.7%
[2026-04-17 08:45:43] INFO     
-------------------- 第 858 轮 | 最大监听: 26.1s --------------------
[2026-04-17 08:45:43] INFO     继电器 ON (开始充电)
[2026-04-17 08:45:43] INFO     继电器执行 -> ON
[2026-04-17 08:45:47] INFO     捕获目标指令: voice_msgnum:9
[2026-04-17 08:45:47] INFO     状态维稳，保持闭合 25.0s
[2026-04-17 08:46:12] INFO     继电器 OFF (切断充电)
[2026-04-17 08:46:13] INFO     继电器执行 -> OFF
[2026-04-17 08:46:13] INFO     物理断电静置 25.0s
[2026-04-17 08:46:38] INFO     【结论】 [PASS] 成功关键字: voice_msgnum:9
[2026-04-17 08:46:38] INFO     统计 -> 成功: 170 | 失败: 688 | 异常: 1 | 成功率: 19.8%
[2026-04-17 08:46:38] INFO     
-------------------- 第 859 轮 | 最大监听: 29.2s --------------------
[2026-04-17 08:46:38] INFO     继电器 ON (开始充电)
[2026-04-17 08:46:38] INFO     继电器执行 -> ON
[2026-04-17 08:46:42] INFO     捕获目标指令: voice_msgnum:9
[2026-04-17 08:46:42] INFO     状态维稳，保持闭合 25.0s
[2026-04-17 08:47:07] INFO     继电器 OFF (切断充电)
[2026-04-17 08:47:07] INFO     继电器执行 -> OFF
[2026-04-17 08:47:07] INFO     物理断电静置 25.0s
[2026-04-17 08:47:32] INFO     【结论】 [PASS] 成功关键字: voice_msgnum:9
[2026-04-17 08:47:32] INFO     统计 -> 成功: 171 | 失败: 688 | 异常: 1 | 成功率: 19.9%
[2026-04-17 08:47:32] INFO     
-------------------- 第 860 轮 | 最大监听: 26.8s --------------------
[2026-04-17 08:47:32] INFO     继电器 ON (开始充电)
[2026-04-17 08:47:32] INFO     继电器执行 -> ON
[2026-04-17 08:47:59] INFO     继电器 OFF (切断充电)
[2026-04-17 08:47:59] INFO     继电器执行 -> OFF
[2026-04-17 08:47:59] INFO     物理断电静置 25.0s
[2026-04-17 08:48:24] WARNING  【结论】 [FAIL] 超时未检测到成功关键字
[2026-04-17 08:48:24] INFO     统计 -> 成功: 171 | 失败: 689 | 异常: 1 | 成功率: 19.9%
[2026-04-17 08:48:24] INFO     
-------------------- 第 861 轮 | 最大监听: 26.3s --------------------
[2026-04-17 08:48:24] INFO     继电器 ON (开始充电)
[2026-04-17 08:48:24] INFO     继电器执行 -> ON
[2026-04-17 08:48:25] INFO     捕获目标指令: voice_msgnum:9
[2026-04-17 08:48:25] INFO     状态维稳，保持闭合 25.0s
[2026-04-17 08:48:50] INFO     继电器 OFF (切断充电)
[2026-04-17 08:48:50] INFO     继电器执行 -> OFF
[2026-04-17 08:48:50] INFO     物理断电静置 25.0s
[2026-04-17 08:49:15] INFO     【结论】 [PASS] 成功关键字: voice_msgnum:9
[2026-04-17 08:49:15] INFO     统计 -> 成功: 172 | 失败: 689 | 异常: 1 | 成功率: 20.0%
[2026-04-17 08:49:15] INFO     
-------------------- 第 862 轮 | 最大监听: 29.8s --------------------
[2026-04-17 08:49:15] INFO     继电器 ON (开始充电)
[2026-04-17 08:49:15] INFO     继电器执行 -> ON
[2026-04-17 08:49:17] INFO     捕获目标指令: voice_msgnum:9
[2026-04-17 08:49:17] INFO     状态维稳，保持闭合 25.0s
[2026-04-17 08:49:42] INFO     继电器 OFF (切断充电)
[2026-04-17 08:49:42] INFO     继电器执行 -> OFF
[2026-04-17 08:49:42] INFO     物理断电静置 25.0s
[2026-04-17 08:50:07] INFO     【结论】 [PASS] 成功关键字: voice_msgnum:9
[2026-04-17 08:50:07] INFO     统计 -> 成功: 173 | 失败: 689 | 异常: 1 | 成功率: 20.0%
[2026-04-17 08:50:07] INFO     
-------------------- 第 863 轮 | 最大监听: 25.9s --------------------
[2026-04-17 08:50:07] INFO     继电器 ON (开始充电)
[2026-04-17 08:50:07] INFO     继电器执行 -> ON
[2026-04-17 08:50:08] INFO     捕获目标指令: voice_msgnum:9
[2026-04-17 08:50:08] INFO     状态维稳，保持闭合 25.0s
[2026-04-17 08:50:33] INFO     继电器 OFF (切断充电)
[2026-04-17 08:50:33] INFO     继电器执行 -> OFF
[2026-04-17 08:50:33] INFO     物理断电静置 25.0s
[2026-04-17 08:50:58] INFO     【结论】 [PASS] 成功关键字: voice_msgnum:9
[2026-04-17 08:50:58] INFO     统计 -> 成功: 174 | 失败: 689 | 异常: 1 | 成功率: 20.1%
[2026-04-17 08:50:58] INFO     
-------------------- 第 864 轮 | 最大监听: 25.2s --------------------
[2026-04-17 08:50:58] INFO     继电器 ON (开始充电)
[2026-04-17 08:50:58] INFO     继电器执行 -> ON
[2026-04-17 08:51:06] INFO     捕获目标指令: voice_msgnum:9
[2026-04-17 08:51:06] INFO     状态维稳，保持闭合 25.0s
[2026-04-17 08:51:31] INFO     继电器 OFF (切断充电)
[2026-04-17 08:51:31] INFO     继电器执行 -> OFF
[2026-04-17 08:51:31] INFO     物理断电静置 25.0s
[2026-04-17 08:51:56] INFO     【结论】 [PASS] 成功关键字: voice_msgnum:9
[2026-04-17 08:51:56] INFO     统计 -> 成功: 175 | 失败: 689 | 异常: 1 | 成功率: 20.2%
[2026-04-17 08:51:56] INFO     
-------------------- 第 865 轮 | 最大监听: 29.9s --------------------
[2026-04-17 08:51:56] INFO     继电器 ON (开始充电)
[2026-04-17 08:51:56] INFO     继电器执行 -> ON
[2026-04-17 08:52:26] INFO     继电器 OFF (切断充电)
[2026-04-17 08:52:26] INFO     继电器执行 -> OFF
[2026-04-17 08:52:26] INFO     物理断电静置 25.0s
[2026-04-17 08:52:51] WARNING  【结论】 [FAIL] 超时未检测到成功关键字
[2026-04-17 08:52:51] INFO     统计 -> 成功: 175 | 失败: 690 | 异常: 1 | 成功率: 20.2%
[2026-04-17 08:52:51] INFO     
-------------------- 第 866 轮 | 最大监听: 26.5s --------------------
[2026-04-17 08:52:51] INFO     继电器 ON (开始充电)
[2026-04-17 08:52:51] INFO     继电器执行 -> ON
[2026-04-17 08:53:17] INFO     继电器 OFF (切断充电)
[2026-04-17 08:53:17] INFO     继电器执行 -> OFF
[2026-04-17 08:53:17] INFO     物理断电静置 25.0s
[2026-04-17 08:53:42] WARNING  【结论】 [FAIL] 超时未检测到成功关键字
[2026-04-17 08:53:42] INFO     统计 -> 成功: 175 | 失败: 691 | 异常: 1 | 成功率: 20.2%
[2026-04-17 08:53:42] INFO     
-------------------- 第 867 轮 | 最大监听: 28.7s --------------------
[2026-04-17 08:53:42] INFO     继电器 ON (开始充电)
[2026-04-17 08:53:42] INFO     继电器执行 -> ON
[2026-04-17 08:54:11] INFO     继电器 OFF (切断充电)
[2026-04-17 08:54:11] INFO     继电器执行 -> OFF
[2026-04-17 08:54:11] INFO     物理断电静置 25.0s
[2026-04-17 08:54:36] WARNING  【结论】 [FAIL] 超时未检测到成功关键字
[2026-04-17 08:54:36] INFO     统计 -> 成功: 175 | 失败: 692 | 异常: 1 | 成功率: 20.2%
[2026-04-17 08:54:36] INFO     
-------------------- 第 868 轮 | 最大监听: 26.8s --------------------
[2026-04-17 08:54:36] INFO     继电器 ON (开始充电)
[2026-04-17 08:54:36] INFO     继电器执行 -> ON
[2026-04-17 08:55:03] INFO     继电器 OFF (切断充电)
[2026-04-17 08:55:03] INFO     继电器执行 -> OFF
[2026-04-17 08:55:03] INFO     物理断电静置 25.0s
[2026-04-17 08:55:28] WARNING  【结论】 [FAIL] 超时未检测到成功关键字
[2026-04-17 08:55:28] INFO     统计 -> 成功: 175 | 失败: 693 | 异常: 1 | 成功率: 20.1%
[2026-04-17 08:55:28] INFO     
-------------------- 第 869 轮 | 最大监听: 25.2s --------------------
[2026-04-17 08:55:28] INFO     继电器 ON (开始充电)
[2026-04-17 08:55:28] INFO     继电器执行 -> ON
[2026-04-17 08:55:53] INFO     继电器 OFF (切断充电)
[2026-04-17 08:55:53] INFO     继电器执行 -> OFF
[2026-04-17 08:55:53] INFO     物理断电静置 25.0s
[2026-04-17 08:56:18] WARNING  【结论】 [FAIL] 超时未检测到成功关键字
[2026-04-17 08:56:18] INFO     统计 -> 成功: 175 | 失败: 694 | 异常: 1 | 成功率: 20.1%
[2026-04-17 08:56:18] INFO     
-------------------- 第 870 轮 | 最大监听: 29.1s --------------------
[2026-04-17 08:56:18] INFO     继电器 ON (开始充电)
[2026-04-17 08:56:18] INFO     继电器执行 -> ON
[2026-04-17 08:56:47] INFO     继电器 OFF (切断充电)
[2026-04-17 08:56:48] INFO     继电器执行 -> OFF
[2026-04-17 08:56:48] INFO     物理断电静置 25.0s
[2026-04-17 08:57:13] WARNING  【结论】 [FAIL] 超时未检测到成功关键字
[2026-04-17 08:57:13] INFO     统计 -> 成功: 175 | 失败: 695 | 异常: 1 | 成功率: 20.1%
[2026-04-17 08:57:13] INFO     
-------------------- 第 871 轮 | 最大监听: 26.4s --------------------
[2026-04-17 08:57:13] INFO     继电器 ON (开始充电)
[2026-04-17 08:57:13] INFO     继电器执行 -> ON
[2026-04-17 08:57:39] INFO     继电器 OFF (切断充电)
[2026-04-17 08:57:39] INFO     继电器执行 -> OFF
[2026-04-17 08:57:39] INFO     物理断电静置 25.0s
[2026-04-17 08:58:04] WARNING  【结论】 [FAIL] 超时未检测到成功关键字
[2026-04-17 08:58:04] INFO     统计 -> 成功: 175 | 失败: 696 | 异常: 1 | 成功率: 20.1%
[2026-04-17 08:58:04] INFO     
-------------------- 第 872 轮 | 最大监听: 26.2s --------------------
[2026-04-17 08:58:04] INFO     继电器 ON (开始充电)
[2026-04-17 08:58:04] INFO     继电器执行 -> ON
[2026-04-17 08:58:30] INFO     继电器 OFF (切断充电)
[2026-04-17 08:58:30] INFO     继电器执行 -> OFF
[2026-04-17 08:58:30] INFO     物理断电静置 25.0s
[2026-04-17 08:58:55] WARNING  【结论】 [FAIL] 超时未检测到成功关键字
[2026-04-17 08:58:55] INFO     统计 -> 成功: 175 | 失败: 697 | 异常: 1 | 成功率: 20.0%
[2026-04-17 08:58:55] INFO     
-------------------- 第 873 轮 | 最大监听: 27.1s --------------------
[2026-04-17 08:58:55] INFO     继电器 ON (开始充电)
[2026-04-17 08:58:55] INFO     继电器执行 -> ON
[2026-04-17 08:59:22] INFO     继电器 OFF (切断充电)
[2026-04-17 08:59:23] INFO     继电器执行 -> OFF
[2026-04-17 08:59:23] INFO     物理断电静置 25.0s
[2026-04-17 08:59:48] WARNING  【结论】 [FAIL] 超时未检测到成功关键字
[2026-04-17 08:59:48] INFO     统计 -> 成功: 175 | 失败: 698 | 异常: 1 | 成功率: 20.0%
[2026-04-17 08:59:48] INFO     
-------------------- 第 874 轮 | 最大监听: 27.1s --------------------
[2026-04-17 08:59:48] INFO     继电器 ON (开始充电)
[2026-04-17 08:59:48] INFO     继电器执行 -> ON
[2026-04-17 09:00:15] INFO     继电器 OFF (切断充电)
[2026-04-17 09:00:15] INFO     继电器执行 -> OFF
[2026-04-17 09:00:15] INFO     物理断电静置 25.0s
[2026-04-17 09:00:40] WARNING  【结论】 [FAIL] 超时未检测到成功关键字
[2026-04-17 09:00:40] INFO     统计 -> 成功: 175 | 失败: 699 | 异常: 1 | 成功率: 20.0%
[2026-04-17 09:00:40] INFO     
-------------------- 第 875 轮 | 最大监听: 28.1s --------------------
[2026-04-17 09:00:40] INFO     继电器 ON (开始充电)
[2026-04-17 09:00:40] INFO     继电器执行 -> ON
[2026-04-17 09:01:08] INFO     继电器 OFF (切断充电)
[2026-04-17 09:01:08] INFO     继电器执行 -> OFF
[2026-04-17 09:01:08] INFO     物理断电静置 25.0s
[2026-04-17 09:01:33] WARNING  【结论】 [FAIL] 超时未检测到成功关键字
[2026-04-17 09:01:33] INFO     统计 -> 成功: 175 | 失败: 700 | 异常: 1 | 成功率: 20.0%
[2026-04-17 09:01:33] INFO     
-------------------- 第 876 轮 | 最大监听: 29.6s --------------------
[2026-04-17 09:01:33] INFO     继电器 ON (开始充电)
[2026-04-17 09:01:33] INFO     继电器执行 -> ON
[2026-04-17 09:02:03] INFO     继电器 OFF (切断充电)
[2026-04-17 09:02:03] INFO     继电器执行 -> OFF
[2026-04-17 09:02:03] INFO     物理断电静置 25.0s
[2026-04-17 09:02:28] WARNING  【结论】 [FAIL] 超时未检测到成功关键字
[2026-04-17 09:02:28] INFO     统计 -> 成功: 175 | 失败: 701 | 异常: 1 | 成功率: 20.0%
[2026-04-17 09:02:28] INFO     
-------------------- 第 877 轮 | 最大监听: 26.4s --------------------
[2026-04-17 09:02:28] INFO     继电器 ON (开始充电)
[2026-04-17 09:02:28] INFO     继电器执行 -> ON
[2026-04-17 09:02:29] INFO     捕获目标指令: voice_msgnum:9
[2026-04-17 09:02:29] INFO     状态维稳，保持闭合 25.0s
[2026-04-17 09:02:54] INFO     继电器 OFF (切断充电)
[2026-04-17 09:02:54] INFO     继电器执行 -> OFF
[2026-04-17 09:02:54] INFO     物理断电静置 25.0s
[2026-04-17 09:03:19] INFO     【结论】 [PASS] 成功关键字: voice_msgnum:9
[2026-04-17 09:03:19] INFO     统计 -> 成功: 176 | 失败: 701 | 异常: 1 | 成功率: 20.0%
[2026-04-17 09:03:19] INFO     
-------------------- 第 878 轮 | 最大监听: 27.8s --------------------
[2026-04-17 09:03:19] INFO     继电器 ON (开始充电)
[2026-04-17 09:03:19] INFO     继电器执行 -> ON
[2026-04-17 09:03:21] INFO     捕获目标指令: voice_msgnum:9
[2026-04-17 09:03:21] INFO     状态维稳，保持闭合 25.0s
[2026-04-17 09:03:46] INFO     继电器 OFF (切断充电)
[2026-04-17 09:03:46] INFO     继电器执行 -> OFF
[2026-04-17 09:03:46] INFO     物理断电静置 25.0s
[2026-04-17 09:04:11] INFO     【结论】 [PASS] 成功关键字: voice_msgnum:9
[2026-04-17 09:04:11] INFO     统计 -> 成功: 177 | 失败: 701 | 异常: 1 | 成功率: 20.1%
[2026-04-17 09:04:11] INFO     
-------------------- 第 879 轮 | 最大监听: 28.1s --------------------
[2026-04-17 09:04:11] INFO     继电器 ON (开始充电)
[2026-04-17 09:04:11] INFO     继电器执行 -> ON
[2026-04-17 09:04:18] INFO     捕获目标指令: voice_msgnum:9
[2026-04-17 09:04:18] INFO     状态维稳，保持闭合 25.0s
[2026-04-17 09:04:43] INFO     继电器 OFF (切断充电)
[2026-04-17 09:04:43] INFO     继电器执行 -> OFF
[2026-04-17 09:04:43] INFO     物理断电静置 25.0s
[2026-04-17 09:05:08] INFO     【结论】 [PASS] 成功关键字: voice_msgnum:9
[2026-04-17 09:05:08] INFO     统计 -> 成功: 178 | 失败: 701 | 异常: 1 | 成功率: 20.2%
[2026-04-17 09:05:08] INFO     
-------------------- 第 880 轮 | 最大监听: 29.9s --------------------
[2026-04-17 09:05:08] INFO     继电器 ON (开始充电)
[2026-04-17 09:05:08] INFO     继电器执行 -> ON
[2026-04-17 09:05:09] INFO     捕获目标指令: voice_msgnum:9
[2026-04-17 09:05:09] INFO     状态维稳，保持闭合 25.0s
[2026-04-17 09:05:34] INFO     继电器 OFF (切断充电)
[2026-04-17 09:05:35] INFO     继电器执行 -> OFF
[2026-04-17 09:05:35] INFO     物理断电静置 25.0s
[2026-04-17 09:06:00] INFO     【结论】 [PASS] 成功关键字: voice_msgnum:9
[2026-04-17 09:06:00] INFO     统计 -> 成功: 179 | 失败: 701 | 异常: 1 | 成功率: 20.3%
[2026-04-17 09:06:00] INFO     
-------------------- 第 881 轮 | 最大监听: 25.3s --------------------
[2026-04-17 09:06:00] INFO     继电器 ON (开始充电)
[2026-04-17 09:06:00] INFO     继电器执行 -> ON
[2026-04-17 09:06:25] INFO     继电器 OFF (切断充电)
[2026-04-17 09:06:25] INFO     继电器执行 -> OFF
[2026-04-17 09:06:25] INFO     物理断电静置 25.0s
[2026-04-17 09:06:50] WARNING  【结论】 [FAIL] 超时未检测到成功关键字
[2026-04-17 09:06:50] INFO     统计 -> 成功: 179 | 失败: 702 | 异常: 1 | 成功率: 20.3%
[2026-04-17 09:06:50] INFO     
-------------------- 第 882 轮 | 最大监听: 28.1s --------------------
[2026-04-17 09:06:50] INFO     继电器 ON (开始充电)
[2026-04-17 09:06:50] INFO     继电器执行 -> ON
[2026-04-17 09:07:18] INFO     继电器 OFF (切断充电)
[2026-04-17 09:07:18] INFO     继电器执行 -> OFF
[2026-04-17 09:07:18] INFO     物理断电静置 25.0s
[2026-04-17 09:07:43] WARNING  【结论】 [FAIL] 超时未检测到成功关键字
[2026-04-17 09:07:43] INFO     统计 -> 成功: 179 | 失败: 703 | 异常: 1 | 成功率: 20.3%
[2026-04-17 09:07:43] INFO     
-------------------- 第 883 轮 | 最大监听: 28.0s --------------------
[2026-04-17 09:07:43] INFO     继电器 ON (开始充电)
[2026-04-17 09:07:43] INFO     继电器执行 -> ON
[2026-04-17 09:08:11] INFO     继电器 OFF (切断充电)
[2026-04-17 09:08:11] INFO     继电器执行 -> OFF
[2026-04-17 09:08:11] INFO     物理断电静置 25.0s
[2026-04-17 09:08:36] WARNING  【结论】 [FAIL] 超时未检测到成功关键字
[2026-04-17 09:08:36] INFO     统计 -> 成功: 179 | 失败: 704 | 异常: 1 | 成功率: 20.2%
[2026-04-17 09:08:36] INFO     
-------------------- 第 884 轮 | 最大监听: 26.1s --------------------
[2026-04-17 09:08:36] INFO     继电器 ON (开始充电)
[2026-04-17 09:08:36] INFO     继电器执行 -> ON
[2026-04-17 09:08:56] INFO     捕获目标指令: voice_msgnum:9
[2026-04-17 09:08:56] INFO     状态维稳，保持闭合 25.0s
[2026-04-17 09:09:21] INFO     继电器 OFF (切断充电)
[2026-04-17 09:09:21] INFO     继电器执行 -> OFF
[2026-04-17 09:09:21] INFO     物理断电静置 25.0s
[2026-04-17 09:09:46] INFO     【结论】 [PASS] 成功关键字: voice_msgnum:9
[2026-04-17 09:09:46] INFO     统计 -> 成功: 180 | 失败: 704 | 异常: 1 | 成功率: 20.3%
[2026-04-17 09:09:46] INFO     
-------------------- 第 885 轮 | 最大监听: 27.9s --------------------
[2026-04-17 09:09:46] INFO     继电器 ON (开始充电)
[2026-04-17 09:09:46] INFO     继电器执行 -> ON
[2026-04-17 09:10:14] INFO     继电器 OFF (切断充电)
[2026-04-17 09:10:14] INFO     继电器执行 -> OFF
[2026-04-17 09:10:14] INFO     物理断电静置 25.0s
[2026-04-17 09:10:39] WARNING  【结论】 [FAIL] 超时未检测到成功关键字
[2026-04-17 09:10:39] INFO     统计 -> 成功: 180 | 失败: 705 | 异常: 1 | 成功率: 20.3%
[2026-04-17 09:10:39] INFO     
-------------------- 第 886 轮 | 最大监听: 25.8s --------------------
[2026-04-17 09:10:39] INFO     继电器 ON (开始充电)
[2026-04-17 09:10:39] INFO     继电器执行 -> ON
[2026-04-17 09:11:05] INFO     继电器 OFF (切断充电)
[2026-04-17 09:11:05] INFO     继电器执行 -> OFF
[2026-04-17 09:11:05] INFO     物理断电静置 25.0s
[2026-04-17 09:11:30] WARNING  【结论】 [FAIL] 超时未检测到成功关键字
[2026-04-17 09:11:30] INFO     统计 -> 成功: 180 | 失败: 706 | 异常: 1 | 成功率: 20.3%
[2026-04-17 09:11:30] INFO     
-------------------- 第 887 轮 | 最大监听: 26.4s --------------------
[2026-04-17 09:11:30] INFO     继电器 ON (开始充电)
[2026-04-17 09:11:30] INFO     继电器执行 -> ON
[2026-04-17 09:11:56] INFO     继电器 OFF (切断充电)
[2026-04-17 09:11:56] INFO     继电器执行 -> OFF
[2026-04-17 09:11:56] INFO     物理断电静置 25.0s
[2026-04-17 09:12:21] WARNING  【结论】 [FAIL] 超时未检测到成功关键字
[2026-04-17 09:12:21] INFO     统计 -> 成功: 180 | 失败: 707 | 异常: 1 | 成功率: 20.3%
[2026-04-17 09:12:21] INFO     
-------------------- 第 888 轮 | 最大监听: 29.2s --------------------
[2026-04-17 09:12:21] INFO     继电器 ON (开始充电)
[2026-04-17 09:12:21] INFO     继电器执行 -> ON
[2026-04-17 09:12:51] INFO     继电器 OFF (切断充电)
[2026-04-17 09:12:51] INFO     继电器执行 -> OFF
[2026-04-17 09:12:51] INFO     物理断电静置 25.0s
[2026-04-17 09:13:16] WARNING  【结论】 [FAIL] 超时未检测到成功关键字
[2026-04-17 09:13:16] INFO     统计 -> 成功: 180 | 失败: 708 | 异常: 1 | 成功率: 20.2%
[2026-04-17 09:13:16] INFO     
-------------------- 第 889 轮 | 最大监听: 26.3s --------------------
[2026-04-17 09:13:16] INFO     继电器 ON (开始充电)
[2026-04-17 09:13:16] INFO     继电器执行 -> ON
[2026-04-17 09:13:42] INFO     继电器 OFF (切断充电)
[2026-04-17 09:13:42] INFO     继电器执行 -> OFF
[2026-04-17 09:13:42] INFO     物理断电静置 25.0s
[2026-04-17 09:14:07] WARNING  【结论】 [FAIL] 超时未检测到成功关键字
[2026-04-17 09:14:07] INFO     统计 -> 成功: 180 | 失败: 709 | 异常: 1 | 成功率: 20.2%
[2026-04-17 09:14:07] INFO     
-------------------- 第 890 轮 | 最大监听: 27.2s --------------------
[2026-04-17 09:14:07] INFO     继电器 ON (开始充电)
[2026-04-17 09:14:07] INFO     继电器执行 -> ON
[2026-04-17 09:14:34] INFO     继电器 OFF (切断充电)
[2026-04-17 09:14:34] INFO     继电器执行 -> OFF
[2026-04-17 09:14:34] INFO     物理断电静置 25.0s
[2026-04-17 09:14:59] WARNING  【结论】 [FAIL] 超时未检测到成功关键字
[2026-04-17 09:14:59] INFO     统计 -> 成功: 180 | 失败: 710 | 异常: 1 | 成功率: 20.2%
[2026-04-17 09:14:59] INFO     
-------------------- 第 891 轮 | 最大监听: 26.5s --------------------
[2026-04-17 09:14:59] INFO     继电器 ON (开始充电)
[2026-04-17 09:14:59] INFO     继电器执行 -> ON
[2026-04-17 09:15:26] INFO     继电器 OFF (切断充电)
[2026-04-17 09:15:26] INFO     继电器执行 -> OFF
[2026-04-17 09:15:26] INFO     物理断电静置 25.0s
[2026-04-17 09:15:51] WARNING  【结论】 [FAIL] 超时未检测到成功关键字
[2026-04-17 09:15:51] INFO     统计 -> 成功: 180 | 失败: 711 | 异常: 1 | 成功率: 20.2%
[2026-04-17 09:15:51] INFO     
-------------------- 第 892 轮 | 最大监听: 26.0s --------------------
[2026-04-17 09:15:51] INFO     继电器 ON (开始充电)
[2026-04-17 09:15:51] INFO     继电器执行 -> ON
[2026-04-17 09:16:17] INFO     继电器 OFF (切断充电)
[2026-04-17 09:16:17] INFO     继电器执行 -> OFF
[2026-04-17 09:16:17] INFO     物理断电静置 25.0s
[2026-04-17 09:16:42] WARNING  【结论】 [FAIL] 超时未检测到成功关键字
[2026-04-17 09:16:42] INFO     统计 -> 成功: 180 | 失败: 712 | 异常: 1 | 成功率: 20.2%
[2026-04-17 09:16:42] INFO     
-------------------- 第 893 轮 | 最大监听: 25.3s --------------------
[2026-04-17 09:16:42] INFO     继电器 ON (开始充电)
[2026-04-17 09:16:42] INFO     继电器执行 -> ON
[2026-04-17 09:17:07] INFO     继电器 OFF (切断充电)
[2026-04-17 09:17:08] INFO     继电器执行 -> OFF
[2026-04-17 09:17:08] INFO     物理断电静置 25.0s
[2026-04-17 09:17:33] WARNING  【结论】 [FAIL] 超时未检测到成功关键字
[2026-04-17 09:17:33] INFO     统计 -> 成功: 180 | 失败: 713 | 异常: 1 | 成功率: 20.1%
[2026-04-17 09:17:33] INFO     
-------------------- 第 894 轮 | 最大监听: 26.9s --------------------
[2026-04-17 09:17:33] INFO     继电器 ON (开始充电)
[2026-04-17 09:17:33] INFO     继电器执行 -> ON
[2026-04-17 09:18:00] INFO     继电器 OFF (切断充电)
[2026-04-17 09:18:00] INFO     继电器执行 -> OFF
[2026-04-17 09:18:00] INFO     物理断电静置 25.0s
[2026-04-17 09:18:25] WARNING  【结论】 [FAIL] 超时未检测到成功关键字
[2026-04-17 09:18:25] INFO     统计 -> 成功: 180 | 失败: 714 | 异常: 1 | 成功率: 20.1%
[2026-04-17 09:18:25] INFO     
-------------------- 第 895 轮 | 最大监听: 28.5s --------------------
[2026-04-17 09:18:25] INFO     继电器 ON (开始充电)
[2026-04-17 09:18:25] INFO     继电器执行 -> ON
[2026-04-17 09:18:53] INFO     继电器 OFF (切断充电)
[2026-04-17 09:18:53] INFO     继电器执行 -> OFF
[2026-04-17 09:18:53] INFO     物理断电静置 25.0s
[2026-04-17 09:19:18] WARNING  【结论】 [FAIL] 超时未检测到成功关键字
[2026-04-17 09:19:18] INFO     统计 -> 成功: 180 | 失败: 715 | 异常: 1 | 成功率: 20.1%
[2026-04-17 09:19:18] INFO     
-------------------- 第 896 轮 | 最大监听: 28.7s --------------------
[2026-04-17 09:19:18] INFO     继电器 ON (开始充电)
[2026-04-17 09:19:18] INFO     继电器执行 -> ON
[2026-04-17 09:19:35] INFO     捕获目标指令: voice_msgnum:9
[2026-04-17 09:19:35] INFO     状态维稳，保持闭合 25.0s
[2026-04-17 09:20:00] INFO     继电器 OFF (切断充电)
[2026-04-17 09:20:00] INFO     继电器执行 -> OFF
[2026-04-17 09:20:00] INFO     物理断电静置 25.0s
[2026-04-17 09:20:25] INFO     【结论】 [PASS] 成功关键字: voice_msgnum:9
[2026-04-17 09:20:25] INFO     统计 -> 成功: 181 | 失败: 715 | 异常: 1 | 成功率: 20.2%
[2026-04-17 09:20:25] INFO     
-------------------- 第 897 轮 | 最大监听: 25.4s --------------------
[2026-04-17 09:20:25] INFO     继电器 ON (开始充电)
[2026-04-17 09:20:25] INFO     继电器执行 -> ON
[2026-04-17 09:20:42] INFO     捕获目标指令: voice_msgnum:9
[2026-04-17 09:20:42] INFO     状态维稳，保持闭合 25.0s
[2026-04-17 09:21:07] INFO     继电器 OFF (切断充电)
[2026-04-17 09:21:07] INFO     继电器执行 -> OFF
[2026-04-17 09:21:07] INFO     物理断电静置 25.0s
[2026-04-17 09:21:32] INFO     【结论】 [PASS] 成功关键字: voice_msgnum:9
[2026-04-17 09:21:32] INFO     统计 -> 成功: 182 | 失败: 715 | 异常: 1 | 成功率: 20.3%
[2026-04-17 09:21:32] INFO     
-------------------- 第 898 轮 | 最大监听: 29.3s --------------------
[2026-04-17 09:21:32] INFO     继电器 ON (开始充电)
[2026-04-17 09:21:32] INFO     继电器执行 -> ON
[2026-04-17 09:22:01] INFO     继电器 OFF (切断充电)
[2026-04-17 09:22:01] INFO     继电器执行 -> OFF
[2026-04-17 09:22:01] INFO     物理断电静置 25.0s
[2026-04-17 09:22:26] WARNING  【结论】 [FAIL] 超时未检测到成功关键字
[2026-04-17 09:22:26] INFO     统计 -> 成功: 182 | 失败: 716 | 异常: 1 | 成功率: 20.2%
[2026-04-17 09:22:26] INFO     
-------------------- 第 899 轮 | 最大监听: 25.2s --------------------
[2026-04-17 09:22:26] INFO     继电器 ON (开始充电)
[2026-04-17 09:22:26] INFO     继电器执行 -> ON
[2026-04-17 09:22:51] INFO     继电器 OFF (切断充电)
[2026-04-17 09:22:51] INFO     继电器执行 -> OFF
[2026-04-17 09:22:51] INFO     物理断电静置 25.0s
[2026-04-17 09:23:16] WARNING  【结论】 [FAIL] 超时未检测到成功关键字
[2026-04-17 09:23:16] INFO     统计 -> 成功: 182 | 失败: 717 | 异常: 1 | 成功率: 20.2%
[2026-04-17 09:23:16] INFO     
-------------------- 第 900 轮 | 最大监听: 29.3s --------------------
[2026-04-17 09:23:16] INFO     继电器 ON (开始充电)
[2026-04-17 09:23:16] INFO     继电器执行 -> ON
[2026-04-17 09:23:46] INFO     继电器 OFF (切断充电)
[2026-04-17 09:23:46] INFO     继电器执行 -> OFF
[2026-04-17 09:23:46] INFO     物理断电静置 25.0s
[2026-04-17 09:24:11] WARNING  【结论】 [FAIL] 超时未检测到成功关键字
[2026-04-17 09:24:11] INFO     统计 -> 成功: 182 | 失败: 718 | 异常: 1 | 成功率: 20.2%
[2026-04-17 09:24:11] INFO     
-------------------- 第 901 轮 | 最大监听: 25.9s --------------------
[2026-04-17 09:24:11] INFO     继电器 ON (开始充电)
[2026-04-17 09:24:11] INFO     继电器执行 -> ON
[2026-04-17 09:24:37] INFO     继电器 OFF (切断充电)
[2026-04-17 09:24:37] INFO     继电器执行 -> OFF
[2026-04-17 09:24:37] INFO     物理断电静置 25.0s
[2026-04-17 09:25:02] WARNING  【结论】 [FAIL] 超时未检测到成功关键字
[2026-04-17 09:25:02] INFO     统计 -> 成功: 182 | 失败: 719 | 异常: 1 | 成功率: 20.2%
[2026-04-17 09:25:02] INFO     
-------------------- 第 902 轮 | 最大监听: 28.7s --------------------
[2026-04-17 09:25:02] INFO     继电器 ON (开始充电)
[2026-04-17 09:25:02] INFO     继电器执行 -> ON
[2026-04-17 09:25:30] INFO     继电器 OFF (切断充电)
[2026-04-17 09:25:31] INFO     继电器执行 -> OFF
[2026-04-17 09:25:31] INFO     物理断电静置 25.0s
[2026-04-17 09:25:56] WARNING  【结论】 [FAIL] 超时未检测到成功关键字
[2026-04-17 09:25:56] INFO     统计 -> 成功: 182 | 失败: 720 | 异常: 1 | 成功率: 20.2%
[2026-04-17 09:25:56] INFO     
-------------------- 第 903 轮 | 最大监听: 26.7s --------------------
[2026-04-17 09:25:56] INFO     继电器 ON (开始充电)
[2026-04-17 09:25:56] INFO     继电器执行 -> ON
[2026-04-17 09:26:22] INFO     继电器 OFF (切断充电)
[2026-04-17 09:26:22] INFO     继电器执行 -> OFF
[2026-04-17 09:26:22] INFO     物理断电静置 25.0s
[2026-04-17 09:26:47] WARNING  【结论】 [FAIL] 超时未检测到成功关键字
[2026-04-17 09:26:47] INFO     统计 -> 成功: 182 | 失败: 721 | 异常: 1 | 成功率: 20.1%
[2026-04-17 09:26:47] INFO     
-------------------- 第 904 轮 | 最大监听: 29.8s --------------------
[2026-04-17 09:26:47] INFO     继电器 ON (开始充电)
[2026-04-17 09:26:47] INFO     继电器执行 -> ON
[2026-04-17 09:27:17] INFO     继电器 OFF (切断充电)
[2026-04-17 09:27:17] INFO     继电器执行 -> OFF
[2026-04-17 09:27:17] INFO     物理断电静置 25.0s
[2026-04-17 09:27:42] WARNING  【结论】 [FAIL] 超时未检测到成功关键字
[2026-04-17 09:27:42] INFO     统计 -> 成功: 182 | 失败: 722 | 异常: 1 | 成功率: 20.1%
[2026-04-17 09:27:42] INFO     
-------------------- 第 905 轮 | 最大监听: 25.2s --------------------
[2026-04-17 09:27:42] INFO     继电器 ON (开始充电)
[2026-04-17 09:27:42] INFO     继电器执行 -> ON
[2026-04-17 09:28:08] INFO     继电器 OFF (切断充电)
[2026-04-17 09:28:08] INFO     继电器执行 -> OFF
[2026-04-17 09:28:08] INFO     物理断电静置 25.0s
[2026-04-17 09:28:33] WARNING  【结论】 [FAIL] 超时未检测到成功关键字
[2026-04-17 09:28:33] INFO     统计 -> 成功: 182 | 失败: 723 | 异常: 1 | 成功率: 20.1%
[2026-04-17 09:28:33] INFO     
-------------------- 第 906 轮 | 最大监听: 26.1s --------------------
[2026-04-17 09:28:33] INFO     继电器 ON (开始充电)
[2026-04-17 09:28:33] INFO     继电器执行 -> ON
[2026-04-17 09:28:59] INFO     继电器 OFF (切断充电)
[2026-04-17 09:28:59] INFO     继电器执行 -> OFF
[2026-04-17 09:28:59] INFO     物理断电静置 25.0s
[2026-04-17 09:29:24] WARNING  【结论】 [FAIL] 超时未检测到成功关键字
[2026-04-17 09:29:24] INFO     统计 -> 成功: 182 | 失败: 724 | 异常: 1 | 成功率: 20.1%
[2026-04-17 09:29:24] INFO     
-------------------- 第 907 轮 | 最大监听: 29.6s --------------------
[2026-04-17 09:29:24] INFO     继电器 ON (开始充电)
[2026-04-17 09:29:24] INFO     继电器执行 -> ON
[2026-04-17 09:29:53] INFO     继电器 OFF (切断充电)
[2026-04-17 09:29:53] INFO     继电器执行 -> OFF
[2026-04-17 09:29:53] INFO     物理断电静置 25.0s
[2026-04-17 09:30:18] WARNING  【结论】 [FAIL] 超时未检测到成功关键字
[2026-04-17 09:30:18] INFO     统计 -> 成功: 182 | 失败: 725 | 异常: 1 | 成功率: 20.0%
[2026-04-17 09:30:18] INFO     
-------------------- 第 908 轮 | 最大监听: 26.3s --------------------
[2026-04-17 09:30:18] INFO     继电器 ON (开始充电)
[2026-04-17 09:30:19] INFO     继电器执行 -> ON
[2026-04-17 09:30:45] INFO     继电器 OFF (切断充电)
[2026-04-17 09:30:45] INFO     继电器执行 -> OFF
[2026-04-17 09:30:45] INFO     物理断电静置 25.0s
[2026-04-17 09:31:10] WARNING  【结论】 [FAIL] 超时未检测到成功关键字
[2026-04-17 09:31:10] INFO     统计 -> 成功: 182 | 失败: 726 | 异常: 1 | 成功率: 20.0%
[2026-04-17 09:31:10] INFO     
-------------------- 第 909 轮 | 最大监听: 25.6s --------------------
[2026-04-17 09:31:10] INFO     继电器 ON (开始充电)
[2026-04-17 09:31:10] INFO     继电器执行 -> ON
[2026-04-17 09:31:36] INFO     继电器 OFF (切断充电)
[2026-04-17 09:31:36] INFO     继电器执行 -> OFF
[2026-04-17 09:31:36] INFO     物理断电静置 25.0s
[2026-04-17 09:32:01] WARNING  【结论】 [FAIL] 超时未检测到成功关键字
[2026-04-17 09:32:01] INFO     统计 -> 成功: 182 | 失败: 727 | 异常: 1 | 成功率: 20.0%
[2026-04-17 09:32:01] INFO     
-------------------- 第 910 轮 | 最大监听: 27.6s --------------------
[2026-04-17 09:32:01] INFO     继电器 ON (开始充电)
[2026-04-17 09:32:01] INFO     继电器执行 -> ON
[2026-04-17 09:32:28] INFO     继电器 OFF (切断充电)
[2026-04-17 09:32:28] INFO     继电器执行 -> OFF
[2026-04-17 09:32:28] INFO     物理断电静置 25.0s
[2026-04-17 09:32:53] WARNING  【结论】 [FAIL] 超时未检测到成功关键字
[2026-04-17 09:32:53] INFO     统计 -> 成功: 182 | 失败: 728 | 异常: 1 | 成功率: 20.0%
[2026-04-17 09:32:53] INFO     
-------------------- 第 911 轮 | 最大监听: 25.0s --------------------
[2026-04-17 09:32:53] INFO     继电器 ON (开始充电)
[2026-04-17 09:32:53] INFO     继电器执行 -> ON
[2026-04-17 09:33:18] INFO     继电器 OFF (切断充电)
[2026-04-17 09:33:18] INFO     继电器执行 -> OFF
[2026-04-17 09:33:18] INFO     物理断电静置 25.0s
[2026-04-17 09:33:43] WARNING  【结论】 [FAIL] 超时未检测到成功关键字
[2026-04-17 09:33:43] INFO     统计 -> 成功: 182 | 失败: 729 | 异常: 1 | 成功率: 20.0%
[2026-04-17 09:33:43] INFO     
-------------------- 第 912 轮 | 最大监听: 26.5s --------------------
[2026-04-17 09:33:43] INFO     继电器 ON (开始充电)
[2026-04-17 09:33:43] INFO     继电器执行 -> ON
[2026-04-17 09:34:10] INFO     继电器 OFF (切断充电)
[2026-04-17 09:34:10] INFO     继电器执行 -> OFF
[2026-04-17 09:34:10] INFO     物理断电静置 25.0s
[2026-04-17 09:34:35] WARNING  【结论】 [FAIL] 超时未检测到成功关键字
[2026-04-17 09:34:35] INFO     统计 -> 成功: 182 | 失败: 730 | 异常: 1 | 成功率: 19.9%
[2026-04-17 09:34:35] INFO     
-------------------- 第 913 轮 | 最大监听: 27.0s --------------------
[2026-04-17 09:34:35] INFO     继电器 ON (开始充电)
[2026-04-17 09:34:35] INFO     继电器执行 -> ON
[2026-04-17 09:35:02] INFO     继电器 OFF (切断充电)
[2026-04-17 09:35:02] INFO     继电器执行 -> OFF
[2026-04-17 09:35:02] INFO     物理断电静置 25.0s
[2026-04-17 09:35:27] WARNING  【结论】 [FAIL] 超时未检测到成功关键字
[2026-04-17 09:35:27] INFO     统计 -> 成功: 182 | 失败: 731 | 异常: 1 | 成功率: 19.9%
[2026-04-17 09:35:27] INFO     
-------------------- 第 914 轮 | 最大监听: 27.4s --------------------
[2026-04-17 09:35:27] INFO     继电器 ON (开始充电)
[2026-04-17 09:35:27] INFO     继电器执行 -> ON
[2026-04-17 09:35:55] INFO     继电器 OFF (切断充电)
[2026-04-17 09:35:55] INFO     继电器执行 -> OFF
[2026-04-17 09:35:55] INFO     物理断电静置 25.0s
[2026-04-17 09:36:20] WARNING  【结论】 [FAIL] 超时未检测到成功关键字
[2026-04-17 09:36:20] INFO     统计 -> 成功: 182 | 失败: 732 | 异常: 1 | 成功率: 19.9%
[2026-04-17 09:36:20] INFO     
-------------------- 第 915 轮 | 最大监听: 28.3s --------------------
[2026-04-17 09:36:20] INFO     继电器 ON (开始充电)
[2026-04-17 09:36:20] INFO     继电器执行 -> ON
[2026-04-17 09:36:48] INFO     继电器 OFF (切断充电)
[2026-04-17 09:36:48] INFO     继电器执行 -> OFF
[2026-04-17 09:36:48] INFO     物理断电静置 25.0s
[2026-04-17 09:37:13] WARNING  【结论】 [FAIL] 超时未检测到成功关键字
[2026-04-17 09:37:13] INFO     统计 -> 成功: 182 | 失败: 733 | 异常: 1 | 成功率: 19.9%
[2026-04-17 09:37:13] INFO     
-------------------- 第 916 轮 | 最大监听: 26.7s --------------------
[2026-04-17 09:37:13] INFO     继电器 ON (开始充电)
[2026-04-17 09:37:13] INFO     继电器执行 -> ON
[2026-04-17 09:37:40] INFO     继电器 OFF (切断充电)
[2026-04-17 09:37:40] INFO     继电器执行 -> OFF
[2026-04-17 09:37:40] INFO     物理断电静置 25.0s
[2026-04-17 09:38:05] WARNING  【结论】 [FAIL] 超时未检测到成功关键字
[2026-04-17 09:38:05] INFO     统计 -> 成功: 182 | 失败: 734 | 异常: 1 | 成功率: 19.8%
[2026-04-17 09:38:05] INFO     
-------------------- 第 917 轮 | 最大监听: 28.4s --------------------
[2026-04-17 09:38:05] INFO     继电器 ON (开始充电)
[2026-04-17 09:38:05] INFO     继电器执行 -> ON
[2026-04-17 09:38:31] INFO     捕获目标指令: voice_msgnum:9
[2026-04-17 09:38:31] INFO     状态维稳，保持闭合 25.0s
[2026-04-17 09:38:56] INFO     继电器 OFF (切断充电)
[2026-04-17 09:38:56] INFO     继电器执行 -> OFF
[2026-04-17 09:38:56] INFO     物理断电静置 25.0s
[2026-04-17 09:39:21] INFO     【结论】 [PASS] 成功关键字: voice_msgnum:9
[2026-04-17 09:39:21] INFO     统计 -> 成功: 183 | 失败: 734 | 异常: 1 | 成功率: 19.9%
[2026-04-17 09:39:21] INFO     
-------------------- 第 918 轮 | 最大监听: 25.5s --------------------
[2026-04-17 09:39:21] INFO     继电器 ON (开始充电)
[2026-04-17 09:39:21] INFO     继电器执行 -> ON
[2026-04-17 09:39:31] INFO     捕获目标指令: voice_msgnum:9
[2026-04-17 09:39:31] INFO     状态维稳，保持闭合 25.0s
[2026-04-17 09:39:56] INFO     继电器 OFF (切断充电)
[2026-04-17 09:39:56] INFO     继电器执行 -> OFF
[2026-04-17 09:39:56] INFO     物理断电静置 25.0s
[2026-04-17 09:40:21] INFO     【结论】 [PASS] 成功关键字: voice_msgnum:9
[2026-04-17 09:40:21] INFO     统计 -> 成功: 184 | 失败: 734 | 异常: 1 | 成功率: 20.0%
[2026-04-17 09:40:21] INFO     
-------------------- 第 919 轮 | 最大监听: 25.1s --------------------
[2026-04-17 09:40:21] INFO     继电器 ON (开始充电)
[2026-04-17 09:40:21] INFO     继电器执行 -> ON
[2026-04-17 09:40:46] INFO     继电器 OFF (切断充电)
[2026-04-17 09:40:46] INFO     继电器执行 -> OFF
[2026-04-17 09:40:46] INFO     物理断电静置 25.0s
[2026-04-17 09:41:11] WARNING  【结论】 [FAIL] 超时未检测到成功关键字
[2026-04-17 09:41:11] INFO     统计 -> 成功: 184 | 失败: 735 | 异常: 1 | 成功率: 20.0%
[2026-04-17 09:41:11] INFO     
-------------------- 第 920 轮 | 最大监听: 26.8s --------------------
[2026-04-17 09:41:11] INFO     继电器 ON (开始充电)
[2026-04-17 09:41:12] INFO     继电器执行 -> ON
[2026-04-17 09:41:38] INFO     继电器 OFF (切断充电)
[2026-04-17 09:41:38] INFO     继电器执行 -> OFF
[2026-04-17 09:41:38] INFO     物理断电静置 25.0s
[2026-04-17 09:42:03] WARNING  【结论】 [FAIL] 超时未检测到成功关键字
[2026-04-17 09:42:03] INFO     统计 -> 成功: 184 | 失败: 736 | 异常: 1 | 成功率: 20.0%
[2026-04-17 09:42:03] INFO     
-------------------- 第 921 轮 | 最大监听: 28.8s --------------------
[2026-04-17 09:42:03] INFO     继电器 ON (开始充电)
[2026-04-17 09:42:03] INFO     继电器执行 -> ON
[2026-04-17 09:42:32] INFO     继电器 OFF (切断充电)
[2026-04-17 09:42:32] INFO     继电器执行 -> OFF
[2026-04-17 09:42:32] INFO     物理断电静置 25.0s
[2026-04-17 09:42:57] WARNING  【结论】 [FAIL] 超时未检测到成功关键字
[2026-04-17 09:42:57] INFO     统计 -> 成功: 184 | 失败: 737 | 异常: 1 | 成功率: 20.0%
[2026-04-17 09:42:57] INFO     
-------------------- 第 922 轮 | 最大监听: 25.4s --------------------
[2026-04-17 09:42:57] INFO     继电器 ON (开始充电)
[2026-04-17 09:42:57] INFO     继电器执行 -> ON
[2026-04-17 09:43:23] INFO     继电器 OFF (切断充电)
[2026-04-17 09:43:23] INFO     继电器执行 -> OFF
[2026-04-17 09:43:23] INFO     物理断电静置 25.0s
[2026-04-17 09:43:48] WARNING  【结论】 [FAIL] 超时未检测到成功关键字
[2026-04-17 09:43:48] INFO     统计 -> 成功: 184 | 失败: 738 | 异常: 1 | 成功率: 19.9%
[2026-04-17 09:43:48] INFO     
-------------------- 第 923 轮 | 最大监听: 29.6s --------------------
[2026-04-17 09:43:48] INFO     继电器 ON (开始充电)
[2026-04-17 09:43:48] INFO     继电器执行 -> ON
[2026-04-17 09:44:17] INFO     继电器 OFF (切断充电)
[2026-04-17 09:44:18] INFO     继电器执行 -> OFF
[2026-04-17 09:44:18] INFO     物理断电静置 25.0s
[2026-04-17 09:44:43] WARNING  【结论】 [FAIL] 超时未检测到成功关键字
[2026-04-17 09:44:43] INFO     统计 -> 成功: 184 | 失败: 739 | 异常: 1 | 成功率: 19.9%
[2026-04-17 09:44:43] INFO     
-------------------- 第 924 轮 | 最大监听: 29.1s --------------------
[2026-04-17 09:44:43] INFO     继电器 ON (开始充电)
[2026-04-17 09:44:43] INFO     继电器执行 -> ON
[2026-04-17 09:45:12] INFO     继电器 OFF (切断充电)
[2026-04-17 09:45:12] INFO     继电器执行 -> OFF
[2026-04-17 09:45:12] INFO     物理断电静置 25.0s
[2026-04-17 09:45:37] WARNING  【结论】 [FAIL] 超时未检测到成功关键字
[2026-04-17 09:45:37] INFO     统计 -> 成功: 184 | 失败: 740 | 异常: 1 | 成功率: 19.9%
[2026-04-17 09:45:37] INFO     
-------------------- 第 925 轮 | 最大监听: 25.6s --------------------
[2026-04-17 09:45:37] INFO     继电器 ON (开始充电)
[2026-04-17 09:45:37] INFO     继电器执行 -> ON
[2026-04-17 09:46:02] INFO     继电器 OFF (切断充电)
[2026-04-17 09:46:02] INFO     继电器执行 -> OFF
[2026-04-17 09:46:02] INFO     物理断电静置 25.0s
[2026-04-17 09:46:27] WARNING  【结论】 [FAIL] 超时未检测到成功关键字
[2026-04-17 09:46:27] INFO     统计 -> 成功: 184 | 失败: 741 | 异常: 1 | 成功率: 19.9%
[2026-04-17 09:46:27] INFO     
-------------------- 第 926 轮 | 最大监听: 26.2s --------------------
[2026-04-17 09:46:27] INFO     继电器 ON (开始充电)
[2026-04-17 09:46:28] INFO     继电器执行 -> ON
[2026-04-17 09:46:54] INFO     继电器 OFF (切断充电)
[2026-04-17 09:46:54] INFO     继电器执行 -> OFF
[2026-04-17 09:46:54] INFO     物理断电静置 25.0s
[2026-04-17 09:47:19] WARNING  【结论】 [FAIL] 超时未检测到成功关键字
[2026-04-17 09:47:19] INFO     统计 -> 成功: 184 | 失败: 742 | 异常: 1 | 成功率: 19.8%
[2026-04-17 09:47:19] INFO     
-------------------- 第 927 轮 | 最大监听: 29.6s --------------------
[2026-04-17 09:47:19] INFO     继电器 ON (开始充电)
[2026-04-17 09:47:19] INFO     继电器执行 -> ON
[2026-04-17 09:47:48] INFO     继电器 OFF (切断充电)
[2026-04-17 09:47:48] INFO     继电器执行 -> OFF
[2026-04-17 09:47:48] INFO     物理断电静置 25.0s
[2026-04-17 09:48:13] WARNING  【结论】 [FAIL] 超时未检测到成功关键字
[2026-04-17 09:48:13] INFO     统计 -> 成功: 184 | 失败: 743 | 异常: 1 | 成功率: 19.8%
[2026-04-17 09:48:13] INFO     
-------------------- 第 928 轮 | 最大监听: 27.1s --------------------
[2026-04-17 09:48:13] INFO     继电器 ON (开始充电)
[2026-04-17 09:48:14] INFO     继电器执行 -> ON
[2026-04-17 09:48:41] INFO     继电器 OFF (切断充电)
[2026-04-17 09:48:41] INFO     继电器执行 -> OFF
[2026-04-17 09:48:41] INFO     物理断电静置 25.0s
[2026-04-17 09:49:06] WARNING  【结论】 [FAIL] 超时未检测到成功关键字
[2026-04-17 09:49:06] INFO     统计 -> 成功: 184 | 失败: 744 | 异常: 1 | 成功率: 19.8%
[2026-04-17 09:49:06] INFO     
-------------------- 第 929 轮 | 最大监听: 25.1s --------------------
[2026-04-17 09:49:06] INFO     继电器 ON (开始充电)
[2026-04-17 09:49:06] INFO     继电器执行 -> ON
[2026-04-17 09:49:31] INFO     继电器 OFF (切断充电)
[2026-04-17 09:49:31] INFO     继电器执行 -> OFF
[2026-04-17 09:49:31] INFO     物理断电静置 25.0s
[2026-04-17 09:49:56] WARNING  【结论】 [FAIL] 超时未检测到成功关键字
[2026-04-17 09:49:56] INFO     统计 -> 成功: 184 | 失败: 745 | 异常: 1 | 成功率: 19.8%
[2026-04-17 09:49:56] INFO     
-------------------- 第 930 轮 | 最大监听: 29.5s --------------------
[2026-04-17 09:49:56] INFO     继电器 ON (开始充电)
[2026-04-17 09:49:56] INFO     继电器执行 -> ON
[2026-04-17 09:50:25] INFO     继电器 OFF (切断充电)
[2026-04-17 09:50:25] INFO     继电器执行 -> OFF
[2026-04-17 09:50:25] INFO     物理断电静置 25.0s
[2026-04-17 09:50:50] WARNING  【结论】 [FAIL] 超时未检测到成功关键字
[2026-04-17 09:50:50] INFO     统计 -> 成功: 184 | 失败: 746 | 异常: 1 | 成功率: 19.8%
[2026-04-17 09:50:50] INFO     
-------------------- 第 931 轮 | 最大监听: 27.4s --------------------
[2026-04-17 09:50:50] INFO     继电器 ON (开始充电)
[2026-04-17 09:50:51] INFO     继电器执行 -> ON
[2026-04-17 09:51:18] INFO     继电器 OFF (切断充电)
[2026-04-17 09:51:18] INFO     继电器执行 -> OFF
[2026-04-17 09:51:18] INFO     物理断电静置 25.0s
[2026-04-17 09:51:43] WARNING  【结论】 [FAIL] 超时未检测到成功关键字
[2026-04-17 09:51:43] INFO     统计 -> 成功: 184 | 失败: 747 | 异常: 1 | 成功率: 19.7%
[2026-04-17 09:51:43] INFO     
-------------------- 第 932 轮 | 最大监听: 25.5s --------------------
[2026-04-17 09:51:43] INFO     继电器 ON (开始充电)
[2026-04-17 09:51:43] INFO     继电器执行 -> ON
[2026-04-17 09:51:50] INFO     捕获目标指令: voice_msgnum:9
[2026-04-17 09:51:50] INFO     状态维稳，保持闭合 25.0s
[2026-04-17 09:52:15] INFO     继电器 OFF (切断充电)
[2026-04-17 09:52:15] INFO     继电器执行 -> OFF
[2026-04-17 09:52:15] INFO     物理断电静置 25.0s
[2026-04-17 09:52:40] INFO     【结论】 [PASS] 成功关键字: voice_msgnum:9
[2026-04-17 09:52:40] INFO     统计 -> 成功: 185 | 失败: 747 | 异常: 1 | 成功率: 19.8%
[2026-04-17 09:52:40] INFO     
-------------------- 第 933 轮 | 最大监听: 28.5s --------------------
[2026-04-17 09:52:40] INFO     继电器 ON (开始充电)
[2026-04-17 09:52:40] INFO     继电器执行 -> ON
[2026-04-17 09:53:09] INFO     继电器 OFF (切断充电)
[2026-04-17 09:53:09] INFO     继电器执行 -> OFF
[2026-04-17 09:53:09] INFO     物理断电静置 25.0s
[2026-04-17 09:53:34] WARNING  【结论】 [FAIL] 超时未检测到成功关键字
[2026-04-17 09:53:34] INFO     统计 -> 成功: 185 | 失败: 748 | 异常: 1 | 成功率: 19.8%
[2026-04-17 09:53:34] INFO     
-------------------- 第 934 轮 | 最大监听: 28.0s --------------------
[2026-04-17 09:53:34] INFO     继电器 ON (开始充电)
[2026-04-17 09:53:34] INFO     继电器执行 -> ON
[2026-04-17 09:54:02] INFO     继电器 OFF (切断充电)
[2026-04-17 09:54:02] INFO     继电器执行 -> OFF
[2026-04-17 09:54:02] INFO     物理断电静置 25.0s
[2026-04-17 09:54:27] WARNING  【结论】 [FAIL] 超时未检测到成功关键字
[2026-04-17 09:54:27] INFO     统计 -> 成功: 185 | 失败: 749 | 异常: 1 | 成功率: 19.8%
[2026-04-17 09:54:27] INFO     
-------------------- 第 935 轮 | 最大监听: 26.9s --------------------
[2026-04-17 09:54:27] INFO     继电器 ON (开始充电)
[2026-04-17 09:54:27] INFO     继电器执行 -> ON
[2026-04-17 09:54:54] INFO     继电器 OFF (切断充电)
[2026-04-17 09:54:54] INFO     继电器执行 -> OFF
[2026-04-17 09:54:54] INFO     物理断电静置 25.0s
[2026-04-17 09:55:19] WARNING  【结论】 [FAIL] 超时未检测到成功关键字
[2026-04-17 09:55:19] INFO     统计 -> 成功: 185 | 失败: 750 | 异常: 1 | 成功率: 19.8%
[2026-04-17 09:55:19] INFO     
-------------------- 第 936 轮 | 最大监听: 29.9s --------------------
[2026-04-17 09:55:19] INFO     继电器 ON (开始充电)
[2026-04-17 09:55:19] INFO     继电器执行 -> ON
[2026-04-17 09:55:49] INFO     继电器 OFF (切断充电)
[2026-04-17 09:55:49] INFO     继电器执行 -> OFF
[2026-04-17 09:55:49] INFO     物理断电静置 25.0s
[2026-04-17 09:56:14] WARNING  【结论】 [FAIL] 超时未检测到成功关键字
[2026-04-17 09:56:14] INFO     统计 -> 成功: 185 | 失败: 751 | 异常: 1 | 成功率: 19.7%
[2026-04-17 09:56:14] INFO     
-------------------- 第 937 轮 | 最大监听: 28.9s --------------------
[2026-04-17 09:56:14] INFO     继电器 ON (开始充电)
[2026-04-17 09:56:14] INFO     继电器执行 -> ON
[2026-04-17 09:56:43] INFO     继电器 OFF (切断充电)
[2026-04-17 09:56:43] INFO     继电器执行 -> OFF
[2026-04-17 09:56:43] INFO     物理断电静置 25.0s
[2026-04-17 09:57:08] WARNING  【结论】 [FAIL] 超时未检测到成功关键字
[2026-04-17 09:57:08] INFO     统计 -> 成功: 185 | 失败: 752 | 异常: 1 | 成功率: 19.7%
[2026-04-17 09:57:08] INFO     
-------------------- 第 938 轮 | 最大监听: 26.6s --------------------
[2026-04-17 09:57:08] INFO     继电器 ON (开始充电)
[2026-04-17 09:57:08] INFO     继电器执行 -> ON
[2026-04-17 09:57:35] INFO     继电器 OFF (切断充电)
[2026-04-17 09:57:35] INFO     继电器执行 -> OFF
[2026-04-17 09:57:35] INFO     物理断电静置 25.0s
[2026-04-17 09:58:00] WARNING  【结论】 [FAIL] 超时未检测到成功关键字
[2026-04-17 09:58:00] INFO     统计 -> 成功: 185 | 失败: 753 | 异常: 1 | 成功率: 19.7%
[2026-04-17 09:58:00] INFO     
-------------------- 第 939 轮 | 最大监听: 27.0s --------------------
[2026-04-17 09:58:00] INFO     继电器 ON (开始充电)
[2026-04-17 09:58:00] INFO     继电器执行 -> ON
[2026-04-17 09:58:27] INFO     继电器 OFF (切断充电)
[2026-04-17 09:58:27] INFO     继电器执行 -> OFF
[2026-04-17 09:58:27] INFO     物理断电静置 25.0s
[2026-04-17 09:58:52] WARNING  【结论】 [FAIL] 超时未检测到成功关键字
[2026-04-17 09:58:52] INFO     统计 -> 成功: 185 | 失败: 754 | 异常: 1 | 成功率: 19.7%
[2026-04-17 09:58:52] INFO     
-------------------- 第 940 轮 | 最大监听: 27.2s --------------------
[2026-04-17 09:58:52] INFO     继电器 ON (开始充电)
[2026-04-17 09:58:52] INFO     继电器执行 -> ON
[2026-04-17 09:59:19] INFO     继电器 OFF (切断充电)
[2026-04-17 09:59:19] INFO     继电器执行 -> OFF
[2026-04-17 09:59:19] INFO     物理断电静置 25.0s
[2026-04-17 09:59:44] WARNING  【结论】 [FAIL] 超时未检测到成功关键字
[2026-04-17 09:59:44] INFO     统计 -> 成功: 185 | 失败: 755 | 异常: 1 | 成功率: 19.7%
[2026-04-17 09:59:44] INFO     
-------------------- 第 941 轮 | 最大监听: 28.3s --------------------
[2026-04-17 09:59:44] INFO     继电器 ON (开始充电)
[2026-04-17 09:59:44] INFO     继电器执行 -> ON
[2026-04-17 10:00:13] INFO     继电器 OFF (切断充电)
[2026-04-17 10:00:13] INFO     继电器执行 -> OFF
[2026-04-17 10:00:13] INFO     物理断电静置 25.0s
[2026-04-17 10:00:38] WARNING  【结论】 [FAIL] 超时未检测到成功关键字
[2026-04-17 10:00:38] INFO     统计 -> 成功: 185 | 失败: 756 | 异常: 1 | 成功率: 19.6%
[2026-04-17 10:00:38] INFO     
-------------------- 第 942 轮 | 最大监听: 25.2s --------------------
[2026-04-17 10:00:38] INFO     继电器 ON (开始充电)
[2026-04-17 10:00:38] INFO     继电器执行 -> ON
[2026-04-17 10:01:03] INFO     继电器 OFF (切断充电)
[2026-04-17 10:01:03] INFO     继电器执行 -> OFF
[2026-04-17 10:01:03] INFO     物理断电静置 25.0s
[2026-04-17 10:01:28] WARNING  【结论】 [FAIL] 超时未检测到成功关键字
[2026-04-17 10:01:28] INFO     统计 -> 成功: 185 | 失败: 757 | 异常: 1 | 成功率: 19.6%
[2026-04-17 10:01:28] INFO     
-------------------- 第 943 轮 | 最大监听: 28.5s --------------------
[2026-04-17 10:01:28] INFO     继电器 ON (开始充电)
[2026-04-17 10:01:28] INFO     继电器执行 -> ON
[2026-04-17 10:01:56] INFO     继电器 OFF (切断充电)
[2026-04-17 10:01:57] INFO     继电器执行 -> OFF
[2026-04-17 10:01:57] INFO     物理断电静置 25.0s
[2026-04-17 10:02:22] WARNING  【结论】 [FAIL] 超时未检测到成功关键字
[2026-04-17 10:02:22] INFO     统计 -> 成功: 185 | 失败: 758 | 异常: 1 | 成功率: 19.6%
[2026-04-17 10:02:22] INFO     
-------------------- 第 944 轮 | 最大监听: 28.1s --------------------
[2026-04-17 10:02:22] INFO     继电器 ON (开始充电)
[2026-04-17 10:02:22] INFO     继电器执行 -> ON
[2026-04-17 10:02:29] INFO     捕获目标指令: voice_msgnum:9
[2026-04-17 10:02:29] INFO     状态维稳，保持闭合 25.0s
[2026-04-17 10:02:54] INFO     继电器 OFF (切断充电)
[2026-04-17 10:02:54] INFO     继电器执行 -> OFF
[2026-04-17 10:02:54] INFO     物理断电静置 25.0s
[2026-04-17 10:03:19] INFO     【结论】 [PASS] 成功关键字: voice_msgnum:9
[2026-04-17 10:03:19] INFO     统计 -> 成功: 186 | 失败: 758 | 异常: 1 | 成功率: 19.7%
[2026-04-17 10:03:19] INFO     
-------------------- 第 945 轮 | 最大监听: 29.9s --------------------
[2026-04-17 10:03:19] INFO     继电器 ON (开始充电)
[2026-04-17 10:03:19] INFO     继电器执行 -> ON
[2026-04-17 10:03:49] INFO     继电器 OFF (切断充电)
[2026-04-17 10:03:49] INFO     继电器执行 -> OFF
[2026-04-17 10:03:49] INFO     物理断电静置 25.0s
[2026-04-17 10:04:14] WARNING  【结论】 [FAIL] 超时未检测到成功关键字
[2026-04-17 10:04:14] INFO     统计 -> 成功: 186 | 失败: 759 | 异常: 1 | 成功率: 19.7%
[2026-04-17 10:04:14] INFO     
-------------------- 第 946 轮 | 最大监听: 25.4s --------------------
[2026-04-17 10:04:14] INFO     继电器 ON (开始充电)
[2026-04-17 10:04:14] INFO     继电器执行 -> ON
[2026-04-17 10:04:39] INFO     继电器 OFF (切断充电)
[2026-04-17 10:04:39] INFO     继电器执行 -> OFF
[2026-04-17 10:04:39] INFO     物理断电静置 25.0s
[2026-04-17 10:05:04] WARNING  【结论】 [FAIL] 超时未检测到成功关键字
[2026-04-17 10:05:04] INFO     统计 -> 成功: 186 | 失败: 760 | 异常: 1 | 成功率: 19.6%
[2026-04-17 10:05:04] INFO     
-------------------- 第 947 轮 | 最大监听: 25.5s --------------------
[2026-04-17 10:05:04] INFO     继电器 ON (开始充电)
[2026-04-17 10:05:04] INFO     继电器执行 -> ON
[2026-04-17 10:05:30] INFO     继电器 OFF (切断充电)
[2026-04-17 10:05:30] INFO     继电器执行 -> OFF
[2026-04-17 10:05:30] INFO     物理断电静置 25.0s
[2026-04-17 10:05:55] WARNING  【结论】 [FAIL] 超时未检测到成功关键字
[2026-04-17 10:05:55] INFO     统计 -> 成功: 186 | 失败: 761 | 异常: 1 | 成功率: 19.6%
[2026-04-17 10:05:55] INFO     
-------------------- 第 948 轮 | 最大监听: 26.5s --------------------
[2026-04-17 10:05:55] INFO     继电器 ON (开始充电)
[2026-04-17 10:05:55] INFO     继电器执行 -> ON
[2026-04-17 10:06:22] INFO     继电器 OFF (切断充电)
[2026-04-17 10:06:22] INFO     继电器执行 -> OFF
[2026-04-17 10:06:22] INFO     物理断电静置 25.0s
[2026-04-17 10:06:47] WARNING  【结论】 [FAIL] 超时未检测到成功关键字
[2026-04-17 10:06:47] INFO     统计 -> 成功: 186 | 失败: 762 | 异常: 1 | 成功率: 19.6%
[2026-04-17 10:06:47] INFO     
-------------------- 第 949 轮 | 最大监听: 28.9s --------------------
[2026-04-17 10:06:47] INFO     继电器 ON (开始充电)
[2026-04-17 10:06:47] INFO     继电器执行 -> ON
[2026-04-17 10:07:16] INFO     继电器 OFF (切断充电)
[2026-04-17 10:07:16] INFO     继电器执行 -> OFF
[2026-04-17 10:07:16] INFO     物理断电静置 25.0s
[2026-04-17 10:07:41] WARNING  【结论】 [FAIL] 超时未检测到成功关键字
[2026-04-17 10:07:41] INFO     统计 -> 成功: 186 | 失败: 763 | 异常: 1 | 成功率: 19.6%
[2026-04-17 10:07:41] INFO     
-------------------- 第 950 轮 | 最大监听: 25.1s --------------------
[2026-04-17 10:07:41] INFO     继电器 ON (开始充电)
[2026-04-17 10:07:41] INFO     继电器执行 -> ON
[2026-04-17 10:08:06] INFO     继电器 OFF (切断充电)
[2026-04-17 10:08:06] INFO     继电器执行 -> OFF
[2026-04-17 10:08:06] INFO     物理断电静置 25.0s
[2026-04-17 10:08:31] WARNING  【结论】 [FAIL] 超时未检测到成功关键字
[2026-04-17 10:08:31] INFO     统计 -> 成功: 186 | 失败: 764 | 异常: 1 | 成功率: 19.6%
[2026-04-17 10:08:31] INFO     
-------------------- 第 951 轮 | 最大监听: 26.4s --------------------
[2026-04-17 10:08:31] INFO     继电器 ON (开始充电)
[2026-04-17 10:08:31] INFO     继电器执行 -> ON
[2026-04-17 10:08:57] INFO     继电器 OFF (切断充电)
[2026-04-17 10:08:57] INFO     继电器执行 -> OFF
[2026-04-17 10:08:57] INFO     物理断电静置 25.0s
[2026-04-17 10:09:22] WARNING  【结论】 [FAIL] 超时未检测到成功关键字
[2026-04-17 10:09:22] INFO     统计 -> 成功: 186 | 失败: 765 | 异常: 1 | 成功率: 19.5%
[2026-04-17 10:09:22] INFO     
-------------------- 第 952 轮 | 最大监听: 28.8s --------------------
[2026-04-17 10:09:22] INFO     继电器 ON (开始充电)
[2026-04-17 10:09:22] INFO     继电器执行 -> ON
[2026-04-17 10:09:51] INFO     继电器 OFF (切断充电)
[2026-04-17 10:09:51] INFO     继电器执行 -> OFF
[2026-04-17 10:09:51] INFO     物理断电静置 25.0s
[2026-04-17 10:10:16] WARNING  【结论】 [FAIL] 超时未检测到成功关键字
[2026-04-17 10:10:16] INFO     统计 -> 成功: 186 | 失败: 766 | 异常: 1 | 成功率: 19.5%
[2026-04-17 10:10:16] INFO     
-------------------- 第 953 轮 | 最大监听: 26.1s --------------------
[2026-04-17 10:10:16] INFO     继电器 ON (开始充电)
[2026-04-17 10:10:16] INFO     继电器执行 -> ON
[2026-04-17 10:10:42] INFO     继电器 OFF (切断充电)
[2026-04-17 10:10:43] INFO     继电器执行 -> OFF
[2026-04-17 10:10:43] INFO     物理断电静置 25.0s
[2026-04-17 10:10:43] WARNING  手动中断，停止测试。
[2026-04-17 10:10:44] INFO     继电器执行 -> OFF
[2026-04-17 10:10:44] INFO     
=============== 最终测试报告 ===============
  目标循环:      500000 次
  成功次数:      186 次
  失败次数:      766 次
  异常次数:      1 次
  断连次数:      0 次
============================================
