[2026-04-17 11:48:41] INFO     ========== 继电器压力测试启动 ==========
[2026-04-17 11:48:41] INFO     串口检测 -> 继电器(CH340): COM7 | 设备(CP210x): COM3
[2026-04-17 11:48:41] INFO     >>> 执行环境初始清洗 (物理断电重置)...
[2026-04-17 11:48:41] INFO     继电器执行 -> OFF
[2026-04-17 11:48:51] INFO     
-------------------- 第 1 轮 | 最大监听: 10.0s --------------------
[2026-04-17 11:48:51] INFO     继电器 ON (开始充电)
[2026-04-17 11:48:51] INFO     继电器执行 -> ON
[2026-04-17 11:48:53] INFO     捕获目标指令: voice_msgnum:9
[2026-04-17 11:48:53] INFO     状态维稳，保持闭合 3.0s
[2026-04-17 11:48:56] INFO     继电器 OFF (切断充电)
[2026-04-17 11:48:56] INFO     继电器执行 -> OFF
[2026-04-17 11:48:56] INFO     物理断电静置 10.0s (等待BMS状态机完全复位)
[2026-04-17 11:49:06] INFO     【结论】 [PASS] 成功关键字: voice_msgnum:9
[2026-04-17 11:49:06] INFO     统计 -> 成功: 1 | 失败: 0 | 异常: 0 | 成功率: 100.0%
[2026-04-17 11:49:06] INFO     
-------------------- 第 2 轮 | 最大监听: 10.0s --------------------
[2026-04-17 11:49:06] INFO     继电器 ON (开始充电)
[2026-04-17 11:49:06] INFO     继电器执行 -> ON
[2026-04-17 11:49:08] INFO     捕获目标指令: voice_msgnum:9
[2026-04-17 11:49:08] INFO     状态维稳，保持闭合 3.0s
[2026-04-17 11:49:11] INFO     继电器 OFF (切断充电)
[2026-04-17 11:49:11] INFO     继电器执行 -> OFF
[2026-04-17 11:49:11] INFO     物理断电静置 10.0s (等待BMS状态机完全复位)
[2026-04-17 11:49:21] INFO     【结论】 [PASS] 成功关键字: voice_msgnum:9
[2026-04-17 11:49:21] INFO     统计 -> 成功: 2 | 失败: 0 | 异常: 0 | 成功率: 100.0%
[2026-04-17 11:49:21] INFO     
-------------------- 第 3 轮 | 最大监听: 10.0s --------------------
[2026-04-17 11:49:21] INFO     继电器 ON (开始充电)
[2026-04-17 11:49:21] INFO     继电器执行 -> ON
[2026-04-17 11:49:22] INFO     捕获目标指令: voice_msgnum:9
[2026-04-17 11:49:22] INFO     状态维稳，保持闭合 3.0s
[2026-04-17 11:49:25] INFO     继电器 OFF (切断充电)
[2026-04-17 11:49:25] INFO     继电器执行 -> OFF
[2026-04-17 11:49:25] INFO     物理断电静置 10.0s (等待BMS状态机完全复位)
[2026-04-17 11:49:35] INFO     【结论】 [PASS] 成功关键字: voice_msgnum:9
[2026-04-17 11:49:35] INFO     统计 -> 成功: 3 | 失败: 0 | 异常: 0 | 成功率: 100.0%
[2026-04-17 11:49:35] INFO     
-------------------- 第 4 轮 | 最大监听: 10.0s --------------------
[2026-04-17 11:49:35] INFO     继电器 ON (开始充电)
[2026-04-17 11:49:35] INFO     继电器执行 -> ON
[2026-04-17 11:49:37] INFO     捕获目标指令: voice_msgnum:9
[2026-04-17 11:49:37] INFO     状态维稳，保持闭合 3.0s
[2026-04-17 11:49:40] INFO     继电器 OFF (切断充电)
[2026-04-17 11:49:40] INFO     继电器执行 -> OFF
[2026-04-17 11:49:40] INFO     物理断电静置 10.0s (等待BMS状态机完全复位)
[2026-04-17 11:49:50] INFO     【结论】 [PASS] 成功关键字: voice_msgnum:9
[2026-04-17 11:49:50] INFO     统计 -> 成功: 4 | 失败: 0 | 异常: 0 | 成功率: 100.0%
[2026-04-17 11:49:50] INFO     
-------------------- 第 5 轮 | 最大监听: 10.0s --------------------
[2026-04-17 11:49:50] INFO     继电器 ON (开始充电)
[2026-04-17 11:49:50] INFO     继电器执行 -> ON
[2026-04-17 11:49:52] INFO     捕获目标指令: voice_msgnum:9
[2026-04-17 11:49:52] INFO     状态维稳，保持闭合 3.0s
[2026-04-17 11:49:55] INFO     继电器 OFF (切断充电)
[2026-04-17 11:49:55] INFO     继电器执行 -> OFF
[2026-04-17 11:49:55] INFO     物理断电静置 10.0s (等待BMS状态机完全复位)
[2026-04-17 11:50:05] INFO     【结论】 [PASS] 成功关键字: voice_msgnum:9
[2026-04-17 11:50:05] INFO     统计 -> 成功: 5 | 失败: 0 | 异常: 0 | 成功率: 100.0%
[2026-04-17 11:50:05] INFO     
-------------------- 第 6 轮 | 最大监听: 10.0s --------------------
[2026-04-17 11:50:05] INFO     继电器 ON (开始充电)
[2026-04-17 11:50:05] INFO     继电器执行 -> ON
[2026-04-17 11:50:07] INFO     捕获目标指令: voice_msgnum:9
[2026-04-17 11:50:07] INFO     状态维稳，保持闭合 3.0s
[2026-04-17 11:50:10] INFO     继电器 OFF (切断充电)
[2026-04-17 11:50:10] INFO     继电器执行 -> OFF
[2026-04-17 11:50:10] INFO     物理断电静置 10.0s (等待BMS状态机完全复位)
[2026-04-17 11:50:20] INFO     【结论】 [PASS] 成功关键字: voice_msgnum:9
[2026-04-17 11:50:20] INFO     统计 -> 成功: 6 | 失败: 0 | 异常: 0 | 成功率: 100.0%
[2026-04-17 11:50:20] INFO     
-------------------- 第 7 轮 | 最大监听: 10.0s --------------------
[2026-04-17 11:50:20] INFO     继电器 ON (开始充电)
[2026-04-17 11:50:20] INFO     继电器执行 -> ON
[2026-04-17 11:50:22] INFO     捕获目标指令: voice_msgnum:9
[2026-04-17 11:50:22] INFO     状态维稳，保持闭合 3.0s
[2026-04-17 11:50:25] INFO     继电器 OFF (切断充电)
[2026-04-17 11:50:25] INFO     继电器执行 -> OFF
[2026-04-17 11:50:25] INFO     物理断电静置 10.0s (等待BMS状态机完全复位)
[2026-04-17 11:50:35] INFO     【结论】 [PASS] 成功关键字: voice_msgnum:9
[2026-04-17 11:50:35] INFO     统计 -> 成功: 7 | 失败: 0 | 异常: 0 | 成功率: 100.0%
[2026-04-17 11:50:35] INFO     
-------------------- 第 8 轮 | 最大监听: 10.0s --------------------
[2026-04-17 11:50:35] INFO     继电器 ON (开始充电)
[2026-04-17 11:50:35] INFO     继电器执行 -> ON
[2026-04-17 11:50:36] INFO     捕获目标指令: voice_msgnum:9
[2026-04-17 11:50:36] INFO     状态维稳，保持闭合 3.0s
[2026-04-17 11:50:39] INFO     继电器 OFF (切断充电)
[2026-04-17 11:50:39] INFO     继电器执行 -> OFF
[2026-04-17 11:50:39] INFO     物理断电静置 10.0s (等待BMS状态机完全复位)
[2026-04-17 11:50:49] INFO     【结论】 [PASS] 成功关键字: voice_msgnum:9
[2026-04-17 11:50:49] INFO     统计 -> 成功: 8 | 失败: 0 | 异常: 0 | 成功率: 100.0%
[2026-04-17 11:50:49] INFO     
-------------------- 第 9 轮 | 最大监听: 10.0s --------------------
[2026-04-17 11:50:49] INFO     继电器 ON (开始充电)
[2026-04-17 11:50:49] INFO     继电器执行 -> ON
[2026-04-17 11:50:51] INFO     捕获目标指令: voice_msgnum:9
[2026-04-17 11:50:51] INFO     状态维稳，保持闭合 3.0s
[2026-04-17 11:50:54] INFO     继电器 OFF (切断充电)
[2026-04-17 11:50:54] INFO     继电器执行 -> OFF
[2026-04-17 11:50:54] INFO     物理断电静置 10.0s (等待BMS状态机完全复位)
[2026-04-17 11:51:04] INFO     【结论】 [PASS] 成功关键字: voice_msgnum:9
[2026-04-17 11:51:04] INFO     统计 -> 成功: 9 | 失败: 0 | 异常: 0 | 成功率: 100.0%
[2026-04-17 11:51:04] INFO     
-------------------- 第 10 轮 | 最大监听: 10.0s --------------------
[2026-04-17 11:51:04] INFO     继电器 ON (开始充电)
[2026-04-17 11:51:04] INFO     继电器执行 -> ON
[2026-04-17 11:51:06] INFO     捕获目标指令: voice_msgnum:9
[2026-04-17 11:51:06] INFO     状态维稳，保持闭合 3.0s
[2026-04-17 11:51:09] INFO     继电器 OFF (切断充电)
[2026-04-17 11:51:09] INFO     继电器执行 -> OFF
[2026-04-17 11:51:09] INFO     物理断电静置 10.0s (等待BMS状态机完全复位)
[2026-04-17 11:51:19] INFO     【结论】 [PASS] 成功关键字: voice_msgnum:9
[2026-04-17 11:51:19] INFO     统计 -> 成功: 10 | 失败: 0 | 异常: 0 | 成功率: 100.0%
[2026-04-17 11:51:19] INFO     
-------------------- 第 11 轮 | 最大监听: 10.0s --------------------
[2026-04-17 11:51:19] INFO     继电器 ON (开始充电)
[2026-04-17 11:51:19] INFO     继电器执行 -> ON
[2026-04-17 11:51:21] INFO     捕获目标指令: voice_msgnum:9
[2026-04-17 11:51:21] INFO     状态维稳，保持闭合 3.0s
[2026-04-17 11:51:24] INFO     继电器 OFF (切断充电)
[2026-04-17 11:51:24] INFO     继电器执行 -> OFF
[2026-04-17 11:51:24] INFO     物理断电静置 10.0s (等待BMS状态机完全复位)
[2026-04-17 11:51:34] INFO     【结论】 [PASS] 成功关键字: voice_msgnum:9
[2026-04-17 11:51:34] INFO     统计 -> 成功: 11 | 失败: 0 | 异常: 0 | 成功率: 100.0%
[2026-04-17 11:51:34] INFO     
-------------------- 第 12 轮 | 最大监听: 10.0s --------------------
[2026-04-17 11:51:34] INFO     继电器 ON (开始充电)
[2026-04-17 11:51:34] INFO     继电器执行 -> ON
[2026-04-17 11:51:41] INFO     捕获目标指令: voice_msgnum:9
[2026-04-17 11:51:41] INFO     状态维稳，保持闭合 3.0s
[2026-04-17 11:51:44] INFO     继电器 OFF (切断充电)
[2026-04-17 11:51:44] INFO     继电器执行 -> OFF
[2026-04-17 11:51:44] INFO     物理断电静置 10.0s (等待BMS状态机完全复位)
[2026-04-17 11:51:54] INFO     【结论】 [PASS] 成功关键字: voice_msgnum:9
[2026-04-17 11:51:54] INFO     统计 -> 成功: 12 | 失败: 0 | 异常: 0 | 成功率: 100.0%
[2026-04-17 11:51:54] INFO     
-------------------- 第 13 轮 | 最大监听: 10.0s --------------------
[2026-04-17 11:51:54] INFO     继电器 ON (开始充电)
[2026-04-17 11:51:54] INFO     继电器执行 -> ON
[2026-04-17 11:52:04] INFO     继电器 OFF (切断充电)
[2026-04-17 11:52:04] INFO     继电器执行 -> OFF
[2026-04-17 11:52:04] INFO     物理断电静置 10.0s (等待BMS状态机完全复位)
[2026-04-17 11:52:14] WARNING  【结论】 [FAIL] 超时未检测到成功关键字
[2026-04-17 11:52:14] INFO     统计 -> 成功: 12 | 失败: 1 | 异常: 0 | 成功率: 92.3%
[2026-04-17 11:52:14] INFO     
-------------------- 第 14 轮 | 最大监听: 10.0s --------------------
[2026-04-17 11:52:14] INFO     继电器 ON (开始充电)
[2026-04-17 11:52:15] INFO     继电器执行 -> ON
[2026-04-17 11:52:25] INFO     继电器 OFF (切断充电)
[2026-04-17 11:52:25] INFO     继电器执行 -> OFF
[2026-04-17 11:52:25] INFO     物理断电静置 10.0s (等待BMS状态机完全复位)
[2026-04-17 11:52:35] WARNING  【结论】 [FAIL] 超时未检测到成功关键字
[2026-04-17 11:52:35] INFO     统计 -> 成功: 12 | 失败: 2 | 异常: 0 | 成功率: 85.7%
[2026-04-17 11:52:35] INFO     
-------------------- 第 15 轮 | 最大监听: 10.0s --------------------
[2026-04-17 11:52:35] INFO     继电器 ON (开始充电)
[2026-04-17 11:52:35] INFO     继电器执行 -> ON
[2026-04-17 11:52:45] INFO     继电器 OFF (切断充电)
[2026-04-17 11:52:45] INFO     继电器执行 -> OFF
[2026-04-17 11:52:45] INFO     物理断电静置 10.0s (等待BMS状态机完全复位)
[2026-04-17 11:52:55] WARNING  【结论】 [FAIL] 超时未检测到成功关键字
[2026-04-17 11:52:55] INFO     统计 -> 成功: 12 | 失败: 3 | 异常: 0 | 成功率: 80.0%
[2026-04-17 11:52:55] INFO     
-------------------- 第 16 轮 | 最大监听: 10.0s --------------------
[2026-04-17 11:52:55] INFO     继电器 ON (开始充电)
[2026-04-17 11:52:55] INFO     继电器执行 -> ON
[2026-04-17 11:53:05] INFO     继电器 OFF (切断充电)
[2026-04-17 11:53:05] INFO     继电器执行 -> OFF
[2026-04-17 11:53:05] INFO     物理断电静置 10.0s (等待BMS状态机完全复位)
[2026-04-17 11:53:15] WARNING  【结论】 [FAIL] 超时未检测到成功关键字
[2026-04-17 11:53:15] INFO     统计 -> 成功: 12 | 失败: 4 | 异常: 0 | 成功率: 75.0%
[2026-04-17 11:53:15] INFO     
-------------------- 第 17 轮 | 最大监听: 10.0s --------------------
[2026-04-17 11:53:15] INFO     继电器 ON (开始充电)
[2026-04-17 11:53:15] INFO     继电器执行 -> ON
[2026-04-17 11:53:25] INFO     继电器 OFF (切断充电)
[2026-04-17 11:53:25] INFO     继电器执行 -> OFF
[2026-04-17 11:53:25] INFO     物理断电静置 10.0s (等待BMS状态机完全复位)
[2026-04-17 11:53:35] WARNING  【结论】 [FAIL] 超时未检测到成功关键字
[2026-04-17 11:53:35] INFO     统计 -> 成功: 12 | 失败: 5 | 异常: 0 | 成功率: 70.6%
[2026-04-17 11:53:35] INFO     
-------------------- 第 18 轮 | 最大监听: 10.0s --------------------
[2026-04-17 11:53:35] INFO     继电器 ON (开始充电)
[2026-04-17 11:53:35] INFO     继电器执行 -> ON
[2026-04-17 11:53:42] INFO     捕获目标指令: voice_msgnum:9
[2026-04-17 11:53:42] INFO     状态维稳，保持闭合 3.0s
[2026-04-17 11:53:45] INFO     继电器 OFF (切断充电)
[2026-04-17 11:53:45] INFO     继电器执行 -> OFF
[2026-04-17 11:53:45] INFO     物理断电静置 10.0s (等待BMS状态机完全复位)
[2026-04-17 11:53:55] INFO     【结论】 [PASS] 成功关键字: voice_msgnum:9
[2026-04-17 11:53:55] INFO     统计 -> 成功: 13 | 失败: 5 | 异常: 0 | 成功率: 72.2%
[2026-04-17 11:53:55] INFO     
-------------------- 第 19 轮 | 最大监听: 10.0s --------------------
[2026-04-17 11:53:55] INFO     继电器 ON (开始充电)
[2026-04-17 11:53:55] INFO     继电器执行 -> ON
[2026-04-17 11:54:05] INFO     继电器 OFF (切断充电)
[2026-04-17 11:54:05] INFO     继电器执行 -> OFF
[2026-04-17 11:54:05] INFO     物理断电静置 10.0s (等待BMS状态机完全复位)
[2026-04-17 11:54:15] WARNING  【结论】 [FAIL] 超时未检测到成功关键字
[2026-04-17 11:54:15] INFO     统计 -> 成功: 13 | 失败: 6 | 异常: 0 | 成功率: 68.4%
[2026-04-17 11:54:15] INFO     
-------------------- 第 20 轮 | 最大监听: 10.0s --------------------
[2026-04-17 11:54:15] INFO     继电器 ON (开始充电)
[2026-04-17 11:54:15] INFO     继电器执行 -> ON
[2026-04-17 11:54:25] INFO     继电器 OFF (切断充电)
[2026-04-17 11:54:26] INFO     继电器执行 -> OFF
[2026-04-17 11:54:26] INFO     物理断电静置 10.0s (等待BMS状态机完全复位)
[2026-04-17 11:54:36] WARNING  【结论】 [FAIL] 超时未检测到成功关键字
[2026-04-17 11:54:36] INFO     统计 -> 成功: 13 | 失败: 7 | 异常: 0 | 成功率: 65.0%
[2026-04-17 11:54:36] INFO     
-------------------- 第 21 轮 | 最大监听: 10.0s --------------------
[2026-04-17 11:54:36] INFO     继电器 ON (开始充电)
[2026-04-17 11:54:36] INFO     继电器执行 -> ON
[2026-04-17 11:54:46] INFO     继电器 OFF (切断充电)
[2026-04-17 11:54:46] INFO     继电器执行 -> OFF
[2026-04-17 11:54:46] INFO     物理断电静置 10.0s (等待BMS状态机完全复位)
[2026-04-17 11:54:56] WARNING  【结论】 [FAIL] 超时未检测到成功关键字
[2026-04-17 11:54:56] INFO     统计 -> 成功: 13 | 失败: 8 | 异常: 0 | 成功率: 61.9%
[2026-04-17 11:54:56] INFO     
-------------------- 第 22 轮 | 最大监听: 10.0s --------------------
[2026-04-17 11:54:56] INFO     继电器 ON (开始充电)
[2026-04-17 11:54:56] INFO     继电器执行 -> ON
[2026-04-17 11:55:06] INFO     继电器 OFF (切断充电)
[2026-04-17 11:55:06] INFO     继电器执行 -> OFF
[2026-04-17 11:55:06] INFO     物理断电静置 10.0s (等待BMS状态机完全复位)
[2026-04-17 11:55:16] WARNING  【结论】 [FAIL] 超时未检测到成功关键字
[2026-04-17 11:55:16] INFO     统计 -> 成功: 13 | 失败: 9 | 异常: 0 | 成功率: 59.1%
[2026-04-17 11:55:16] INFO     
-------------------- 第 23 轮 | 最大监听: 10.0s --------------------
[2026-04-17 11:55:16] INFO     继电器 ON (开始充电)
[2026-04-17 11:55:16] INFO     继电器执行 -> ON
[2026-04-17 11:55:26] INFO     继电器 OFF (切断充电)
[2026-04-17 11:55:26] INFO     继电器执行 -> OFF
[2026-04-17 11:55:26] INFO     物理断电静置 10.0s (等待BMS状态机完全复位)
[2026-04-17 11:55:36] WARNING  【结论】 [FAIL] 超时未检测到成功关键字
[2026-04-17 11:55:36] INFO     统计 -> 成功: 13 | 失败: 10 | 异常: 0 | 成功率: 56.5%
[2026-04-17 11:55:36] INFO     
-------------------- 第 24 轮 | 最大监听: 10.0s --------------------
[2026-04-17 11:55:36] INFO     继电器 ON (开始充电)
[2026-04-17 11:55:36] INFO     继电器执行 -> ON
[2026-04-17 11:55:46] INFO     继电器 OFF (切断充电)
[2026-04-17 11:55:46] INFO     继电器执行 -> OFF
[2026-04-17 11:55:46] INFO     物理断电静置 10.0s (等待BMS状态机完全复位)
[2026-04-17 11:55:56] WARNING  【结论】 [FAIL] 超时未检测到成功关键字
[2026-04-17 11:55:56] INFO     统计 -> 成功: 13 | 失败: 11 | 异常: 0 | 成功率: 54.2%
[2026-04-17 11:55:56] INFO     
-------------------- 第 25 轮 | 最大监听: 10.0s --------------------
[2026-04-17 11:55:56] INFO     继电器 ON (开始充电)
[2026-04-17 11:55:56] INFO     继电器执行 -> ON
[2026-04-17 11:56:06] INFO     继电器 OFF (切断充电)
[2026-04-17 11:56:06] INFO     继电器执行 -> OFF
[2026-04-17 11:56:06] INFO     物理断电静置 10.0s (等待BMS状态机完全复位)
[2026-04-17 11:56:16] WARNING  【结论】 [FAIL] 超时未检测到成功关键字
[2026-04-17 11:56:16] INFO     统计 -> 成功: 13 | 失败: 12 | 异常: 0 | 成功率: 52.0%
[2026-04-17 11:56:16] INFO     
-------------------- 第 26 轮 | 最大监听: 10.0s --------------------
[2026-04-17 11:56:16] INFO     继电器 ON (开始充电)
[2026-04-17 11:56:16] INFO     继电器执行 -> ON
[2026-04-17 11:56:26] INFO     继电器 OFF (切断充电)
[2026-04-17 11:56:26] INFO     继电器执行 -> OFF
[2026-04-17 11:56:26] INFO     物理断电静置 10.0s (等待BMS状态机完全复位)
[2026-04-17 11:56:36] WARNING  【结论】 [FAIL] 超时未检测到成功关键字
[2026-04-17 11:56:36] INFO     统计 -> 成功: 13 | 失败: 13 | 异常: 0 | 成功率: 50.0%
[2026-04-17 11:56:36] INFO     
-------------------- 第 27 轮 | 最大监听: 10.0s --------------------
[2026-04-17 11:56:36] INFO     继电器 ON (开始充电)
[2026-04-17 11:56:36] INFO     继电器执行 -> ON
[2026-04-17 11:56:46] INFO     继电器 OFF (切断充电)
[2026-04-17 11:56:46] INFO     继电器执行 -> OFF
[2026-04-17 11:56:46] INFO     物理断电静置 10.0s (等待BMS状态机完全复位)
[2026-04-17 11:56:56] WARNING  【结论】 [FAIL] 超时未检测到成功关键字
[2026-04-17 11:56:56] INFO     统计 -> 成功: 13 | 失败: 14 | 异常: 0 | 成功率: 48.1%
[2026-04-17 11:56:56] INFO     
-------------------- 第 28 轮 | 最大监听: 10.0s --------------------
[2026-04-17 11:56:56] INFO     继电器 ON (开始充电)
[2026-04-17 11:56:56] INFO     继电器执行 -> ON
[2026-04-17 11:57:06] INFO     继电器 OFF (切断充电)
[2026-04-17 11:57:06] INFO     继电器执行 -> OFF
[2026-04-17 11:57:06] INFO     物理断电静置 10.0s (等待BMS状态机完全复位)
[2026-04-17 11:57:16] WARNING  【结论】 [FAIL] 超时未检测到成功关键字
[2026-04-17 11:57:16] INFO     统计 -> 成功: 13 | 失败: 15 | 异常: 0 | 成功率: 46.4%
[2026-04-17 11:57:16] INFO     
-------------------- 第 29 轮 | 最大监听: 10.0s --------------------
[2026-04-17 11:57:16] INFO     继电器 ON (开始充电)
[2026-04-17 11:57:16] INFO     继电器执行 -> ON
[2026-04-17 11:57:18] INFO     捕获目标指令: voice_msgnum:9
[2026-04-17 11:57:18] INFO     状态维稳，保持闭合 3.0s
[2026-04-17 11:57:21] INFO     继电器 OFF (切断充电)
[2026-04-17 11:57:21] INFO     继电器执行 -> OFF
[2026-04-17 11:57:21] INFO     物理断电静置 10.0s (等待BMS状态机完全复位)
[2026-04-17 11:57:31] INFO     【结论】 [PASS] 成功关键字: voice_msgnum:9
[2026-04-17 11:57:31] INFO     统计 -> 成功: 14 | 失败: 15 | 异常: 0 | 成功率: 48.3%
[2026-04-17 11:57:31] INFO     
-------------------- 第 30 轮 | 最大监听: 10.0s --------------------
[2026-04-17 11:57:31] INFO     继电器 ON (开始充电)
[2026-04-17 11:57:31] INFO     继电器执行 -> ON
[2026-04-17 11:57:33] INFO     捕获目标指令: voice_msgnum:9
[2026-04-17 11:57:33] INFO     状态维稳，保持闭合 3.0s
[2026-04-17 11:57:36] INFO     继电器 OFF (切断充电)
[2026-04-17 11:57:36] INFO     继电器执行 -> OFF
[2026-04-17 11:57:36] INFO     物理断电静置 10.0s (等待BMS状态机完全复位)
[2026-04-17 11:57:46] INFO     【结论】 [PASS] 成功关键字: voice_msgnum:9
[2026-04-17 11:57:46] INFO     统计 -> 成功: 15 | 失败: 15 | 异常: 0 | 成功率: 50.0%
[2026-04-17 11:57:46] INFO     
-------------------- 第 31 轮 | 最大监听: 10.0s --------------------
[2026-04-17 11:57:46] INFO     继电器 ON (开始充电)
[2026-04-17 11:57:46] INFO     继电器执行 -> ON
[2026-04-17 11:57:48] INFO     捕获目标指令: voice_msgnum:9
[2026-04-17 11:57:48] INFO     状态维稳，保持闭合 3.0s
[2026-04-17 11:57:51] INFO     继电器 OFF (切断充电)
[2026-04-17 11:57:51] INFO     继电器执行 -> OFF
[2026-04-17 11:57:51] INFO     物理断电静置 10.0s (等待BMS状态机完全复位)
[2026-04-17 11:58:01] INFO     【结论】 [PASS] 成功关键字: voice_msgnum:9
[2026-04-17 11:58:01] INFO     统计 -> 成功: 16 | 失败: 15 | 异常: 0 | 成功率: 51.6%
[2026-04-17 11:58:01] INFO     
-------------------- 第 32 轮 | 最大监听: 10.0s --------------------
[2026-04-17 11:58:01] INFO     继电器 ON (开始充电)
[2026-04-17 11:58:01] INFO     继电器执行 -> ON
[2026-04-17 11:58:11] INFO     继电器 OFF (切断充电)
[2026-04-17 11:58:11] INFO     继电器执行 -> OFF
[2026-04-17 11:58:11] INFO     物理断电静置 10.0s (等待BMS状态机完全复位)
[2026-04-17 11:58:21] WARNING  【结论】 [FAIL] 超时未检测到成功关键字
[2026-04-17 11:58:21] INFO     统计 -> 成功: 16 | 失败: 16 | 异常: 0 | 成功率: 50.0%
[2026-04-17 11:58:21] INFO     
-------------------- 第 33 轮 | 最大监听: 10.0s --------------------
[2026-04-17 11:58:21] INFO     继电器 ON (开始充电)
[2026-04-17 11:58:21] INFO     继电器执行 -> ON
[2026-04-17 11:58:31] INFO     继电器 OFF (切断充电)
[2026-04-17 11:58:31] INFO     继电器执行 -> OFF
[2026-04-17 11:58:31] INFO     物理断电静置 10.0s (等待BMS状态机完全复位)
[2026-04-17 11:58:41] WARNING  【结论】 [FAIL] 超时未检测到成功关键字
[2026-04-17 11:58:41] INFO     统计 -> 成功: 16 | 失败: 17 | 异常: 0 | 成功率: 48.5%
[2026-04-17 11:58:41] INFO     
-------------------- 第 34 轮 | 最大监听: 10.0s --------------------
[2026-04-17 11:58:41] INFO     继电器 ON (开始充电)
[2026-04-17 11:58:41] INFO     继电器执行 -> ON
[2026-04-17 11:58:51] INFO     继电器 OFF (切断充电)
[2026-04-17 11:58:51] INFO     继电器执行 -> OFF
[2026-04-17 11:58:51] INFO     物理断电静置 10.0s (等待BMS状态机完全复位)
[2026-04-17 11:59:01] WARNING  【结论】 [FAIL] 超时未检测到成功关键字
[2026-04-17 11:59:01] INFO     统计 -> 成功: 16 | 失败: 18 | 异常: 0 | 成功率: 47.1%
[2026-04-17 11:59:01] INFO     
-------------------- 第 35 轮 | 最大监听: 10.0s --------------------
[2026-04-17 11:59:01] INFO     继电器 ON (开始充电)
[2026-04-17 11:59:01] INFO     继电器执行 -> ON
[2026-04-17 11:59:11] INFO     继电器 OFF (切断充电)
[2026-04-17 11:59:11] INFO     继电器执行 -> OFF
[2026-04-17 11:59:11] INFO     物理断电静置 10.0s (等待BMS状态机完全复位)
[2026-04-17 11:59:21] WARNING  【结论】 [FAIL] 超时未检测到成功关键字
[2026-04-17 11:59:21] INFO     统计 -> 成功: 16 | 失败: 19 | 异常: 0 | 成功率: 45.7%
[2026-04-17 11:59:21] INFO     
-------------------- 第 36 轮 | 最大监听: 10.0s --------------------
[2026-04-17 11:59:21] INFO     继电器 ON (开始充电)
[2026-04-17 11:59:21] INFO     继电器执行 -> ON
[2026-04-17 11:59:31] INFO     继电器 OFF (切断充电)
[2026-04-17 11:59:31] INFO     继电器执行 -> OFF
[2026-04-17 11:59:31] INFO     物理断电静置 10.0s (等待BMS状态机完全复位)
[2026-04-17 11:59:41] WARNING  【结论】 [FAIL] 超时未检测到成功关键字
[2026-04-17 11:59:41] INFO     统计 -> 成功: 16 | 失败: 20 | 异常: 0 | 成功率: 44.4%
[2026-04-17 11:59:41] INFO     
-------------------- 第 37 轮 | 最大监听: 10.0s --------------------
[2026-04-17 11:59:41] INFO     继电器 ON (开始充电)
[2026-04-17 11:59:41] INFO     继电器执行 -> ON
[2026-04-17 11:59:51] INFO     继电器 OFF (切断充电)
[2026-04-17 11:59:51] INFO     继电器执行 -> OFF
[2026-04-17 11:59:51] INFO     物理断电静置 10.0s (等待BMS状态机完全复位)
[2026-04-17 12:00:01] WARNING  【结论】 [FAIL] 超时未检测到成功关键字
[2026-04-17 12:00:01] INFO     统计 -> 成功: 16 | 失败: 21 | 异常: 0 | 成功率: 43.2%
[2026-04-17 12:00:01] INFO     
-------------------- 第 38 轮 | 最大监听: 10.0s --------------------
[2026-04-17 12:00:01] INFO     继电器 ON (开始充电)
[2026-04-17 12:00:01] INFO     继电器执行 -> ON
[2026-04-17 12:00:11] INFO     继电器 OFF (切断充电)
[2026-04-17 12:00:11] INFO     继电器执行 -> OFF
[2026-04-17 12:00:11] INFO     物理断电静置 10.0s (等待BMS状态机完全复位)
[2026-04-17 12:00:21] WARNING  【结论】 [FAIL] 超时未检测到成功关键字
[2026-04-17 12:00:21] INFO     统计 -> 成功: 16 | 失败: 22 | 异常: 0 | 成功率: 42.1%
[2026-04-17 12:00:21] INFO     
-------------------- 第 39 轮 | 最大监听: 10.0s --------------------
[2026-04-17 12:00:21] INFO     继电器 ON (开始充电)
[2026-04-17 12:00:21] INFO     继电器执行 -> ON
[2026-04-17 12:00:31] INFO     继电器 OFF (切断充电)
[2026-04-17 12:00:32] INFO     继电器执行 -> OFF
[2026-04-17 12:00:32] INFO     物理断电静置 10.0s (等待BMS状态机完全复位)
[2026-04-17 12:00:42] WARNING  【结论】 [FAIL] 超时未检测到成功关键字
[2026-04-17 12:00:42] INFO     统计 -> 成功: 16 | 失败: 23 | 异常: 0 | 成功率: 41.0%
[2026-04-17 12:00:42] INFO     
-------------------- 第 40 轮 | 最大监听: 10.0s --------------------
[2026-04-17 12:00:42] INFO     继电器 ON (开始充电)
[2026-04-17 12:00:42] INFO     继电器执行 -> ON
[2026-04-17 12:00:52] INFO     继电器 OFF (切断充电)
[2026-04-17 12:00:52] INFO     继电器执行 -> OFF
[2026-04-17 12:00:52] INFO     物理断电静置 10.0s (等待BMS状态机完全复位)
[2026-04-17 12:01:02] WARNING  【结论】 [FAIL] 超时未检测到成功关键字
[2026-04-17 12:01:02] INFO     统计 -> 成功: 16 | 失败: 24 | 异常: 0 | 成功率: 40.0%
[2026-04-17 12:01:02] INFO     
-------------------- 第 41 轮 | 最大监听: 10.0s --------------------
[2026-04-17 12:01:02] INFO     继电器 ON (开始充电)
[2026-04-17 12:01:02] INFO     继电器执行 -> ON
[2026-04-17 12:01:12] INFO     继电器 OFF (切断充电)
[2026-04-17 12:01:12] INFO     继电器执行 -> OFF
[2026-04-17 12:01:12] INFO     物理断电静置 10.0s (等待BMS状态机完全复位)
[2026-04-17 12:01:22] WARNING  【结论】 [FAIL] 超时未检测到成功关键字
[2026-04-17 12:01:22] INFO     统计 -> 成功: 16 | 失败: 25 | 异常: 0 | 成功率: 39.0%
[2026-04-17 12:01:22] INFO     
-------------------- 第 42 轮 | 最大监听: 10.0s --------------------
[2026-04-17 12:01:22] INFO     继电器 ON (开始充电)
[2026-04-17 12:01:22] INFO     继电器执行 -> ON
[2026-04-17 12:01:32] INFO     继电器 OFF (切断充电)
[2026-04-17 12:01:32] INFO     继电器执行 -> OFF
[2026-04-17 12:01:32] INFO     物理断电静置 10.0s (等待BMS状态机完全复位)
[2026-04-17 12:01:42] WARNING  【结论】 [FAIL] 超时未检测到成功关键字
[2026-04-17 12:01:42] INFO     统计 -> 成功: 16 | 失败: 26 | 异常: 0 | 成功率: 38.1%
[2026-04-17 12:01:42] INFO     
-------------------- 第 43 轮 | 最大监听: 10.0s --------------------
[2026-04-17 12:01:42] INFO     继电器 ON (开始充电)
[2026-04-17 12:01:42] INFO     继电器执行 -> ON
[2026-04-17 12:01:52] INFO     继电器 OFF (切断充电)
[2026-04-17 12:01:52] INFO     继电器执行 -> OFF
[2026-04-17 12:01:52] INFO     物理断电静置 10.0s (等待BMS状态机完全复位)
[2026-04-17 12:02:02] WARNING  【结论】 [FAIL] 超时未检测到成功关键字
[2026-04-17 12:02:02] INFO     统计 -> 成功: 16 | 失败: 27 | 异常: 0 | 成功率: 37.2%
[2026-04-17 12:02:02] INFO     
-------------------- 第 44 轮 | 最大监听: 10.0s --------------------
[2026-04-17 12:02:02] INFO     继电器 ON (开始充电)
[2026-04-17 12:02:02] INFO     继电器执行 -> ON
[2026-04-17 12:02:12] INFO     继电器 OFF (切断充电)
[2026-04-17 12:02:12] INFO     继电器执行 -> OFF
[2026-04-17 12:02:12] INFO     物理断电静置 10.0s (等待BMS状态机完全复位)
[2026-04-17 12:02:22] WARNING  【结论】 [FAIL] 超时未检测到成功关键字
[2026-04-17 12:02:22] INFO     统计 -> 成功: 16 | 失败: 28 | 异常: 0 | 成功率: 36.4%
[2026-04-17 12:02:22] INFO     
-------------------- 第 45 轮 | 最大监听: 10.0s --------------------
[2026-04-17 12:02:22] INFO     继电器 ON (开始充电)
[2026-04-17 12:02:22] INFO     继电器执行 -> ON
[2026-04-17 12:02:30] INFO     捕获目标指令: voice_msgnum:9
[2026-04-17 12:02:30] INFO     状态维稳，保持闭合 3.0s
[2026-04-17 12:02:33] INFO     继电器 OFF (切断充电)
[2026-04-17 12:02:33] INFO     继电器执行 -> OFF
[2026-04-17 12:02:33] INFO     物理断电静置 10.0s (等待BMS状态机完全复位)
[2026-04-17 12:02:43] INFO     【结论】 [PASS] 成功关键字: voice_msgnum:9
[2026-04-17 12:02:43] INFO     统计 -> 成功: 17 | 失败: 28 | 异常: 0 | 成功率: 37.8%
[2026-04-17 12:02:43] INFO     
-------------------- 第 46 轮 | 最大监听: 10.0s --------------------
[2026-04-17 12:02:43] INFO     继电器 ON (开始充电)
[2026-04-17 12:02:43] INFO     继电器执行 -> ON
[2026-04-17 12:02:44] INFO     捕获目标指令: voice_msgnum:9
[2026-04-17 12:02:44] INFO     状态维稳，保持闭合 3.0s
[2026-04-17 12:02:47] INFO     继电器 OFF (切断充电)
[2026-04-17 12:02:47] INFO     继电器执行 -> OFF
[2026-04-17 12:02:47] INFO     物理断电静置 10.0s (等待BMS状态机完全复位)
[2026-04-17 12:02:57] INFO     【结论】 [PASS] 成功关键字: voice_msgnum:9
[2026-04-17 12:02:57] INFO     统计 -> 成功: 18 | 失败: 28 | 异常: 0 | 成功率: 39.1%
[2026-04-17 12:02:57] INFO     
-------------------- 第 47 轮 | 最大监听: 10.0s --------------------
[2026-04-17 12:02:57] INFO     继电器 ON (开始充电)
[2026-04-17 12:02:57] INFO     继电器执行 -> ON
[2026-04-17 12:02:59] INFO     捕获目标指令: voice_msgnum:9
[2026-04-17 12:02:59] INFO     状态维稳，保持闭合 3.0s
[2026-04-17 12:03:02] INFO     继电器 OFF (切断充电)
[2026-04-17 12:03:02] INFO     继电器执行 -> OFF
[2026-04-17 12:03:02] INFO     物理断电静置 10.0s (等待BMS状态机完全复位)
[2026-04-17 12:03:12] INFO     【结论】 [PASS] 成功关键字: voice_msgnum:9
[2026-04-17 12:03:12] INFO     统计 -> 成功: 19 | 失败: 28 | 异常: 0 | 成功率: 40.4%
[2026-04-17 12:03:12] INFO     
-------------------- 第 48 轮 | 最大监听: 10.0s --------------------
[2026-04-17 12:03:12] INFO     继电器 ON (开始充电)
[2026-04-17 12:03:12] INFO     继电器执行 -> ON
[2026-04-17 12:03:14] INFO     捕获目标指令: voice_msgnum:9
[2026-04-17 12:03:14] INFO     状态维稳，保持闭合 3.0s
[2026-04-17 12:03:17] INFO     继电器 OFF (切断充电)
[2026-04-17 12:03:17] INFO     继电器执行 -> OFF
[2026-04-17 12:03:17] INFO     物理断电静置 10.0s (等待BMS状态机完全复位)
[2026-04-17 12:03:27] INFO     【结论】 [PASS] 成功关键字: voice_msgnum:9
[2026-04-17 12:03:27] INFO     统计 -> 成功: 20 | 失败: 28 | 异常: 0 | 成功率: 41.7%
[2026-04-17 12:03:27] INFO     
-------------------- 第 49 轮 | 最大监听: 10.0s --------------------
[2026-04-17 12:03:27] INFO     继电器 ON (开始充电)
[2026-04-17 12:03:27] INFO     继电器执行 -> ON
[2026-04-17 12:03:29] INFO     捕获目标指令: voice_msgnum:9
[2026-04-17 12:03:29] INFO     状态维稳，保持闭合 3.0s
[2026-04-17 12:03:32] INFO     继电器 OFF (切断充电)
[2026-04-17 12:03:32] INFO     继电器执行 -> OFF
[2026-04-17 12:03:32] INFO     物理断电静置 10.0s (等待BMS状态机完全复位)
[2026-04-17 12:03:42] INFO     【结论】 [PASS] 成功关键字: voice_msgnum:9
[2026-04-17 12:03:42] INFO     统计 -> 成功: 21 | 失败: 28 | 异常: 0 | 成功率: 42.9%
[2026-04-17 12:03:42] INFO     
-------------------- 第 50 轮 | 最大监听: 10.0s --------------------
[2026-04-17 12:03:42] INFO     继电器 ON (开始充电)
[2026-04-17 12:03:42] INFO     继电器执行 -> ON
[2026-04-17 12:03:44] INFO     捕获目标指令: voice_msgnum:9
[2026-04-17 12:03:44] INFO     状态维稳，保持闭合 3.0s
[2026-04-17 12:03:47] INFO     继电器 OFF (切断充电)
[2026-04-17 12:03:47] INFO     继电器执行 -> OFF
[2026-04-17 12:03:47] INFO     物理断电静置 10.0s (等待BMS状态机完全复位)
[2026-04-17 12:03:57] INFO     【结论】 [PASS] 成功关键字: voice_msgnum:9
[2026-04-17 12:03:57] INFO     统计 -> 成功: 22 | 失败: 28 | 异常: 0 | 成功率: 44.0%
[2026-04-17 12:03:57] INFO     
-------------------- 第 51 轮 | 最大监听: 10.0s --------------------
[2026-04-17 12:03:57] INFO     继电器 ON (开始充电)
[2026-04-17 12:03:57] INFO     继电器执行 -> ON
[2026-04-17 12:03:58] INFO     捕获目标指令: voice_msgnum:9
[2026-04-17 12:03:58] INFO     状态维稳，保持闭合 3.0s
[2026-04-17 12:04:01] INFO     继电器 OFF (切断充电)
[2026-04-17 12:04:01] INFO     继电器执行 -> OFF
[2026-04-17 12:04:01] INFO     物理断电静置 10.0s (等待BMS状态机完全复位)
[2026-04-17 12:04:11] INFO     【结论】 [PASS] 成功关键字: voice_msgnum:9
[2026-04-17 12:04:11] INFO     统计 -> 成功: 23 | 失败: 28 | 异常: 0 | 成功率: 45.1%
[2026-04-17 12:04:11] INFO     
-------------------- 第 52 轮 | 最大监听: 10.0s --------------------
[2026-04-17 12:04:11] INFO     继电器 ON (开始充电)
[2026-04-17 12:04:11] INFO     继电器执行 -> ON
[2026-04-17 12:04:13] INFO     捕获目标指令: voice_msgnum:9
[2026-04-17 12:04:13] INFO     状态维稳，保持闭合 3.0s
[2026-04-17 12:04:16] INFO     继电器 OFF (切断充电)
[2026-04-17 12:04:16] INFO     继电器执行 -> OFF
[2026-04-17 12:04:16] INFO     物理断电静置 10.0s (等待BMS状态机完全复位)
[2026-04-17 12:04:26] INFO     【结论】 [PASS] 成功关键字: voice_msgnum:9
[2026-04-17 12:04:26] INFO     统计 -> 成功: 24 | 失败: 28 | 异常: 0 | 成功率: 46.2%
[2026-04-17 12:04:26] INFO     
-------------------- 第 53 轮 | 最大监听: 10.0s --------------------
[2026-04-17 12:04:26] INFO     继电器 ON (开始充电)
[2026-04-17 12:04:26] INFO     继电器执行 -> ON
[2026-04-17 12:04:28] INFO     捕获目标指令: voice_msgnum:9
[2026-04-17 12:04:28] INFO     状态维稳，保持闭合 3.0s
[2026-04-17 12:04:31] INFO     继电器 OFF (切断充电)
[2026-04-17 12:04:31] INFO     继电器执行 -> OFF
[2026-04-17 12:04:31] INFO     物理断电静置 10.0s (等待BMS状态机完全复位)
[2026-04-17 12:04:41] INFO     【结论】 [PASS] 成功关键字: voice_msgnum:9
[2026-04-17 12:04:41] INFO     统计 -> 成功: 25 | 失败: 28 | 异常: 0 | 成功率: 47.2%
[2026-04-17 12:04:41] INFO     
-------------------- 第 54 轮 | 最大监听: 10.0s --------------------
[2026-04-17 12:04:41] INFO     继电器 ON (开始充电)
[2026-04-17 12:04:41] INFO     继电器执行 -> ON
[2026-04-17 12:04:43] INFO     捕获目标指令: voice_msgnum:9
[2026-04-17 12:04:43] INFO     状态维稳，保持闭合 3.0s
[2026-04-17 12:04:46] INFO     继电器 OFF (切断充电)
[2026-04-17 12:04:46] INFO     继电器执行 -> OFF
[2026-04-17 12:04:46] INFO     物理断电静置 10.0s (等待BMS状态机完全复位)
[2026-04-17 12:04:56] INFO     【结论】 [PASS] 成功关键字: voice_msgnum:9
[2026-04-17 12:04:56] INFO     统计 -> 成功: 26 | 失败: 28 | 异常: 0 | 成功率: 48.1%
[2026-04-17 12:04:56] INFO     
-------------------- 第 55 轮 | 最大监听: 10.0s --------------------
[2026-04-17 12:04:56] INFO     继电器 ON (开始充电)
[2026-04-17 12:04:56] INFO     继电器执行 -> ON
[2026-04-17 12:04:57] INFO     捕获目标指令: voice_msgnum:9
[2026-04-17 12:04:57] INFO     状态维稳，保持闭合 3.0s
[2026-04-17 12:05:00] INFO     继电器 OFF (切断充电)
[2026-04-17 12:05:01] INFO     继电器执行 -> OFF
[2026-04-17 12:05:01] INFO     物理断电静置 10.0s (等待BMS状态机完全复位)
[2026-04-17 12:05:11] INFO     【结论】 [PASS] 成功关键字: voice_msgnum:9
[2026-04-17 12:05:11] INFO     统计 -> 成功: 27 | 失败: 28 | 异常: 0 | 成功率: 49.1%
[2026-04-17 12:05:11] INFO     
-------------------- 第 56 轮 | 最大监听: 10.0s --------------------
[2026-04-17 12:05:11] INFO     继电器 ON (开始充电)
[2026-04-17 12:05:11] INFO     继电器执行 -> ON
[2026-04-17 12:05:12] INFO     捕获目标指令: voice_msgnum:9
[2026-04-17 12:05:12] INFO     状态维稳，保持闭合 3.0s
[2026-04-17 12:05:15] INFO     继电器 OFF (切断充电)
[2026-04-17 12:05:15] INFO     继电器执行 -> OFF
[2026-04-17 12:05:15] INFO     物理断电静置 10.0s (等待BMS状态机完全复位)
[2026-04-17 12:05:25] INFO     【结论】 [PASS] 成功关键字: voice_msgnum:9
[2026-04-17 12:05:25] INFO     统计 -> 成功: 28 | 失败: 28 | 异常: 0 | 成功率: 50.0%
[2026-04-17 12:05:25] INFO     
-------------------- 第 57 轮 | 最大监听: 10.0s --------------------
[2026-04-17 12:05:25] INFO     继电器 ON (开始充电)
[2026-04-17 12:05:25] INFO     继电器执行 -> ON
[2026-04-17 12:05:27] INFO     捕获目标指令: voice_msgnum:9
[2026-04-17 12:05:27] INFO     状态维稳，保持闭合 3.0s
[2026-04-17 12:05:30] INFO     继电器 OFF (切断充电)
[2026-04-17 12:05:30] INFO     继电器执行 -> OFF
[2026-04-17 12:05:30] INFO     物理断电静置 10.0s (等待BMS状态机完全复位)
[2026-04-17 12:05:40] INFO     【结论】 [PASS] 成功关键字: voice_msgnum:9
[2026-04-17 12:05:40] INFO     统计 -> 成功: 29 | 失败: 28 | 异常: 0 | 成功率: 50.9%
[2026-04-17 12:05:40] INFO     
-------------------- 第 58 轮 | 最大监听: 10.0s --------------------
[2026-04-17 12:05:40] INFO     继电器 ON (开始充电)
[2026-04-17 12:05:40] INFO     继电器执行 -> ON
[2026-04-17 12:05:42] INFO     捕获目标指令: voice_msgnum:9
[2026-04-17 12:05:42] INFO     状态维稳，保持闭合 3.0s
[2026-04-17 12:05:45] INFO     继电器 OFF (切断充电)
[2026-04-17 12:05:45] INFO     继电器执行 -> OFF
[2026-04-17 12:05:45] INFO     物理断电静置 10.0s (等待BMS状态机完全复位)
[2026-04-17 12:05:55] INFO     【结论】 [PASS] 成功关键字: voice_msgnum:9
[2026-04-17 12:05:55] INFO     统计 -> 成功: 30 | 失败: 28 | 异常: 0 | 成功率: 51.7%
[2026-04-17 12:05:55] INFO     
-------------------- 第 59 轮 | 最大监听: 10.0s --------------------
[2026-04-17 12:05:55] INFO     继电器 ON (开始充电)
[2026-04-17 12:05:55] INFO     继电器执行 -> ON
[2026-04-17 12:05:57] INFO     捕获目标指令: voice_msgnum:9
[2026-04-17 12:05:57] INFO     状态维稳，保持闭合 3.0s
[2026-04-17 12:06:00] INFO     继电器 OFF (切断充电)
[2026-04-17 12:06:00] INFO     继电器执行 -> OFF
[2026-04-17 12:06:00] INFO     物理断电静置 10.0s (等待BMS状态机完全复位)
[2026-04-17 12:06:10] INFO     【结论】 [PASS] 成功关键字: voice_msgnum:9
[2026-04-17 12:06:10] INFO     统计 -> 成功: 31 | 失败: 28 | 异常: 0 | 成功率: 52.5%
[2026-04-17 12:06:10] INFO     
-------------------- 第 60 轮 | 最大监听: 10.0s --------------------
[2026-04-17 12:06:10] INFO     继电器 ON (开始充电)
[2026-04-17 12:06:10] INFO     继电器执行 -> ON
[2026-04-17 12:06:11] INFO     捕获目标指令: voice_msgnum:9
[2026-04-17 12:06:11] INFO     状态维稳，保持闭合 3.0s
[2026-04-17 12:06:14] INFO     继电器 OFF (切断充电)
[2026-04-17 12:06:15] INFO     继电器执行 -> OFF
[2026-04-17 12:06:15] INFO     物理断电静置 10.0s (等待BMS状态机完全复位)
[2026-04-17 12:06:25] INFO     【结论】 [PASS] 成功关键字: voice_msgnum:9
[2026-04-17 12:06:25] INFO     统计 -> 成功: 32 | 失败: 28 | 异常: 0 | 成功率: 53.3%
[2026-04-17 12:06:25] INFO     
-------------------- 第 61 轮 | 最大监听: 10.0s --------------------
[2026-04-17 12:06:25] INFO     继电器 ON (开始充电)
[2026-04-17 12:06:25] INFO     继电器执行 -> ON
[2026-04-17 12:06:26] INFO     捕获目标指令: voice_msgnum:9
[2026-04-17 12:06:26] INFO     状态维稳，保持闭合 3.0s
[2026-04-17 12:06:29] INFO     继电器 OFF (切断充电)
[2026-04-17 12:06:29] INFO     继电器执行 -> OFF
[2026-04-17 12:06:29] INFO     物理断电静置 10.0s (等待BMS状态机完全复位)
[2026-04-17 12:06:39] INFO     【结论】 [PASS] 成功关键字: voice_msgnum:9
[2026-04-17 12:06:39] INFO     统计 -> 成功: 33 | 失败: 28 | 异常: 0 | 成功率: 54.1%
[2026-04-17 12:06:39] INFO     
-------------------- 第 62 轮 | 最大监听: 10.0s --------------------
[2026-04-17 12:06:39] INFO     继电器 ON (开始充电)
[2026-04-17 12:06:39] INFO     继电器执行 -> ON
[2026-04-17 12:06:41] INFO     捕获目标指令: voice_msgnum:9
[2026-04-17 12:06:41] INFO     状态维稳，保持闭合 3.0s
[2026-04-17 12:06:44] INFO     继电器 OFF (切断充电)
[2026-04-17 12:06:44] INFO     继电器执行 -> OFF
[2026-04-17 12:06:44] INFO     物理断电静置 10.0s (等待BMS状态机完全复位)
[2026-04-17 12:06:54] INFO     【结论】 [PASS] 成功关键字: voice_msgnum:9
[2026-04-17 12:06:54] INFO     统计 -> 成功: 34 | 失败: 28 | 异常: 0 | 成功率: 54.8%
[2026-04-17 12:06:54] INFO     
-------------------- 第 63 轮 | 最大监听: 10.0s --------------------
[2026-04-17 12:06:54] INFO     继电器 ON (开始充电)
[2026-04-17 12:06:54] INFO     继电器执行 -> ON
[2026-04-17 12:06:58] INFO     捕获目标指令: voice_msgnum:9
[2026-04-17 12:06:58] INFO     状态维稳，保持闭合 3.0s
[2026-04-17 12:07:01] INFO     继电器 OFF (切断充电)
[2026-04-17 12:07:01] INFO     继电器执行 -> OFF
[2026-04-17 12:07:01] INFO     物理断电静置 10.0s (等待BMS状态机完全复位)
[2026-04-17 12:07:11] INFO     【结论】 [PASS] 成功关键字: voice_msgnum:9
[2026-04-17 12:07:11] INFO     统计 -> 成功: 35 | 失败: 28 | 异常: 0 | 成功率: 55.6%
[2026-04-17 12:07:11] INFO     
-------------------- 第 64 轮 | 最大监听: 10.0s --------------------
[2026-04-17 12:07:11] INFO     继电器 ON (开始充电)
[2026-04-17 12:07:11] INFO     继电器执行 -> ON
[2026-04-17 12:07:13] INFO     捕获目标指令: voice_msgnum:9
[2026-04-17 12:07:13] INFO     状态维稳，保持闭合 3.0s
[2026-04-17 12:07:16] INFO     继电器 OFF (切断充电)
[2026-04-17 12:07:16] INFO     继电器执行 -> OFF
[2026-04-17 12:07:16] INFO     物理断电静置 10.0s (等待BMS状态机完全复位)
[2026-04-17 12:07:26] INFO     【结论】 [PASS] 成功关键字: voice_msgnum:9
[2026-04-17 12:07:26] INFO     统计 -> 成功: 36 | 失败: 28 | 异常: 0 | 成功率: 56.2%
[2026-04-17 12:07:26] INFO     
-------------------- 第 65 轮 | 最大监听: 10.0s --------------------
[2026-04-17 12:07:26] INFO     继电器 ON (开始充电)
[2026-04-17 12:07:26] INFO     继电器执行 -> ON
[2026-04-17 12:07:30] INFO     捕获目标指令: voice_msgnum:9
[2026-04-17 12:07:30] INFO     状态维稳，保持闭合 3.0s
[2026-04-17 12:07:33] INFO     继电器 OFF (切断充电)
[2026-04-17 12:07:33] INFO     继电器执行 -> OFF
[2026-04-17 12:07:33] INFO     物理断电静置 10.0s (等待BMS状态机完全复位)
[2026-04-17 12:07:43] INFO     【结论】 [PASS] 成功关键字: voice_msgnum:9
[2026-04-17 12:07:43] INFO     统计 -> 成功: 37 | 失败: 28 | 异常: 0 | 成功率: 56.9%
[2026-04-17 12:07:43] INFO     
-------------------- 第 66 轮 | 最大监听: 10.0s --------------------
[2026-04-17 12:07:43] INFO     继电器 ON (开始充电)
[2026-04-17 12:07:43] INFO     继电器执行 -> ON
[2026-04-17 12:07:45] INFO     捕获目标指令: voice_msgnum:9
[2026-04-17 12:07:45] INFO     状态维稳，保持闭合 3.0s
[2026-04-17 12:07:48] INFO     继电器 OFF (切断充电)
[2026-04-17 12:07:48] INFO     继电器执行 -> OFF
[2026-04-17 12:07:48] INFO     物理断电静置 10.0s (等待BMS状态机完全复位)
[2026-04-17 12:07:58] INFO     【结论】 [PASS] 成功关键字: voice_msgnum:9
[2026-04-17 12:07:58] INFO     统计 -> 成功: 38 | 失败: 28 | 异常: 0 | 成功率: 57.6%
[2026-04-17 12:07:58] INFO     
-------------------- 第 67 轮 | 最大监听: 10.0s --------------------
[2026-04-17 12:07:58] INFO     继电器 ON (开始充电)
[2026-04-17 12:07:58] INFO     继电器执行 -> ON
[2026-04-17 12:08:00] INFO     捕获目标指令: voice_msgnum:9
[2026-04-17 12:08:00] INFO     状态维稳，保持闭合 3.0s
[2026-04-17 12:08:03] INFO     继电器 OFF (切断充电)
[2026-04-17 12:08:03] INFO     继电器执行 -> OFF
[2026-04-17 12:08:03] INFO     物理断电静置 10.0s (等待BMS状态机完全复位)
[2026-04-17 12:08:13] INFO     【结论】 [PASS] 成功关键字: voice_msgnum:9
[2026-04-17 12:08:13] INFO     统计 -> 成功: 39 | 失败: 28 | 异常: 0 | 成功率: 58.2%
[2026-04-17 12:08:13] INFO     
-------------------- 第 68 轮 | 最大监听: 10.0s --------------------
[2026-04-17 12:08:13] INFO     继电器 ON (开始充电)
[2026-04-17 12:08:13] INFO     继电器执行 -> ON
[2026-04-17 12:08:15] INFO     捕获目标指令: voice_msgnum:9
[2026-04-17 12:08:15] INFO     状态维稳，保持闭合 3.0s
[2026-04-17 12:08:18] INFO     继电器 OFF (切断充电)
[2026-04-17 12:08:18] INFO     继电器执行 -> OFF
[2026-04-17 12:08:18] INFO     物理断电静置 10.0s (等待BMS状态机完全复位)
[2026-04-17 12:08:28] INFO     【结论】 [PASS] 成功关键字: voice_msgnum:9
[2026-04-17 12:08:28] INFO     统计 -> 成功: 40 | 失败: 28 | 异常: 0 | 成功率: 58.8%
[2026-04-17 12:08:28] INFO     
-------------------- 第 69 轮 | 最大监听: 10.0s --------------------
[2026-04-17 12:08:28] INFO     继电器 ON (开始充电)
[2026-04-17 12:08:28] INFO     继电器执行 -> ON
[2026-04-17 12:08:29] INFO     捕获目标指令: voice_msgnum:9
[2026-04-17 12:08:29] INFO     状态维稳，保持闭合 3.0s
[2026-04-17 12:08:32] INFO     继电器 OFF (切断充电)
[2026-04-17 12:08:32] INFO     继电器执行 -> OFF
[2026-04-17 12:08:32] INFO     物理断电静置 10.0s (等待BMS状态机完全复位)
[2026-04-17 12:08:42] INFO     【结论】 [PASS] 成功关键字: voice_msgnum:9
[2026-04-17 12:08:42] INFO     统计 -> 成功: 41 | 失败: 28 | 异常: 0 | 成功率: 59.4%
[2026-04-17 12:08:42] INFO     
-------------------- 第 70 轮 | 最大监听: 10.0s --------------------
[2026-04-17 12:08:42] INFO     继电器 ON (开始充电)
[2026-04-17 12:08:43] INFO     继电器执行 -> ON
[2026-04-17 12:08:44] INFO     捕获目标指令: voice_msgnum:9
[2026-04-17 12:08:44] INFO     状态维稳，保持闭合 3.0s
[2026-04-17 12:08:47] INFO     继电器 OFF (切断充电)
[2026-04-17 12:08:47] INFO     继电器执行 -> OFF
[2026-04-17 12:08:47] INFO     物理断电静置 10.0s (等待BMS状态机完全复位)
[2026-04-17 12:08:57] INFO     【结论】 [PASS] 成功关键字: voice_msgnum:9
[2026-04-17 12:08:57] INFO     统计 -> 成功: 42 | 失败: 28 | 异常: 0 | 成功率: 60.0%
[2026-04-17 12:08:57] INFO     
-------------------- 第 71 轮 | 最大监听: 10.0s --------------------
[2026-04-17 12:08:57] INFO     继电器 ON (开始充电)
[2026-04-17 12:08:57] INFO     继电器执行 -> ON
[2026-04-17 12:08:59] INFO     捕获目标指令: voice_msgnum:9
[2026-04-17 12:08:59] INFO     状态维稳，保持闭合 3.0s
[2026-04-17 12:09:02] INFO     继电器 OFF (切断充电)
[2026-04-17 12:09:02] INFO     继电器执行 -> OFF
[2026-04-17 12:09:02] INFO     物理断电静置 10.0s (等待BMS状态机完全复位)
[2026-04-17 12:09:12] INFO     【结论】 [PASS] 成功关键字: voice_msgnum:9
[2026-04-17 12:09:12] INFO     统计 -> 成功: 43 | 失败: 28 | 异常: 0 | 成功率: 60.6%
[2026-04-17 12:09:12] INFO     
-------------------- 第 72 轮 | 最大监听: 10.0s --------------------
[2026-04-17 12:09:12] INFO     继电器 ON (开始充电)
[2026-04-17 12:09:12] INFO     继电器执行 -> ON
[2026-04-17 12:09:14] INFO     捕获目标指令: voice_msgnum:9
[2026-04-17 12:09:14] INFO     状态维稳，保持闭合 3.0s
[2026-04-17 12:09:17] INFO     继电器 OFF (切断充电)
[2026-04-17 12:09:17] INFO     继电器执行 -> OFF
[2026-04-17 12:09:17] INFO     物理断电静置 10.0s (等待BMS状态机完全复位)
[2026-04-17 12:09:27] INFO     【结论】 [PASS] 成功关键字: voice_msgnum:9
[2026-04-17 12:09:27] INFO     统计 -> 成功: 44 | 失败: 28 | 异常: 0 | 成功率: 61.1%
[2026-04-17 12:09:27] INFO     
-------------------- 第 73 轮 | 最大监听: 10.0s --------------------
[2026-04-17 12:09:27] INFO     继电器 ON (开始充电)
[2026-04-17 12:09:27] INFO     继电器执行 -> ON
[2026-04-17 12:09:29] INFO     捕获目标指令: voice_msgnum:9
[2026-04-17 12:09:29] INFO     状态维稳，保持闭合 3.0s
[2026-04-17 12:09:32] INFO     继电器 OFF (切断充电)
[2026-04-17 12:09:32] INFO     继电器执行 -> OFF
[2026-04-17 12:09:32] INFO     物理断电静置 10.0s (等待BMS状态机完全复位)
[2026-04-17 12:09:42] INFO     【结论】 [PASS] 成功关键字: voice_msgnum:9
[2026-04-17 12:09:42] INFO     统计 -> 成功: 45 | 失败: 28 | 异常: 0 | 成功率: 61.6%
[2026-04-17 12:09:42] INFO     
-------------------- 第 74 轮 | 最大监听: 10.0s --------------------
[2026-04-17 12:09:42] INFO     继电器 ON (开始充电)
[2026-04-17 12:09:42] INFO     继电器执行 -> ON
[2026-04-17 12:09:43] INFO     捕获目标指令: voice_msgnum:9
[2026-04-17 12:09:43] INFO     状态维稳，保持闭合 3.0s
[2026-04-17 12:09:46] INFO     继电器 OFF (切断充电)
[2026-04-17 12:09:46] INFO     继电器执行 -> OFF
[2026-04-17 12:09:46] INFO     物理断电静置 10.0s (等待BMS状态机完全复位)
[2026-04-17 12:09:56] INFO     【结论】 [PASS] 成功关键字: voice_msgnum:9
[2026-04-17 12:09:56] INFO     统计 -> 成功: 46 | 失败: 28 | 异常: 0 | 成功率: 62.2%
[2026-04-17 12:09:56] INFO     
-------------------- 第 75 轮 | 最大监听: 10.0s --------------------
[2026-04-17 12:09:56] INFO     继电器 ON (开始充电)
[2026-04-17 12:09:56] INFO     继电器执行 -> ON
[2026-04-17 12:09:58] INFO     捕获目标指令: voice_msgnum:9
[2026-04-17 12:09:58] INFO     状态维稳，保持闭合 3.0s
[2026-04-17 12:10:01] INFO     继电器 OFF (切断充电)
[2026-04-17 12:10:01] INFO     继电器执行 -> OFF
[2026-04-17 12:10:01] INFO     物理断电静置 10.0s (等待BMS状态机完全复位)
[2026-04-17 12:10:11] INFO     【结论】 [PASS] 成功关键字: voice_msgnum:9
[2026-04-17 12:10:11] INFO     统计 -> 成功: 47 | 失败: 28 | 异常: 0 | 成功率: 62.7%
[2026-04-17 12:10:11] INFO     
-------------------- 第 76 轮 | 最大监听: 10.0s --------------------
[2026-04-17 12:10:11] INFO     继电器 ON (开始充电)
[2026-04-17 12:10:11] INFO     继电器执行 -> ON
[2026-04-17 12:10:13] INFO     捕获目标指令: voice_msgnum:9
[2026-04-17 12:10:13] INFO     状态维稳，保持闭合 3.0s
[2026-04-17 12:10:16] INFO     继电器 OFF (切断充电)
[2026-04-17 12:10:16] INFO     继电器执行 -> OFF
[2026-04-17 12:10:16] INFO     物理断电静置 10.0s (等待BMS状态机完全复位)
[2026-04-17 12:10:26] INFO     【结论】 [PASS] 成功关键字: voice_msgnum:9
[2026-04-17 12:10:26] INFO     统计 -> 成功: 48 | 失败: 28 | 异常: 0 | 成功率: 63.2%
[2026-04-17 12:10:26] INFO     
-------------------- 第 77 轮 | 最大监听: 10.0s --------------------
[2026-04-17 12:10:26] INFO     继电器 ON (开始充电)
[2026-04-17 12:10:26] INFO     继电器执行 -> ON
[2026-04-17 12:10:28] INFO     捕获目标指令: voice_msgnum:9
[2026-04-17 12:10:28] INFO     状态维稳，保持闭合 3.0s
[2026-04-17 12:10:31] INFO     继电器 OFF (切断充电)
[2026-04-17 12:10:31] INFO     继电器执行 -> OFF
[2026-04-17 12:10:31] INFO     物理断电静置 10.0s (等待BMS状态机完全复位)
[2026-04-17 12:10:41] INFO     【结论】 [PASS] 成功关键字: voice_msgnum:9
[2026-04-17 12:10:41] INFO     统计 -> 成功: 49 | 失败: 28 | 异常: 0 | 成功率: 63.6%
[2026-04-17 12:10:41] INFO     
-------------------- 第 78 轮 | 最大监听: 10.0s --------------------
[2026-04-17 12:10:41] INFO     继电器 ON (开始充电)
[2026-04-17 12:10:41] INFO     继电器执行 -> ON
[2026-04-17 12:10:42] INFO     捕获目标指令: voice_msgnum:9
[2026-04-17 12:10:42] INFO     状态维稳，保持闭合 3.0s
[2026-04-17 12:10:45] INFO     继电器 OFF (切断充电)
[2026-04-17 12:10:45] INFO     继电器执行 -> OFF
[2026-04-17 12:10:45] INFO     物理断电静置 10.0s (等待BMS状态机完全复位)
[2026-04-17 12:10:55] INFO     【结论】 [PASS] 成功关键字: voice_msgnum:9
[2026-04-17 12:10:55] INFO     统计 -> 成功: 50 | 失败: 28 | 异常: 0 | 成功率: 64.1%
[2026-04-17 12:10:55] INFO     
-------------------- 第 79 轮 | 最大监听: 10.0s --------------------
[2026-04-17 12:10:55] INFO     继电器 ON (开始充电)
[2026-04-17 12:10:56] INFO     继电器执行 -> ON
[2026-04-17 12:10:57] INFO     捕获目标指令: voice_msgnum:9
[2026-04-17 12:10:57] INFO     状态维稳，保持闭合 3.0s
[2026-04-17 12:11:00] INFO     继电器 OFF (切断充电)
[2026-04-17 12:11:00] INFO     继电器执行 -> OFF
[2026-04-17 12:11:00] INFO     物理断电静置 10.0s (等待BMS状态机完全复位)
[2026-04-17 12:11:10] INFO     【结论】 [PASS] 成功关键字: voice_msgnum:9
[2026-04-17 12:11:10] INFO     统计 -> 成功: 51 | 失败: 28 | 异常: 0 | 成功率: 64.6%
[2026-04-17 12:11:10] INFO     
-------------------- 第 80 轮 | 最大监听: 10.0s --------------------
[2026-04-17 12:11:10] INFO     继电器 ON (开始充电)
[2026-04-17 12:11:10] INFO     继电器执行 -> ON
[2026-04-17 12:11:12] INFO     捕获目标指令: voice_msgnum:9
[2026-04-17 12:11:12] INFO     状态维稳，保持闭合 3.0s
[2026-04-17 12:11:15] INFO     继电器 OFF (切断充电)
[2026-04-17 12:11:15] INFO     继电器执行 -> OFF
[2026-04-17 12:11:15] INFO     物理断电静置 10.0s (等待BMS状态机完全复位)
[2026-04-17 12:11:25] INFO     【结论】 [PASS] 成功关键字: voice_msgnum:9
[2026-04-17 12:11:25] INFO     统计 -> 成功: 52 | 失败: 28 | 异常: 0 | 成功率: 65.0%
[2026-04-17 12:11:25] INFO     
-------------------- 第 81 轮 | 最大监听: 10.0s --------------------
[2026-04-17 12:11:25] INFO     继电器 ON (开始充电)
[2026-04-17 12:11:25] INFO     继电器执行 -> ON
[2026-04-17 12:11:27] INFO     捕获目标指令: voice_msgnum:9
[2026-04-17 12:11:27] INFO     状态维稳，保持闭合 3.0s
[2026-04-17 12:11:30] INFO     继电器 OFF (切断充电)
[2026-04-17 12:11:30] INFO     继电器执行 -> OFF
[2026-04-17 12:11:30] INFO     物理断电静置 10.0s (等待BMS状态机完全复位)
[2026-04-17 12:11:40] INFO     【结论】 [PASS] 成功关键字: voice_msgnum:9
[2026-04-17 12:11:40] INFO     统计 -> 成功: 53 | 失败: 28 | 异常: 0 | 成功率: 65.4%
[2026-04-17 12:11:40] INFO     
-------------------- 第 82 轮 | 最大监听: 10.0s --------------------
[2026-04-17 12:11:40] INFO     继电器 ON (开始充电)
[2026-04-17 12:11:40] INFO     继电器执行 -> ON
[2026-04-17 12:11:42] INFO     捕获目标指令: voice_msgnum:9
[2026-04-17 12:11:42] INFO     状态维稳，保持闭合 3.0s
[2026-04-17 12:11:45] INFO     继电器 OFF (切断充电)
[2026-04-17 12:11:45] INFO     继电器执行 -> OFF
[2026-04-17 12:11:45] INFO     物理断电静置 10.0s (等待BMS状态机完全复位)
[2026-04-17 12:11:55] INFO     【结论】 [PASS] 成功关键字: voice_msgnum:9
[2026-04-17 12:11:55] INFO     统计 -> 成功: 54 | 失败: 28 | 异常: 0 | 成功率: 65.9%
[2026-04-17 12:11:55] INFO     
-------------------- 第 83 轮 | 最大监听: 10.0s --------------------
[2026-04-17 12:11:55] INFO     继电器 ON (开始充电)
[2026-04-17 12:11:55] INFO     继电器执行 -> ON
[2026-04-17 12:11:56] INFO     捕获目标指令: voice_msgnum:9
[2026-04-17 12:11:56] INFO     状态维稳，保持闭合 3.0s
[2026-04-17 12:11:59] INFO     继电器 OFF (切断充电)
[2026-04-17 12:11:59] INFO     继电器执行 -> OFF
[2026-04-17 12:11:59] INFO     物理断电静置 10.0s (等待BMS状态机完全复位)
[2026-04-17 12:12:09] INFO     【结论】 [PASS] 成功关键字: voice_msgnum:9
[2026-04-17 12:12:09] INFO     统计 -> 成功: 55 | 失败: 28 | 异常: 0 | 成功率: 66.3%
[2026-04-17 12:12:09] INFO     
-------------------- 第 84 轮 | 最大监听: 10.0s --------------------
[2026-04-17 12:12:09] INFO     继电器 ON (开始充电)
[2026-04-17 12:12:09] INFO     继电器执行 -> ON
[2026-04-17 12:12:11] INFO     捕获目标指令: voice_msgnum:9
[2026-04-17 12:12:11] INFO     状态维稳，保持闭合 3.0s
[2026-04-17 12:12:14] INFO     继电器 OFF (切断充电)
[2026-04-17 12:12:14] INFO     继电器执行 -> OFF
[2026-04-17 12:12:14] INFO     物理断电静置 10.0s (等待BMS状态机完全复位)
[2026-04-17 12:12:24] INFO     【结论】 [PASS] 成功关键字: voice_msgnum:9
[2026-04-17 12:12:24] INFO     统计 -> 成功: 56 | 失败: 28 | 异常: 0 | 成功率: 66.7%
[2026-04-17 12:12:24] INFO     
-------------------- 第 85 轮 | 最大监听: 10.0s --------------------
[2026-04-17 12:12:24] INFO     继电器 ON (开始充电)
[2026-04-17 12:12:24] INFO     继电器执行 -> ON
[2026-04-17 12:12:26] INFO     捕获目标指令: voice_msgnum:9
[2026-04-17 12:12:26] INFO     状态维稳，保持闭合 3.0s
[2026-04-17 12:12:29] INFO     继电器 OFF (切断充电)
[2026-04-17 12:12:29] INFO     继电器执行 -> OFF
[2026-04-17 12:12:29] INFO     物理断电静置 10.0s (等待BMS状态机完全复位)
[2026-04-17 12:12:39] INFO     【结论】 [PASS] 成功关键字: voice_msgnum:9
[2026-04-17 12:12:39] INFO     统计 -> 成功: 57 | 失败: 28 | 异常: 0 | 成功率: 67.1%
[2026-04-17 12:12:39] INFO     
-------------------- 第 86 轮 | 最大监听: 10.0s --------------------
[2026-04-17 12:12:39] INFO     继电器 ON (开始充电)
[2026-04-17 12:12:39] INFO     继电器执行 -> ON
[2026-04-17 12:12:41] INFO     捕获目标指令: voice_msgnum:9
[2026-04-17 12:12:41] INFO     状态维稳，保持闭合 3.0s
[2026-04-17 12:12:44] INFO     继电器 OFF (切断充电)
[2026-04-17 12:12:44] INFO     继电器执行 -> OFF
[2026-04-17 12:12:44] INFO     物理断电静置 10.0s (等待BMS状态机完全复位)
[2026-04-17 12:12:54] INFO     【结论】 [PASS] 成功关键字: voice_msgnum:9
[2026-04-17 12:12:54] INFO     统计 -> 成功: 58 | 失败: 28 | 异常: 0 | 成功率: 67.4%
[2026-04-17 12:12:54] INFO     
-------------------- 第 87 轮 | 最大监听: 10.0s --------------------
[2026-04-17 12:12:54] INFO     继电器 ON (开始充电)
[2026-04-17 12:12:54] INFO     继电器执行 -> ON
[2026-04-17 12:12:56] INFO     捕获目标指令: voice_msgnum:9
[2026-04-17 12:12:56] INFO     状态维稳，保持闭合 3.0s
[2026-04-17 12:12:59] INFO     继电器 OFF (切断充电)
[2026-04-17 12:12:59] INFO     继电器执行 -> OFF
[2026-04-17 12:12:59] INFO     物理断电静置 10.0s (等待BMS状态机完全复位)
[2026-04-17 12:13:09] INFO     【结论】 [PASS] 成功关键字: voice_msgnum:9
[2026-04-17 12:13:09] INFO     统计 -> 成功: 59 | 失败: 28 | 异常: 0 | 成功率: 67.8%
[2026-04-17 12:13:09] INFO     
-------------------- 第 88 轮 | 最大监听: 10.0s --------------------
[2026-04-17 12:13:09] INFO     继电器 ON (开始充电)
[2026-04-17 12:13:09] INFO     继电器执行 -> ON
[2026-04-17 12:13:10] INFO     捕获目标指令: voice_msgnum:9
[2026-04-17 12:13:10] INFO     状态维稳，保持闭合 3.0s
[2026-04-17 12:13:13] INFO     继电器 OFF (切断充电)
[2026-04-17 12:13:13] INFO     继电器执行 -> OFF
[2026-04-17 12:13:13] INFO     物理断电静置 10.0s (等待BMS状态机完全复位)
[2026-04-17 12:13:23] INFO     【结论】 [PASS] 成功关键字: voice_msgnum:9
[2026-04-17 12:13:23] INFO     统计 -> 成功: 60 | 失败: 28 | 异常: 0 | 成功率: 68.2%
[2026-04-17 12:13:23] INFO     
-------------------- 第 89 轮 | 最大监听: 10.0s --------------------
[2026-04-17 12:13:23] INFO     继电器 ON (开始充电)
[2026-04-17 12:13:23] INFO     继电器执行 -> ON
[2026-04-17 12:13:25] INFO     捕获目标指令: voice_msgnum:9
[2026-04-17 12:13:25] INFO     状态维稳，保持闭合 3.0s
[2026-04-17 12:13:28] INFO     继电器 OFF (切断充电)
[2026-04-17 12:13:28] INFO     继电器执行 -> OFF
[2026-04-17 12:13:28] INFO     物理断电静置 10.0s (等待BMS状态机完全复位)
[2026-04-17 12:13:38] INFO     【结论】 [PASS] 成功关键字: voice_msgnum:9
[2026-04-17 12:13:38] INFO     统计 -> 成功: 61 | 失败: 28 | 异常: 0 | 成功率: 68.5%
[2026-04-17 12:13:38] INFO     
-------------------- 第 90 轮 | 最大监听: 10.0s --------------------
[2026-04-17 12:13:38] INFO     继电器 ON (开始充电)
[2026-04-17 12:13:38] INFO     继电器执行 -> ON
[2026-04-17 12:13:40] INFO     捕获目标指令: voice_msgnum:9
[2026-04-17 12:13:40] INFO     状态维稳，保持闭合 3.0s
[2026-04-17 12:13:43] INFO     继电器 OFF (切断充电)
[2026-04-17 12:13:43] INFO     继电器执行 -> OFF
[2026-04-17 12:13:43] INFO     物理断电静置 10.0s (等待BMS状态机完全复位)
[2026-04-17 12:13:53] INFO     【结论】 [PASS] 成功关键字: voice_msgnum:9
[2026-04-17 12:13:53] INFO     统计 -> 成功: 62 | 失败: 28 | 异常: 0 | 成功率: 68.9%
[2026-04-17 12:13:53] INFO     
-------------------- 第 91 轮 | 最大监听: 10.0s --------------------
[2026-04-17 12:13:53] INFO     继电器 ON (开始充电)
[2026-04-17 12:13:53] INFO     继电器执行 -> ON
[2026-04-17 12:13:55] INFO     捕获目标指令: voice_msgnum:9
[2026-04-17 12:13:55] INFO     状态维稳，保持闭合 3.0s
[2026-04-17 12:13:58] INFO     继电器 OFF (切断充电)
[2026-04-17 12:13:58] INFO     继电器执行 -> OFF
[2026-04-17 12:13:58] INFO     物理断电静置 10.0s (等待BMS状态机完全复位)
[2026-04-17 12:14:08] INFO     【结论】 [PASS] 成功关键字: voice_msgnum:9
[2026-04-17 12:14:08] INFO     统计 -> 成功: 63 | 失败: 28 | 异常: 0 | 成功率: 69.2%
[2026-04-17 12:14:08] INFO     
-------------------- 第 92 轮 | 最大监听: 10.0s --------------------
[2026-04-17 12:14:08] INFO     继电器 ON (开始充电)
[2026-04-17 12:14:08] INFO     继电器执行 -> ON
[2026-04-17 12:14:09] INFO     捕获目标指令: voice_msgnum:9
[2026-04-17 12:14:09] INFO     状态维稳，保持闭合 3.0s
[2026-04-17 12:14:12] INFO     继电器 OFF (切断充电)
[2026-04-17 12:14:12] INFO     继电器执行 -> OFF
[2026-04-17 12:14:12] INFO     物理断电静置 10.0s (等待BMS状态机完全复位)
[2026-04-17 12:14:22] INFO     【结论】 [PASS] 成功关键字: voice_msgnum:9
[2026-04-17 12:14:22] INFO     统计 -> 成功: 64 | 失败: 28 | 异常: 0 | 成功率: 69.6%
[2026-04-17 12:14:22] INFO     
-------------------- 第 93 轮 | 最大监听: 10.0s --------------------
[2026-04-17 12:14:22] INFO     继电器 ON (开始充电)
[2026-04-17 12:14:23] INFO     继电器执行 -> ON
[2026-04-17 12:14:24] INFO     捕获目标指令: voice_msgnum:9
[2026-04-17 12:14:24] INFO     状态维稳，保持闭合 3.0s
[2026-04-17 12:14:27] INFO     继电器 OFF (切断充电)
[2026-04-17 12:14:27] INFO     继电器执行 -> OFF
[2026-04-17 12:14:27] INFO     物理断电静置 10.0s (等待BMS状态机完全复位)
[2026-04-17 12:14:37] INFO     【结论】 [PASS] 成功关键字: voice_msgnum:9
[2026-04-17 12:14:37] INFO     统计 -> 成功: 65 | 失败: 28 | 异常: 0 | 成功率: 69.9%
[2026-04-17 12:14:37] INFO     
-------------------- 第 94 轮 | 最大监听: 10.0s --------------------
[2026-04-17 12:14:37] INFO     继电器 ON (开始充电)
[2026-04-17 12:14:37] INFO     继电器执行 -> ON
[2026-04-17 12:14:39] INFO     捕获目标指令: voice_msgnum:9
[2026-04-17 12:14:39] INFO     状态维稳，保持闭合 3.0s
[2026-04-17 12:14:42] INFO     继电器 OFF (切断充电)
[2026-04-17 12:14:42] INFO     继电器执行 -> OFF
[2026-04-17 12:14:42] INFO     物理断电静置 10.0s (等待BMS状态机完全复位)
[2026-04-17 12:14:52] INFO     【结论】 [PASS] 成功关键字: voice_msgnum:9
[2026-04-17 12:14:52] INFO     统计 -> 成功: 66 | 失败: 28 | 异常: 0 | 成功率: 70.2%
[2026-04-17 12:14:52] INFO     
-------------------- 第 95 轮 | 最大监听: 10.0s --------------------
[2026-04-17 12:14:52] INFO     继电器 ON (开始充电)
[2026-04-17 12:14:52] INFO     继电器执行 -> ON
[2026-04-17 12:14:54] INFO     捕获目标指令: voice_msgnum:9
[2026-04-17 12:14:54] INFO     状态维稳，保持闭合 3.0s
[2026-04-17 12:14:57] INFO     继电器 OFF (切断充电)
[2026-04-17 12:14:57] INFO     继电器执行 -> OFF
[2026-04-17 12:14:57] INFO     物理断电静置 10.0s (等待BMS状态机完全复位)
[2026-04-17 12:15:07] INFO     【结论】 [PASS] 成功关键字: voice_msgnum:9
[2026-04-17 12:15:07] INFO     统计 -> 成功: 67 | 失败: 28 | 异常: 0 | 成功率: 70.5%
[2026-04-17 12:15:07] INFO     
-------------------- 第 96 轮 | 最大监听: 10.0s --------------------
[2026-04-17 12:15:07] INFO     继电器 ON (开始充电)
[2026-04-17 12:15:07] INFO     继电器执行 -> ON
[2026-04-17 12:15:09] INFO     捕获目标指令: voice_msgnum:9
[2026-04-17 12:15:09] INFO     状态维稳，保持闭合 3.0s
[2026-04-17 12:15:12] INFO     继电器 OFF (切断充电)
[2026-04-17 12:15:12] INFO     继电器执行 -> OFF
[2026-04-17 12:15:12] INFO     物理断电静置 10.0s (等待BMS状态机完全复位)
[2026-04-17 12:15:22] INFO     【结论】 [PASS] 成功关键字: voice_msgnum:9
[2026-04-17 12:15:22] INFO     统计 -> 成功: 68 | 失败: 28 | 异常: 0 | 成功率: 70.8%
[2026-04-17 12:15:22] INFO     
-------------------- 第 97 轮 | 最大监听: 10.0s --------------------
[2026-04-17 12:15:22] INFO     继电器 ON (开始充电)
[2026-04-17 12:15:22] INFO     继电器执行 -> ON
[2026-04-17 12:15:23] INFO     捕获目标指令: voice_msgnum:9
[2026-04-17 12:15:23] INFO     状态维稳，保持闭合 3.0s
[2026-04-17 12:15:26] INFO     继电器 OFF (切断充电)
[2026-04-17 12:15:26] INFO     继电器执行 -> OFF
[2026-04-17 12:15:26] INFO     物理断电静置 10.0s (等待BMS状态机完全复位)
[2026-04-17 12:15:36] INFO     【结论】 [PASS] 成功关键字: voice_msgnum:9
[2026-04-17 12:15:36] INFO     统计 -> 成功: 69 | 失败: 28 | 异常: 0 | 成功率: 71.1%
[2026-04-17 12:15:36] INFO     
-------------------- 第 98 轮 | 最大监听: 10.0s --------------------
[2026-04-17 12:15:36] INFO     继电器 ON (开始充电)
[2026-04-17 12:15:37] INFO     继电器执行 -> ON
[2026-04-17 12:15:38] INFO     捕获目标指令: voice_msgnum:9
[2026-04-17 12:15:38] INFO     状态维稳，保持闭合 3.0s
[2026-04-17 12:15:41] INFO     继电器 OFF (切断充电)
[2026-04-17 12:15:41] INFO     继电器执行 -> OFF
[2026-04-17 12:15:41] INFO     物理断电静置 10.0s (等待BMS状态机完全复位)
[2026-04-17 12:15:51] INFO     【结论】 [PASS] 成功关键字: voice_msgnum:9
[2026-04-17 12:15:51] INFO     统计 -> 成功: 70 | 失败: 28 | 异常: 0 | 成功率: 71.4%
[2026-04-17 12:15:51] INFO     
-------------------- 第 99 轮 | 最大监听: 10.0s --------------------
[2026-04-17 12:15:51] INFO     继电器 ON (开始充电)
[2026-04-17 12:15:51] INFO     继电器执行 -> ON
[2026-04-17 12:15:53] INFO     捕获目标指令: voice_msgnum:9
[2026-04-17 12:15:53] INFO     状态维稳，保持闭合 3.0s
[2026-04-17 12:15:56] INFO     继电器 OFF (切断充电)
[2026-04-17 12:15:56] INFO     继电器执行 -> OFF
[2026-04-17 12:15:56] INFO     物理断电静置 10.0s (等待BMS状态机完全复位)
[2026-04-17 12:16:06] INFO     【结论】 [PASS] 成功关键字: voice_msgnum:9
[2026-04-17 12:16:06] INFO     统计 -> 成功: 71 | 失败: 28 | 异常: 0 | 成功率: 71.7%
[2026-04-17 12:16:06] INFO     
-------------------- 第 100 轮 | 最大监听: 10.0s --------------------
[2026-04-17 12:16:06] INFO     继电器 ON (开始充电)
[2026-04-17 12:16:06] INFO     继电器执行 -> ON
[2026-04-17 12:16:08] INFO     捕获目标指令: voice_msgnum:9
[2026-04-17 12:16:08] INFO     状态维稳，保持闭合 3.0s
[2026-04-17 12:16:11] INFO     继电器 OFF (切断充电)
[2026-04-17 12:16:11] INFO     继电器执行 -> OFF
[2026-04-17 12:16:11] INFO     物理断电静置 10.0s (等待BMS状态机完全复位)
[2026-04-17 12:16:21] INFO     【结论】 [PASS] 成功关键字: voice_msgnum:9
[2026-04-17 12:16:21] INFO     统计 -> 成功: 72 | 失败: 28 | 异常: 0 | 成功率: 72.0%
[2026-04-17 12:16:21] INFO     
-------------------- 第 101 轮 | 最大监听: 10.0s --------------------
[2026-04-17 12:16:21] INFO     继电器 ON (开始充电)
[2026-04-17 12:16:21] INFO     继电器执行 -> ON
[2026-04-17 12:16:23] INFO     捕获目标指令: voice_msgnum:9
[2026-04-17 12:16:23] INFO     状态维稳，保持闭合 3.0s
[2026-04-17 12:16:26] INFO     继电器 OFF (切断充电)
[2026-04-17 12:16:26] INFO     继电器执行 -> OFF
[2026-04-17 12:16:26] INFO     物理断电静置 10.0s (等待BMS状态机完全复位)
[2026-04-17 12:16:36] INFO     【结论】 [PASS] 成功关键字: voice_msgnum:9
[2026-04-17 12:16:36] INFO     统计 -> 成功: 73 | 失败: 28 | 异常: 0 | 成功率: 72.3%
[2026-04-17 12:16:36] INFO     
-------------------- 第 102 轮 | 最大监听: 10.0s --------------------
[2026-04-17 12:16:36] INFO     继电器 ON (开始充电)
[2026-04-17 12:16:36] INFO     继电器执行 -> ON
[2026-04-17 12:16:37] INFO     捕获目标指令: voice_msgnum:9
[2026-04-17 12:16:37] INFO     状态维稳，保持闭合 3.0s
[2026-04-17 12:16:40] INFO     继电器 OFF (切断充电)
[2026-04-17 12:16:40] INFO     继电器执行 -> OFF
[2026-04-17 12:16:40] INFO     物理断电静置 10.0s (等待BMS状态机完全复位)
[2026-04-17 12:16:50] INFO     【结论】 [PASS] 成功关键字: voice_msgnum:9
[2026-04-17 12:16:50] INFO     统计 -> 成功: 74 | 失败: 28 | 异常: 0 | 成功率: 72.5%
[2026-04-17 12:16:50] INFO     
-------------------- 第 103 轮 | 最大监听: 10.0s --------------------
[2026-04-17 12:16:50] INFO     继电器 ON (开始充电)
[2026-04-17 12:16:50] INFO     继电器执行 -> ON
[2026-04-17 12:16:52] INFO     捕获目标指令: voice_msgnum:9
[2026-04-17 12:16:52] INFO     状态维稳，保持闭合 3.0s
[2026-04-17 12:16:55] INFO     继电器 OFF (切断充电)
[2026-04-17 12:16:55] INFO     继电器执行 -> OFF
[2026-04-17 12:16:55] INFO     物理断电静置 10.0s (等待BMS状态机完全复位)
[2026-04-17 12:17:05] INFO     【结论】 [PASS] 成功关键字: voice_msgnum:9
[2026-04-17 12:17:05] INFO     统计 -> 成功: 75 | 失败: 28 | 异常: 0 | 成功率: 72.8%
[2026-04-17 12:17:05] INFO     
-------------------- 第 104 轮 | 最大监听: 10.0s --------------------
[2026-04-17 12:17:05] INFO     继电器 ON (开始充电)
[2026-04-17 12:17:05] INFO     继电器执行 -> ON
[2026-04-17 12:17:09] INFO     捕获目标指令: voice_msgnum:9
[2026-04-17 12:17:09] INFO     状态维稳，保持闭合 3.0s
[2026-04-17 12:17:12] INFO     继电器 OFF (切断充电)
[2026-04-17 12:17:12] INFO     继电器执行 -> OFF
[2026-04-17 12:17:12] INFO     物理断电静置 10.0s (等待BMS状态机完全复位)
[2026-04-17 12:17:22] INFO     【结论】 [PASS] 成功关键字: voice_msgnum:9
[2026-04-17 12:17:22] INFO     统计 -> 成功: 76 | 失败: 28 | 异常: 0 | 成功率: 73.1%
[2026-04-17 12:17:22] INFO     
-------------------- 第 105 轮 | 最大监听: 10.0s --------------------
[2026-04-17 12:17:22] INFO     继电器 ON (开始充电)
[2026-04-17 12:17:22] INFO     继电器执行 -> ON
[2026-04-17 12:17:24] INFO     捕获目标指令: voice_msgnum:9
[2026-04-17 12:17:24] INFO     状态维稳，保持闭合 3.0s
[2026-04-17 12:17:27] INFO     继电器 OFF (切断充电)
[2026-04-17 12:17:27] INFO     继电器执行 -> OFF
[2026-04-17 12:17:27] INFO     物理断电静置 10.0s (等待BMS状态机完全复位)
[2026-04-17 12:17:37] INFO     【结论】 [PASS] 成功关键字: voice_msgnum:9
[2026-04-17 12:17:37] INFO     统计 -> 成功: 77 | 失败: 28 | 异常: 0 | 成功率: 73.3%
[2026-04-17 12:17:37] INFO     
-------------------- 第 106 轮 | 最大监听: 10.0s --------------------
[2026-04-17 12:17:37] INFO     继电器 ON (开始充电)
[2026-04-17 12:17:37] INFO     继电器执行 -> ON
[2026-04-17 12:17:39] INFO     捕获目标指令: voice_msgnum:9
[2026-04-17 12:17:39] INFO     状态维稳，保持闭合 3.0s
[2026-04-17 12:17:42] INFO     继电器 OFF (切断充电)
[2026-04-17 12:17:42] INFO     继电器执行 -> OFF
[2026-04-17 12:17:42] INFO     物理断电静置 10.0s (等待BMS状态机完全复位)
[2026-04-17 12:17:52] INFO     【结论】 [PASS] 成功关键字: voice_msgnum:9
[2026-04-17 12:17:52] INFO     统计 -> 成功: 78 | 失败: 28 | 异常: 0 | 成功率: 73.6%
[2026-04-17 12:17:52] INFO     
-------------------- 第 107 轮 | 最大监听: 10.0s --------------------
[2026-04-17 12:17:52] INFO     继电器 ON (开始充电)
[2026-04-17 12:17:52] INFO     继电器执行 -> ON
[2026-04-17 12:18:02] INFO     继电器 OFF (切断充电)
[2026-04-17 12:18:02] INFO     继电器执行 -> OFF
[2026-04-17 12:18:02] INFO     物理断电静置 10.0s (等待BMS状态机完全复位)
[2026-04-17 12:18:12] WARNING  【结论】 [FAIL] 超时未检测到成功关键字
[2026-04-17 12:18:12] INFO     统计 -> 成功: 78 | 失败: 29 | 异常: 0 | 成功率: 72.9%
[2026-04-17 12:18:12] INFO     
-------------------- 第 108 轮 | 最大监听: 10.0s --------------------
[2026-04-17 12:18:12] INFO     继电器 ON (开始充电)
[2026-04-17 12:18:12] INFO     继电器执行 -> ON
[2026-04-17 12:18:22] INFO     继电器 OFF (切断充电)
[2026-04-17 12:18:22] INFO     继电器执行 -> OFF
[2026-04-17 12:18:22] INFO     物理断电静置 10.0s (等待BMS状态机完全复位)
[2026-04-17 12:18:32] WARNING  【结论】 [FAIL] 超时未检测到成功关键字
[2026-04-17 12:18:32] INFO     统计 -> 成功: 78 | 失败: 30 | 异常: 0 | 成功率: 72.2%
[2026-04-17 12:18:32] INFO     
-------------------- 第 109 轮 | 最大监听: 10.0s --------------------
[2026-04-17 12:18:32] INFO     继电器 ON (开始充电)
[2026-04-17 12:18:32] INFO     继电器执行 -> ON
[2026-04-17 12:18:42] INFO     继电器 OFF (切断充电)
[2026-04-17 12:18:42] INFO     继电器执行 -> OFF
[2026-04-17 12:18:42] INFO     物理断电静置 10.0s (等待BMS状态机完全复位)
[2026-04-17 12:18:52] WARNING  【结论】 [FAIL] 超时未检测到成功关键字
[2026-04-17 12:18:52] INFO     统计 -> 成功: 78 | 失败: 31 | 异常: 0 | 成功率: 71.6%
[2026-04-17 12:18:52] INFO     
-------------------- 第 110 轮 | 最大监听: 10.0s --------------------
[2026-04-17 12:18:52] INFO     继电器 ON (开始充电)
[2026-04-17 12:18:52] INFO     继电器执行 -> ON
[2026-04-17 12:19:02] INFO     继电器 OFF (切断充电)
[2026-04-17 12:19:02] INFO     继电器执行 -> OFF
[2026-04-17 12:19:02] INFO     物理断电静置 10.0s (等待BMS状态机完全复位)
[2026-04-17 12:19:12] WARNING  【结论】 [FAIL] 超时未检测到成功关键字
[2026-04-17 12:19:12] INFO     统计 -> 成功: 78 | 失败: 32 | 异常: 0 | 成功率: 70.9%
[2026-04-17 12:19:12] INFO     
-------------------- 第 111 轮 | 最大监听: 10.0s --------------------
[2026-04-17 12:19:12] INFO     继电器 ON (开始充电)
[2026-04-17 12:19:12] INFO     继电器执行 -> ON
[2026-04-17 12:19:22] INFO     继电器 OFF (切断充电)
[2026-04-17 12:19:22] INFO     继电器执行 -> OFF
[2026-04-17 12:19:22] INFO     物理断电静置 10.0s (等待BMS状态机完全复位)
[2026-04-17 12:19:32] WARNING  【结论】 [FAIL] 超时未检测到成功关键字
[2026-04-17 12:19:32] INFO     统计 -> 成功: 78 | 失败: 33 | 异常: 0 | 成功率: 70.3%
[2026-04-17 12:19:32] INFO     
-------------------- 第 112 轮 | 最大监听: 10.0s --------------------
[2026-04-17 12:19:32] INFO     继电器 ON (开始充电)
[2026-04-17 12:19:33] INFO     继电器执行 -> ON
[2026-04-17 12:19:43] INFO     继电器 OFF (切断充电)
[2026-04-17 12:19:43] INFO     继电器执行 -> OFF
[2026-04-17 12:19:43] INFO     物理断电静置 10.0s (等待BMS状态机完全复位)
[2026-04-17 12:19:53] WARNING  【结论】 [FAIL] 超时未检测到成功关键字
[2026-04-17 12:19:53] INFO     统计 -> 成功: 78 | 失败: 34 | 异常: 0 | 成功率: 69.6%
[2026-04-17 12:19:53] INFO     
-------------------- 第 113 轮 | 最大监听: 10.0s --------------------
[2026-04-17 12:19:53] INFO     继电器 ON (开始充电)
[2026-04-17 12:19:53] INFO     继电器执行 -> ON
[2026-04-17 12:19:54] INFO     捕获目标指令: voice_msgnum:9
[2026-04-17 12:19:54] INFO     状态维稳，保持闭合 3.0s
[2026-04-17 12:19:57] INFO     继电器 OFF (切断充电)
[2026-04-17 12:19:57] INFO     继电器执行 -> OFF
[2026-04-17 12:19:57] INFO     物理断电静置 10.0s (等待BMS状态机完全复位)
[2026-04-17 12:20:07] INFO     【结论】 [PASS] 成功关键字: voice_msgnum:9
[2026-04-17 12:20:07] INFO     统计 -> 成功: 79 | 失败: 34 | 异常: 0 | 成功率: 69.9%
[2026-04-17 12:20:07] INFO     
-------------------- 第 114 轮 | 最大监听: 10.0s --------------------
[2026-04-17 12:20:07] INFO     继电器 ON (开始充电)
[2026-04-17 12:20:08] INFO     继电器执行 -> ON
[2026-04-17 12:20:11] INFO     捕获目标指令: voice_msgnum:9
[2026-04-17 12:20:11] INFO     状态维稳，保持闭合 3.0s
[2026-04-17 12:20:14] INFO     继电器 OFF (切断充电)
[2026-04-17 12:20:14] INFO     继电器执行 -> OFF
[2026-04-17 12:20:14] INFO     物理断电静置 10.0s (等待BMS状态机完全复位)
[2026-04-17 12:20:24] INFO     【结论】 [PASS] 成功关键字: voice_msgnum:9
[2026-04-17 12:20:24] INFO     统计 -> 成功: 80 | 失败: 34 | 异常: 0 | 成功率: 70.2%
[2026-04-17 12:20:24] INFO     
-------------------- 第 115 轮 | 最大监听: 10.0s --------------------
[2026-04-17 12:20:24] INFO     继电器 ON (开始充电)
[2026-04-17 12:20:25] INFO     继电器执行 -> ON
[2026-04-17 12:20:35] INFO     继电器 OFF (切断充电)
[2026-04-17 12:20:35] INFO     继电器执行 -> OFF
[2026-04-17 12:20:35] INFO     物理断电静置 10.0s (等待BMS状态机完全复位)
[2026-04-17 12:20:45] WARNING  【结论】 [FAIL] 超时未检测到成功关键字
[2026-04-17 12:20:45] INFO     统计 -> 成功: 80 | 失败: 35 | 异常: 0 | 成功率: 69.6%
[2026-04-17 12:20:45] INFO     
-------------------- 第 116 轮 | 最大监听: 10.0s --------------------
[2026-04-17 12:20:45] INFO     继电器 ON (开始充电)
[2026-04-17 12:20:45] INFO     继电器执行 -> ON
[2026-04-17 12:20:55] INFO     继电器 OFF (切断充电)
[2026-04-17 12:20:55] INFO     继电器执行 -> OFF
[2026-04-17 12:20:55] INFO     物理断电静置 10.0s (等待BMS状态机完全复位)
[2026-04-17 12:21:05] WARNING  【结论】 [FAIL] 超时未检测到成功关键字
[2026-04-17 12:21:05] INFO     统计 -> 成功: 80 | 失败: 36 | 异常: 0 | 成功率: 69.0%
[2026-04-17 12:21:05] INFO     
-------------------- 第 117 轮 | 最大监听: 10.0s --------------------
[2026-04-17 12:21:05] INFO     继电器 ON (开始充电)
[2026-04-17 12:21:05] INFO     继电器执行 -> ON
[2026-04-17 12:21:06] INFO     捕获目标指令: voice_msgnum:9
[2026-04-17 12:21:06] INFO     状态维稳，保持闭合 3.0s
[2026-04-17 12:21:09] INFO     继电器 OFF (切断充电)
[2026-04-17 12:21:09] INFO     继电器执行 -> OFF
[2026-04-17 12:21:09] INFO     物理断电静置 10.0s (等待BMS状态机完全复位)
[2026-04-17 12:21:19] INFO     【结论】 [PASS] 成功关键字: voice_msgnum:9
[2026-04-17 12:21:19] INFO     统计 -> 成功: 81 | 失败: 36 | 异常: 0 | 成功率: 69.2%
[2026-04-17 12:21:19] INFO     
-------------------- 第 118 轮 | 最大监听: 10.0s --------------------
[2026-04-17 12:21:19] INFO     继电器 ON (开始充电)
[2026-04-17 12:21:19] INFO     继电器执行 -> ON
[2026-04-17 12:21:21] INFO     捕获目标指令: voice_msgnum:9
[2026-04-17 12:21:21] INFO     状态维稳，保持闭合 3.0s
[2026-04-17 12:21:24] INFO     继电器 OFF (切断充电)
[2026-04-17 12:21:24] INFO     继电器执行 -> OFF
[2026-04-17 12:21:24] INFO     物理断电静置 10.0s (等待BMS状态机完全复位)
[2026-04-17 12:21:34] INFO     【结论】 [PASS] 成功关键字: voice_msgnum:9
[2026-04-17 12:21:34] INFO     统计 -> 成功: 82 | 失败: 36 | 异常: 0 | 成功率: 69.5%
[2026-04-17 12:21:34] INFO     
-------------------- 第 119 轮 | 最大监听: 10.0s --------------------
[2026-04-17 12:21:34] INFO     继电器 ON (开始充电)
[2026-04-17 12:21:34] INFO     继电器执行 -> ON
[2026-04-17 12:21:36] INFO     捕获目标指令: voice_msgnum:9
[2026-04-17 12:21:36] INFO     状态维稳，保持闭合 3.0s
[2026-04-17 12:21:39] INFO     继电器 OFF (切断充电)
[2026-04-17 12:21:39] INFO     继电器执行 -> OFF
[2026-04-17 12:21:39] INFO     物理断电静置 10.0s (等待BMS状态机完全复位)
[2026-04-17 12:21:49] INFO     【结论】 [PASS] 成功关键字: voice_msgnum:9
[2026-04-17 12:21:49] INFO     统计 -> 成功: 83 | 失败: 36 | 异常: 0 | 成功率: 69.7%
[2026-04-17 12:21:49] INFO     
-------------------- 第 120 轮 | 最大监听: 10.0s --------------------
[2026-04-17 12:21:49] INFO     继电器 ON (开始充电)
[2026-04-17 12:21:49] INFO     继电器执行 -> ON
[2026-04-17 12:21:51] INFO     捕获目标指令: voice_msgnum:9
[2026-04-17 12:21:51] INFO     状态维稳，保持闭合 3.0s
[2026-04-17 12:21:54] INFO     继电器 OFF (切断充电)
[2026-04-17 12:21:54] INFO     继电器执行 -> OFF
[2026-04-17 12:21:54] INFO     物理断电静置 10.0s (等待BMS状态机完全复位)
[2026-04-17 12:22:04] INFO     【结论】 [PASS] 成功关键字: voice_msgnum:9
[2026-04-17 12:22:04] INFO     统计 -> 成功: 84 | 失败: 36 | 异常: 0 | 成功率: 70.0%
[2026-04-17 12:22:04] INFO     
-------------------- 第 121 轮 | 最大监听: 10.0s --------------------
[2026-04-17 12:22:04] INFO     继电器 ON (开始充电)
[2026-04-17 12:22:04] INFO     继电器执行 -> ON
[2026-04-17 12:22:05] INFO     捕获目标指令: voice_msgnum:9
[2026-04-17 12:22:05] INFO     状态维稳，保持闭合 3.0s
[2026-04-17 12:22:08] INFO     继电器 OFF (切断充电)
[2026-04-17 12:22:09] INFO     继电器执行 -> OFF
[2026-04-17 12:22:09] INFO     物理断电静置 10.0s (等待BMS状态机完全复位)
[2026-04-17 12:22:19] INFO     【结论】 [PASS] 成功关键字: voice_msgnum:9
[2026-04-17 12:22:19] INFO     统计 -> 成功: 85 | 失败: 36 | 异常: 0 | 成功率: 70.2%
[2026-04-17 12:22:19] INFO     
-------------------- 第 122 轮 | 最大监听: 10.0s --------------------
[2026-04-17 12:22:19] INFO     继电器 ON (开始充电)
[2026-04-17 12:22:19] INFO     继电器执行 -> ON
[2026-04-17 12:22:20] INFO     捕获目标指令: voice_msgnum:9
[2026-04-17 12:22:20] INFO     状态维稳，保持闭合 3.0s
[2026-04-17 12:22:23] INFO     继电器 OFF (切断充电)
[2026-04-17 12:22:23] INFO     继电器执行 -> OFF
[2026-04-17 12:22:23] INFO     物理断电静置 10.0s (等待BMS状态机完全复位)
[2026-04-17 12:22:33] INFO     【结论】 [PASS] 成功关键字: voice_msgnum:9
[2026-04-17 12:22:33] INFO     统计 -> 成功: 86 | 失败: 36 | 异常: 0 | 成功率: 70.5%
[2026-04-17 12:22:33] INFO     
-------------------- 第 123 轮 | 最大监听: 10.0s --------------------
[2026-04-17 12:22:33] INFO     继电器 ON (开始充电)
[2026-04-17 12:22:33] INFO     继电器执行 -> ON
[2026-04-17 12:22:35] INFO     捕获目标指令: voice_msgnum:9
[2026-04-17 12:22:35] INFO     状态维稳，保持闭合 3.0s
[2026-04-17 12:22:38] INFO     继电器 OFF (切断充电)
[2026-04-17 12:22:38] INFO     继电器执行 -> OFF
[2026-04-17 12:22:38] INFO     物理断电静置 10.0s (等待BMS状态机完全复位)
[2026-04-17 12:22:48] INFO     【结论】 [PASS] 成功关键字: voice_msgnum:9
[2026-04-17 12:22:48] INFO     统计 -> 成功: 87 | 失败: 36 | 异常: 0 | 成功率: 70.7%
[2026-04-17 12:22:48] INFO     
-------------------- 第 124 轮 | 最大监听: 10.0s --------------------
[2026-04-17 12:22:48] INFO     继电器 ON (开始充电)
[2026-04-17 12:22:48] INFO     继电器执行 -> ON
[2026-04-17 12:22:58] INFO     继电器 OFF (切断充电)
[2026-04-17 12:22:58] INFO     继电器执行 -> OFF
[2026-04-17 12:22:58] INFO     物理断电静置 10.0s (等待BMS状态机完全复位)
[2026-04-17 12:23:08] WARNING  【结论】 [FAIL] 超时未检测到成功关键字
[2026-04-17 12:23:08] INFO     统计 -> 成功: 87 | 失败: 37 | 异常: 0 | 成功率: 70.2%
[2026-04-17 12:23:08] INFO     
-------------------- 第 125 轮 | 最大监听: 10.0s --------------------
[2026-04-17 12:23:08] INFO     继电器 ON (开始充电)
[2026-04-17 12:23:08] INFO     继电器执行 -> ON
[2026-04-17 12:23:18] INFO     继电器 OFF (切断充电)
[2026-04-17 12:23:18] INFO     继电器执行 -> OFF
[2026-04-17 12:23:18] INFO     物理断电静置 10.0s (等待BMS状态机完全复位)
[2026-04-17 12:23:28] WARNING  【结论】 [FAIL] 超时未检测到成功关键字
[2026-04-17 12:23:28] INFO     统计 -> 成功: 87 | 失败: 38 | 异常: 0 | 成功率: 69.6%
[2026-04-17 12:23:28] INFO     
-------------------- 第 126 轮 | 最大监听: 10.0s --------------------
[2026-04-17 12:23:28] INFO     继电器 ON (开始充电)
[2026-04-17 12:23:28] INFO     继电器执行 -> ON
[2026-04-17 12:23:30] INFO     捕获目标指令: voice_msgnum:9
[2026-04-17 12:23:30] INFO     状态维稳，保持闭合 3.0s
[2026-04-17 12:23:33] INFO     继电器 OFF (切断充电)
[2026-04-17 12:23:33] INFO     继电器执行 -> OFF
[2026-04-17 12:23:33] INFO     物理断电静置 10.0s (等待BMS状态机完全复位)
[2026-04-17 12:23:43] INFO     【结论】 [PASS] 成功关键字: voice_msgnum:9
[2026-04-17 12:23:43] INFO     统计 -> 成功: 88 | 失败: 38 | 异常: 0 | 成功率: 69.8%
[2026-04-17 12:23:43] INFO     
-------------------- 第 127 轮 | 最大监听: 10.0s --------------------
[2026-04-17 12:23:43] INFO     继电器 ON (开始充电)
[2026-04-17 12:23:43] INFO     继电器执行 -> ON
[2026-04-17 12:23:45] INFO     捕获目标指令: voice_msgnum:9
[2026-04-17 12:23:45] INFO     状态维稳，保持闭合 3.0s
[2026-04-17 12:23:48] INFO     继电器 OFF (切断充电)
[2026-04-17 12:23:48] INFO     继电器执行 -> OFF
[2026-04-17 12:23:48] INFO     物理断电静置 10.0s (等待BMS状态机完全复位)
[2026-04-17 12:23:58] INFO     【结论】 [PASS] 成功关键字: voice_msgnum:9
[2026-04-17 12:23:58] INFO     统计 -> 成功: 89 | 失败: 38 | 异常: 0 | 成功率: 70.1%
[2026-04-17 12:23:58] INFO     
-------------------- 第 128 轮 | 最大监听: 10.0s --------------------
[2026-04-17 12:23:58] INFO     继电器 ON (开始充电)
[2026-04-17 12:23:58] INFO     继电器执行 -> ON
[2026-04-17 12:24:00] INFO     捕获目标指令: voice_msgnum:9
[2026-04-17 12:24:00] INFO     状态维稳，保持闭合 3.0s
[2026-04-17 12:24:03] INFO     继电器 OFF (切断充电)
[2026-04-17 12:24:03] INFO     继电器执行 -> OFF
[2026-04-17 12:24:03] INFO     物理断电静置 10.0s (等待BMS状态机完全复位)
[2026-04-17 12:24:13] INFO     【结论】 [PASS] 成功关键字: voice_msgnum:9
[2026-04-17 12:24:13] INFO     统计 -> 成功: 90 | 失败: 38 | 异常: 0 | 成功率: 70.3%
[2026-04-17 12:24:13] INFO     
-------------------- 第 129 轮 | 最大监听: 10.0s --------------------
[2026-04-17 12:24:13] INFO     继电器 ON (开始充电)
[2026-04-17 12:24:13] INFO     继电器执行 -> ON
[2026-04-17 12:24:14] INFO     捕获目标指令: voice_msgnum:9
[2026-04-17 12:24:14] INFO     状态维稳，保持闭合 3.0s
[2026-04-17 12:24:17] INFO     继电器 OFF (切断充电)
[2026-04-17 12:24:17] INFO     继电器执行 -> OFF
[2026-04-17 12:24:17] INFO     物理断电静置 10.0s (等待BMS状态机完全复位)
[2026-04-17 12:24:27] INFO     【结论】 [PASS] 成功关键字: voice_msgnum:9
[2026-04-17 12:24:27] INFO     统计 -> 成功: 91 | 失败: 38 | 异常: 0 | 成功率: 70.5%
[2026-04-17 12:24:27] INFO     
-------------------- 第 130 轮 | 最大监听: 10.0s --------------------
[2026-04-17 12:24:27] INFO     继电器 ON (开始充电)
[2026-04-17 12:24:27] INFO     继电器执行 -> ON
[2026-04-17 12:24:29] INFO     捕获目标指令: voice_msgnum:9
[2026-04-17 12:24:29] INFO     状态维稳，保持闭合 3.0s
[2026-04-17 12:24:32] INFO     继电器 OFF (切断充电)
[2026-04-17 12:24:32] INFO     继电器执行 -> OFF
[2026-04-17 12:24:32] INFO     物理断电静置 10.0s (等待BMS状态机完全复位)
[2026-04-17 12:24:42] INFO     【结论】 [PASS] 成功关键字: voice_msgnum:9
[2026-04-17 12:24:42] INFO     统计 -> 成功: 92 | 失败: 38 | 异常: 0 | 成功率: 70.8%
[2026-04-17 12:24:42] INFO     
-------------------- 第 131 轮 | 最大监听: 10.0s --------------------
[2026-04-17 12:24:42] INFO     继电器 ON (开始充电)
[2026-04-17 12:24:42] INFO     继电器执行 -> ON
[2026-04-17 12:24:44] INFO     捕获目标指令: voice_msgnum:9
[2026-04-17 12:24:44] INFO     状态维稳，保持闭合 3.0s
[2026-04-17 12:24:47] INFO     继电器 OFF (切断充电)
[2026-04-17 12:24:47] INFO     继电器执行 -> OFF
[2026-04-17 12:24:47] INFO     物理断电静置 10.0s (等待BMS状态机完全复位)
[2026-04-17 12:24:57] INFO     【结论】 [PASS] 成功关键字: voice_msgnum:9
[2026-04-17 12:24:57] INFO     统计 -> 成功: 93 | 失败: 38 | 异常: 0 | 成功率: 71.0%
[2026-04-17 12:24:57] INFO     
-------------------- 第 132 轮 | 最大监听: 10.0s --------------------
[2026-04-17 12:24:57] INFO     继电器 ON (开始充电)
[2026-04-17 12:24:57] INFO     继电器执行 -> ON
[2026-04-17 12:24:59] INFO     捕获目标指令: voice_msgnum:9
[2026-04-17 12:24:59] INFO     状态维稳，保持闭合 3.0s
[2026-04-17 12:25:02] INFO     继电器 OFF (切断充电)
[2026-04-17 12:25:02] INFO     继电器执行 -> OFF
[2026-04-17 12:25:02] INFO     物理断电静置 10.0s (等待BMS状态机完全复位)
[2026-04-17 12:25:12] INFO     【结论】 [PASS] 成功关键字: voice_msgnum:9
[2026-04-17 12:25:12] INFO     统计 -> 成功: 94 | 失败: 38 | 异常: 0 | 成功率: 71.2%
[2026-04-17 12:25:12] INFO     
-------------------- 第 133 轮 | 最大监听: 10.0s --------------------
[2026-04-17 12:25:12] INFO     继电器 ON (开始充电)
[2026-04-17 12:25:12] INFO     继电器执行 -> ON
[2026-04-17 12:25:13] INFO     捕获目标指令: voice_msgnum:9
[2026-04-17 12:25:13] INFO     状态维稳，保持闭合 3.0s
[2026-04-17 12:25:16] INFO     继电器 OFF (切断充电)
[2026-04-17 12:25:16] INFO     继电器执行 -> OFF
[2026-04-17 12:25:16] INFO     物理断电静置 10.0s (等待BMS状态机完全复位)
[2026-04-17 12:25:26] INFO     【结论】 [PASS] 成功关键字: voice_msgnum:9
[2026-04-17 12:25:26] INFO     统计 -> 成功: 95 | 失败: 38 | 异常: 0 | 成功率: 71.4%
[2026-04-17 12:25:26] INFO     
-------------------- 第 134 轮 | 最大监听: 10.0s --------------------
[2026-04-17 12:25:26] INFO     继电器 ON (开始充电)
[2026-04-17 12:25:26] INFO     继电器执行 -> ON
[2026-04-17 12:25:36] INFO     继电器 OFF (切断充电)
[2026-04-17 12:25:36] INFO     继电器执行 -> OFF
[2026-04-17 12:25:36] INFO     物理断电静置 10.0s (等待BMS状态机完全复位)
[2026-04-17 12:25:46] WARNING  【结论】 [FAIL] 超时未检测到成功关键字
[2026-04-17 12:25:46] INFO     统计 -> 成功: 95 | 失败: 39 | 异常: 0 | 成功率: 70.9%
[2026-04-17 12:25:46] INFO     
-------------------- 第 135 轮 | 最大监听: 10.0s --------------------
[2026-04-17 12:25:46] INFO     继电器 ON (开始充电)
[2026-04-17 12:25:47] INFO     继电器执行 -> ON
[2026-04-17 12:25:48] INFO     捕获目标指令: voice_msgnum:9
[2026-04-17 12:25:48] INFO     状态维稳，保持闭合 3.0s
[2026-04-17 12:25:51] INFO     继电器 OFF (切断充电)
[2026-04-17 12:25:51] INFO     继电器执行 -> OFF
[2026-04-17 12:25:51] INFO     物理断电静置 10.0s (等待BMS状态机完全复位)
[2026-04-17 12:26:01] INFO     【结论】 [PASS] 成功关键字: voice_msgnum:9
[2026-04-17 12:26:01] INFO     统计 -> 成功: 96 | 失败: 39 | 异常: 0 | 成功率: 71.1%
[2026-04-17 12:26:01] INFO     
-------------------- 第 136 轮 | 最大监听: 10.0s --------------------
[2026-04-17 12:26:01] INFO     继电器 ON (开始充电)
[2026-04-17 12:26:01] INFO     继电器执行 -> ON
[2026-04-17 12:26:05] INFO     捕获目标指令: voice_msgnum:9
[2026-04-17 12:26:05] INFO     状态维稳，保持闭合 3.0s
[2026-04-17 12:26:08] INFO     继电器 OFF (切断充电)
[2026-04-17 12:26:08] INFO     继电器执行 -> OFF
[2026-04-17 12:26:08] INFO     物理断电静置 10.0s (等待BMS状态机完全复位)
[2026-04-17 12:26:18] INFO     【结论】 [PASS] 成功关键字: voice_msgnum:9
[2026-04-17 12:26:18] INFO     统计 -> 成功: 97 | 失败: 39 | 异常: 0 | 成功率: 71.3%
[2026-04-17 12:26:18] INFO     
-------------------- 第 137 轮 | 最大监听: 10.0s --------------------
[2026-04-17 12:26:18] INFO     继电器 ON (开始充电)
[2026-04-17 12:26:18] INFO     继电器执行 -> ON
[2026-04-17 12:26:20] INFO     捕获目标指令: voice_msgnum:9
[2026-04-17 12:26:20] INFO     状态维稳，保持闭合 3.0s
[2026-04-17 12:26:23] INFO     继电器 OFF (切断充电)
[2026-04-17 12:26:23] INFO     继电器执行 -> OFF
[2026-04-17 12:26:23] INFO     物理断电静置 10.0s (等待BMS状态机完全复位)
[2026-04-17 12:26:33] INFO     【结论】 [PASS] 成功关键字: voice_msgnum:9
[2026-04-17 12:26:33] INFO     统计 -> 成功: 98 | 失败: 39 | 异常: 0 | 成功率: 71.5%
[2026-04-17 12:26:33] INFO     
-------------------- 第 138 轮 | 最大监听: 10.0s --------------------
[2026-04-17 12:26:33] INFO     继电器 ON (开始充电)
[2026-04-17 12:26:33] INFO     继电器执行 -> ON
[2026-04-17 12:26:43] INFO     继电器 OFF (切断充电)
[2026-04-17 12:26:43] INFO     继电器执行 -> OFF
[2026-04-17 12:26:43] INFO     物理断电静置 10.0s (等待BMS状态机完全复位)
[2026-04-17 12:26:53] WARNING  【结论】 [FAIL] 超时未检测到成功关键字
[2026-04-17 12:26:53] INFO     统计 -> 成功: 98 | 失败: 40 | 异常: 0 | 成功率: 71.0%
[2026-04-17 12:26:53] INFO     
-------------------- 第 139 轮 | 最大监听: 10.0s --------------------
[2026-04-17 12:26:53] INFO     继电器 ON (开始充电)
[2026-04-17 12:26:53] INFO     继电器执行 -> ON
[2026-04-17 12:26:55] INFO     捕获目标指令: voice_msgnum:9
[2026-04-17 12:26:55] INFO     状态维稳，保持闭合 3.0s
[2026-04-17 12:26:58] INFO     继电器 OFF (切断充电)
[2026-04-17 12:26:58] INFO     继电器执行 -> OFF
[2026-04-17 12:26:58] INFO     物理断电静置 10.0s (等待BMS状态机完全复位)
[2026-04-17 12:27:08] INFO     【结论】 [PASS] 成功关键字: voice_msgnum:9
[2026-04-17 12:27:08] INFO     统计 -> 成功: 99 | 失败: 40 | 异常: 0 | 成功率: 71.2%
[2026-04-17 12:27:08] INFO     
-------------------- 第 140 轮 | 最大监听: 10.0s --------------------
[2026-04-17 12:27:08] INFO     继电器 ON (开始充电)
[2026-04-17 12:27:08] INFO     继电器执行 -> ON
[2026-04-17 12:27:18] INFO     继电器 OFF (切断充电)
[2026-04-17 12:27:18] INFO     继电器执行 -> OFF
[2026-04-17 12:27:18] INFO     物理断电静置 10.0s (等待BMS状态机完全复位)
[2026-04-17 12:27:28] WARNING  【结论】 [FAIL] 超时未检测到成功关键字
[2026-04-17 12:27:28] INFO     统计 -> 成功: 99 | 失败: 41 | 异常: 0 | 成功率: 70.7%
[2026-04-17 12:27:28] INFO     
-------------------- 第 141 轮 | 最大监听: 10.0s --------------------
[2026-04-17 12:27:28] INFO     继电器 ON (开始充电)
[2026-04-17 12:27:28] INFO     继电器执行 -> ON
[2026-04-17 12:27:30] INFO     捕获目标指令: voice_msgnum:9
[2026-04-17 12:27:30] INFO     状态维稳，保持闭合 3.0s
[2026-04-17 12:27:33] INFO     继电器 OFF (切断充电)
[2026-04-17 12:27:33] INFO     继电器执行 -> OFF
[2026-04-17 12:27:33] INFO     物理断电静置 10.0s (等待BMS状态机完全复位)
[2026-04-17 12:27:43] INFO     【结论】 [PASS] 成功关键字: voice_msgnum:9
[2026-04-17 12:27:43] INFO     统计 -> 成功: 100 | 失败: 41 | 异常: 0 | 成功率: 70.9%
[2026-04-17 12:27:43] INFO     
-------------------- 第 142 轮 | 最大监听: 10.0s --------------------
[2026-04-17 12:27:43] INFO     继电器 ON (开始充电)
[2026-04-17 12:27:43] INFO     继电器执行 -> ON
[2026-04-17 12:27:45] INFO     捕获目标指令: voice_msgnum:9
[2026-04-17 12:27:45] INFO     状态维稳，保持闭合 3.0s
[2026-04-17 12:27:48] INFO     继电器 OFF (切断充电)
[2026-04-17 12:27:48] INFO     继电器执行 -> OFF
[2026-04-17 12:27:48] INFO     物理断电静置 10.0s (等待BMS状态机完全复位)
[2026-04-17 12:27:58] INFO     【结论】 [PASS] 成功关键字: voice_msgnum:9
[2026-04-17 12:27:58] INFO     统计 -> 成功: 101 | 失败: 41 | 异常: 0 | 成功率: 71.1%
[2026-04-17 12:27:58] INFO     
-------------------- 第 143 轮 | 最大监听: 10.0s --------------------
[2026-04-17 12:27:58] INFO     继电器 ON (开始充电)
[2026-04-17 12:27:58] INFO     继电器执行 -> ON
[2026-04-17 12:28:00] INFO     捕获目标指令: voice_msgnum:9
[2026-04-17 12:28:00] INFO     状态维稳，保持闭合 3.0s
[2026-04-17 12:28:03] INFO     继电器 OFF (切断充电)
[2026-04-17 12:28:03] INFO     继电器执行 -> OFF
[2026-04-17 12:28:03] INFO     物理断电静置 10.0s (等待BMS状态机完全复位)
[2026-04-17 12:28:13] INFO     【结论】 [PASS] 成功关键字: voice_msgnum:9
[2026-04-17 12:28:13] INFO     统计 -> 成功: 102 | 失败: 41 | 异常: 0 | 成功率: 71.3%
[2026-04-17 12:28:13] INFO     
-------------------- 第 144 轮 | 最大监听: 10.0s --------------------
[2026-04-17 12:28:13] INFO     继电器 ON (开始充电)
[2026-04-17 12:28:13] INFO     继电器执行 -> ON
[2026-04-17 12:28:17] INFO     捕获目标指令: voice_msgnum:9
[2026-04-17 12:28:17] INFO     状态维稳，保持闭合 3.0s
[2026-04-17 12:28:20] INFO     继电器 OFF (切断充电)
[2026-04-17 12:28:20] INFO     继电器执行 -> OFF
[2026-04-17 12:28:20] INFO     物理断电静置 10.0s (等待BMS状态机完全复位)
[2026-04-17 12:28:30] INFO     【结论】 [PASS] 成功关键字: voice_msgnum:9
[2026-04-17 12:28:30] INFO     统计 -> 成功: 103 | 失败: 41 | 异常: 0 | 成功率: 71.5%
[2026-04-17 12:28:30] INFO     
-------------------- 第 145 轮 | 最大监听: 10.0s --------------------
[2026-04-17 12:28:30] INFO     继电器 ON (开始充电)
[2026-04-17 12:28:30] INFO     继电器执行 -> ON
[2026-04-17 12:28:40] INFO     继电器 OFF (切断充电)
[2026-04-17 12:28:40] INFO     继电器执行 -> OFF
[2026-04-17 12:28:40] INFO     物理断电静置 10.0s (等待BMS状态机完全复位)
[2026-04-17 12:28:50] WARNING  【结论】 [FAIL] 超时未检测到成功关键字
[2026-04-17 12:28:50] INFO     统计 -> 成功: 103 | 失败: 42 | 异常: 0 | 成功率: 71.0%
[2026-04-17 12:28:50] INFO     
-------------------- 第 146 轮 | 最大监听: 10.0s --------------------
[2026-04-17 12:28:50] INFO     继电器 ON (开始充电)
[2026-04-17 12:28:50] INFO     继电器执行 -> ON
[2026-04-17 12:29:00] INFO     继电器 OFF (切断充电)
[2026-04-17 12:29:00] INFO     继电器执行 -> OFF
[2026-04-17 12:29:00] INFO     物理断电静置 10.0s (等待BMS状态机完全复位)
[2026-04-17 12:29:10] WARNING  【结论】 [FAIL] 超时未检测到成功关键字
[2026-04-17 12:29:10] INFO     统计 -> 成功: 103 | 失败: 43 | 异常: 0 | 成功率: 70.5%
[2026-04-17 12:29:10] INFO     
-------------------- 第 147 轮 | 最大监听: 10.0s --------------------
[2026-04-17 12:29:10] INFO     继电器 ON (开始充电)
[2026-04-17 12:29:10] INFO     继电器执行 -> ON
[2026-04-17 12:29:18] INFO     捕获目标指令: voice_msgnum:9
[2026-04-17 12:29:18] INFO     状态维稳，保持闭合 3.0s
[2026-04-17 12:29:21] INFO     继电器 OFF (切断充电)
[2026-04-17 12:29:21] INFO     继电器执行 -> OFF
[2026-04-17 12:29:21] INFO     物理断电静置 10.0s (等待BMS状态机完全复位)
[2026-04-17 12:29:31] INFO     【结论】 [PASS] 成功关键字: voice_msgnum:9
[2026-04-17 12:29:31] INFO     统计 -> 成功: 104 | 失败: 43 | 异常: 0 | 成功率: 70.7%
[2026-04-17 12:29:31] INFO     
-------------------- 第 148 轮 | 最大监听: 10.0s --------------------
[2026-04-17 12:29:31] INFO     继电器 ON (开始充电)
[2026-04-17 12:29:31] INFO     继电器执行 -> ON
[2026-04-17 12:29:33] INFO     捕获目标指令: voice_msgnum:9
[2026-04-17 12:29:33] INFO     状态维稳，保持闭合 3.0s
[2026-04-17 12:29:36] INFO     继电器 OFF (切断充电)
[2026-04-17 12:29:36] INFO     继电器执行 -> OFF
[2026-04-17 12:29:36] INFO     物理断电静置 10.0s (等待BMS状态机完全复位)
[2026-04-17 12:29:46] INFO     【结论】 [PASS] 成功关键字: voice_msgnum:9
[2026-04-17 12:29:46] INFO     统计 -> 成功: 105 | 失败: 43 | 异常: 0 | 成功率: 70.9%
[2026-04-17 12:29:46] INFO     
-------------------- 第 149 轮 | 最大监听: 10.0s --------------------
[2026-04-17 12:29:46] INFO     继电器 ON (开始充电)
[2026-04-17 12:29:46] INFO     继电器执行 -> ON
[2026-04-17 12:29:47] INFO     捕获目标指令: voice_msgnum:9
[2026-04-17 12:29:47] INFO     状态维稳，保持闭合 3.0s
[2026-04-17 12:29:50] INFO     继电器 OFF (切断充电)
[2026-04-17 12:29:50] INFO     继电器执行 -> OFF
[2026-04-17 12:29:50] INFO     物理断电静置 10.0s (等待BMS状态机完全复位)
[2026-04-17 12:30:00] INFO     【结论】 [PASS] 成功关键字: voice_msgnum:9
[2026-04-17 12:30:00] INFO     统计 -> 成功: 106 | 失败: 43 | 异常: 0 | 成功率: 71.1%
[2026-04-17 12:30:00] INFO     
-------------------- 第 150 轮 | 最大监听: 10.0s --------------------
[2026-04-17 12:30:00] INFO     继电器 ON (开始充电)
[2026-04-17 12:30:00] INFO     继电器执行 -> ON
[2026-04-17 12:30:02] INFO     捕获目标指令: voice_msgnum:9
[2026-04-17 12:30:02] INFO     状态维稳，保持闭合 3.0s
[2026-04-17 12:30:05] INFO     继电器 OFF (切断充电)
[2026-04-17 12:30:05] INFO     继电器执行 -> OFF
[2026-04-17 12:30:05] INFO     物理断电静置 10.0s (等待BMS状态机完全复位)
[2026-04-17 12:30:15] INFO     【结论】 [PASS] 成功关键字: voice_msgnum:9
[2026-04-17 12:30:15] INFO     统计 -> 成功: 107 | 失败: 43 | 异常: 0 | 成功率: 71.3%
[2026-04-17 12:30:15] INFO     
-------------------- 第 151 轮 | 最大监听: 10.0s --------------------
[2026-04-17 12:30:15] INFO     继电器 ON (开始充电)
[2026-04-17 12:30:15] INFO     继电器执行 -> ON
[2026-04-17 12:30:17] INFO     捕获目标指令: voice_msgnum:9
[2026-04-17 12:30:17] INFO     状态维稳，保持闭合 3.0s
[2026-04-17 12:30:20] INFO     继电器 OFF (切断充电)
[2026-04-17 12:30:20] INFO     继电器执行 -> OFF
[2026-04-17 12:30:20] INFO     物理断电静置 10.0s (等待BMS状态机完全复位)
[2026-04-17 12:30:30] INFO     【结论】 [PASS] 成功关键字: voice_msgnum:9
[2026-04-17 12:30:30] INFO     统计 -> 成功: 108 | 失败: 43 | 异常: 0 | 成功率: 71.5%
[2026-04-17 12:30:30] INFO     
-------------------- 第 152 轮 | 最大监听: 10.0s --------------------
[2026-04-17 12:30:30] INFO     继电器 ON (开始充电)
[2026-04-17 12:30:30] INFO     继电器执行 -> ON
[2026-04-17 12:30:32] INFO     捕获目标指令: voice_msgnum:9
[2026-04-17 12:30:32] INFO     状态维稳，保持闭合 3.0s
[2026-04-17 12:30:35] INFO     继电器 OFF (切断充电)
[2026-04-17 12:30:35] INFO     继电器执行 -> OFF
[2026-04-17 12:30:35] INFO     物理断电静置 10.0s (等待BMS状态机完全复位)
[2026-04-17 12:30:45] INFO     【结论】 [PASS] 成功关键字: voice_msgnum:9
[2026-04-17 12:30:45] INFO     统计 -> 成功: 109 | 失败: 43 | 异常: 0 | 成功率: 71.7%
[2026-04-17 12:30:45] INFO     
-------------------- 第 153 轮 | 最大监听: 10.0s --------------------
[2026-04-17 12:30:45] INFO     继电器 ON (开始充电)
[2026-04-17 12:30:45] INFO     继电器执行 -> ON
[2026-04-17 12:30:46] INFO     捕获目标指令: voice_msgnum:9
[2026-04-17 12:30:46] INFO     状态维稳，保持闭合 3.0s
[2026-04-17 12:30:49] INFO     继电器 OFF (切断充电)
[2026-04-17 12:30:49] INFO     继电器执行 -> OFF
[2026-04-17 12:30:49] INFO     物理断电静置 10.0s (等待BMS状态机完全复位)
[2026-04-17 12:30:59] INFO     【结论】 [PASS] 成功关键字: voice_msgnum:9
[2026-04-17 12:30:59] INFO     统计 -> 成功: 110 | 失败: 43 | 异常: 0 | 成功率: 71.9%
[2026-04-17 12:30:59] INFO     
-------------------- 第 154 轮 | 最大监听: 10.0s --------------------
[2026-04-17 12:30:59] INFO     继电器 ON (开始充电)
[2026-04-17 12:31:00] INFO     继电器执行 -> ON
[2026-04-17 12:31:10] INFO     继电器 OFF (切断充电)
[2026-04-17 12:31:10] INFO     继电器执行 -> OFF
[2026-04-17 12:31:10] INFO     物理断电静置 10.0s (等待BMS状态机完全复位)
[2026-04-17 12:31:20] WARNING  【结论】 [FAIL] 超时未检测到成功关键字
[2026-04-17 12:31:20] INFO     统计 -> 成功: 110 | 失败: 44 | 异常: 0 | 成功率: 71.4%
[2026-04-17 12:31:20] INFO     
-------------------- 第 155 轮 | 最大监听: 10.0s --------------------
[2026-04-17 12:31:20] INFO     继电器 ON (开始充电)
[2026-04-17 12:31:20] INFO     继电器执行 -> ON
[2026-04-17 12:31:21] INFO     捕获目标指令: voice_msgnum:9
[2026-04-17 12:31:21] INFO     状态维稳，保持闭合 3.0s
[2026-04-17 12:31:24] INFO     继电器 OFF (切断充电)
[2026-04-17 12:31:24] INFO     继电器执行 -> OFF
[2026-04-17 12:31:24] INFO     物理断电静置 10.0s (等待BMS状态机完全复位)
[2026-04-17 12:31:34] INFO     【结论】 [PASS] 成功关键字: voice_msgnum:9
[2026-04-17 12:31:34] INFO     统计 -> 成功: 111 | 失败: 44 | 异常: 0 | 成功率: 71.6%
[2026-04-17 12:31:34] INFO     
-------------------- 第 156 轮 | 最大监听: 10.0s --------------------
[2026-04-17 12:31:34] INFO     继电器 ON (开始充电)
[2026-04-17 12:31:34] INFO     继电器执行 -> ON
[2026-04-17 12:31:36] INFO     捕获目标指令: voice_msgnum:9
[2026-04-17 12:31:36] INFO     状态维稳，保持闭合 3.0s
[2026-04-17 12:31:39] INFO     继电器 OFF (切断充电)
[2026-04-17 12:31:39] INFO     继电器执行 -> OFF
[2026-04-17 12:31:39] INFO     物理断电静置 10.0s (等待BMS状态机完全复位)
[2026-04-17 12:31:49] INFO     【结论】 [PASS] 成功关键字: voice_msgnum:9
[2026-04-17 12:31:49] INFO     统计 -> 成功: 112 | 失败: 44 | 异常: 0 | 成功率: 71.8%
[2026-04-17 12:31:49] INFO     
-------------------- 第 157 轮 | 最大监听: 10.0s --------------------
[2026-04-17 12:31:49] INFO     继电器 ON (开始充电)
[2026-04-17 12:31:49] INFO     继电器执行 -> ON
[2026-04-17 12:31:59] INFO     继电器 OFF (切断充电)
[2026-04-17 12:31:59] INFO     继电器执行 -> OFF
[2026-04-17 12:31:59] INFO     物理断电静置 10.0s (等待BMS状态机完全复位)
[2026-04-17 12:32:09] WARNING  【结论】 [FAIL] 超时未检测到成功关键字
[2026-04-17 12:32:09] INFO     统计 -> 成功: 112 | 失败: 45 | 异常: 0 | 成功率: 71.3%
[2026-04-17 12:32:09] INFO     
-------------------- 第 158 轮 | 最大监听: 10.0s --------------------
[2026-04-17 12:32:09] INFO     继电器 ON (开始充电)
[2026-04-17 12:32:09] INFO     继电器执行 -> ON
[2026-04-17 12:32:19] INFO     继电器 OFF (切断充电)
[2026-04-17 12:32:19] INFO     继电器执行 -> OFF
[2026-04-17 12:32:19] INFO     物理断电静置 10.0s (等待BMS状态机完全复位)
[2026-04-17 12:32:29] WARNING  【结论】 [FAIL] 超时未检测到成功关键字
[2026-04-17 12:32:29] INFO     统计 -> 成功: 112 | 失败: 46 | 异常: 0 | 成功率: 70.9%
[2026-04-17 12:32:29] INFO     
-------------------- 第 159 轮 | 最大监听: 10.0s --------------------
[2026-04-17 12:32:29] INFO     继电器 ON (开始充电)
[2026-04-17 12:32:29] INFO     继电器执行 -> ON
[2026-04-17 12:32:39] INFO     继电器 OFF (切断充电)
[2026-04-17 12:32:39] INFO     继电器执行 -> OFF
[2026-04-17 12:32:39] INFO     物理断电静置 10.0s (等待BMS状态机完全复位)
[2026-04-17 12:32:49] WARNING  【结论】 [FAIL] 超时未检测到成功关键字
[2026-04-17 12:32:49] INFO     统计 -> 成功: 112 | 失败: 47 | 异常: 0 | 成功率: 70.4%
[2026-04-17 12:32:49] INFO     
-------------------- 第 160 轮 | 最大监听: 10.0s --------------------
[2026-04-17 12:32:49] INFO     继电器 ON (开始充电)
[2026-04-17 12:32:50] INFO     继电器执行 -> ON
[2026-04-17 12:33:00] INFO     继电器 OFF (切断充电)
[2026-04-17 12:33:00] INFO     继电器执行 -> OFF
[2026-04-17 12:33:00] INFO     物理断电静置 10.0s (等待BMS状态机完全复位)
[2026-04-17 12:33:10] WARNING  【结论】 [FAIL] 超时未检测到成功关键字
[2026-04-17 12:33:10] INFO     统计 -> 成功: 112 | 失败: 48 | 异常: 0 | 成功率: 70.0%
[2026-04-17 12:33:10] INFO     
-------------------- 第 161 轮 | 最大监听: 10.0s --------------------
[2026-04-17 12:33:10] INFO     继电器 ON (开始充电)
[2026-04-17 12:33:10] INFO     继电器执行 -> ON
[2026-04-17 12:33:20] INFO     继电器 OFF (切断充电)
[2026-04-17 12:33:20] INFO     继电器执行 -> OFF
[2026-04-17 12:33:20] INFO     物理断电静置 10.0s (等待BMS状态机完全复位)
[2026-04-17 12:33:30] WARNING  【结论】 [FAIL] 超时未检测到成功关键字
[2026-04-17 12:33:30] INFO     统计 -> 成功: 112 | 失败: 49 | 异常: 0 | 成功率: 69.6%
[2026-04-17 12:33:30] INFO     
-------------------- 第 162 轮 | 最大监听: 10.0s --------------------
[2026-04-17 12:33:30] INFO     继电器 ON (开始充电)
[2026-04-17 12:33:30] INFO     继电器执行 -> ON
[2026-04-17 12:33:40] INFO     继电器 OFF (切断充电)
[2026-04-17 12:33:40] INFO     继电器执行 -> OFF
[2026-04-17 12:33:40] INFO     物理断电静置 10.0s (等待BMS状态机完全复位)
[2026-04-17 12:33:50] WARNING  【结论】 [FAIL] 超时未检测到成功关键字
[2026-04-17 12:33:50] INFO     统计 -> 成功: 112 | 失败: 50 | 异常: 0 | 成功率: 69.1%
[2026-04-17 12:33:50] INFO     
-------------------- 第 163 轮 | 最大监听: 10.0s --------------------
[2026-04-17 12:33:50] INFO     继电器 ON (开始充电)
[2026-04-17 12:33:50] INFO     继电器执行 -> ON
[2026-04-17 12:34:00] INFO     继电器 OFF (切断充电)
[2026-04-17 12:34:00] INFO     继电器执行 -> OFF
[2026-04-17 12:34:00] INFO     物理断电静置 10.0s (等待BMS状态机完全复位)
[2026-04-17 12:34:10] WARNING  【结论】 [FAIL] 超时未检测到成功关键字
[2026-04-17 12:34:10] INFO     统计 -> 成功: 112 | 失败: 51 | 异常: 0 | 成功率: 68.7%
[2026-04-17 12:34:10] INFO     
-------------------- 第 164 轮 | 最大监听: 10.0s --------------------
[2026-04-17 12:34:10] INFO     继电器 ON (开始充电)
[2026-04-17 12:34:10] INFO     继电器执行 -> ON
[2026-04-17 12:34:20] INFO     继电器 OFF (切断充电)
[2026-04-17 12:34:20] INFO     继电器执行 -> OFF
[2026-04-17 12:34:20] INFO     物理断电静置 10.0s (等待BMS状态机完全复位)
[2026-04-17 12:34:30] WARNING  【结论】 [FAIL] 超时未检测到成功关键字
[2026-04-17 12:34:30] INFO     统计 -> 成功: 112 | 失败: 52 | 异常: 0 | 成功率: 68.3%
[2026-04-17 12:34:30] INFO     
-------------------- 第 165 轮 | 最大监听: 10.0s --------------------
[2026-04-17 12:34:30] INFO     继电器 ON (开始充电)
[2026-04-17 12:34:30] INFO     继电器执行 -> ON
[2026-04-17 12:34:40] INFO     继电器 OFF (切断充电)
[2026-04-17 12:34:40] INFO     继电器执行 -> OFF
[2026-04-17 12:34:40] INFO     物理断电静置 10.0s (等待BMS状态机完全复位)
[2026-04-17 12:34:50] WARNING  【结论】 [FAIL] 超时未检测到成功关键字
[2026-04-17 12:34:50] INFO     统计 -> 成功: 112 | 失败: 53 | 异常: 0 | 成功率: 67.9%
[2026-04-17 12:34:50] INFO     
-------------------- 第 166 轮 | 最大监听: 10.0s --------------------
[2026-04-17 12:34:50] INFO     继电器 ON (开始充电)
[2026-04-17 12:34:50] INFO     继电器执行 -> ON
[2026-04-17 12:34:58] INFO     捕获目标指令: voice_msgnum:9
[2026-04-17 12:34:58] INFO     状态维稳，保持闭合 3.0s
[2026-04-17 12:35:01] INFO     继电器 OFF (切断充电)
[2026-04-17 12:35:01] INFO     继电器执行 -> OFF
[2026-04-17 12:35:01] INFO     物理断电静置 10.0s (等待BMS状态机完全复位)
[2026-04-17 12:35:11] INFO     【结论】 [PASS] 成功关键字: voice_msgnum:9
[2026-04-17 12:35:11] INFO     统计 -> 成功: 113 | 失败: 53 | 异常: 0 | 成功率: 68.1%
[2026-04-17 12:35:11] INFO     
-------------------- 第 167 轮 | 最大监听: 10.0s --------------------
[2026-04-17 12:35:11] INFO     继电器 ON (开始充电)
[2026-04-17 12:35:11] INFO     继电器执行 -> ON
[2026-04-17 12:35:21] INFO     继电器 OFF (切断充电)
[2026-04-17 12:35:21] INFO     继电器执行 -> OFF
[2026-04-17 12:35:21] INFO     物理断电静置 10.0s (等待BMS状态机完全复位)
[2026-04-17 12:35:31] WARNING  【结论】 [FAIL] 超时未检测到成功关键字
[2026-04-17 12:35:31] INFO     统计 -> 成功: 113 | 失败: 54 | 异常: 0 | 成功率: 67.7%
[2026-04-17 12:35:31] INFO     
-------------------- 第 168 轮 | 最大监听: 10.0s --------------------
[2026-04-17 12:35:31] INFO     继电器 ON (开始充电)
[2026-04-17 12:35:31] INFO     继电器执行 -> ON
[2026-04-17 12:35:41] INFO     继电器 OFF (切断充电)
[2026-04-17 12:35:41] INFO     继电器执行 -> OFF
[2026-04-17 12:35:41] INFO     物理断电静置 10.0s (等待BMS状态机完全复位)
[2026-04-17 12:35:51] WARNING  【结论】 [FAIL] 超时未检测到成功关键字
[2026-04-17 12:35:51] INFO     统计 -> 成功: 113 | 失败: 55 | 异常: 0 | 成功率: 67.3%
[2026-04-17 12:35:51] INFO     
-------------------- 第 169 轮 | 最大监听: 10.0s --------------------
[2026-04-17 12:35:51] INFO     继电器 ON (开始充电)
[2026-04-17 12:35:51] INFO     继电器执行 -> ON
[2026-04-17 12:36:01] INFO     继电器 OFF (切断充电)
[2026-04-17 12:36:01] INFO     继电器执行 -> OFF
[2026-04-17 12:36:01] INFO     物理断电静置 10.0s (等待BMS状态机完全复位)
[2026-04-17 12:36:11] WARNING  【结论】 [FAIL] 超时未检测到成功关键字
[2026-04-17 12:36:11] INFO     统计 -> 成功: 113 | 失败: 56 | 异常: 0 | 成功率: 66.9%
[2026-04-17 12:36:11] INFO     
-------------------- 第 170 轮 | 最大监听: 10.0s --------------------
[2026-04-17 12:36:11] INFO     继电器 ON (开始充电)
[2026-04-17 12:36:11] INFO     继电器执行 -> ON
[2026-04-17 12:36:16] INFO     捕获目标指令: voice_msgnum:9
[2026-04-17 12:36:16] INFO     状态维稳，保持闭合 3.0s
[2026-04-17 12:36:19] INFO     继电器 OFF (切断充电)
[2026-04-17 12:36:19] INFO     继电器执行 -> OFF
[2026-04-17 12:36:19] INFO     物理断电静置 10.0s (等待BMS状态机完全复位)
[2026-04-17 12:36:29] INFO     【结论】 [PASS] 成功关键字: voice_msgnum:9
[2026-04-17 12:36:29] INFO     统计 -> 成功: 114 | 失败: 56 | 异常: 0 | 成功率: 67.1%
[2026-04-17 12:36:29] INFO     
-------------------- 第 171 轮 | 最大监听: 10.0s --------------------
[2026-04-17 12:36:29] INFO     继电器 ON (开始充电)
[2026-04-17 12:36:29] INFO     继电器执行 -> ON
[2026-04-17 12:36:39] INFO     继电器 OFF (切断充电)
[2026-04-17 12:36:39] INFO     继电器执行 -> OFF
[2026-04-17 12:36:39] INFO     物理断电静置 10.0s (等待BMS状态机完全复位)
[2026-04-17 12:36:49] WARNING  【结论】 [FAIL] 超时未检测到成功关键字
[2026-04-17 12:36:49] INFO     统计 -> 成功: 114 | 失败: 57 | 异常: 0 | 成功率: 66.7%
[2026-04-17 12:36:49] INFO     
-------------------- 第 172 轮 | 最大监听: 10.0s --------------------
[2026-04-17 12:36:49] INFO     继电器 ON (开始充电)
[2026-04-17 12:36:49] INFO     继电器执行 -> ON
[2026-04-17 12:36:59] INFO     继电器 OFF (切断充电)
[2026-04-17 12:36:59] INFO     继电器执行 -> OFF
[2026-04-17 12:36:59] INFO     物理断电静置 10.0s (等待BMS状态机完全复位)
[2026-04-17 12:37:09] WARNING  【结论】 [FAIL] 超时未检测到成功关键字
[2026-04-17 12:37:09] INFO     统计 -> 成功: 114 | 失败: 58 | 异常: 0 | 成功率: 66.3%
[2026-04-17 12:37:09] INFO     
-------------------- 第 173 轮 | 最大监听: 10.0s --------------------
[2026-04-17 12:37:09] INFO     继电器 ON (开始充电)
[2026-04-17 12:37:09] INFO     继电器执行 -> ON
[2026-04-17 12:37:19] INFO     继电器 OFF (切断充电)
[2026-04-17 12:37:19] INFO     继电器执行 -> OFF
[2026-04-17 12:37:19] INFO     物理断电静置 10.0s (等待BMS状态机完全复位)
[2026-04-17 12:37:29] WARNING  【结论】 [FAIL] 超时未检测到成功关键字
[2026-04-17 12:37:29] INFO     统计 -> 成功: 114 | 失败: 59 | 异常: 0 | 成功率: 65.9%
[2026-04-17 12:37:29] INFO     
-------------------- 第 174 轮 | 最大监听: 10.0s --------------------
[2026-04-17 12:37:29] INFO     继电器 ON (开始充电)
[2026-04-17 12:37:29] INFO     继电器执行 -> ON
[2026-04-17 12:37:39] INFO     继电器 OFF (切断充电)
[2026-04-17 12:37:39] INFO     继电器执行 -> OFF
[2026-04-17 12:37:39] INFO     物理断电静置 10.0s (等待BMS状态机完全复位)
[2026-04-17 12:37:49] WARNING  【结论】 [FAIL] 超时未检测到成功关键字
[2026-04-17 12:37:49] INFO     统计 -> 成功: 114 | 失败: 60 | 异常: 0 | 成功率: 65.5%
[2026-04-17 12:37:49] INFO     
-------------------- 第 175 轮 | 最大监听: 10.0s --------------------
[2026-04-17 12:37:49] INFO     继电器 ON (开始充电)
[2026-04-17 12:37:49] INFO     继电器执行 -> ON
[2026-04-17 12:37:59] INFO     继电器 OFF (切断充电)
[2026-04-17 12:37:59] INFO     继电器执行 -> OFF
[2026-04-17 12:37:59] INFO     物理断电静置 10.0s (等待BMS状态机完全复位)
[2026-04-17 12:38:09] WARNING  【结论】 [FAIL] 超时未检测到成功关键字
[2026-04-17 12:38:09] INFO     统计 -> 成功: 114 | 失败: 61 | 异常: 0 | 成功率: 65.1%
[2026-04-17 12:38:09] INFO     
-------------------- 第 176 轮 | 最大监听: 10.0s --------------------
[2026-04-17 12:38:09] INFO     继电器 ON (开始充电)
[2026-04-17 12:38:09] INFO     继电器执行 -> ON
[2026-04-17 12:38:19] INFO     继电器 OFF (切断充电)
[2026-04-17 12:38:19] INFO     继电器执行 -> OFF
[2026-04-17 12:38:19] INFO     物理断电静置 10.0s (等待BMS状态机完全复位)
[2026-04-17 12:38:29] WARNING  【结论】 [FAIL] 超时未检测到成功关键字
[2026-04-17 12:38:29] INFO     统计 -> 成功: 114 | 失败: 62 | 异常: 0 | 成功率: 64.8%
[2026-04-17 12:38:29] INFO     
-------------------- 第 177 轮 | 最大监听: 10.0s --------------------
[2026-04-17 12:38:29] INFO     继电器 ON (开始充电)
[2026-04-17 12:38:29] INFO     继电器执行 -> ON
[2026-04-17 12:38:39] INFO     继电器 OFF (切断充电)
[2026-04-17 12:38:39] INFO     继电器执行 -> OFF
[2026-04-17 12:38:39] INFO     物理断电静置 10.0s (等待BMS状态机完全复位)
[2026-04-17 12:38:49] WARNING  【结论】 [FAIL] 超时未检测到成功关键字
[2026-04-17 12:38:49] INFO     统计 -> 成功: 114 | 失败: 63 | 异常: 0 | 成功率: 64.4%
[2026-04-17 12:38:49] INFO     
-------------------- 第 178 轮 | 最大监听: 10.0s --------------------
[2026-04-17 12:38:49] INFO     继电器 ON (开始充电)
[2026-04-17 12:38:49] INFO     继电器执行 -> ON
[2026-04-17 12:38:59] INFO     继电器 OFF (切断充电)
[2026-04-17 12:39:00] INFO     继电器执行 -> OFF
[2026-04-17 12:39:00] INFO     物理断电静置 10.0s (等待BMS状态机完全复位)
[2026-04-17 12:39:10] WARNING  【结论】 [FAIL] 超时未检测到成功关键字
[2026-04-17 12:39:10] INFO     统计 -> 成功: 114 | 失败: 64 | 异常: 0 | 成功率: 64.0%
[2026-04-17 12:39:10] INFO     
-------------------- 第 179 轮 | 最大监听: 10.0s --------------------
[2026-04-17 12:39:10] INFO     继电器 ON (开始充电)
[2026-04-17 12:39:10] INFO     继电器执行 -> ON
[2026-04-17 12:39:20] INFO     继电器 OFF (切断充电)
[2026-04-17 12:39:20] INFO     继电器执行 -> OFF
[2026-04-17 12:39:20] INFO     物理断电静置 10.0s (等待BMS状态机完全复位)
[2026-04-17 12:39:30] WARNING  【结论】 [FAIL] 超时未检测到成功关键字
[2026-04-17 12:39:30] INFO     统计 -> 成功: 114 | 失败: 65 | 异常: 0 | 成功率: 63.7%
[2026-04-17 12:39:30] INFO     
-------------------- 第 180 轮 | 最大监听: 10.0s --------------------
[2026-04-17 12:39:30] INFO     继电器 ON (开始充电)
[2026-04-17 12:39:30] INFO     继电器执行 -> ON
[2026-04-17 12:39:40] INFO     继电器 OFF (切断充电)
[2026-04-17 12:39:40] INFO     继电器执行 -> OFF
[2026-04-17 12:39:40] INFO     物理断电静置 10.0s (等待BMS状态机完全复位)
[2026-04-17 12:39:50] WARNING  【结论】 [FAIL] 超时未检测到成功关键字
[2026-04-17 12:39:50] INFO     统计 -> 成功: 114 | 失败: 66 | 异常: 0 | 成功率: 63.3%
[2026-04-17 12:39:50] INFO     
-------------------- 第 181 轮 | 最大监听: 10.0s --------------------
[2026-04-17 12:39:50] INFO     继电器 ON (开始充电)
[2026-04-17 12:39:50] INFO     继电器执行 -> ON
[2026-04-17 12:40:00] INFO     继电器 OFF (切断充电)
[2026-04-17 12:40:00] INFO     继电器执行 -> OFF
[2026-04-17 12:40:00] INFO     物理断电静置 10.0s (等待BMS状态机完全复位)
[2026-04-17 12:40:10] WARNING  【结论】 [FAIL] 超时未检测到成功关键字
[2026-04-17 12:40:10] INFO     统计 -> 成功: 114 | 失败: 67 | 异常: 0 | 成功率: 63.0%
[2026-04-17 12:40:10] INFO     
-------------------- 第 182 轮 | 最大监听: 10.0s --------------------
[2026-04-17 12:40:10] INFO     继电器 ON (开始充电)
[2026-04-17 12:40:10] INFO     继电器执行 -> ON
[2026-04-17 12:40:20] INFO     继电器 OFF (切断充电)
[2026-04-17 12:40:20] INFO     继电器执行 -> OFF
[2026-04-17 12:40:20] INFO     物理断电静置 10.0s (等待BMS状态机完全复位)
[2026-04-17 12:40:30] WARNING  【结论】 [FAIL] 超时未检测到成功关键字
[2026-04-17 12:40:30] INFO     统计 -> 成功: 114 | 失败: 68 | 异常: 0 | 成功率: 62.6%
[2026-04-17 12:40:30] INFO     
-------------------- 第 183 轮 | 最大监听: 10.0s --------------------
[2026-04-17 12:40:30] INFO     继电器 ON (开始充电)
[2026-04-17 12:40:30] INFO     继电器执行 -> ON
[2026-04-17 12:40:40] INFO     继电器 OFF (切断充电)
[2026-04-17 12:40:40] INFO     继电器执行 -> OFF
[2026-04-17 12:40:40] INFO     物理断电静置 10.0s (等待BMS状态机完全复位)
[2026-04-17 12:40:50] WARNING  【结论】 [FAIL] 超时未检测到成功关键字
[2026-04-17 12:40:50] INFO     统计 -> 成功: 114 | 失败: 69 | 异常: 0 | 成功率: 62.3%
[2026-04-17 12:40:50] INFO     
-------------------- 第 184 轮 | 最大监听: 10.0s --------------------
[2026-04-17 12:40:50] INFO     继电器 ON (开始充电)
[2026-04-17 12:40:50] INFO     继电器执行 -> ON
[2026-04-17 12:41:00] INFO     继电器 OFF (切断充电)
[2026-04-17 12:41:00] INFO     继电器执行 -> OFF
[2026-04-17 12:41:00] INFO     物理断电静置 10.0s (等待BMS状态机完全复位)
[2026-04-17 12:41:10] WARNING  【结论】 [FAIL] 超时未检测到成功关键字
[2026-04-17 12:41:10] INFO     统计 -> 成功: 114 | 失败: 70 | 异常: 0 | 成功率: 62.0%
[2026-04-17 12:41:10] INFO     
-------------------- 第 185 轮 | 最大监听: 10.0s --------------------
[2026-04-17 12:41:10] INFO     继电器 ON (开始充电)
[2026-04-17 12:41:10] INFO     继电器执行 -> ON
[2026-04-17 12:41:20] INFO     继电器 OFF (切断充电)
[2026-04-17 12:41:20] INFO     继电器执行 -> OFF
[2026-04-17 12:41:20] INFO     物理断电静置 10.0s (等待BMS状态机完全复位)
[2026-04-17 12:41:30] WARNING  【结论】 [FAIL] 超时未检测到成功关键字
[2026-04-17 12:41:30] INFO     统计 -> 成功: 114 | 失败: 71 | 异常: 0 | 成功率: 61.6%
[2026-04-17 12:41:30] INFO     
-------------------- 第 186 轮 | 最大监听: 10.0s --------------------
[2026-04-17 12:41:30] INFO     继电器 ON (开始充电)
[2026-04-17 12:41:30] INFO     继电器执行 -> ON
[2026-04-17 12:41:40] INFO     继电器 OFF (切断充电)
[2026-04-17 12:41:40] INFO     继电器执行 -> OFF
[2026-04-17 12:41:40] INFO     物理断电静置 10.0s (等待BMS状态机完全复位)
[2026-04-17 12:41:50] WARNING  【结论】 [FAIL] 超时未检测到成功关键字
[2026-04-17 12:41:50] INFO     统计 -> 成功: 114 | 失败: 72 | 异常: 0 | 成功率: 61.3%
[2026-04-17 12:41:50] INFO     
-------------------- 第 187 轮 | 最大监听: 10.0s --------------------
[2026-04-17 12:41:50] INFO     继电器 ON (开始充电)
[2026-04-17 12:41:50] INFO     继电器执行 -> ON
[2026-04-17 12:42:00] INFO     继电器 OFF (切断充电)
[2026-04-17 12:42:01] INFO     继电器执行 -> OFF
[2026-04-17 12:42:01] INFO     物理断电静置 10.0s (等待BMS状态机完全复位)
[2026-04-17 12:42:11] WARNING  【结论】 [FAIL] 超时未检测到成功关键字
[2026-04-17 12:42:11] INFO     统计 -> 成功: 114 | 失败: 73 | 异常: 0 | 成功率: 61.0%
[2026-04-17 12:42:11] INFO     
-------------------- 第 188 轮 | 最大监听: 10.0s --------------------
[2026-04-17 12:42:11] INFO     继电器 ON (开始充电)
[2026-04-17 12:42:11] INFO     继电器执行 -> ON
[2026-04-17 12:42:21] INFO     继电器 OFF (切断充电)
[2026-04-17 12:42:21] INFO     继电器执行 -> OFF
[2026-04-17 12:42:21] INFO     物理断电静置 10.0s (等待BMS状态机完全复位)
[2026-04-17 12:42:31] WARNING  【结论】 [FAIL] 超时未检测到成功关键字
[2026-04-17 12:42:31] INFO     统计 -> 成功: 114 | 失败: 74 | 异常: 0 | 成功率: 60.6%
[2026-04-17 12:42:31] INFO     
-------------------- 第 189 轮 | 最大监听: 10.0s --------------------
[2026-04-17 12:42:31] INFO     继电器 ON (开始充电)
[2026-04-17 12:42:31] INFO     继电器执行 -> ON
[2026-04-17 12:42:41] INFO     继电器 OFF (切断充电)
[2026-04-17 12:42:41] INFO     继电器执行 -> OFF
[2026-04-17 12:42:41] INFO     物理断电静置 10.0s (等待BMS状态机完全复位)
[2026-04-17 12:42:51] WARNING  【结论】 [FAIL] 超时未检测到成功关键字
[2026-04-17 12:42:51] INFO     统计 -> 成功: 114 | 失败: 75 | 异常: 0 | 成功率: 60.3%
[2026-04-17 12:42:51] INFO     
-------------------- 第 190 轮 | 最大监听: 10.0s --------------------
[2026-04-17 12:42:51] INFO     继电器 ON (开始充电)
[2026-04-17 12:42:51] INFO     继电器执行 -> ON
[2026-04-17 12:43:01] INFO     继电器 OFF (切断充电)
[2026-04-17 12:43:01] INFO     继电器执行 -> OFF
[2026-04-17 12:43:01] INFO     物理断电静置 10.0s (等待BMS状态机完全复位)
[2026-04-17 12:43:11] WARNING  【结论】 [FAIL] 超时未检测到成功关键字
[2026-04-17 12:43:11] INFO     统计 -> 成功: 114 | 失败: 76 | 异常: 0 | 成功率: 60.0%
[2026-04-17 12:43:11] INFO     
-------------------- 第 191 轮 | 最大监听: 10.0s --------------------
[2026-04-17 12:43:11] INFO     继电器 ON (开始充电)
[2026-04-17 12:43:11] INFO     继电器执行 -> ON
[2026-04-17 12:43:21] INFO     继电器 OFF (切断充电)
[2026-04-17 12:43:21] INFO     继电器执行 -> OFF
[2026-04-17 12:43:21] INFO     物理断电静置 10.0s (等待BMS状态机完全复位)
[2026-04-17 12:43:31] WARNING  【结论】 [FAIL] 超时未检测到成功关键字
[2026-04-17 12:43:31] INFO     统计 -> 成功: 114 | 失败: 77 | 异常: 0 | 成功率: 59.7%
[2026-04-17 12:43:31] INFO     
-------------------- 第 192 轮 | 最大监听: 10.0s --------------------
[2026-04-17 12:43:31] INFO     继电器 ON (开始充电)
[2026-04-17 12:43:31] INFO     继电器执行 -> ON
[2026-04-17 12:43:41] INFO     继电器 OFF (切断充电)
[2026-04-17 12:43:41] INFO     继电器执行 -> OFF
[2026-04-17 12:43:41] INFO     物理断电静置 10.0s (等待BMS状态机完全复位)
[2026-04-17 12:43:51] WARNING  【结论】 [FAIL] 超时未检测到成功关键字
[2026-04-17 12:43:51] INFO     统计 -> 成功: 114 | 失败: 78 | 异常: 0 | 成功率: 59.4%
[2026-04-17 12:43:51] INFO     
-------------------- 第 193 轮 | 最大监听: 10.0s --------------------
[2026-04-17 12:43:51] INFO     继电器 ON (开始充电)
[2026-04-17 12:43:51] INFO     继电器执行 -> ON
[2026-04-17 12:44:01] INFO     继电器 OFF (切断充电)
[2026-04-17 12:44:01] INFO     继电器执行 -> OFF
[2026-04-17 12:44:01] INFO     物理断电静置 10.0s (等待BMS状态机完全复位)
[2026-04-17 12:44:11] WARNING  【结论】 [FAIL] 超时未检测到成功关键字
[2026-04-17 12:44:11] INFO     统计 -> 成功: 114 | 失败: 79 | 异常: 0 | 成功率: 59.1%
[2026-04-17 12:44:11] INFO     
-------------------- 第 194 轮 | 最大监听: 10.0s --------------------
[2026-04-17 12:44:11] INFO     继电器 ON (开始充电)
[2026-04-17 12:44:11] INFO     继电器执行 -> ON
[2026-04-17 12:44:21] INFO     继电器 OFF (切断充电)
[2026-04-17 12:44:21] INFO     继电器执行 -> OFF
[2026-04-17 12:44:21] INFO     物理断电静置 10.0s (等待BMS状态机完全复位)
[2026-04-17 12:44:31] WARNING  【结论】 [FAIL] 超时未检测到成功关键字
[2026-04-17 12:44:31] INFO     统计 -> 成功: 114 | 失败: 80 | 异常: 0 | 成功率: 58.8%
[2026-04-17 12:44:31] INFO     
-------------------- 第 195 轮 | 最大监听: 10.0s --------------------
[2026-04-17 12:44:31] INFO     继电器 ON (开始充电)
[2026-04-17 12:44:31] INFO     继电器执行 -> ON
[2026-04-17 12:44:41] INFO     继电器 OFF (切断充电)
[2026-04-17 12:44:41] INFO     继电器执行 -> OFF
[2026-04-17 12:44:41] INFO     物理断电静置 10.0s (等待BMS状态机完全复位)
[2026-04-17 12:44:51] WARNING  【结论】 [FAIL] 超时未检测到成功关键字
[2026-04-17 12:44:51] INFO     统计 -> 成功: 114 | 失败: 81 | 异常: 0 | 成功率: 58.5%
[2026-04-17 12:44:51] INFO     
-------------------- 第 196 轮 | 最大监听: 10.0s --------------------
[2026-04-17 12:44:51] INFO     继电器 ON (开始充电)
[2026-04-17 12:44:51] INFO     继电器执行 -> ON
[2026-04-17 12:45:01] INFO     继电器 OFF (切断充电)
[2026-04-17 12:45:01] INFO     继电器执行 -> OFF
[2026-04-17 12:45:01] INFO     物理断电静置 10.0s (等待BMS状态机完全复位)
[2026-04-17 12:45:11] WARNING  【结论】 [FAIL] 超时未检测到成功关键字
[2026-04-17 12:45:11] INFO     统计 -> 成功: 114 | 失败: 82 | 异常: 0 | 成功率: 58.2%
[2026-04-17 12:45:11] INFO     
-------------------- 第 197 轮 | 最大监听: 10.0s --------------------
[2026-04-17 12:45:11] INFO     继电器 ON (开始充电)
[2026-04-17 12:45:12] INFO     继电器执行 -> ON
[2026-04-17 12:45:22] INFO     继电器 OFF (切断充电)
[2026-04-17 12:45:22] INFO     继电器执行 -> OFF
[2026-04-17 12:45:22] INFO     物理断电静置 10.0s (等待BMS状态机完全复位)
[2026-04-17 12:45:32] WARNING  【结论】 [FAIL] 超时未检测到成功关键字
[2026-04-17 12:45:32] INFO     统计 -> 成功: 114 | 失败: 83 | 异常: 0 | 成功率: 57.9%
[2026-04-17 12:45:32] INFO     
-------------------- 第 198 轮 | 最大监听: 10.0s --------------------
[2026-04-17 12:45:32] INFO     继电器 ON (开始充电)
[2026-04-17 12:45:32] INFO     继电器执行 -> ON
[2026-04-17 12:45:42] INFO     继电器 OFF (切断充电)
[2026-04-17 12:45:42] INFO     继电器执行 -> OFF
[2026-04-17 12:45:42] INFO     物理断电静置 10.0s (等待BMS状态机完全复位)
[2026-04-17 12:45:52] WARNING  【结论】 [FAIL] 超时未检测到成功关键字
[2026-04-17 12:45:52] INFO     统计 -> 成功: 114 | 失败: 84 | 异常: 0 | 成功率: 57.6%
[2026-04-17 12:45:52] INFO     
-------------------- 第 199 轮 | 最大监听: 10.0s --------------------
[2026-04-17 12:45:52] INFO     继电器 ON (开始充电)
[2026-04-17 12:45:52] INFO     继电器执行 -> ON
[2026-04-17 12:46:02] INFO     继电器 OFF (切断充电)
[2026-04-17 12:46:02] INFO     继电器执行 -> OFF
[2026-04-17 12:46:02] INFO     物理断电静置 10.0s (等待BMS状态机完全复位)
[2026-04-17 12:46:12] WARNING  【结论】 [FAIL] 超时未检测到成功关键字
[2026-04-17 12:46:12] INFO     统计 -> 成功: 114 | 失败: 85 | 异常: 0 | 成功率: 57.3%
[2026-04-17 12:46:12] INFO     
-------------------- 第 200 轮 | 最大监听: 10.0s --------------------
[2026-04-17 12:46:12] INFO     继电器 ON (开始充电)
[2026-04-17 12:46:12] INFO     继电器执行 -> ON
[2026-04-17 12:46:22] INFO     继电器 OFF (切断充电)
[2026-04-17 12:46:22] INFO     继电器执行 -> OFF
[2026-04-17 12:46:22] INFO     物理断电静置 10.0s (等待BMS状态机完全复位)
[2026-04-17 12:46:32] WARNING  【结论】 [FAIL] 超时未检测到成功关键字
[2026-04-17 12:46:32] INFO     统计 -> 成功: 114 | 失败: 86 | 异常: 0 | 成功率: 57.0%
[2026-04-17 12:46:32] INFO     
-------------------- 第 201 轮 | 最大监听: 10.0s --------------------
[2026-04-17 12:46:32] INFO     继电器 ON (开始充电)
[2026-04-17 12:46:32] INFO     继电器执行 -> ON
[2026-04-17 12:46:42] INFO     继电器 OFF (切断充电)
[2026-04-17 12:46:42] INFO     继电器执行 -> OFF
[2026-04-17 12:46:42] INFO     物理断电静置 10.0s (等待BMS状态机完全复位)
[2026-04-17 12:46:52] WARNING  【结论】 [FAIL] 超时未检测到成功关键字
[2026-04-17 12:46:52] INFO     统计 -> 成功: 114 | 失败: 87 | 异常: 0 | 成功率: 56.7%
[2026-04-17 12:46:52] INFO     
-------------------- 第 202 轮 | 最大监听: 10.0s --------------------
[2026-04-17 12:46:52] INFO     继电器 ON (开始充电)
[2026-04-17 12:46:52] INFO     继电器执行 -> ON
[2026-04-17 12:47:02] INFO     继电器 OFF (切断充电)
[2026-04-17 12:47:02] INFO     继电器执行 -> OFF
[2026-04-17 12:47:02] INFO     物理断电静置 10.0s (等待BMS状态机完全复位)
[2026-04-17 12:47:12] WARNING  【结论】 [FAIL] 超时未检测到成功关键字
[2026-04-17 12:47:12] INFO     统计 -> 成功: 114 | 失败: 88 | 异常: 0 | 成功率: 56.4%
[2026-04-17 12:47:12] INFO     
-------------------- 第 203 轮 | 最大监听: 10.0s --------------------
[2026-04-17 12:47:12] INFO     继电器 ON (开始充电)
[2026-04-17 12:47:12] INFO     继电器执行 -> ON
[2026-04-17 12:47:22] INFO     继电器 OFF (切断充电)
[2026-04-17 12:47:22] INFO     继电器执行 -> OFF
[2026-04-17 12:47:22] INFO     物理断电静置 10.0s (等待BMS状态机完全复位)
[2026-04-17 12:47:32] WARNING  【结论】 [FAIL] 超时未检测到成功关键字
[2026-04-17 12:47:32] INFO     统计 -> 成功: 114 | 失败: 89 | 异常: 0 | 成功率: 56.2%
[2026-04-17 12:47:32] INFO     
-------------------- 第 204 轮 | 最大监听: 10.0s --------------------
[2026-04-17 12:47:32] INFO     继电器 ON (开始充电)
[2026-04-17 12:47:32] INFO     继电器执行 -> ON
[2026-04-17 12:47:42] INFO     继电器 OFF (切断充电)
[2026-04-17 12:47:42] INFO     继电器执行 -> OFF
[2026-04-17 12:47:42] INFO     物理断电静置 10.0s (等待BMS状态机完全复位)
[2026-04-17 12:47:52] WARNING  【结论】 [FAIL] 超时未检测到成功关键字
[2026-04-17 12:47:52] INFO     统计 -> 成功: 114 | 失败: 90 | 异常: 0 | 成功率: 55.9%
[2026-04-17 12:47:52] INFO     
-------------------- 第 205 轮 | 最大监听: 10.0s --------------------
[2026-04-17 12:47:52] INFO     继电器 ON (开始充电)
[2026-04-17 12:47:52] INFO     继电器执行 -> ON
[2026-04-17 12:47:54] INFO     捕获目标指令: voice_msgnum:9
[2026-04-17 12:47:54] INFO     状态维稳，保持闭合 3.0s
[2026-04-17 12:47:57] INFO     继电器 OFF (切断充电)
[2026-04-17 12:47:57] INFO     继电器执行 -> OFF
[2026-04-17 12:47:57] INFO     物理断电静置 10.0s (等待BMS状态机完全复位)
[2026-04-17 12:48:07] INFO     【结论】 [PASS] 成功关键字: voice_msgnum:9
[2026-04-17 12:48:07] INFO     统计 -> 成功: 115 | 失败: 90 | 异常: 0 | 成功率: 56.1%
[2026-04-17 12:48:07] INFO     
-------------------- 第 206 轮 | 最大监听: 10.0s --------------------
[2026-04-17 12:48:07] INFO     继电器 ON (开始充电)
[2026-04-17 12:48:07] INFO     继电器执行 -> ON
[2026-04-17 12:48:17] INFO     继电器 OFF (切断充电)
[2026-04-17 12:48:17] INFO     继电器执行 -> OFF
[2026-04-17 12:48:17] INFO     物理断电静置 10.0s (等待BMS状态机完全复位)
[2026-04-17 12:48:27] WARNING  【结论】 [FAIL] 超时未检测到成功关键字
[2026-04-17 12:48:27] INFO     统计 -> 成功: 115 | 失败: 91 | 异常: 0 | 成功率: 55.8%
[2026-04-17 12:48:27] INFO     
-------------------- 第 207 轮 | 最大监听: 10.0s --------------------
[2026-04-17 12:48:27] INFO     继电器 ON (开始充电)
[2026-04-17 12:48:27] INFO     继电器执行 -> ON
[2026-04-17 12:48:37] INFO     继电器 OFF (切断充电)
[2026-04-17 12:48:37] INFO     继电器执行 -> OFF
[2026-04-17 12:48:37] INFO     物理断电静置 10.0s (等待BMS状态机完全复位)
[2026-04-17 12:48:47] WARNING  【结论】 [FAIL] 超时未检测到成功关键字
[2026-04-17 12:48:47] INFO     统计 -> 成功: 115 | 失败: 92 | 异常: 0 | 成功率: 55.6%
[2026-04-17 12:48:47] INFO     
-------------------- 第 208 轮 | 最大监听: 10.0s --------------------
[2026-04-17 12:48:47] INFO     继电器 ON (开始充电)
[2026-04-17 12:48:47] INFO     继电器执行 -> ON
[2026-04-17 12:48:49] INFO     捕获目标指令: voice_msgnum:9
[2026-04-17 12:48:49] INFO     状态维稳，保持闭合 3.0s
[2026-04-17 12:48:52] INFO     继电器 OFF (切断充电)
[2026-04-17 12:48:52] INFO     继电器执行 -> OFF
[2026-04-17 12:48:52] INFO     物理断电静置 10.0s (等待BMS状态机完全复位)
[2026-04-17 12:49:02] INFO     【结论】 [PASS] 成功关键字: voice_msgnum:9
[2026-04-17 12:49:02] INFO     统计 -> 成功: 116 | 失败: 92 | 异常: 0 | 成功率: 55.8%
[2026-04-17 12:49:02] INFO     
-------------------- 第 209 轮 | 最大监听: 10.0s --------------------
[2026-04-17 12:49:02] INFO     继电器 ON (开始充电)
[2026-04-17 12:49:02] INFO     继电器执行 -> ON
[2026-04-17 12:49:12] INFO     继电器 OFF (切断充电)
[2026-04-17 12:49:12] INFO     继电器执行 -> OFF
[2026-04-17 12:49:12] INFO     物理断电静置 10.0s (等待BMS状态机完全复位)
[2026-04-17 12:49:22] WARNING  【结论】 [FAIL] 超时未检测到成功关键字
[2026-04-17 12:49:22] INFO     统计 -> 成功: 116 | 失败: 93 | 异常: 0 | 成功率: 55.5%
[2026-04-17 12:49:22] INFO     
-------------------- 第 210 轮 | 最大监听: 10.0s --------------------
[2026-04-17 12:49:22] INFO     继电器 ON (开始充电)
[2026-04-17 12:49:22] INFO     继电器执行 -> ON
[2026-04-17 12:49:24] INFO     捕获目标指令: voice_msgnum:9
[2026-04-17 12:49:24] INFO     状态维稳，保持闭合 3.0s
[2026-04-17 12:49:27] INFO     继电器 OFF (切断充电)
[2026-04-17 12:49:27] INFO     继电器执行 -> OFF
[2026-04-17 12:49:27] INFO     物理断电静置 10.0s (等待BMS状态机完全复位)
[2026-04-17 12:49:37] INFO     【结论】 [PASS] 成功关键字: voice_msgnum:9
[2026-04-17 12:49:37] INFO     统计 -> 成功: 117 | 失败: 93 | 异常: 0 | 成功率: 55.7%
[2026-04-17 12:49:37] INFO     
-------------------- 第 211 轮 | 最大监听: 10.0s --------------------
[2026-04-17 12:49:37] INFO     继电器 ON (开始充电)
[2026-04-17 12:49:37] INFO     继电器执行 -> ON
[2026-04-17 12:49:39] INFO     捕获目标指令: voice_msgnum:9
[2026-04-17 12:49:39] INFO     状态维稳，保持闭合 3.0s
[2026-04-17 12:49:42] INFO     继电器 OFF (切断充电)
[2026-04-17 12:49:42] INFO     继电器执行 -> OFF
[2026-04-17 12:49:42] INFO     物理断电静置 10.0s (等待BMS状态机完全复位)
[2026-04-17 12:49:52] INFO     【结论】 [PASS] 成功关键字: voice_msgnum:9
[2026-04-17 12:49:52] INFO     统计 -> 成功: 118 | 失败: 93 | 异常: 0 | 成功率: 55.9%
[2026-04-17 12:49:52] INFO     
-------------------- 第 212 轮 | 最大监听: 10.0s --------------------
[2026-04-17 12:49:52] INFO     继电器 ON (开始充电)
[2026-04-17 12:49:52] INFO     继电器执行 -> ON
[2026-04-17 12:49:54] INFO     捕获目标指令: voice_msgnum:9
[2026-04-17 12:49:54] INFO     状态维稳，保持闭合 3.0s
[2026-04-17 12:49:57] INFO     继电器 OFF (切断充电)
[2026-04-17 12:49:57] INFO     继电器执行 -> OFF
[2026-04-17 12:49:57] INFO     物理断电静置 10.0s (等待BMS状态机完全复位)
[2026-04-17 12:50:07] INFO     【结论】 [PASS] 成功关键字: voice_msgnum:9
[2026-04-17 12:50:07] INFO     统计 -> 成功: 119 | 失败: 93 | 异常: 0 | 成功率: 56.1%
[2026-04-17 12:50:07] INFO     
-------------------- 第 213 轮 | 最大监听: 10.0s --------------------
[2026-04-17 12:50:07] INFO     继电器 ON (开始充电)
[2026-04-17 12:50:07] INFO     继电器执行 -> ON
[2026-04-17 12:50:08] INFO     捕获目标指令: voice_msgnum:9
[2026-04-17 12:50:08] INFO     状态维稳，保持闭合 3.0s
[2026-04-17 12:50:11] INFO     继电器 OFF (切断充电)
[2026-04-17 12:50:11] INFO     继电器执行 -> OFF
[2026-04-17 12:50:11] INFO     物理断电静置 10.0s (等待BMS状态机完全复位)
[2026-04-17 12:50:21] INFO     【结论】 [PASS] 成功关键字: voice_msgnum:9
[2026-04-17 12:50:21] INFO     统计 -> 成功: 120 | 失败: 93 | 异常: 0 | 成功率: 56.3%
[2026-04-17 12:50:21] INFO     
-------------------- 第 214 轮 | 最大监听: 10.0s --------------------
[2026-04-17 12:50:21] INFO     继电器 ON (开始充电)
[2026-04-17 12:50:21] INFO     继电器执行 -> ON
[2026-04-17 12:50:23] INFO     捕获目标指令: voice_msgnum:9
[2026-04-17 12:50:23] INFO     状态维稳，保持闭合 3.0s
[2026-04-17 12:50:26] INFO     继电器 OFF (切断充电)
[2026-04-17 12:50:26] INFO     继电器执行 -> OFF
[2026-04-17 12:50:26] INFO     物理断电静置 10.0s (等待BMS状态机完全复位)
[2026-04-17 12:50:36] INFO     【结论】 [PASS] 成功关键字: voice_msgnum:9
[2026-04-17 12:50:36] INFO     统计 -> 成功: 121 | 失败: 93 | 异常: 0 | 成功率: 56.5%
[2026-04-17 12:50:36] INFO     
-------------------- 第 215 轮 | 最大监听: 10.0s --------------------
[2026-04-17 12:50:36] INFO     继电器 ON (开始充电)
[2026-04-17 12:50:36] INFO     继电器执行 -> ON
[2026-04-17 12:50:38] INFO     捕获目标指令: voice_msgnum:9
[2026-04-17 12:50:38] INFO     状态维稳，保持闭合 3.0s
[2026-04-17 12:50:41] INFO     继电器 OFF (切断充电)
[2026-04-17 12:50:41] INFO     继电器执行 -> OFF
[2026-04-17 12:50:41] INFO     物理断电静置 10.0s (等待BMS状态机完全复位)
[2026-04-17 12:50:51] INFO     【结论】 [PASS] 成功关键字: voice_msgnum:9
[2026-04-17 12:50:51] INFO     统计 -> 成功: 122 | 失败: 93 | 异常: 0 | 成功率: 56.7%
[2026-04-17 12:50:51] INFO     
-------------------- 第 216 轮 | 最大监听: 10.0s --------------------
[2026-04-17 12:50:51] INFO     继电器 ON (开始充电)
[2026-04-17 12:50:51] INFO     继电器执行 -> ON
[2026-04-17 12:50:53] INFO     捕获目标指令: voice_msgnum:9
[2026-04-17 12:50:53] INFO     状态维稳，保持闭合 3.0s
[2026-04-17 12:50:56] INFO     继电器 OFF (切断充电)
[2026-04-17 12:50:56] INFO     继电器执行 -> OFF
[2026-04-17 12:50:56] INFO     物理断电静置 10.0s (等待BMS状态机完全复位)
[2026-04-17 12:51:06] INFO     【结论】 [PASS] 成功关键字: voice_msgnum:9
[2026-04-17 12:51:06] INFO     统计 -> 成功: 123 | 失败: 93 | 异常: 0 | 成功率: 56.9%
[2026-04-17 12:51:06] INFO     
-------------------- 第 217 轮 | 最大监听: 10.0s --------------------
[2026-04-17 12:51:06] INFO     继电器 ON (开始充电)
[2026-04-17 12:51:06] INFO     继电器执行 -> ON
[2026-04-17 12:51:07] INFO     捕获目标指令: voice_msgnum:9
[2026-04-17 12:51:07] INFO     状态维稳，保持闭合 3.0s
[2026-04-17 12:51:10] INFO     继电器 OFF (切断充电)
[2026-04-17 12:51:10] INFO     继电器执行 -> OFF
[2026-04-17 12:51:10] INFO     物理断电静置 10.0s (等待BMS状态机完全复位)
[2026-04-17 12:51:20] INFO     【结论】 [PASS] 成功关键字: voice_msgnum:9
[2026-04-17 12:51:20] INFO     统计 -> 成功: 124 | 失败: 93 | 异常: 0 | 成功率: 57.1%
[2026-04-17 12:51:20] INFO     
-------------------- 第 218 轮 | 最大监听: 10.0s --------------------
[2026-04-17 12:51:20] INFO     继电器 ON (开始充电)
[2026-04-17 12:51:20] INFO     继电器执行 -> ON
[2026-04-17 12:51:22] INFO     捕获目标指令: voice_msgnum:9
[2026-04-17 12:51:22] INFO     状态维稳，保持闭合 3.0s
[2026-04-17 12:51:25] INFO     继电器 OFF (切断充电)
[2026-04-17 12:51:25] INFO     继电器执行 -> OFF
[2026-04-17 12:51:25] INFO     物理断电静置 10.0s (等待BMS状态机完全复位)
[2026-04-17 12:51:35] INFO     【结论】 [PASS] 成功关键字: voice_msgnum:9
[2026-04-17 12:51:35] INFO     统计 -> 成功: 125 | 失败: 93 | 异常: 0 | 成功率: 57.3%
[2026-04-17 12:51:35] INFO     
-------------------- 第 219 轮 | 最大监听: 10.0s --------------------
[2026-04-17 12:51:35] INFO     继电器 ON (开始充电)
[2026-04-17 12:51:35] INFO     继电器执行 -> ON
[2026-04-17 12:51:37] INFO     捕获目标指令: voice_msgnum:9
[2026-04-17 12:51:37] INFO     状态维稳，保持闭合 3.0s
[2026-04-17 12:51:40] INFO     继电器 OFF (切断充电)
[2026-04-17 12:51:40] INFO     继电器执行 -> OFF
[2026-04-17 12:51:40] INFO     物理断电静置 10.0s (等待BMS状态机完全复位)
[2026-04-17 12:51:50] INFO     【结论】 [PASS] 成功关键字: voice_msgnum:9
[2026-04-17 12:51:50] INFO     统计 -> 成功: 126 | 失败: 93 | 异常: 0 | 成功率: 57.5%
[2026-04-17 12:51:50] INFO     
-------------------- 第 220 轮 | 最大监听: 10.0s --------------------
[2026-04-17 12:51:50] INFO     继电器 ON (开始充电)
[2026-04-17 12:51:50] INFO     继电器执行 -> ON
[2026-04-17 12:51:52] INFO     捕获目标指令: voice_msgnum:9
[2026-04-17 12:51:52] INFO     状态维稳，保持闭合 3.0s
[2026-04-17 12:51:55] INFO     继电器 OFF (切断充电)
[2026-04-17 12:51:55] INFO     继电器执行 -> OFF
[2026-04-17 12:51:55] INFO     物理断电静置 10.0s (等待BMS状态机完全复位)
[2026-04-17 12:52:05] INFO     【结论】 [PASS] 成功关键字: voice_msgnum:9
[2026-04-17 12:52:05] INFO     统计 -> 成功: 127 | 失败: 93 | 异常: 0 | 成功率: 57.7%
[2026-04-17 12:52:05] INFO     
-------------------- 第 221 轮 | 最大监听: 10.0s --------------------
[2026-04-17 12:52:05] INFO     继电器 ON (开始充电)
[2026-04-17 12:52:05] INFO     继电器执行 -> ON
[2026-04-17 12:52:06] INFO     捕获目标指令: voice_msgnum:9
[2026-04-17 12:52:06] INFO     状态维稳，保持闭合 3.0s
[2026-04-17 12:52:09] INFO     继电器 OFF (切断充电)
[2026-04-17 12:52:09] INFO     继电器执行 -> OFF
[2026-04-17 12:52:09] INFO     物理断电静置 10.0s (等待BMS状态机完全复位)
[2026-04-17 12:52:19] INFO     【结论】 [PASS] 成功关键字: voice_msgnum:9
[2026-04-17 12:52:19] INFO     统计 -> 成功: 128 | 失败: 93 | 异常: 0 | 成功率: 57.9%
[2026-04-17 12:52:19] INFO     
-------------------- 第 222 轮 | 最大监听: 10.0s --------------------
[2026-04-17 12:52:19] INFO     继电器 ON (开始充电)
[2026-04-17 12:52:20] INFO     继电器执行 -> ON
[2026-04-17 12:52:21] INFO     捕获目标指令: voice_msgnum:9
[2026-04-17 12:52:21] INFO     状态维稳，保持闭合 3.0s
[2026-04-17 12:52:24] INFO     继电器 OFF (切断充电)
[2026-04-17 12:52:24] INFO     继电器执行 -> OFF
[2026-04-17 12:52:24] INFO     物理断电静置 10.0s (等待BMS状态机完全复位)
[2026-04-17 12:52:34] INFO     【结论】 [PASS] 成功关键字: voice_msgnum:9
[2026-04-17 12:52:34] INFO     统计 -> 成功: 129 | 失败: 93 | 异常: 0 | 成功率: 58.1%
[2026-04-17 12:52:34] INFO     
-------------------- 第 223 轮 | 最大监听: 10.0s --------------------
[2026-04-17 12:52:34] INFO     继电器 ON (开始充电)
[2026-04-17 12:52:34] INFO     继电器执行 -> ON
[2026-04-17 12:52:36] INFO     捕获目标指令: voice_msgnum:9
[2026-04-17 12:52:36] INFO     状态维稳，保持闭合 3.0s
[2026-04-17 12:52:39] INFO     继电器 OFF (切断充电)
[2026-04-17 12:52:39] INFO     继电器执行 -> OFF
[2026-04-17 12:52:39] INFO     物理断电静置 10.0s (等待BMS状态机完全复位)
[2026-04-17 12:52:49] INFO     【结论】 [PASS] 成功关键字: voice_msgnum:9
[2026-04-17 12:52:49] INFO     统计 -> 成功: 130 | 失败: 93 | 异常: 0 | 成功率: 58.3%
[2026-04-17 12:52:49] INFO     
-------------------- 第 224 轮 | 最大监听: 10.0s --------------------
[2026-04-17 12:52:49] INFO     继电器 ON (开始充电)
[2026-04-17 12:52:49] INFO     继电器执行 -> ON
[2026-04-17 12:52:51] INFO     捕获目标指令: voice_msgnum:9
[2026-04-17 12:52:51] INFO     状态维稳，保持闭合 3.0s
[2026-04-17 12:52:54] INFO     继电器 OFF (切断充电)
[2026-04-17 12:52:54] INFO     继电器执行 -> OFF
[2026-04-17 12:52:54] INFO     物理断电静置 10.0s (等待BMS状态机完全复位)
[2026-04-17 12:53:04] INFO     【结论】 [PASS] 成功关键字: voice_msgnum:9
[2026-04-17 12:53:04] INFO     统计 -> 成功: 131 | 失败: 93 | 异常: 0 | 成功率: 58.5%
[2026-04-17 12:53:04] INFO     
-------------------- 第 225 轮 | 最大监听: 10.0s --------------------
[2026-04-17 12:53:04] INFO     继电器 ON (开始充电)
[2026-04-17 12:53:04] INFO     继电器执行 -> ON
[2026-04-17 12:53:05] INFO     捕获目标指令: voice_msgnum:9
[2026-04-17 12:53:05] INFO     状态维稳，保持闭合 3.0s
[2026-04-17 12:53:08] INFO     继电器 OFF (切断充电)
[2026-04-17 12:53:09] INFO     继电器执行 -> OFF
[2026-04-17 12:53:09] INFO     物理断电静置 10.0s (等待BMS状态机完全复位)
[2026-04-17 12:53:19] INFO     【结论】 [PASS] 成功关键字: voice_msgnum:9
[2026-04-17 12:53:19] INFO     统计 -> 成功: 132 | 失败: 93 | 异常: 0 | 成功率: 58.7%
[2026-04-17 12:53:19] INFO     
-------------------- 第 226 轮 | 最大监听: 10.0s --------------------
[2026-04-17 12:53:19] INFO     继电器 ON (开始充电)
[2026-04-17 12:53:19] INFO     继电器执行 -> ON
[2026-04-17 12:53:20] INFO     捕获目标指令: voice_msgnum:9
[2026-04-17 12:53:20] INFO     状态维稳，保持闭合 3.0s
[2026-04-17 12:53:23] INFO     继电器 OFF (切断充电)
[2026-04-17 12:53:23] INFO     继电器执行 -> OFF
[2026-04-17 12:53:23] INFO     物理断电静置 10.0s (等待BMS状态机完全复位)
[2026-04-17 12:53:33] INFO     【结论】 [PASS] 成功关键字: voice_msgnum:9
[2026-04-17 12:53:33] INFO     统计 -> 成功: 133 | 失败: 93 | 异常: 0 | 成功率: 58.8%
[2026-04-17 12:53:33] INFO     
-------------------- 第 227 轮 | 最大监听: 10.0s --------------------
[2026-04-17 12:53:33] INFO     继电器 ON (开始充电)
[2026-04-17 12:53:33] INFO     继电器执行 -> ON
[2026-04-17 12:53:35] INFO     捕获目标指令: voice_msgnum:9
[2026-04-17 12:53:35] INFO     状态维稳，保持闭合 3.0s
[2026-04-17 12:53:38] INFO     继电器 OFF (切断充电)
[2026-04-17 12:53:38] INFO     继电器执行 -> OFF
[2026-04-17 12:53:38] INFO     物理断电静置 10.0s (等待BMS状态机完全复位)
[2026-04-17 12:53:48] INFO     【结论】 [PASS] 成功关键字: voice_msgnum:9
[2026-04-17 12:53:48] INFO     统计 -> 成功: 134 | 失败: 93 | 异常: 0 | 成功率: 59.0%
[2026-04-17 12:53:48] INFO     
-------------------- 第 228 轮 | 最大监听: 10.0s --------------------
[2026-04-17 12:53:48] INFO     继电器 ON (开始充电)
[2026-04-17 12:53:48] INFO     继电器执行 -> ON
[2026-04-17 12:53:50] INFO     捕获目标指令: voice_msgnum:9
[2026-04-17 12:53:50] INFO     状态维稳，保持闭合 3.0s
[2026-04-17 12:53:53] INFO     继电器 OFF (切断充电)
[2026-04-17 12:53:53] INFO     继电器执行 -> OFF
[2026-04-17 12:53:53] INFO     物理断电静置 10.0s (等待BMS状态机完全复位)
[2026-04-17 12:54:03] INFO     【结论】 [PASS] 成功关键字: voice_msgnum:9
[2026-04-17 12:54:03] INFO     统计 -> 成功: 135 | 失败: 93 | 异常: 0 | 成功率: 59.2%
[2026-04-17 12:54:03] INFO     
-------------------- 第 229 轮 | 最大监听: 10.0s --------------------
[2026-04-17 12:54:03] INFO     继电器 ON (开始充电)
[2026-04-17 12:54:03] INFO     继电器执行 -> ON
[2026-04-17 12:54:05] INFO     捕获目标指令: voice_msgnum:9
[2026-04-17 12:54:05] INFO     状态维稳，保持闭合 3.0s
[2026-04-17 12:54:08] INFO     继电器 OFF (切断充电)
[2026-04-17 12:54:08] INFO     继电器执行 -> OFF
[2026-04-17 12:54:08] INFO     物理断电静置 10.0s (等待BMS状态机完全复位)
[2026-04-17 12:54:18] INFO     【结论】 [PASS] 成功关键字: voice_msgnum:9
[2026-04-17 12:54:18] INFO     统计 -> 成功: 136 | 失败: 93 | 异常: 0 | 成功率: 59.4%
[2026-04-17 12:54:18] INFO     
-------------------- 第 230 轮 | 最大监听: 10.0s --------------------
[2026-04-17 12:54:18] INFO     继电器 ON (开始充电)
[2026-04-17 12:54:18] INFO     继电器执行 -> ON
[2026-04-17 12:54:19] INFO     捕获目标指令: voice_msgnum:9
[2026-04-17 12:54:19] INFO     状态维稳，保持闭合 3.0s
[2026-04-17 12:54:22] INFO     继电器 OFF (切断充电)
[2026-04-17 12:54:22] INFO     继电器执行 -> OFF
[2026-04-17 12:54:22] INFO     物理断电静置 10.0s (等待BMS状态机完全复位)
[2026-04-17 12:54:32] INFO     【结论】 [PASS] 成功关键字: voice_msgnum:9
[2026-04-17 12:54:32] INFO     统计 -> 成功: 137 | 失败: 93 | 异常: 0 | 成功率: 59.6%
[2026-04-17 12:54:32] INFO     
-------------------- 第 231 轮 | 最大监听: 10.0s --------------------
[2026-04-17 12:54:32] INFO     继电器 ON (开始充电)
[2026-04-17 12:54:32] INFO     继电器执行 -> ON
[2026-04-17 12:54:34] INFO     捕获目标指令: voice_msgnum:9
[2026-04-17 12:54:34] INFO     状态维稳，保持闭合 3.0s
[2026-04-17 12:54:37] INFO     继电器 OFF (切断充电)
[2026-04-17 12:54:37] INFO     继电器执行 -> OFF
[2026-04-17 12:54:37] INFO     物理断电静置 10.0s (等待BMS状态机完全复位)
[2026-04-17 12:54:47] INFO     【结论】 [PASS] 成功关键字: voice_msgnum:9
[2026-04-17 12:54:47] INFO     统计 -> 成功: 138 | 失败: 93 | 异常: 0 | 成功率: 59.7%
[2026-04-17 12:54:47] INFO     
-------------------- 第 232 轮 | 最大监听: 10.0s --------------------
[2026-04-17 12:54:47] INFO     继电器 ON (开始充电)
[2026-04-17 12:54:47] INFO     继电器执行 -> ON
[2026-04-17 12:54:49] INFO     捕获目标指令: voice_msgnum:9
[2026-04-17 12:54:49] INFO     状态维稳，保持闭合 3.0s
[2026-04-17 12:54:52] INFO     继电器 OFF (切断充电)
[2026-04-17 12:54:52] INFO     继电器执行 -> OFF
[2026-04-17 12:54:52] INFO     物理断电静置 10.0s (等待BMS状态机完全复位)
[2026-04-17 12:55:02] INFO     【结论】 [PASS] 成功关键字: voice_msgnum:9
[2026-04-17 12:55:02] INFO     统计 -> 成功: 139 | 失败: 93 | 异常: 0 | 成功率: 59.9%
[2026-04-17 12:55:02] INFO     
-------------------- 第 233 轮 | 最大监听: 10.0s --------------------
[2026-04-17 12:55:02] INFO     继电器 ON (开始充电)
[2026-04-17 12:55:02] INFO     继电器执行 -> ON
[2026-04-17 12:55:04] INFO     捕获目标指令: voice_msgnum:9
[2026-04-17 12:55:04] INFO     状态维稳，保持闭合 3.0s
[2026-04-17 12:55:07] INFO     继电器 OFF (切断充电)
[2026-04-17 12:55:07] INFO     继电器执行 -> OFF
[2026-04-17 12:55:07] INFO     物理断电静置 10.0s (等待BMS状态机完全复位)
[2026-04-17 12:55:17] INFO     【结论】 [PASS] 成功关键字: voice_msgnum:9
[2026-04-17 12:55:17] INFO     统计 -> 成功: 140 | 失败: 93 | 异常: 0 | 成功率: 60.1%
[2026-04-17 12:55:17] INFO     
-------------------- 第 234 轮 | 最大监听: 10.0s --------------------
[2026-04-17 12:55:17] INFO     继电器 ON (开始充电)
[2026-04-17 12:55:17] INFO     继电器执行 -> ON
[2026-04-17 12:55:18] INFO     捕获目标指令: voice_msgnum:9
[2026-04-17 12:55:18] INFO     状态维稳，保持闭合 3.0s
[2026-04-17 12:55:21] INFO     继电器 OFF (切断充电)
[2026-04-17 12:55:21] INFO     继电器执行 -> OFF
[2026-04-17 12:55:21] INFO     物理断电静置 10.0s (等待BMS状态机完全复位)
[2026-04-17 12:55:31] INFO     【结论】 [PASS] 成功关键字: voice_msgnum:9
[2026-04-17 12:55:31] INFO     统计 -> 成功: 141 | 失败: 93 | 异常: 0 | 成功率: 60.3%
[2026-04-17 12:55:31] INFO     
-------------------- 第 235 轮 | 最大监听: 10.0s --------------------
[2026-04-17 12:55:31] INFO     继电器 ON (开始充电)
[2026-04-17 12:55:32] INFO     继电器执行 -> ON
[2026-04-17 12:55:33] INFO     捕获目标指令: voice_msgnum:9
[2026-04-17 12:55:33] INFO     状态维稳，保持闭合 3.0s
[2026-04-17 12:55:36] INFO     继电器 OFF (切断充电)
[2026-04-17 12:55:36] INFO     继电器执行 -> OFF
[2026-04-17 12:55:36] INFO     物理断电静置 10.0s (等待BMS状态机完全复位)
[2026-04-17 12:55:46] INFO     【结论】 [PASS] 成功关键字: voice_msgnum:9
[2026-04-17 12:55:46] INFO     统计 -> 成功: 142 | 失败: 93 | 异常: 0 | 成功率: 60.4%
[2026-04-17 12:55:46] INFO     
-------------------- 第 236 轮 | 最大监听: 10.0s --------------------
[2026-04-17 12:55:46] INFO     继电器 ON (开始充电)
[2026-04-17 12:55:46] INFO     继电器执行 -> ON
[2026-04-17 12:55:48] INFO     捕获目标指令: voice_msgnum:9
[2026-04-17 12:55:48] INFO     状态维稳，保持闭合 3.0s
[2026-04-17 12:55:51] INFO     继电器 OFF (切断充电)
[2026-04-17 12:55:51] INFO     继电器执行 -> OFF
[2026-04-17 12:55:51] INFO     物理断电静置 10.0s (等待BMS状态机完全复位)
[2026-04-17 12:56:01] INFO     【结论】 [PASS] 成功关键字: voice_msgnum:9
[2026-04-17 12:56:01] INFO     统计 -> 成功: 143 | 失败: 93 | 异常: 0 | 成功率: 60.6%
[2026-04-17 12:56:01] INFO     
-------------------- 第 237 轮 | 最大监听: 10.0s --------------------
[2026-04-17 12:56:01] INFO     继电器 ON (开始充电)
[2026-04-17 12:56:01] INFO     继电器执行 -> ON
[2026-04-17 12:56:03] INFO     捕获目标指令: voice_msgnum:9
[2026-04-17 12:56:03] INFO     状态维稳，保持闭合 3.0s
[2026-04-17 12:56:06] INFO     继电器 OFF (切断充电)
[2026-04-17 12:56:06] INFO     继电器执行 -> OFF
[2026-04-17 12:56:06] INFO     物理断电静置 10.0s (等待BMS状态机完全复位)
[2026-04-17 12:56:16] INFO     【结论】 [PASS] 成功关键字: voice_msgnum:9
[2026-04-17 12:56:16] INFO     统计 -> 成功: 144 | 失败: 93 | 异常: 0 | 成功率: 60.8%
[2026-04-17 12:56:16] INFO     
-------------------- 第 238 轮 | 最大监听: 10.0s --------------------
[2026-04-17 12:56:16] INFO     继电器 ON (开始充电)
[2026-04-17 12:56:16] INFO     继电器执行 -> ON
[2026-04-17 12:56:18] INFO     捕获目标指令: voice_msgnum:9
[2026-04-17 12:56:18] INFO     状态维稳，保持闭合 3.0s
[2026-04-17 12:56:21] INFO     继电器 OFF (切断充电)
[2026-04-17 12:56:21] INFO     继电器执行 -> OFF
[2026-04-17 12:56:21] INFO     物理断电静置 10.0s (等待BMS状态机完全复位)
[2026-04-17 12:56:31] INFO     【结论】 [PASS] 成功关键字: voice_msgnum:9
[2026-04-17 12:56:31] INFO     统计 -> 成功: 145 | 失败: 93 | 异常: 0 | 成功率: 60.9%
[2026-04-17 12:56:31] INFO     
-------------------- 第 239 轮 | 最大监听: 10.0s --------------------
[2026-04-17 12:56:31] INFO     继电器 ON (开始充电)
[2026-04-17 12:56:31] INFO     继电器执行 -> ON
[2026-04-17 12:56:32] INFO     捕获目标指令: voice_msgnum:9
[2026-04-17 12:56:32] INFO     状态维稳，保持闭合 3.0s
[2026-04-17 12:56:35] INFO     继电器 OFF (切断充电)
[2026-04-17 12:56:35] INFO     继电器执行 -> OFF
[2026-04-17 12:56:35] INFO     物理断电静置 10.0s (等待BMS状态机完全复位)
[2026-04-17 12:56:45] INFO     【结论】 [PASS] 成功关键字: voice_msgnum:9
[2026-04-17 12:56:45] INFO     统计 -> 成功: 146 | 失败: 93 | 异常: 0 | 成功率: 61.1%
[2026-04-17 12:56:45] INFO     
-------------------- 第 240 轮 | 最大监听: 10.0s --------------------
[2026-04-17 12:56:45] INFO     继电器 ON (开始充电)
[2026-04-17 12:56:45] INFO     继电器执行 -> ON
[2026-04-17 12:56:47] INFO     捕获目标指令: voice_msgnum:9
[2026-04-17 12:56:47] INFO     状态维稳，保持闭合 3.0s
[2026-04-17 12:56:50] INFO     继电器 OFF (切断充电)
[2026-04-17 12:56:50] INFO     继电器执行 -> OFF
[2026-04-17 12:56:50] INFO     物理断电静置 10.0s (等待BMS状态机完全复位)
[2026-04-17 12:57:00] INFO     【结论】 [PASS] 成功关键字: voice_msgnum:9
[2026-04-17 12:57:00] INFO     统计 -> 成功: 147 | 失败: 93 | 异常: 0 | 成功率: 61.3%
[2026-04-17 12:57:00] INFO     
-------------------- 第 241 轮 | 最大监听: 10.0s --------------------
[2026-04-17 12:57:00] INFO     继电器 ON (开始充电)
[2026-04-17 12:57:00] INFO     继电器执行 -> ON
[2026-04-17 12:57:02] INFO     捕获目标指令: voice_msgnum:9
[2026-04-17 12:57:02] INFO     状态维稳，保持闭合 3.0s
[2026-04-17 12:57:05] INFO     继电器 OFF (切断充电)
[2026-04-17 12:57:05] INFO     继电器执行 -> OFF
[2026-04-17 12:57:05] INFO     物理断电静置 10.0s (等待BMS状态机完全复位)
[2026-04-17 12:57:15] INFO     【结论】 [PASS] 成功关键字: voice_msgnum:9
[2026-04-17 12:57:15] INFO     统计 -> 成功: 148 | 失败: 93 | 异常: 0 | 成功率: 61.4%
[2026-04-17 12:57:15] INFO     
-------------------- 第 242 轮 | 最大监听: 10.0s --------------------
[2026-04-17 12:57:15] INFO     继电器 ON (开始充电)
[2026-04-17 12:57:15] INFO     继电器执行 -> ON
[2026-04-17 12:57:17] INFO     捕获目标指令: voice_msgnum:9
[2026-04-17 12:57:17] INFO     状态维稳，保持闭合 3.0s
[2026-04-17 12:57:20] INFO     继电器 OFF (切断充电)
[2026-04-17 12:57:20] INFO     继电器执行 -> OFF
[2026-04-17 12:57:20] INFO     物理断电静置 10.0s (等待BMS状态机完全复位)
[2026-04-17 12:57:30] INFO     【结论】 [PASS] 成功关键字: voice_msgnum:9
[2026-04-17 12:57:30] INFO     统计 -> 成功: 149 | 失败: 93 | 异常: 0 | 成功率: 61.6%
[2026-04-17 12:57:30] INFO     
-------------------- 第 243 轮 | 最大监听: 10.0s --------------------
[2026-04-17 12:57:30] INFO     继电器 ON (开始充电)
[2026-04-17 12:57:30] INFO     继电器执行 -> ON
[2026-04-17 12:57:32] INFO     捕获目标指令: voice_msgnum:9
[2026-04-17 12:57:32] INFO     状态维稳，保持闭合 3.0s
[2026-04-17 12:57:35] INFO     继电器 OFF (切断充电)
[2026-04-17 12:57:35] INFO     继电器执行 -> OFF
[2026-04-17 12:57:35] INFO     物理断电静置 10.0s (等待BMS状态机完全复位)
[2026-04-17 12:57:45] INFO     【结论】 [PASS] 成功关键字: voice_msgnum:9
[2026-04-17 12:57:45] INFO     统计 -> 成功: 150 | 失败: 93 | 异常: 0 | 成功率: 61.7%
[2026-04-17 12:57:45] INFO     
-------------------- 第 244 轮 | 最大监听: 10.0s --------------------
[2026-04-17 12:57:45] INFO     继电器 ON (开始充电)
[2026-04-17 12:57:45] INFO     继电器执行 -> ON
[2026-04-17 12:57:46] INFO     捕获目标指令: voice_msgnum:9
[2026-04-17 12:57:46] INFO     状态维稳，保持闭合 3.0s
[2026-04-17 12:57:49] INFO     继电器 OFF (切断充电)
[2026-04-17 12:57:49] INFO     继电器执行 -> OFF
[2026-04-17 12:57:49] INFO     物理断电静置 10.0s (等待BMS状态机完全复位)
[2026-04-17 12:57:59] INFO     【结论】 [PASS] 成功关键字: voice_msgnum:9
[2026-04-17 12:57:59] INFO     统计 -> 成功: 151 | 失败: 93 | 异常: 0 | 成功率: 61.9%
[2026-04-17 12:57:59] INFO     
-------------------- 第 245 轮 | 最大监听: 10.0s --------------------
[2026-04-17 12:57:59] INFO     继电器 ON (开始充电)
[2026-04-17 12:57:59] INFO     继电器执行 -> ON
[2026-04-17 12:58:01] INFO     捕获目标指令: voice_msgnum:9
[2026-04-17 12:58:01] INFO     状态维稳，保持闭合 3.0s
[2026-04-17 12:58:04] INFO     继电器 OFF (切断充电)
[2026-04-17 12:58:04] INFO     继电器执行 -> OFF
[2026-04-17 12:58:04] INFO     物理断电静置 10.0s (等待BMS状态机完全复位)
[2026-04-17 12:58:14] INFO     【结论】 [PASS] 成功关键字: voice_msgnum:9
[2026-04-17 12:58:14] INFO     统计 -> 成功: 152 | 失败: 93 | 异常: 0 | 成功率: 62.0%
[2026-04-17 12:58:14] INFO     
-------------------- 第 246 轮 | 最大监听: 10.0s --------------------
[2026-04-17 12:58:14] INFO     继电器 ON (开始充电)
[2026-04-17 12:58:14] INFO     继电器执行 -> ON
[2026-04-17 12:58:16] INFO     捕获目标指令: voice_msgnum:9
[2026-04-17 12:58:16] INFO     状态维稳，保持闭合 3.0s
[2026-04-17 12:58:19] INFO     继电器 OFF (切断充电)
[2026-04-17 12:58:19] INFO     继电器执行 -> OFF
[2026-04-17 12:58:19] INFO     物理断电静置 10.0s (等待BMS状态机完全复位)
[2026-04-17 12:58:29] INFO     【结论】 [PASS] 成功关键字: voice_msgnum:9
[2026-04-17 12:58:29] INFO     统计 -> 成功: 153 | 失败: 93 | 异常: 0 | 成功率: 62.2%
[2026-04-17 12:58:29] INFO     
-------------------- 第 247 轮 | 最大监听: 10.0s --------------------
[2026-04-17 12:58:29] INFO     继电器 ON (开始充电)
[2026-04-17 12:58:29] INFO     继电器执行 -> ON
[2026-04-17 12:58:31] INFO     捕获目标指令: voice_msgnum:9
[2026-04-17 12:58:31] INFO     状态维稳，保持闭合 3.0s
[2026-04-17 12:58:34] INFO     继电器 OFF (切断充电)
[2026-04-17 12:58:34] INFO     继电器执行 -> OFF
[2026-04-17 12:58:34] INFO     物理断电静置 10.0s (等待BMS状态机完全复位)
[2026-04-17 12:58:44] INFO     【结论】 [PASS] 成功关键字: voice_msgnum:9
[2026-04-17 12:58:44] INFO     统计 -> 成功: 154 | 失败: 93 | 异常: 0 | 成功率: 62.3%
[2026-04-17 12:58:44] INFO     
-------------------- 第 248 轮 | 最大监听: 10.0s --------------------
[2026-04-17 12:58:44] INFO     继电器 ON (开始充电)
[2026-04-17 12:58:44] INFO     继电器执行 -> ON
[2026-04-17 12:58:45] INFO     捕获目标指令: voice_msgnum:9
[2026-04-17 12:58:45] INFO     状态维稳，保持闭合 3.0s
[2026-04-17 12:58:48] INFO     继电器 OFF (切断充电)
[2026-04-17 12:58:48] INFO     继电器执行 -> OFF
[2026-04-17 12:58:48] INFO     物理断电静置 10.0s (等待BMS状态机完全复位)
[2026-04-17 12:58:58] INFO     【结论】 [PASS] 成功关键字: voice_msgnum:9
[2026-04-17 12:58:58] INFO     统计 -> 成功: 155 | 失败: 93 | 异常: 0 | 成功率: 62.5%
[2026-04-17 12:58:58] INFO     
-------------------- 第 249 轮 | 最大监听: 10.0s --------------------
[2026-04-17 12:58:58] INFO     继电器 ON (开始充电)
[2026-04-17 12:58:58] INFO     继电器执行 -> ON
[2026-04-17 12:59:00] INFO     捕获目标指令: voice_msgnum:9
[2026-04-17 12:59:00] INFO     状态维稳，保持闭合 3.0s
[2026-04-17 12:59:03] INFO     继电器 OFF (切断充电)
[2026-04-17 12:59:03] INFO     继电器执行 -> OFF
[2026-04-17 12:59:03] INFO     物理断电静置 10.0s (等待BMS状态机完全复位)
[2026-04-17 12:59:13] INFO     【结论】 [PASS] 成功关键字: voice_msgnum:9
[2026-04-17 12:59:13] INFO     统计 -> 成功: 156 | 失败: 93 | 异常: 0 | 成功率: 62.7%
[2026-04-17 12:59:13] INFO     
-------------------- 第 250 轮 | 最大监听: 10.0s --------------------
[2026-04-17 12:59:13] INFO     继电器 ON (开始充电)
[2026-04-17 12:59:13] INFO     继电器执行 -> ON
[2026-04-17 12:59:15] INFO     捕获目标指令: voice_msgnum:9
[2026-04-17 12:59:15] INFO     状态维稳，保持闭合 3.0s
[2026-04-17 12:59:18] INFO     继电器 OFF (切断充电)
[2026-04-17 12:59:18] INFO     继电器执行 -> OFF
[2026-04-17 12:59:18] INFO     物理断电静置 10.0s (等待BMS状态机完全复位)
[2026-04-17 12:59:28] INFO     【结论】 [PASS] 成功关键字: voice_msgnum:9
[2026-04-17 12:59:28] INFO     统计 -> 成功: 157 | 失败: 93 | 异常: 0 | 成功率: 62.8%
[2026-04-17 12:59:28] INFO     
-------------------- 第 251 轮 | 最大监听: 10.0s --------------------
[2026-04-17 12:59:28] INFO     继电器 ON (开始充电)
[2026-04-17 12:59:28] INFO     继电器执行 -> ON
[2026-04-17 12:59:30] INFO     捕获目标指令: voice_msgnum:9
[2026-04-17 12:59:30] INFO     状态维稳，保持闭合 3.0s
[2026-04-17 12:59:33] INFO     继电器 OFF (切断充电)
[2026-04-17 12:59:33] INFO     继电器执行 -> OFF
[2026-04-17 12:59:33] INFO     物理断电静置 10.0s (等待BMS状态机完全复位)
[2026-04-17 12:59:43] INFO     【结论】 [PASS] 成功关键字: voice_msgnum:9
[2026-04-17 12:59:43] INFO     统计 -> 成功: 158 | 失败: 93 | 异常: 0 | 成功率: 62.9%
[2026-04-17 12:59:43] INFO     
-------------------- 第 252 轮 | 最大监听: 10.0s --------------------
[2026-04-17 12:59:43] INFO     继电器 ON (开始充电)
[2026-04-17 12:59:43] INFO     继电器执行 -> ON
[2026-04-17 12:59:44] INFO     捕获目标指令: voice_msgnum:9
[2026-04-17 12:59:44] INFO     状态维稳，保持闭合 3.0s
[2026-04-17 12:59:47] INFO     继电器 OFF (切断充电)
[2026-04-17 12:59:48] INFO     继电器执行 -> OFF
[2026-04-17 12:59:48] INFO     物理断电静置 10.0s (等待BMS状态机完全复位)
[2026-04-17 12:59:58] INFO     【结论】 [PASS] 成功关键字: voice_msgnum:9
[2026-04-17 12:59:58] INFO     统计 -> 成功: 159 | 失败: 93 | 异常: 0 | 成功率: 63.1%
[2026-04-17 12:59:58] INFO     
-------------------- 第 253 轮 | 最大监听: 10.0s --------------------
[2026-04-17 12:59:58] INFO     继电器 ON (开始充电)
[2026-04-17 12:59:58] INFO     继电器执行 -> ON
[2026-04-17 12:59:59] INFO     捕获目标指令: voice_msgnum:9
[2026-04-17 12:59:59] INFO     状态维稳，保持闭合 3.0s
[2026-04-17 13:00:02] INFO     继电器 OFF (切断充电)
[2026-04-17 13:00:02] INFO     继电器执行 -> OFF
[2026-04-17 13:00:02] INFO     物理断电静置 10.0s (等待BMS状态机完全复位)
[2026-04-17 13:00:12] INFO     【结论】 [PASS] 成功关键字: voice_msgnum:9
[2026-04-17 13:00:12] INFO     统计 -> 成功: 160 | 失败: 93 | 异常: 0 | 成功率: 63.2%
[2026-04-17 13:00:12] INFO     
-------------------- 第 254 轮 | 最大监听: 10.0s --------------------
[2026-04-17 13:00:12] INFO     继电器 ON (开始充电)
[2026-04-17 13:00:12] INFO     继电器执行 -> ON
[2026-04-17 13:00:14] INFO     捕获目标指令: voice_msgnum:9
[2026-04-17 13:00:14] INFO     状态维稳，保持闭合 3.0s
[2026-04-17 13:00:17] INFO     继电器 OFF (切断充电)
[2026-04-17 13:00:17] INFO     继电器执行 -> OFF
[2026-04-17 13:00:17] INFO     物理断电静置 10.0s (等待BMS状态机完全复位)
[2026-04-17 13:00:27] INFO     【结论】 [PASS] 成功关键字: voice_msgnum:9
[2026-04-17 13:00:27] INFO     统计 -> 成功: 161 | 失败: 93 | 异常: 0 | 成功率: 63.4%
[2026-04-17 13:00:27] INFO     
-------------------- 第 255 轮 | 最大监听: 10.0s --------------------
[2026-04-17 13:00:27] INFO     继电器 ON (开始充电)
[2026-04-17 13:00:27] INFO     继电器执行 -> ON
[2026-04-17 13:00:29] INFO     捕获目标指令: voice_msgnum:9
[2026-04-17 13:00:29] INFO     状态维稳，保持闭合 3.0s
[2026-04-17 13:00:32] INFO     继电器 OFF (切断充电)
[2026-04-17 13:00:32] INFO     继电器执行 -> OFF
[2026-04-17 13:00:32] INFO     物理断电静置 10.0s (等待BMS状态机完全复位)
[2026-04-17 13:00:42] INFO     【结论】 [PASS] 成功关键字: voice_msgnum:9
[2026-04-17 13:00:42] INFO     统计 -> 成功: 162 | 失败: 93 | 异常: 0 | 成功率: 63.5%
[2026-04-17 13:00:42] INFO     
-------------------- 第 256 轮 | 最大监听: 10.0s --------------------
[2026-04-17 13:00:42] INFO     继电器 ON (开始充电)
[2026-04-17 13:00:42] INFO     继电器执行 -> ON
[2026-04-17 13:00:44] INFO     捕获目标指令: voice_msgnum:9
[2026-04-17 13:00:44] INFO     状态维稳，保持闭合 3.0s
[2026-04-17 13:00:47] INFO     继电器 OFF (切断充电)
[2026-04-17 13:00:47] INFO     继电器执行 -> OFF
[2026-04-17 13:00:47] INFO     物理断电静置 10.0s (等待BMS状态机完全复位)
[2026-04-17 13:00:57] INFO     【结论】 [PASS] 成功关键字: voice_msgnum:9
[2026-04-17 13:00:57] INFO     统计 -> 成功: 163 | 失败: 93 | 异常: 0 | 成功率: 63.7%
[2026-04-17 13:00:57] INFO     
-------------------- 第 257 轮 | 最大监听: 10.0s --------------------
[2026-04-17 13:00:57] INFO     继电器 ON (开始充电)
[2026-04-17 13:00:57] INFO     继电器执行 -> ON
[2026-04-17 13:00:58] INFO     捕获目标指令: voice_msgnum:9
[2026-04-17 13:00:58] INFO     状态维稳，保持闭合 3.0s
[2026-04-17 13:01:01] INFO     继电器 OFF (切断充电)
[2026-04-17 13:01:01] INFO     继电器执行 -> OFF
[2026-04-17 13:01:01] INFO     物理断电静置 10.0s (等待BMS状态机完全复位)
[2026-04-17 13:01:11] INFO     【结论】 [PASS] 成功关键字: voice_msgnum:9
[2026-04-17 13:01:11] INFO     统计 -> 成功: 164 | 失败: 93 | 异常: 0 | 成功率: 63.8%
[2026-04-17 13:01:11] INFO     
-------------------- 第 258 轮 | 最大监听: 10.0s --------------------
[2026-04-17 13:01:11] INFO     继电器 ON (开始充电)
[2026-04-17 13:01:11] INFO     继电器执行 -> ON
[2026-04-17 13:01:13] INFO     捕获目标指令: voice_msgnum:9
[2026-04-17 13:01:13] INFO     状态维稳，保持闭合 3.0s
[2026-04-17 13:01:16] INFO     继电器 OFF (切断充电)
[2026-04-17 13:01:16] INFO     继电器执行 -> OFF
[2026-04-17 13:01:16] INFO     物理断电静置 10.0s (等待BMS状态机完全复位)
[2026-04-17 13:01:26] INFO     【结论】 [PASS] 成功关键字: voice_msgnum:9
[2026-04-17 13:01:26] INFO     统计 -> 成功: 165 | 失败: 93 | 异常: 0 | 成功率: 64.0%
[2026-04-17 13:01:26] INFO     
-------------------- 第 259 轮 | 最大监听: 10.0s --------------------
[2026-04-17 13:01:26] INFO     继电器 ON (开始充电)
[2026-04-17 13:01:26] INFO     继电器执行 -> ON
[2026-04-17 13:01:28] INFO     捕获目标指令: voice_msgnum:9
[2026-04-17 13:01:28] INFO     状态维稳，保持闭合 3.0s
[2026-04-17 13:01:31] INFO     继电器 OFF (切断充电)
[2026-04-17 13:01:31] INFO     继电器执行 -> OFF
[2026-04-17 13:01:31] INFO     物理断电静置 10.0s (等待BMS状态机完全复位)
[2026-04-17 13:01:41] INFO     【结论】 [PASS] 成功关键字: voice_msgnum:9
[2026-04-17 13:01:41] INFO     统计 -> 成功: 166 | 失败: 93 | 异常: 0 | 成功率: 64.1%
[2026-04-17 13:01:41] INFO     
-------------------- 第 260 轮 | 最大监听: 10.0s --------------------
[2026-04-17 13:01:41] INFO     继电器 ON (开始充电)
[2026-04-17 13:01:41] INFO     继电器执行 -> ON
[2026-04-17 13:01:43] INFO     捕获目标指令: voice_msgnum:9
[2026-04-17 13:01:43] INFO     状态维稳，保持闭合 3.0s
[2026-04-17 13:01:46] INFO     继电器 OFF (切断充电)
[2026-04-17 13:01:46] INFO     继电器执行 -> OFF
[2026-04-17 13:01:46] INFO     物理断电静置 10.0s (等待BMS状态机完全复位)
[2026-04-17 13:01:56] INFO     【结论】 [PASS] 成功关键字: voice_msgnum:9
[2026-04-17 13:01:56] INFO     统计 -> 成功: 167 | 失败: 93 | 异常: 0 | 成功率: 64.2%
[2026-04-17 13:01:56] INFO     
-------------------- 第 261 轮 | 最大监听: 10.0s --------------------
[2026-04-17 13:01:56] INFO     继电器 ON (开始充电)
[2026-04-17 13:01:56] INFO     继电器执行 -> ON
[2026-04-17 13:01:58] INFO     捕获目标指令: voice_msgnum:9
[2026-04-17 13:01:58] INFO     状态维稳，保持闭合 3.0s
[2026-04-17 13:02:01] INFO     继电器 OFF (切断充电)
[2026-04-17 13:02:01] INFO     继电器执行 -> OFF
[2026-04-17 13:02:01] INFO     物理断电静置 10.0s (等待BMS状态机完全复位)
[2026-04-17 13:02:11] INFO     【结论】 [PASS] 成功关键字: voice_msgnum:9
[2026-04-17 13:02:11] INFO     统计 -> 成功: 168 | 失败: 93 | 异常: 0 | 成功率: 64.4%
[2026-04-17 13:02:11] INFO     
-------------------- 第 262 轮 | 最大监听: 10.0s --------------------
[2026-04-17 13:02:11] INFO     继电器 ON (开始充电)
[2026-04-17 13:02:11] INFO     继电器执行 -> ON
[2026-04-17 13:02:12] INFO     捕获目标指令: voice_msgnum:9
[2026-04-17 13:02:12] INFO     状态维稳，保持闭合 3.0s
[2026-04-17 13:02:15] INFO     继电器 OFF (切断充电)
[2026-04-17 13:02:15] INFO     继电器执行 -> OFF
[2026-04-17 13:02:15] INFO     物理断电静置 10.0s (等待BMS状态机完全复位)
[2026-04-17 13:02:25] INFO     【结论】 [PASS] 成功关键字: voice_msgnum:9
[2026-04-17 13:02:25] INFO     统计 -> 成功: 169 | 失败: 93 | 异常: 0 | 成功率: 64.5%
[2026-04-17 13:02:25] INFO     
-------------------- 第 263 轮 | 最大监听: 10.0s --------------------
[2026-04-17 13:02:25] INFO     继电器 ON (开始充电)
[2026-04-17 13:02:25] INFO     继电器执行 -> ON
[2026-04-17 13:02:27] INFO     捕获目标指令: voice_msgnum:9
[2026-04-17 13:02:27] INFO     状态维稳，保持闭合 3.0s
[2026-04-17 13:02:30] INFO     继电器 OFF (切断充电)
[2026-04-17 13:02:30] INFO     继电器执行 -> OFF
[2026-04-17 13:02:30] INFO     物理断电静置 10.0s (等待BMS状态机完全复位)
[2026-04-17 13:02:40] INFO     【结论】 [PASS] 成功关键字: voice_msgnum:9
[2026-04-17 13:02:40] INFO     统计 -> 成功: 170 | 失败: 93 | 异常: 0 | 成功率: 64.6%
[2026-04-17 13:02:40] INFO     
-------------------- 第 264 轮 | 最大监听: 10.0s --------------------
[2026-04-17 13:02:40] INFO     继电器 ON (开始充电)
[2026-04-17 13:02:40] INFO     继电器执行 -> ON
[2026-04-17 13:02:42] INFO     捕获目标指令: voice_msgnum:9
[2026-04-17 13:02:42] INFO     状态维稳，保持闭合 3.0s
[2026-04-17 13:02:45] INFO     继电器 OFF (切断充电)
[2026-04-17 13:02:45] INFO     继电器执行 -> OFF
[2026-04-17 13:02:45] INFO     物理断电静置 10.0s (等待BMS状态机完全复位)
[2026-04-17 13:02:55] INFO     【结论】 [PASS] 成功关键字: voice_msgnum:9
[2026-04-17 13:02:55] INFO     统计 -> 成功: 171 | 失败: 93 | 异常: 0 | 成功率: 64.8%
[2026-04-17 13:02:55] INFO     
-------------------- 第 265 轮 | 最大监听: 10.0s --------------------
[2026-04-17 13:02:55] INFO     继电器 ON (开始充电)
[2026-04-17 13:02:55] INFO     继电器执行 -> ON
[2026-04-17 13:02:57] INFO     捕获目标指令: voice_msgnum:9
[2026-04-17 13:02:57] INFO     状态维稳，保持闭合 3.0s
[2026-04-17 13:03:00] INFO     继电器 OFF (切断充电)
[2026-04-17 13:03:00] INFO     继电器执行 -> OFF
[2026-04-17 13:03:00] INFO     物理断电静置 10.0s (等待BMS状态机完全复位)
[2026-04-17 13:03:10] INFO     【结论】 [PASS] 成功关键字: voice_msgnum:9
[2026-04-17 13:03:10] INFO     统计 -> 成功: 172 | 失败: 93 | 异常: 0 | 成功率: 64.9%
[2026-04-17 13:03:10] INFO     
-------------------- 第 266 轮 | 最大监听: 10.0s --------------------
[2026-04-17 13:03:10] INFO     继电器 ON (开始充电)
[2026-04-17 13:03:10] INFO     继电器执行 -> ON
[2026-04-17 13:03:12] INFO     捕获目标指令: voice_msgnum:9
[2026-04-17 13:03:12] INFO     状态维稳，保持闭合 3.0s
[2026-04-17 13:03:15] INFO     继电器 OFF (切断充电)
[2026-04-17 13:03:15] INFO     继电器执行 -> OFF
[2026-04-17 13:03:15] INFO     物理断电静置 10.0s (等待BMS状态机完全复位)
[2026-04-17 13:03:25] INFO     【结论】 [PASS] 成功关键字: voice_msgnum:9
[2026-04-17 13:03:25] INFO     统计 -> 成功: 173 | 失败: 93 | 异常: 0 | 成功率: 65.0%
[2026-04-17 13:03:25] INFO     
-------------------- 第 267 轮 | 最大监听: 10.0s --------------------
[2026-04-17 13:03:25] INFO     继电器 ON (开始充电)
[2026-04-17 13:03:25] INFO     继电器执行 -> ON
[2026-04-17 13:03:26] INFO     捕获目标指令: voice_msgnum:9
[2026-04-17 13:03:26] INFO     状态维稳，保持闭合 3.0s
[2026-04-17 13:03:29] INFO     继电器 OFF (切断充电)
[2026-04-17 13:03:29] INFO     继电器执行 -> OFF
[2026-04-17 13:03:29] INFO     物理断电静置 10.0s (等待BMS状态机完全复位)
[2026-04-17 13:03:39] INFO     【结论】 [PASS] 成功关键字: voice_msgnum:9
[2026-04-17 13:03:39] INFO     统计 -> 成功: 174 | 失败: 93 | 异常: 0 | 成功率: 65.2%
[2026-04-17 13:03:39] INFO     
-------------------- 第 268 轮 | 最大监听: 10.0s --------------------
[2026-04-17 13:03:39] INFO     继电器 ON (开始充电)
[2026-04-17 13:03:39] INFO     继电器执行 -> ON
[2026-04-17 13:03:41] INFO     捕获目标指令: voice_msgnum:9
[2026-04-17 13:03:41] INFO     状态维稳，保持闭合 3.0s
[2026-04-17 13:03:44] INFO     继电器 OFF (切断充电)
[2026-04-17 13:03:44] INFO     继电器执行 -> OFF
[2026-04-17 13:03:44] INFO     物理断电静置 10.0s (等待BMS状态机完全复位)
[2026-04-17 13:03:54] INFO     【结论】 [PASS] 成功关键字: voice_msgnum:9
[2026-04-17 13:03:54] INFO     统计 -> 成功: 175 | 失败: 93 | 异常: 0 | 成功率: 65.3%
[2026-04-17 13:03:54] INFO     
-------------------- 第 269 轮 | 最大监听: 10.0s --------------------
[2026-04-17 13:03:54] INFO     继电器 ON (开始充电)
[2026-04-17 13:03:54] INFO     继电器执行 -> ON
[2026-04-17 13:03:56] INFO     捕获目标指令: voice_msgnum:9
[2026-04-17 13:03:56] INFO     状态维稳，保持闭合 3.0s
[2026-04-17 13:03:59] INFO     继电器 OFF (切断充电)
[2026-04-17 13:03:59] INFO     继电器执行 -> OFF
[2026-04-17 13:03:59] INFO     物理断电静置 10.0s (等待BMS状态机完全复位)
[2026-04-17 13:04:09] INFO     【结论】 [PASS] 成功关键字: voice_msgnum:9
[2026-04-17 13:04:09] INFO     统计 -> 成功: 176 | 失败: 93 | 异常: 0 | 成功率: 65.4%
[2026-04-17 13:04:09] INFO     
-------------------- 第 270 轮 | 最大监听: 10.0s --------------------
[2026-04-17 13:04:09] INFO     继电器 ON (开始充电)
[2026-04-17 13:04:09] INFO     继电器执行 -> ON
[2026-04-17 13:04:11] INFO     捕获目标指令: voice_msgnum:9
[2026-04-17 13:04:11] INFO     状态维稳，保持闭合 3.0s
[2026-04-17 13:04:14] INFO     继电器 OFF (切断充电)
[2026-04-17 13:04:14] INFO     继电器执行 -> OFF
[2026-04-17 13:04:14] INFO     物理断电静置 10.0s (等待BMS状态机完全复位)
[2026-04-17 13:04:24] INFO     【结论】 [PASS] 成功关键字: voice_msgnum:9
[2026-04-17 13:04:24] INFO     统计 -> 成功: 177 | 失败: 93 | 异常: 0 | 成功率: 65.6%
[2026-04-17 13:04:24] INFO     
-------------------- 第 271 轮 | 最大监听: 10.0s --------------------
[2026-04-17 13:04:24] INFO     继电器 ON (开始充电)
[2026-04-17 13:04:24] INFO     继电器执行 -> ON
[2026-04-17 13:04:25] INFO     捕获目标指令: voice_msgnum:9
[2026-04-17 13:04:25] INFO     状态维稳，保持闭合 3.0s
[2026-04-17 13:04:28] INFO     继电器 OFF (切断充电)
[2026-04-17 13:04:28] INFO     继电器执行 -> OFF
[2026-04-17 13:04:28] INFO     物理断电静置 10.0s (等待BMS状态机完全复位)
[2026-04-17 13:04:38] INFO     【结论】 [PASS] 成功关键字: voice_msgnum:9
[2026-04-17 13:04:38] INFO     统计 -> 成功: 178 | 失败: 93 | 异常: 0 | 成功率: 65.7%
[2026-04-17 13:04:38] INFO     
-------------------- 第 272 轮 | 最大监听: 10.0s --------------------
[2026-04-17 13:04:38] INFO     继电器 ON (开始充电)
[2026-04-17 13:04:39] INFO     继电器执行 -> ON
[2026-04-17 13:04:40] INFO     捕获目标指令: voice_msgnum:9
[2026-04-17 13:04:40] INFO     状态维稳，保持闭合 3.0s
[2026-04-17 13:04:43] INFO     继电器 OFF (切断充电)
[2026-04-17 13:04:43] INFO     继电器执行 -> OFF
[2026-04-17 13:04:43] INFO     物理断电静置 10.0s (等待BMS状态机完全复位)
[2026-04-17 13:04:53] INFO     【结论】 [PASS] 成功关键字: voice_msgnum:9
[2026-04-17 13:04:53] INFO     统计 -> 成功: 179 | 失败: 93 | 异常: 0 | 成功率: 65.8%
[2026-04-17 13:04:53] INFO     
-------------------- 第 273 轮 | 最大监听: 10.0s --------------------
[2026-04-17 13:04:53] INFO     继电器 ON (开始充电)
[2026-04-17 13:04:53] INFO     继电器执行 -> ON
[2026-04-17 13:04:55] INFO     捕获目标指令: voice_msgnum:9
[2026-04-17 13:04:55] INFO     状态维稳，保持闭合 3.0s
[2026-04-17 13:04:58] INFO     继电器 OFF (切断充电)
[2026-04-17 13:04:58] INFO     继电器执行 -> OFF
[2026-04-17 13:04:58] INFO     物理断电静置 10.0s (等待BMS状态机完全复位)
[2026-04-17 13:05:08] INFO     【结论】 [PASS] 成功关键字: voice_msgnum:9
[2026-04-17 13:05:08] INFO     统计 -> 成功: 180 | 失败: 93 | 异常: 0 | 成功率: 65.9%
[2026-04-17 13:05:08] INFO     
-------------------- 第 274 轮 | 最大监听: 10.0s --------------------
[2026-04-17 13:05:08] INFO     继电器 ON (开始充电)
[2026-04-17 13:05:08] INFO     继电器执行 -> ON
[2026-04-17 13:05:10] INFO     捕获目标指令: voice_msgnum:9
[2026-04-17 13:05:10] INFO     状态维稳，保持闭合 3.0s
[2026-04-17 13:05:13] INFO     继电器 OFF (切断充电)
[2026-04-17 13:05:13] INFO     继电器执行 -> OFF
[2026-04-17 13:05:13] INFO     物理断电静置 10.0s (等待BMS状态机完全复位)
[2026-04-17 13:05:23] INFO     【结论】 [PASS] 成功关键字: voice_msgnum:9
[2026-04-17 13:05:23] INFO     统计 -> 成功: 181 | 失败: 93 | 异常: 0 | 成功率: 66.1%
[2026-04-17 13:05:23] INFO     
-------------------- 第 275 轮 | 最大监听: 10.0s --------------------
[2026-04-17 13:05:23] INFO     继电器 ON (开始充电)
[2026-04-17 13:05:23] INFO     继电器执行 -> ON
[2026-04-17 13:05:25] INFO     捕获目标指令: voice_msgnum:9
[2026-04-17 13:05:25] INFO     状态维稳，保持闭合 3.0s
[2026-04-17 13:05:28] INFO     继电器 OFF (切断充电)
[2026-04-17 13:05:28] INFO     继电器执行 -> OFF
[2026-04-17 13:05:28] INFO     物理断电静置 10.0s (等待BMS状态机完全复位)
[2026-04-17 13:05:38] INFO     【结论】 [PASS] 成功关键字: voice_msgnum:9
[2026-04-17 13:05:38] INFO     统计 -> 成功: 182 | 失败: 93 | 异常: 0 | 成功率: 66.2%
[2026-04-17 13:05:38] INFO     
-------------------- 第 276 轮 | 最大监听: 10.0s --------------------
[2026-04-17 13:05:38] INFO     继电器 ON (开始充电)
[2026-04-17 13:05:38] INFO     继电器执行 -> ON
[2026-04-17 13:05:39] INFO     捕获目标指令: voice_msgnum:9
[2026-04-17 13:05:39] INFO     状态维稳，保持闭合 3.0s
[2026-04-17 13:05:42] INFO     继电器 OFF (切断充电)
[2026-04-17 13:05:42] INFO     继电器执行 -> OFF
[2026-04-17 13:05:42] INFO     物理断电静置 10.0s (等待BMS状态机完全复位)
[2026-04-17 13:05:52] INFO     【结论】 [PASS] 成功关键字: voice_msgnum:9
[2026-04-17 13:05:52] INFO     统计 -> 成功: 183 | 失败: 93 | 异常: 0 | 成功率: 66.3%
[2026-04-17 13:05:52] INFO     
-------------------- 第 277 轮 | 最大监听: 10.0s --------------------
[2026-04-17 13:05:52] INFO     继电器 ON (开始充电)
[2026-04-17 13:05:52] INFO     继电器执行 -> ON
[2026-04-17 13:05:54] INFO     捕获目标指令: voice_msgnum:9
[2026-04-17 13:05:54] INFO     状态维稳，保持闭合 3.0s
[2026-04-17 13:05:57] INFO     继电器 OFF (切断充电)
[2026-04-17 13:05:57] INFO     继电器执行 -> OFF
[2026-04-17 13:05:57] INFO     物理断电静置 10.0s (等待BMS状态机完全复位)
[2026-04-17 13:06:07] INFO     【结论】 [PASS] 成功关键字: voice_msgnum:9
[2026-04-17 13:06:07] INFO     统计 -> 成功: 184 | 失败: 93 | 异常: 0 | 成功率: 66.4%
[2026-04-17 13:06:07] INFO     
-------------------- 第 278 轮 | 最大监听: 10.0s --------------------
[2026-04-17 13:06:07] INFO     继电器 ON (开始充电)
[2026-04-17 13:06:07] INFO     继电器执行 -> ON
[2026-04-17 13:06:09] INFO     捕获目标指令: voice_msgnum:9
[2026-04-17 13:06:09] INFO     状态维稳，保持闭合 3.0s
[2026-04-17 13:06:12] INFO     继电器 OFF (切断充电)
[2026-04-17 13:06:12] INFO     继电器执行 -> OFF
[2026-04-17 13:06:12] INFO     物理断电静置 10.0s (等待BMS状态机完全复位)
[2026-04-17 13:06:22] INFO     【结论】 [PASS] 成功关键字: voice_msgnum:9
[2026-04-17 13:06:22] INFO     统计 -> 成功: 185 | 失败: 93 | 异常: 0 | 成功率: 66.5%
[2026-04-17 13:06:22] INFO     
-------------------- 第 279 轮 | 最大监听: 10.0s --------------------
[2026-04-17 13:06:22] INFO     继电器 ON (开始充电)
[2026-04-17 13:06:22] INFO     继电器执行 -> ON
[2026-04-17 13:06:24] INFO     捕获目标指令: voice_msgnum:9
[2026-04-17 13:06:24] INFO     状态维稳，保持闭合 3.0s
[2026-04-17 13:06:27] INFO     继电器 OFF (切断充电)
[2026-04-17 13:06:27] INFO     继电器执行 -> OFF
[2026-04-17 13:06:27] INFO     物理断电静置 10.0s (等待BMS状态机完全复位)
[2026-04-17 13:06:37] INFO     【结论】 [PASS] 成功关键字: voice_msgnum:9
[2026-04-17 13:06:37] INFO     统计 -> 成功: 186 | 失败: 93 | 异常: 0 | 成功率: 66.7%
[2026-04-17 13:06:37] INFO     
-------------------- 第 280 轮 | 最大监听: 10.0s --------------------
[2026-04-17 13:06:37] INFO     继电器 ON (开始充电)
[2026-04-17 13:06:37] INFO     继电器执行 -> ON
[2026-04-17 13:06:38] INFO     捕获目标指令: voice_msgnum:9
[2026-04-17 13:06:38] INFO     状态维稳，保持闭合 3.0s
[2026-04-17 13:06:41] INFO     继电器 OFF (切断充电)
[2026-04-17 13:06:41] INFO     继电器执行 -> OFF
[2026-04-17 13:06:41] INFO     物理断电静置 10.0s (等待BMS状态机完全复位)
[2026-04-17 13:06:51] INFO     【结论】 [PASS] 成功关键字: voice_msgnum:9
[2026-04-17 13:06:51] INFO     统计 -> 成功: 187 | 失败: 93 | 异常: 0 | 成功率: 66.8%
[2026-04-17 13:06:51] INFO     
-------------------- 第 281 轮 | 最大监听: 10.0s --------------------
[2026-04-17 13:06:51] INFO     继电器 ON (开始充电)
[2026-04-17 13:06:52] INFO     继电器执行 -> ON
[2026-04-17 13:06:53] INFO     捕获目标指令: voice_msgnum:9
[2026-04-17 13:06:53] INFO     状态维稳，保持闭合 3.0s
[2026-04-17 13:06:56] INFO     继电器 OFF (切断充电)
[2026-04-17 13:06:56] INFO     继电器执行 -> OFF
[2026-04-17 13:06:56] INFO     物理断电静置 10.0s (等待BMS状态机完全复位)
[2026-04-17 13:07:06] INFO     【结论】 [PASS] 成功关键字: voice_msgnum:9
[2026-04-17 13:07:06] INFO     统计 -> 成功: 188 | 失败: 93 | 异常: 0 | 成功率: 66.9%
[2026-04-17 13:07:06] INFO     
-------------------- 第 282 轮 | 最大监听: 10.0s --------------------
[2026-04-17 13:07:06] INFO     继电器 ON (开始充电)
[2026-04-17 13:07:06] INFO     继电器执行 -> ON
[2026-04-17 13:07:16] INFO     继电器 OFF (切断充电)
[2026-04-17 13:07:16] INFO     继电器执行 -> OFF
[2026-04-17 13:07:16] INFO     物理断电静置 10.0s (等待BMS状态机完全复位)
[2026-04-17 13:07:26] WARNING  【结论】 [FAIL] 超时未检测到成功关键字
[2026-04-17 13:07:26] INFO     统计 -> 成功: 188 | 失败: 94 | 异常: 0 | 成功率: 66.7%
[2026-04-17 13:07:26] INFO     
-------------------- 第 283 轮 | 最大监听: 10.0s --------------------
[2026-04-17 13:07:26] INFO     继电器 ON (开始充电)
[2026-04-17 13:07:26] INFO     继电器执行 -> ON
[2026-04-17 13:07:36] INFO     继电器 OFF (切断充电)
[2026-04-17 13:07:36] INFO     继电器执行 -> OFF
[2026-04-17 13:07:36] INFO     物理断电静置 10.0s (等待BMS状态机完全复位)
[2026-04-17 13:07:46] WARNING  【结论】 [FAIL] 超时未检测到成功关键字
[2026-04-17 13:07:46] INFO     统计 -> 成功: 188 | 失败: 95 | 异常: 0 | 成功率: 66.4%
[2026-04-17 13:07:46] INFO     
-------------------- 第 284 轮 | 最大监听: 10.0s --------------------
[2026-04-17 13:07:46] INFO     继电器 ON (开始充电)
[2026-04-17 13:07:47] INFO     继电器执行 -> ON
[2026-04-17 13:07:57] INFO     继电器 OFF (切断充电)
[2026-04-17 13:07:57] INFO     继电器执行 -> OFF
[2026-04-17 13:07:57] INFO     物理断电静置 10.0s (等待BMS状态机完全复位)
[2026-04-17 13:08:07] WARNING  【结论】 [FAIL] 超时未检测到成功关键字
[2026-04-17 13:08:07] INFO     统计 -> 成功: 188 | 失败: 96 | 异常: 0 | 成功率: 66.2%
[2026-04-17 13:08:07] INFO     
-------------------- 第 285 轮 | 最大监听: 10.0s --------------------
[2026-04-17 13:08:07] INFO     继电器 ON (开始充电)
[2026-04-17 13:08:07] INFO     继电器执行 -> ON
[2026-04-17 13:08:08] INFO     捕获目标指令: voice_msgnum:9
[2026-04-17 13:08:08] INFO     状态维稳，保持闭合 3.0s
[2026-04-17 13:08:11] INFO     继电器 OFF (切断充电)
[2026-04-17 13:08:11] INFO     继电器执行 -> OFF
[2026-04-17 13:08:11] INFO     物理断电静置 10.0s (等待BMS状态机完全复位)
[2026-04-17 13:08:21] INFO     【结论】 [PASS] 成功关键字: voice_msgnum:9
[2026-04-17 13:08:21] INFO     统计 -> 成功: 189 | 失败: 96 | 异常: 0 | 成功率: 66.3%
[2026-04-17 13:08:21] INFO     
-------------------- 第 286 轮 | 最大监听: 10.0s --------------------
[2026-04-17 13:08:21] INFO     继电器 ON (开始充电)
[2026-04-17 13:08:21] INFO     继电器执行 -> ON
[2026-04-17 13:08:23] INFO     捕获目标指令: voice_msgnum:9
[2026-04-17 13:08:23] INFO     状态维稳，保持闭合 3.0s
[2026-04-17 13:08:26] INFO     继电器 OFF (切断充电)
[2026-04-17 13:08:26] INFO     继电器执行 -> OFF
[2026-04-17 13:08:26] INFO     物理断电静置 10.0s (等待BMS状态机完全复位)
[2026-04-17 13:08:36] INFO     【结论】 [PASS] 成功关键字: voice_msgnum:9
[2026-04-17 13:08:36] INFO     统计 -> 成功: 190 | 失败: 96 | 异常: 0 | 成功率: 66.4%
[2026-04-17 13:08:36] INFO     
-------------------- 第 287 轮 | 最大监听: 10.0s --------------------
[2026-04-17 13:08:36] INFO     继电器 ON (开始充电)
[2026-04-17 13:08:36] INFO     继电器执行 -> ON
[2026-04-17 13:08:46] INFO     继电器 OFF (切断充电)
[2026-04-17 13:08:46] INFO     继电器执行 -> OFF
[2026-04-17 13:08:46] INFO     物理断电静置 10.0s (等待BMS状态机完全复位)
[2026-04-17 13:08:56] WARNING  【结论】 [FAIL] 超时未检测到成功关键字
[2026-04-17 13:08:56] INFO     统计 -> 成功: 190 | 失败: 97 | 异常: 0 | 成功率: 66.2%
[2026-04-17 13:08:56] INFO     
-------------------- 第 288 轮 | 最大监听: 10.0s --------------------
[2026-04-17 13:08:56] INFO     继电器 ON (开始充电)
[2026-04-17 13:08:56] INFO     继电器执行 -> ON
[2026-04-17 13:08:58] INFO     捕获目标指令: voice_msgnum:9
[2026-04-17 13:08:58] INFO     状态维稳，保持闭合 3.0s
[2026-04-17 13:09:01] INFO     继电器 OFF (切断充电)
[2026-04-17 13:09:01] INFO     继电器执行 -> OFF
[2026-04-17 13:09:01] INFO     物理断电静置 10.0s (等待BMS状态机完全复位)
[2026-04-17 13:09:11] INFO     【结论】 [PASS] 成功关键字: voice_msgnum:9
[2026-04-17 13:09:11] INFO     统计 -> 成功: 191 | 失败: 97 | 异常: 0 | 成功率: 66.3%
[2026-04-17 13:09:11] INFO     
-------------------- 第 289 轮 | 最大监听: 10.0s --------------------
[2026-04-17 13:09:11] INFO     继电器 ON (开始充电)
[2026-04-17 13:09:11] INFO     继电器执行 -> ON
[2026-04-17 13:09:13] INFO     捕获目标指令: voice_msgnum:9
[2026-04-17 13:09:13] INFO     状态维稳，保持闭合 3.0s
[2026-04-17 13:09:16] INFO     继电器 OFF (切断充电)
[2026-04-17 13:09:16] INFO     继电器执行 -> OFF
[2026-04-17 13:09:16] INFO     物理断电静置 10.0s (等待BMS状态机完全复位)
[2026-04-17 13:09:26] INFO     【结论】 [PASS] 成功关键字: voice_msgnum:9
[2026-04-17 13:09:26] INFO     统计 -> 成功: 192 | 失败: 97 | 异常: 0 | 成功率: 66.4%
[2026-04-17 13:09:26] INFO     
-------------------- 第 290 轮 | 最大监听: 10.0s --------------------
[2026-04-17 13:09:26] INFO     继电器 ON (开始充电)
[2026-04-17 13:09:26] INFO     继电器执行 -> ON
[2026-04-17 13:09:28] INFO     捕获目标指令: voice_msgnum:9
[2026-04-17 13:09:28] INFO     状态维稳，保持闭合 3.0s
[2026-04-17 13:09:31] INFO     继电器 OFF (切断充电)
[2026-04-17 13:09:31] INFO     继电器执行 -> OFF
[2026-04-17 13:09:31] INFO     物理断电静置 10.0s (等待BMS状态机完全复位)
[2026-04-17 13:09:41] INFO     【结论】 [PASS] 成功关键字: voice_msgnum:9
[2026-04-17 13:09:41] INFO     统计 -> 成功: 193 | 失败: 97 | 异常: 0 | 成功率: 66.6%
[2026-04-17 13:09:41] INFO     
-------------------- 第 291 轮 | 最大监听: 10.0s --------------------
[2026-04-17 13:09:41] INFO     继电器 ON (开始充电)
[2026-04-17 13:09:41] INFO     继电器执行 -> ON
[2026-04-17 13:09:42] INFO     捕获目标指令: voice_msgnum:9
[2026-04-17 13:09:42] INFO     状态维稳，保持闭合 3.0s
[2026-04-17 13:09:45] INFO     继电器 OFF (切断充电)
[2026-04-17 13:09:45] INFO     继电器执行 -> OFF
[2026-04-17 13:09:45] INFO     物理断电静置 10.0s (等待BMS状态机完全复位)
[2026-04-17 13:09:55] INFO     【结论】 [PASS] 成功关键字: voice_msgnum:9
[2026-04-17 13:09:55] INFO     统计 -> 成功: 194 | 失败: 97 | 异常: 0 | 成功率: 66.7%
[2026-04-17 13:09:55] INFO     
-------------------- 第 292 轮 | 最大监听: 10.0s --------------------
[2026-04-17 13:09:55] INFO     继电器 ON (开始充电)
[2026-04-17 13:09:55] INFO     继电器执行 -> ON
[2026-04-17 13:10:05] INFO     继电器 OFF (切断充电)
[2026-04-17 13:10:06] INFO     继电器执行 -> OFF
[2026-04-17 13:10:06] INFO     物理断电静置 10.0s (等待BMS状态机完全复位)
[2026-04-17 13:10:16] WARNING  【结论】 [FAIL] 超时未检测到成功关键字
[2026-04-17 13:10:16] INFO     统计 -> 成功: 194 | 失败: 98 | 异常: 0 | 成功率: 66.4%
[2026-04-17 13:10:16] INFO     
-------------------- 第 293 轮 | 最大监听: 10.0s --------------------
[2026-04-17 13:10:16] INFO     继电器 ON (开始充电)
[2026-04-17 13:10:16] INFO     继电器执行 -> ON
[2026-04-17 13:10:17] INFO     捕获目标指令: voice_msgnum:9
[2026-04-17 13:10:17] INFO     状态维稳，保持闭合 3.0s
[2026-04-17 13:10:20] INFO     继电器 OFF (切断充电)
[2026-04-17 13:10:20] INFO     继电器执行 -> OFF
[2026-04-17 13:10:20] INFO     物理断电静置 10.0s (等待BMS状态机完全复位)
[2026-04-17 13:10:30] INFO     【结论】 [PASS] 成功关键字: voice_msgnum:9
[2026-04-17 13:10:30] INFO     统计 -> 成功: 195 | 失败: 98 | 异常: 0 | 成功率: 66.6%
[2026-04-17 13:10:30] INFO     
-------------------- 第 294 轮 | 最大监听: 10.0s --------------------
[2026-04-17 13:10:30] INFO     继电器 ON (开始充电)
[2026-04-17 13:10:30] INFO     继电器执行 -> ON
[2026-04-17 13:10:38] INFO     捕获目标指令: voice_msgnum:9
[2026-04-17 13:10:38] INFO     状态维稳，保持闭合 3.0s
[2026-04-17 13:10:41] INFO     继电器 OFF (切断充电)
[2026-04-17 13:10:41] INFO     继电器执行 -> OFF
[2026-04-17 13:10:41] INFO     物理断电静置 10.0s (等待BMS状态机完全复位)
[2026-04-17 13:10:51] INFO     【结论】 [PASS] 成功关键字: voice_msgnum:9
[2026-04-17 13:10:51] INFO     统计 -> 成功: 196 | 失败: 98 | 异常: 0 | 成功率: 66.7%
[2026-04-17 13:10:51] INFO     
-------------------- 第 295 轮 | 最大监听: 10.0s --------------------
[2026-04-17 13:10:51] INFO     继电器 ON (开始充电)
[2026-04-17 13:10:51] INFO     继电器执行 -> ON
[2026-04-17 13:11:01] INFO     继电器 OFF (切断充电)
[2026-04-17 13:11:01] INFO     继电器执行 -> OFF
[2026-04-17 13:11:01] INFO     物理断电静置 10.0s (等待BMS状态机完全复位)
[2026-04-17 13:11:11] WARNING  【结论】 [FAIL] 超时未检测到成功关键字
[2026-04-17 13:11:11] INFO     统计 -> 成功: 196 | 失败: 99 | 异常: 0 | 成功率: 66.4%
[2026-04-17 13:11:11] INFO     
-------------------- 第 296 轮 | 最大监听: 10.0s --------------------
[2026-04-17 13:11:11] INFO     继电器 ON (开始充电)
[2026-04-17 13:11:11] INFO     继电器执行 -> ON
[2026-04-17 13:11:12] INFO     捕获目标指令: voice_msgnum:9
[2026-04-17 13:11:12] INFO     状态维稳，保持闭合 3.0s
[2026-04-17 13:11:15] INFO     继电器 OFF (切断充电)
[2026-04-17 13:11:16] INFO     继电器执行 -> OFF
[2026-04-17 13:11:16] INFO     物理断电静置 10.0s (等待BMS状态机完全复位)
[2026-04-17 13:11:26] INFO     【结论】 [PASS] 成功关键字: voice_msgnum:9
[2026-04-17 13:11:26] INFO     统计 -> 成功: 197 | 失败: 99 | 异常: 0 | 成功率: 66.6%
[2026-04-17 13:11:26] INFO     
-------------------- 第 297 轮 | 最大监听: 10.0s --------------------
[2026-04-17 13:11:26] INFO     继电器 ON (开始充电)
[2026-04-17 13:11:26] INFO     继电器执行 -> ON
[2026-04-17 13:11:36] INFO     继电器 OFF (切断充电)
[2026-04-17 13:11:36] INFO     继电器执行 -> OFF
[2026-04-17 13:11:36] INFO     物理断电静置 10.0s (等待BMS状态机完全复位)
[2026-04-17 13:11:46] WARNING  【结论】 [FAIL] 超时未检测到成功关键字
[2026-04-17 13:11:46] INFO     统计 -> 成功: 197 | 失败: 100 | 异常: 0 | 成功率: 66.3%
[2026-04-17 13:11:46] INFO     
-------------------- 第 298 轮 | 最大监听: 10.0s --------------------
[2026-04-17 13:11:46] INFO     继电器 ON (开始充电)
[2026-04-17 13:11:46] INFO     继电器执行 -> ON
[2026-04-17 13:11:56] INFO     继电器 OFF (切断充电)
[2026-04-17 13:11:56] INFO     继电器执行 -> OFF
[2026-04-17 13:11:56] INFO     物理断电静置 10.0s (等待BMS状态机完全复位)
[2026-04-17 13:12:06] WARNING  【结论】 [FAIL] 超时未检测到成功关键字
[2026-04-17 13:12:06] INFO     统计 -> 成功: 197 | 失败: 101 | 异常: 0 | 成功率: 66.1%
[2026-04-17 13:12:06] INFO     
-------------------- 第 299 轮 | 最大监听: 10.0s --------------------
[2026-04-17 13:12:06] INFO     继电器 ON (开始充电)
[2026-04-17 13:12:06] INFO     继电器执行 -> ON
[2026-04-17 13:12:16] INFO     继电器 OFF (切断充电)
[2026-04-17 13:12:16] INFO     继电器执行 -> OFF
[2026-04-17 13:12:16] INFO     物理断电静置 10.0s (等待BMS状态机完全复位)
[2026-04-17 13:12:26] WARNING  【结论】 [FAIL] 超时未检测到成功关键字
[2026-04-17 13:12:26] INFO     统计 -> 成功: 197 | 失败: 102 | 异常: 0 | 成功率: 65.9%
[2026-04-17 13:12:26] INFO     
-------------------- 第 300 轮 | 最大监听: 10.0s --------------------
[2026-04-17 13:12:26] INFO     继电器 ON (开始充电)
[2026-04-17 13:12:26] INFO     继电器执行 -> ON
[2026-04-17 13:12:36] INFO     继电器 OFF (切断充电)
[2026-04-17 13:12:36] INFO     继电器执行 -> OFF
[2026-04-17 13:12:36] INFO     物理断电静置 10.0s (等待BMS状态机完全复位)
[2026-04-17 13:12:46] WARNING  【结论】 [FAIL] 超时未检测到成功关键字
[2026-04-17 13:12:46] INFO     统计 -> 成功: 197 | 失败: 103 | 异常: 0 | 成功率: 65.7%
[2026-04-17 13:12:46] INFO     
-------------------- 第 301 轮 | 最大监听: 10.0s --------------------
[2026-04-17 13:12:46] INFO     继电器 ON (开始充电)
[2026-04-17 13:12:46] INFO     继电器执行 -> ON
[2026-04-17 13:12:56] INFO     继电器 OFF (切断充电)
[2026-04-17 13:12:56] INFO     继电器执行 -> OFF
[2026-04-17 13:12:56] INFO     物理断电静置 10.0s (等待BMS状态机完全复位)
[2026-04-17 13:13:06] WARNING  【结论】 [FAIL] 超时未检测到成功关键字
[2026-04-17 13:13:06] INFO     统计 -> 成功: 197 | 失败: 104 | 异常: 0 | 成功率: 65.4%
[2026-04-17 13:13:06] INFO     
-------------------- 第 302 轮 | 最大监听: 10.0s --------------------
[2026-04-17 13:13:06] INFO     继电器 ON (开始充电)
[2026-04-17 13:13:06] INFO     继电器执行 -> ON
[2026-04-17 13:13:16] INFO     继电器 OFF (切断充电)
[2026-04-17 13:13:16] INFO     继电器执行 -> OFF
[2026-04-17 13:13:16] INFO     物理断电静置 10.0s (等待BMS状态机完全复位)
[2026-04-17 13:13:26] WARNING  【结论】 [FAIL] 超时未检测到成功关键字
[2026-04-17 13:13:26] INFO     统计 -> 成功: 197 | 失败: 105 | 异常: 0 | 成功率: 65.2%
[2026-04-17 13:13:26] INFO     
-------------------- 第 303 轮 | 最大监听: 10.0s --------------------
[2026-04-17 13:13:26] INFO     继电器 ON (开始充电)
[2026-04-17 13:13:26] INFO     继电器执行 -> ON
[2026-04-17 13:13:36] INFO     继电器 OFF (切断充电)
[2026-04-17 13:13:36] INFO     继电器执行 -> OFF
[2026-04-17 13:13:36] INFO     物理断电静置 10.0s (等待BMS状态机完全复位)
[2026-04-17 13:13:46] WARNING  【结论】 [FAIL] 超时未检测到成功关键字
[2026-04-17 13:13:46] INFO     统计 -> 成功: 197 | 失败: 106 | 异常: 0 | 成功率: 65.0%
[2026-04-17 13:13:46] INFO     
-------------------- 第 304 轮 | 最大监听: 10.0s --------------------
[2026-04-17 13:13:46] INFO     继电器 ON (开始充电)
[2026-04-17 13:13:46] INFO     继电器执行 -> ON
[2026-04-17 13:13:51] INFO     捕获目标指令: voice_msgnum:9
[2026-04-17 13:13:51] INFO     状态维稳，保持闭合 3.0s
[2026-04-17 13:13:54] INFO     继电器 OFF (切断充电)
[2026-04-17 13:13:54] INFO     继电器执行 -> OFF
[2026-04-17 13:13:54] INFO     物理断电静置 10.0s (等待BMS状态机完全复位)
[2026-04-17 13:14:04] INFO     【结论】 [PASS] 成功关键字: voice_msgnum:9
[2026-04-17 13:14:04] INFO     统计 -> 成功: 198 | 失败: 106 | 异常: 0 | 成功率: 65.1%
[2026-04-17 13:14:04] INFO     
-------------------- 第 305 轮 | 最大监听: 10.0s --------------------
[2026-04-17 13:14:04] INFO     继电器 ON (开始充电)
[2026-04-17 13:14:04] INFO     继电器执行 -> ON
[2026-04-17 13:14:11] INFO     捕获目标指令: voice_msgnum:9
[2026-04-17 13:14:11] INFO     状态维稳，保持闭合 3.0s
[2026-04-17 13:14:14] INFO     继电器 OFF (切断充电)
[2026-04-17 13:14:14] INFO     继电器执行 -> OFF
[2026-04-17 13:14:14] INFO     物理断电静置 10.0s (等待BMS状态机完全复位)
[2026-04-17 13:14:24] INFO     【结论】 [PASS] 成功关键字: voice_msgnum:9
[2026-04-17 13:14:24] INFO     统计 -> 成功: 199 | 失败: 106 | 异常: 0 | 成功率: 65.2%
[2026-04-17 13:14:24] INFO     
-------------------- 第 306 轮 | 最大监听: 10.0s --------------------
[2026-04-17 13:14:24] INFO     继电器 ON (开始充电)
[2026-04-17 13:14:25] INFO     继电器执行 -> ON
[2026-04-17 13:14:35] INFO     继电器 OFF (切断充电)
[2026-04-17 13:14:35] INFO     继电器执行 -> OFF
[2026-04-17 13:14:35] INFO     物理断电静置 10.0s (等待BMS状态机完全复位)
[2026-04-17 13:14:45] WARNING  【结论】 [FAIL] 超时未检测到成功关键字
[2026-04-17 13:14:45] INFO     统计 -> 成功: 199 | 失败: 107 | 异常: 0 | 成功率: 65.0%
[2026-04-17 13:14:45] INFO     
-------------------- 第 307 轮 | 最大监听: 10.0s --------------------
[2026-04-17 13:14:45] INFO     继电器 ON (开始充电)
[2026-04-17 13:14:45] INFO     继电器执行 -> ON
[2026-04-17 13:14:55] INFO     继电器 OFF (切断充电)
[2026-04-17 13:14:55] INFO     继电器执行 -> OFF
[2026-04-17 13:14:55] INFO     物理断电静置 10.0s (等待BMS状态机完全复位)
[2026-04-17 13:15:05] WARNING  【结论】 [FAIL] 超时未检测到成功关键字
[2026-04-17 13:15:05] INFO     统计 -> 成功: 199 | 失败: 108 | 异常: 0 | 成功率: 64.8%
[2026-04-17 13:15:05] INFO     
-------------------- 第 308 轮 | 最大监听: 10.0s --------------------
[2026-04-17 13:15:05] INFO     继电器 ON (开始充电)
[2026-04-17 13:15:05] INFO     继电器执行 -> ON
[2026-04-17 13:15:15] INFO     继电器 OFF (切断充电)
[2026-04-17 13:15:15] INFO     继电器执行 -> OFF
[2026-04-17 13:15:15] INFO     物理断电静置 10.0s (等待BMS状态机完全复位)
[2026-04-17 13:15:25] WARNING  【结论】 [FAIL] 超时未检测到成功关键字
[2026-04-17 13:15:25] INFO     统计 -> 成功: 199 | 失败: 109 | 异常: 0 | 成功率: 64.6%
[2026-04-17 13:15:25] INFO     
-------------------- 第 309 轮 | 最大监听: 10.0s --------------------
[2026-04-17 13:15:25] INFO     继电器 ON (开始充电)
[2026-04-17 13:15:25] INFO     继电器执行 -> ON
[2026-04-17 13:15:35] INFO     继电器 OFF (切断充电)
[2026-04-17 13:15:35] INFO     继电器执行 -> OFF
[2026-04-17 13:15:35] INFO     物理断电静置 10.0s (等待BMS状态机完全复位)
[2026-04-17 13:15:45] WARNING  【结论】 [FAIL] 超时未检测到成功关键字
[2026-04-17 13:15:45] INFO     统计 -> 成功: 199 | 失败: 110 | 异常: 0 | 成功率: 64.4%
[2026-04-17 13:15:45] INFO     
-------------------- 第 310 轮 | 最大监听: 10.0s --------------------
[2026-04-17 13:15:45] INFO     继电器 ON (开始充电)
[2026-04-17 13:15:45] INFO     继电器执行 -> ON
[2026-04-17 13:15:55] INFO     继电器 OFF (切断充电)
[2026-04-17 13:15:55] INFO     继电器执行 -> OFF
[2026-04-17 13:15:55] INFO     物理断电静置 10.0s (等待BMS状态机完全复位)
[2026-04-17 13:16:05] WARNING  【结论】 [FAIL] 超时未检测到成功关键字
[2026-04-17 13:16:05] INFO     统计 -> 成功: 199 | 失败: 111 | 异常: 0 | 成功率: 64.2%
[2026-04-17 13:16:05] INFO     
-------------------- 第 311 轮 | 最大监听: 10.0s --------------------
[2026-04-17 13:16:05] INFO     继电器 ON (开始充电)
[2026-04-17 13:16:05] INFO     继电器执行 -> ON
[2026-04-17 13:16:15] INFO     继电器 OFF (切断充电)
[2026-04-17 13:16:15] INFO     继电器执行 -> OFF
[2026-04-17 13:16:15] INFO     物理断电静置 10.0s (等待BMS状态机完全复位)
[2026-04-17 13:16:25] WARNING  【结论】 [FAIL] 超时未检测到成功关键字
[2026-04-17 13:16:25] INFO     统计 -> 成功: 199 | 失败: 112 | 异常: 0 | 成功率: 64.0%
[2026-04-17 13:16:25] INFO     
-------------------- 第 312 轮 | 最大监听: 10.0s --------------------
[2026-04-17 13:16:25] INFO     继电器 ON (开始充电)
[2026-04-17 13:16:25] INFO     继电器执行 -> ON
[2026-04-17 13:16:27] INFO     捕获目标指令: voice_msgnum:9
[2026-04-17 13:16:27] INFO     状态维稳，保持闭合 3.0s
[2026-04-17 13:16:30] INFO     继电器 OFF (切断充电)
[2026-04-17 13:16:30] INFO     继电器执行 -> OFF
[2026-04-17 13:16:30] INFO     物理断电静置 10.0s (等待BMS状态机完全复位)
[2026-04-17 13:16:40] INFO     【结论】 [PASS] 成功关键字: voice_msgnum:9
[2026-04-17 13:16:40] INFO     统计 -> 成功: 200 | 失败: 112 | 异常: 0 | 成功率: 64.1%
[2026-04-17 13:16:40] INFO     
-------------------- 第 313 轮 | 最大监听: 10.0s --------------------
[2026-04-17 13:16:40] INFO     继电器 ON (开始充电)
[2026-04-17 13:16:40] INFO     继电器执行 -> ON
[2026-04-17 13:16:50] INFO     继电器 OFF (切断充电)
[2026-04-17 13:16:50] INFO     继电器执行 -> OFF
[2026-04-17 13:16:50] INFO     物理断电静置 10.0s (等待BMS状态机完全复位)
[2026-04-17 13:17:00] WARNING  【结论】 [FAIL] 超时未检测到成功关键字
[2026-04-17 13:17:00] INFO     统计 -> 成功: 200 | 失败: 113 | 异常: 0 | 成功率: 63.9%
[2026-04-17 13:17:00] INFO     
-------------------- 第 314 轮 | 最大监听: 10.0s --------------------
[2026-04-17 13:17:00] INFO     继电器 ON (开始充电)
[2026-04-17 13:17:00] INFO     继电器执行 -> ON
[2026-04-17 13:17:10] INFO     继电器 OFF (切断充电)
[2026-04-17 13:17:10] INFO     继电器执行 -> OFF
[2026-04-17 13:17:10] INFO     物理断电静置 10.0s (等待BMS状态机完全复位)
[2026-04-17 13:17:20] WARNING  【结论】 [FAIL] 超时未检测到成功关键字
[2026-04-17 13:17:20] INFO     统计 -> 成功: 200 | 失败: 114 | 异常: 0 | 成功率: 63.7%
[2026-04-17 13:17:20] INFO     
-------------------- 第 315 轮 | 最大监听: 10.0s --------------------
[2026-04-17 13:17:20] INFO     继电器 ON (开始充电)
[2026-04-17 13:17:20] INFO     继电器执行 -> ON
[2026-04-17 13:17:30] INFO     继电器 OFF (切断充电)
[2026-04-17 13:17:30] INFO     继电器执行 -> OFF
[2026-04-17 13:17:30] INFO     物理断电静置 10.0s (等待BMS状态机完全复位)
[2026-04-17 13:17:40] WARNING  【结论】 [FAIL] 超时未检测到成功关键字
[2026-04-17 13:17:40] INFO     统计 -> 成功: 200 | 失败: 115 | 异常: 0 | 成功率: 63.5%
[2026-04-17 13:17:40] INFO     
-------------------- 第 316 轮 | 最大监听: 10.0s --------------------
[2026-04-17 13:17:40] INFO     继电器 ON (开始充电)
[2026-04-17 13:17:40] INFO     继电器执行 -> ON
[2026-04-17 13:17:50] INFO     继电器 OFF (切断充电)
[2026-04-17 13:17:50] INFO     继电器执行 -> OFF
[2026-04-17 13:17:50] INFO     物理断电静置 10.0s (等待BMS状态机完全复位)
[2026-04-17 13:18:00] WARNING  【结论】 [FAIL] 超时未检测到成功关键字
[2026-04-17 13:18:00] INFO     统计 -> 成功: 200 | 失败: 116 | 异常: 0 | 成功率: 63.3%
[2026-04-17 13:18:00] INFO     
-------------------- 第 317 轮 | 最大监听: 10.0s --------------------
[2026-04-17 13:18:00] INFO     继电器 ON (开始充电)
[2026-04-17 13:18:00] INFO     继电器执行 -> ON
[2026-04-17 13:18:10] INFO     继电器 OFF (切断充电)
[2026-04-17 13:18:10] INFO     继电器执行 -> OFF
[2026-04-17 13:18:10] INFO     物理断电静置 10.0s (等待BMS状态机完全复位)
[2026-04-17 13:18:20] WARNING  【结论】 [FAIL] 超时未检测到成功关键字
[2026-04-17 13:18:20] INFO     统计 -> 成功: 200 | 失败: 117 | 异常: 0 | 成功率: 63.1%
[2026-04-17 13:18:20] INFO     
-------------------- 第 318 轮 | 最大监听: 10.0s --------------------
[2026-04-17 13:18:20] INFO     继电器 ON (开始充电)
[2026-04-17 13:18:21] INFO     继电器执行 -> ON
[2026-04-17 13:18:31] INFO     继电器 OFF (切断充电)
[2026-04-17 13:18:31] INFO     继电器执行 -> OFF
[2026-04-17 13:18:31] INFO     物理断电静置 10.0s (等待BMS状态机完全复位)
[2026-04-17 13:18:41] WARNING  【结论】 [FAIL] 超时未检测到成功关键字
[2026-04-17 13:18:41] INFO     统计 -> 成功: 200 | 失败: 118 | 异常: 0 | 成功率: 62.9%
[2026-04-17 13:18:41] INFO     
-------------------- 第 319 轮 | 最大监听: 10.0s --------------------
[2026-04-17 13:18:41] INFO     继电器 ON (开始充电)
[2026-04-17 13:18:41] INFO     继电器执行 -> ON
[2026-04-17 13:18:42] INFO     捕获目标指令: voice_msgnum:9
[2026-04-17 13:18:42] INFO     状态维稳，保持闭合 3.0s
[2026-04-17 13:18:45] INFO     继电器 OFF (切断充电)
[2026-04-17 13:18:45] INFO     继电器执行 -> OFF
[2026-04-17 13:18:45] INFO     物理断电静置 10.0s (等待BMS状态机完全复位)
[2026-04-17 13:18:55] INFO     【结论】 [PASS] 成功关键字: voice_msgnum:9
[2026-04-17 13:18:55] INFO     统计 -> 成功: 201 | 失败: 118 | 异常: 0 | 成功率: 63.0%
[2026-04-17 13:18:55] INFO     
-------------------- 第 320 轮 | 最大监听: 10.0s --------------------
[2026-04-17 13:18:55] INFO     继电器 ON (开始充电)
[2026-04-17 13:18:55] INFO     继电器执行 -> ON
[2026-04-17 13:19:05] INFO     继电器 OFF (切断充电)
[2026-04-17 13:19:05] INFO     继电器执行 -> OFF
[2026-04-17 13:19:05] INFO     物理断电静置 10.0s (等待BMS状态机完全复位)
[2026-04-17 13:19:15] WARNING  【结论】 [FAIL] 超时未检测到成功关键字
[2026-04-17 13:19:15] INFO     统计 -> 成功: 201 | 失败: 119 | 异常: 0 | 成功率: 62.8%
[2026-04-17 13:19:15] INFO     
-------------------- 第 321 轮 | 最大监听: 10.0s --------------------
[2026-04-17 13:19:15] INFO     继电器 ON (开始充电)
[2026-04-17 13:19:16] INFO     继电器执行 -> ON
[2026-04-17 13:19:26] INFO     继电器 OFF (切断充电)
[2026-04-17 13:19:26] INFO     继电器执行 -> OFF
[2026-04-17 13:19:26] INFO     物理断电静置 10.0s (等待BMS状态机完全复位)
[2026-04-17 13:19:36] WARNING  【结论】 [FAIL] 超时未检测到成功关键字
[2026-04-17 13:19:36] INFO     统计 -> 成功: 201 | 失败: 120 | 异常: 0 | 成功率: 62.6%
[2026-04-17 13:19:36] INFO     
-------------------- 第 322 轮 | 最大监听: 10.0s --------------------
[2026-04-17 13:19:36] INFO     继电器 ON (开始充电)
[2026-04-17 13:19:36] INFO     继电器执行 -> ON
[2026-04-17 13:19:46] INFO     继电器 OFF (切断充电)
[2026-04-17 13:19:46] INFO     继电器执行 -> OFF
[2026-04-17 13:19:46] INFO     物理断电静置 10.0s (等待BMS状态机完全复位)
[2026-04-17 13:19:56] WARNING  【结论】 [FAIL] 超时未检测到成功关键字
[2026-04-17 13:19:56] INFO     统计 -> 成功: 201 | 失败: 121 | 异常: 0 | 成功率: 62.4%
[2026-04-17 13:19:56] INFO     
-------------------- 第 323 轮 | 最大监听: 10.0s --------------------
[2026-04-17 13:19:56] INFO     继电器 ON (开始充电)
[2026-04-17 13:19:56] INFO     继电器执行 -> ON
[2026-04-17 13:20:06] INFO     继电器 OFF (切断充电)
[2026-04-17 13:20:06] INFO     继电器执行 -> OFF
[2026-04-17 13:20:06] INFO     物理断电静置 10.0s (等待BMS状态机完全复位)
[2026-04-17 13:20:16] WARNING  【结论】 [FAIL] 超时未检测到成功关键字
[2026-04-17 13:20:16] INFO     统计 -> 成功: 201 | 失败: 122 | 异常: 0 | 成功率: 62.2%
[2026-04-17 13:20:16] INFO     
-------------------- 第 324 轮 | 最大监听: 10.0s --------------------
[2026-04-17 13:20:16] INFO     继电器 ON (开始充电)
[2026-04-17 13:20:16] INFO     继电器执行 -> ON
[2026-04-17 13:20:20] INFO     捕获目标指令: voice_msgnum:9
[2026-04-17 13:20:20] INFO     状态维稳，保持闭合 3.0s
[2026-04-17 13:20:23] INFO     继电器 OFF (切断充电)
[2026-04-17 13:20:23] INFO     继电器执行 -> OFF
[2026-04-17 13:20:23] INFO     物理断电静置 10.0s (等待BMS状态机完全复位)
[2026-04-17 13:20:33] INFO     【结论】 [PASS] 成功关键字: voice_msgnum:9
[2026-04-17 13:20:33] INFO     统计 -> 成功: 202 | 失败: 122 | 异常: 0 | 成功率: 62.3%
[2026-04-17 13:20:33] INFO     
-------------------- 第 325 轮 | 最大监听: 10.0s --------------------
[2026-04-17 13:20:33] INFO     继电器 ON (开始充电)
[2026-04-17 13:20:33] INFO     继电器执行 -> ON
[2026-04-17 13:20:43] INFO     继电器 OFF (切断充电)
[2026-04-17 13:20:43] INFO     继电器执行 -> OFF
[2026-04-17 13:20:43] INFO     物理断电静置 10.0s (等待BMS状态机完全复位)
[2026-04-17 13:20:53] WARNING  【结论】 [FAIL] 超时未检测到成功关键字
[2026-04-17 13:20:53] INFO     统计 -> 成功: 202 | 失败: 123 | 异常: 0 | 成功率: 62.2%
[2026-04-17 13:20:53] INFO     
-------------------- 第 326 轮 | 最大监听: 10.0s --------------------
[2026-04-17 13:20:53] INFO     继电器 ON (开始充电)
[2026-04-17 13:20:53] INFO     继电器执行 -> ON
[2026-04-17 13:21:03] INFO     继电器 OFF (切断充电)
[2026-04-17 13:21:03] INFO     继电器执行 -> OFF
[2026-04-17 13:21:03] INFO     物理断电静置 10.0s (等待BMS状态机完全复位)
[2026-04-17 13:21:13] WARNING  【结论】 [FAIL] 超时未检测到成功关键字
[2026-04-17 13:21:13] INFO     统计 -> 成功: 202 | 失败: 124 | 异常: 0 | 成功率: 62.0%
[2026-04-17 13:21:13] INFO     
-------------------- 第 327 轮 | 最大监听: 10.0s --------------------
[2026-04-17 13:21:13] INFO     继电器 ON (开始充电)
[2026-04-17 13:21:13] INFO     继电器执行 -> ON
[2026-04-17 13:21:23] INFO     继电器 OFF (切断充电)
[2026-04-17 13:21:23] INFO     继电器执行 -> OFF
[2026-04-17 13:21:23] INFO     物理断电静置 10.0s (等待BMS状态机完全复位)
[2026-04-17 13:21:33] WARNING  【结论】 [FAIL] 超时未检测到成功关键字
[2026-04-17 13:21:33] INFO     统计 -> 成功: 202 | 失败: 125 | 异常: 0 | 成功率: 61.8%
[2026-04-17 13:21:33] INFO     
-------------------- 第 328 轮 | 最大监听: 10.0s --------------------
[2026-04-17 13:21:33] INFO     继电器 ON (开始充电)
[2026-04-17 13:21:33] INFO     继电器执行 -> ON
[2026-04-17 13:21:43] INFO     继电器 OFF (切断充电)
[2026-04-17 13:21:43] INFO     继电器执行 -> OFF
[2026-04-17 13:21:43] INFO     物理断电静置 10.0s (等待BMS状态机完全复位)
[2026-04-17 13:21:53] WARNING  【结论】 [FAIL] 超时未检测到成功关键字
[2026-04-17 13:21:53] INFO     统计 -> 成功: 202 | 失败: 126 | 异常: 0 | 成功率: 61.6%
[2026-04-17 13:21:53] INFO     
-------------------- 第 329 轮 | 最大监听: 10.0s --------------------
[2026-04-17 13:21:53] INFO     继电器 ON (开始充电)
[2026-04-17 13:21:53] INFO     继电器执行 -> ON
[2026-04-17 13:22:03] INFO     继电器 OFF (切断充电)
[2026-04-17 13:22:03] INFO     继电器执行 -> OFF
[2026-04-17 13:22:03] INFO     物理断电静置 10.0s (等待BMS状态机完全复位)
[2026-04-17 13:22:13] WARNING  【结论】 [FAIL] 超时未检测到成功关键字
[2026-04-17 13:22:13] INFO     统计 -> 成功: 202 | 失败: 127 | 异常: 0 | 成功率: 61.4%
[2026-04-17 13:22:13] INFO     
-------------------- 第 330 轮 | 最大监听: 10.0s --------------------
[2026-04-17 13:22:13] INFO     继电器 ON (开始充电)
[2026-04-17 13:22:14] INFO     继电器执行 -> ON
[2026-04-17 13:22:24] INFO     继电器 OFF (切断充电)
[2026-04-17 13:22:24] INFO     继电器执行 -> OFF
[2026-04-17 13:22:24] INFO     物理断电静置 10.0s (等待BMS状态机完全复位)
[2026-04-17 13:22:34] WARNING  【结论】 [FAIL] 超时未检测到成功关键字
[2026-04-17 13:22:34] INFO     统计 -> 成功: 202 | 失败: 128 | 异常: 0 | 成功率: 61.2%
[2026-04-17 13:22:34] INFO     
-------------------- 第 331 轮 | 最大监听: 10.0s --------------------
[2026-04-17 13:22:34] INFO     继电器 ON (开始充电)
[2026-04-17 13:22:34] INFO     继电器执行 -> ON
[2026-04-17 13:22:44] INFO     继电器 OFF (切断充电)
[2026-04-17 13:22:44] INFO     继电器执行 -> OFF
[2026-04-17 13:22:44] INFO     物理断电静置 10.0s (等待BMS状态机完全复位)
[2026-04-17 13:22:54] WARNING  【结论】 [FAIL] 超时未检测到成功关键字
[2026-04-17 13:22:54] INFO     统计 -> 成功: 202 | 失败: 129 | 异常: 0 | 成功率: 61.0%
[2026-04-17 13:22:54] INFO     
-------------------- 第 332 轮 | 最大监听: 10.0s --------------------
[2026-04-17 13:22:54] INFO     继电器 ON (开始充电)
[2026-04-17 13:22:54] INFO     继电器执行 -> ON
[2026-04-17 13:23:04] INFO     继电器 OFF (切断充电)
[2026-04-17 13:23:04] INFO     继电器执行 -> OFF
[2026-04-17 13:23:04] INFO     物理断电静置 10.0s (等待BMS状态机完全复位)
[2026-04-17 13:23:14] WARNING  【结论】 [FAIL] 超时未检测到成功关键字
[2026-04-17 13:23:14] INFO     统计 -> 成功: 202 | 失败: 130 | 异常: 0 | 成功率: 60.8%
[2026-04-17 13:23:14] INFO     
-------------------- 第 333 轮 | 最大监听: 10.0s --------------------
[2026-04-17 13:23:14] INFO     继电器 ON (开始充电)
[2026-04-17 13:23:14] INFO     继电器执行 -> ON
[2026-04-17 13:23:24] INFO     继电器 OFF (切断充电)
[2026-04-17 13:23:24] INFO     继电器执行 -> OFF
[2026-04-17 13:23:24] INFO     物理断电静置 10.0s (等待BMS状态机完全复位)
[2026-04-17 13:23:34] WARNING  【结论】 [FAIL] 超时未检测到成功关键字
[2026-04-17 13:23:34] INFO     统计 -> 成功: 202 | 失败: 131 | 异常: 0 | 成功率: 60.7%
[2026-04-17 13:23:34] INFO     
-------------------- 第 334 轮 | 最大监听: 10.0s --------------------
[2026-04-17 13:23:34] INFO     继电器 ON (开始充电)
[2026-04-17 13:23:34] INFO     继电器执行 -> ON
[2026-04-17 13:23:44] INFO     继电器 OFF (切断充电)
[2026-04-17 13:23:44] INFO     继电器执行 -> OFF
[2026-04-17 13:23:44] INFO     物理断电静置 10.0s (等待BMS状态机完全复位)
[2026-04-17 13:23:54] WARNING  【结论】 [FAIL] 超时未检测到成功关键字
[2026-04-17 13:23:54] INFO     统计 -> 成功: 202 | 失败: 132 | 异常: 0 | 成功率: 60.5%
[2026-04-17 13:23:54] INFO     
-------------------- 第 335 轮 | 最大监听: 10.0s --------------------
[2026-04-17 13:23:54] INFO     继电器 ON (开始充电)
[2026-04-17 13:23:54] INFO     继电器执行 -> ON
[2026-04-17 13:24:04] INFO     继电器 OFF (切断充电)
[2026-04-17 13:24:04] INFO     继电器执行 -> OFF
[2026-04-17 13:24:04] INFO     物理断电静置 10.0s (等待BMS状态机完全复位)
[2026-04-17 13:24:14] WARNING  【结论】 [FAIL] 超时未检测到成功关键字
[2026-04-17 13:24:14] INFO     统计 -> 成功: 202 | 失败: 133 | 异常: 0 | 成功率: 60.3%
[2026-04-17 13:24:14] INFO     
-------------------- 第 336 轮 | 最大监听: 10.0s --------------------
[2026-04-17 13:24:14] INFO     继电器 ON (开始充电)
[2026-04-17 13:24:14] INFO     继电器执行 -> ON
[2026-04-17 13:24:24] INFO     继电器 OFF (切断充电)
[2026-04-17 13:24:24] INFO     继电器执行 -> OFF
[2026-04-17 13:24:24] INFO     物理断电静置 10.0s (等待BMS状态机完全复位)
[2026-04-17 13:24:34] WARNING  【结论】 [FAIL] 超时未检测到成功关键字
[2026-04-17 13:24:34] INFO     统计 -> 成功: 202 | 失败: 134 | 异常: 0 | 成功率: 60.1%
[2026-04-17 13:24:34] INFO     
-------------------- 第 337 轮 | 最大监听: 10.0s --------------------
[2026-04-17 13:24:34] INFO     继电器 ON (开始充电)
[2026-04-17 13:24:34] INFO     继电器执行 -> ON
[2026-04-17 13:24:44] INFO     继电器 OFF (切断充电)
[2026-04-17 13:24:44] INFO     继电器执行 -> OFF
[2026-04-17 13:24:44] INFO     物理断电静置 10.0s (等待BMS状态机完全复位)
[2026-04-17 13:24:54] WARNING  【结论】 [FAIL] 超时未检测到成功关键字
[2026-04-17 13:24:54] INFO     统计 -> 成功: 202 | 失败: 135 | 异常: 0 | 成功率: 59.9%
[2026-04-17 13:24:54] INFO     
-------------------- 第 338 轮 | 最大监听: 10.0s --------------------
[2026-04-17 13:24:54] INFO     继电器 ON (开始充电)
[2026-04-17 13:24:54] INFO     继电器执行 -> ON
[2026-04-17 13:25:04] INFO     继电器 OFF (切断充电)
[2026-04-17 13:25:04] INFO     继电器执行 -> OFF
[2026-04-17 13:25:04] INFO     物理断电静置 10.0s (等待BMS状态机完全复位)
[2026-04-17 13:25:14] WARNING  【结论】 [FAIL] 超时未检测到成功关键字
[2026-04-17 13:25:14] INFO     统计 -> 成功: 202 | 失败: 136 | 异常: 0 | 成功率: 59.8%
[2026-04-17 13:25:14] INFO     
-------------------- 第 339 轮 | 最大监听: 10.0s --------------------
[2026-04-17 13:25:14] INFO     继电器 ON (开始充电)
[2026-04-17 13:25:15] INFO     继电器执行 -> ON
[2026-04-17 13:25:25] INFO     继电器 OFF (切断充电)
[2026-04-17 13:25:25] INFO     继电器执行 -> OFF
[2026-04-17 13:25:25] INFO     物理断电静置 10.0s (等待BMS状态机完全复位)
[2026-04-17 13:25:35] WARNING  【结论】 [FAIL] 超时未检测到成功关键字
[2026-04-17 13:25:35] INFO     统计 -> 成功: 202 | 失败: 137 | 异常: 0 | 成功率: 59.6%
[2026-04-17 13:25:35] INFO     
-------------------- 第 340 轮 | 最大监听: 10.0s --------------------
[2026-04-17 13:25:35] INFO     继电器 ON (开始充电)
[2026-04-17 13:25:35] INFO     继电器执行 -> ON
[2026-04-17 13:25:45] INFO     继电器 OFF (切断充电)
[2026-04-17 13:25:45] INFO     继电器执行 -> OFF
[2026-04-17 13:25:45] INFO     物理断电静置 10.0s (等待BMS状态机完全复位)
[2026-04-17 13:25:55] WARNING  【结论】 [FAIL] 超时未检测到成功关键字
[2026-04-17 13:25:55] INFO     统计 -> 成功: 202 | 失败: 138 | 异常: 0 | 成功率: 59.4%
[2026-04-17 13:25:55] INFO     
-------------------- 第 341 轮 | 最大监听: 10.0s --------------------
[2026-04-17 13:25:55] INFO     继电器 ON (开始充电)
[2026-04-17 13:25:55] INFO     继电器执行 -> ON
[2026-04-17 13:26:05] INFO     继电器 OFF (切断充电)
[2026-04-17 13:26:05] INFO     继电器执行 -> OFF
[2026-04-17 13:26:05] INFO     物理断电静置 10.0s (等待BMS状态机完全复位)
[2026-04-17 13:26:15] WARNING  【结论】 [FAIL] 超时未检测到成功关键字
[2026-04-17 13:26:15] INFO     统计 -> 成功: 202 | 失败: 139 | 异常: 0 | 成功率: 59.2%
[2026-04-17 13:26:15] INFO     
-------------------- 第 342 轮 | 最大监听: 10.0s --------------------
[2026-04-17 13:26:15] INFO     继电器 ON (开始充电)
[2026-04-17 13:26:15] INFO     继电器执行 -> ON
[2026-04-17 13:26:19] INFO     捕获目标指令: voice_msgnum:9
[2026-04-17 13:26:19] INFO     状态维稳，保持闭合 3.0s
[2026-04-17 13:26:22] INFO     继电器 OFF (切断充电)
[2026-04-17 13:26:22] INFO     继电器执行 -> OFF
[2026-04-17 13:26:22] INFO     物理断电静置 10.0s (等待BMS状态机完全复位)
[2026-04-17 13:26:32] INFO     【结论】 [PASS] 成功关键字: voice_msgnum:9
[2026-04-17 13:26:32] INFO     统计 -> 成功: 203 | 失败: 139 | 异常: 0 | 成功率: 59.4%
[2026-04-17 13:26:32] INFO     
-------------------- 第 343 轮 | 最大监听: 10.0s --------------------
[2026-04-17 13:26:32] INFO     继电器 ON (开始充电)
[2026-04-17 13:26:32] INFO     继电器执行 -> ON
[2026-04-17 13:26:42] INFO     继电器 OFF (切断充电)
[2026-04-17 13:26:42] INFO     继电器执行 -> OFF
[2026-04-17 13:26:42] INFO     物理断电静置 10.0s (等待BMS状态机完全复位)
[2026-04-17 13:26:52] WARNING  【结论】 [FAIL] 超时未检测到成功关键字
[2026-04-17 13:26:52] INFO     统计 -> 成功: 203 | 失败: 140 | 异常: 0 | 成功率: 59.2%
[2026-04-17 13:26:52] INFO     
-------------------- 第 344 轮 | 最大监听: 10.0s --------------------
[2026-04-17 13:26:52] INFO     继电器 ON (开始充电)
[2026-04-17 13:26:52] INFO     继电器执行 -> ON
[2026-04-17 13:27:02] INFO     继电器 OFF (切断充电)
[2026-04-17 13:27:02] INFO     继电器执行 -> OFF
[2026-04-17 13:27:02] INFO     物理断电静置 10.0s (等待BMS状态机完全复位)
[2026-04-17 13:27:12] WARNING  【结论】 [FAIL] 超时未检测到成功关键字
[2026-04-17 13:27:12] INFO     统计 -> 成功: 203 | 失败: 141 | 异常: 0 | 成功率: 59.0%
[2026-04-17 13:27:12] INFO     
-------------------- 第 345 轮 | 最大监听: 10.0s --------------------
[2026-04-17 13:27:12] INFO     继电器 ON (开始充电)
[2026-04-17 13:27:13] INFO     继电器执行 -> ON
[2026-04-17 13:27:23] INFO     继电器 OFF (切断充电)
[2026-04-17 13:27:23] INFO     继电器执行 -> OFF
[2026-04-17 13:27:23] INFO     物理断电静置 10.0s (等待BMS状态机完全复位)
[2026-04-17 13:27:33] WARNING  【结论】 [FAIL] 超时未检测到成功关键字
[2026-04-17 13:27:33] INFO     统计 -> 成功: 203 | 失败: 142 | 异常: 0 | 成功率: 58.8%
[2026-04-17 13:27:33] INFO     
-------------------- 第 346 轮 | 最大监听: 10.0s --------------------
[2026-04-17 13:27:33] INFO     继电器 ON (开始充电)
[2026-04-17 13:27:33] INFO     继电器执行 -> ON
[2026-04-17 13:27:43] INFO     继电器 OFF (切断充电)
[2026-04-17 13:27:43] INFO     继电器执行 -> OFF
[2026-04-17 13:27:43] INFO     物理断电静置 10.0s (等待BMS状态机完全复位)
[2026-04-17 13:27:53] WARNING  【结论】 [FAIL] 超时未检测到成功关键字
[2026-04-17 13:27:53] INFO     统计 -> 成功: 203 | 失败: 143 | 异常: 0 | 成功率: 58.7%
[2026-04-17 13:27:53] INFO     
-------------------- 第 347 轮 | 最大监听: 10.0s --------------------
[2026-04-17 13:27:53] INFO     继电器 ON (开始充电)
[2026-04-17 13:27:53] INFO     继电器执行 -> ON
[2026-04-17 13:28:03] INFO     继电器 OFF (切断充电)
[2026-04-17 13:28:03] INFO     继电器执行 -> OFF
[2026-04-17 13:28:03] INFO     物理断电静置 10.0s (等待BMS状态机完全复位)
[2026-04-17 13:28:13] WARNING  【结论】 [FAIL] 超时未检测到成功关键字
[2026-04-17 13:28:13] INFO     统计 -> 成功: 203 | 失败: 144 | 异常: 0 | 成功率: 58.5%
[2026-04-17 13:28:13] INFO     
-------------------- 第 348 轮 | 最大监听: 10.0s --------------------
[2026-04-17 13:28:13] INFO     继电器 ON (开始充电)
[2026-04-17 13:28:13] INFO     继电器执行 -> ON
[2026-04-17 13:28:23] INFO     继电器 OFF (切断充电)
[2026-04-17 13:28:23] INFO     继电器执行 -> OFF
[2026-04-17 13:28:23] INFO     物理断电静置 10.0s (等待BMS状态机完全复位)
[2026-04-17 13:28:33] WARNING  【结论】 [FAIL] 超时未检测到成功关键字
[2026-04-17 13:28:33] INFO     统计 -> 成功: 203 | 失败: 145 | 异常: 0 | 成功率: 58.3%
[2026-04-17 13:28:33] INFO     
-------------------- 第 349 轮 | 最大监听: 10.0s --------------------
[2026-04-17 13:28:33] INFO     继电器 ON (开始充电)
[2026-04-17 13:28:33] INFO     继电器执行 -> ON
[2026-04-17 13:28:43] INFO     继电器 OFF (切断充电)
[2026-04-17 13:28:43] INFO     继电器执行 -> OFF
[2026-04-17 13:28:43] INFO     物理断电静置 10.0s (等待BMS状态机完全复位)
[2026-04-17 13:28:53] WARNING  【结论】 [FAIL] 超时未检测到成功关键字
[2026-04-17 13:28:53] INFO     统计 -> 成功: 203 | 失败: 146 | 异常: 0 | 成功率: 58.2%
[2026-04-17 13:28:53] INFO     
-------------------- 第 350 轮 | 最大监听: 10.0s --------------------
[2026-04-17 13:28:53] INFO     继电器 ON (开始充电)
[2026-04-17 13:28:53] INFO     继电器执行 -> ON
[2026-04-17 13:29:03] INFO     继电器 OFF (切断充电)
[2026-04-17 13:29:03] INFO     继电器执行 -> OFF
[2026-04-17 13:29:03] INFO     物理断电静置 10.0s (等待BMS状态机完全复位)
[2026-04-17 13:29:13] WARNING  【结论】 [FAIL] 超时未检测到成功关键字
[2026-04-17 13:29:13] INFO     统计 -> 成功: 203 | 失败: 147 | 异常: 0 | 成功率: 58.0%
[2026-04-17 13:29:13] INFO     
-------------------- 第 351 轮 | 最大监听: 10.0s --------------------
[2026-04-17 13:29:13] INFO     继电器 ON (开始充电)
[2026-04-17 13:29:13] INFO     继电器执行 -> ON
[2026-04-17 13:29:23] INFO     继电器 OFF (切断充电)
[2026-04-17 13:29:23] INFO     继电器执行 -> OFF
[2026-04-17 13:29:23] INFO     物理断电静置 10.0s (等待BMS状态机完全复位)
[2026-04-17 13:29:33] WARNING  【结论】 [FAIL] 超时未检测到成功关键字
[2026-04-17 13:29:33] INFO     统计 -> 成功: 203 | 失败: 148 | 异常: 0 | 成功率: 57.8%
[2026-04-17 13:29:33] INFO     
-------------------- 第 352 轮 | 最大监听: 10.0s --------------------
[2026-04-17 13:29:33] INFO     继电器 ON (开始充电)
[2026-04-17 13:29:33] INFO     继电器执行 -> ON
[2026-04-17 13:29:43] INFO     继电器 OFF (切断充电)
[2026-04-17 13:29:43] INFO     继电器执行 -> OFF
[2026-04-17 13:29:43] INFO     物理断电静置 10.0s (等待BMS状态机完全复位)
[2026-04-17 13:29:53] WARNING  【结论】 [FAIL] 超时未检测到成功关键字
[2026-04-17 13:29:53] INFO     统计 -> 成功: 203 | 失败: 149 | 异常: 0 | 成功率: 57.7%
[2026-04-17 13:29:53] INFO     
-------------------- 第 353 轮 | 最大监听: 10.0s --------------------
[2026-04-17 13:29:53] INFO     继电器 ON (开始充电)
[2026-04-17 13:29:53] INFO     继电器执行 -> ON
[2026-04-17 13:30:03] INFO     继电器 OFF (切断充电)
[2026-04-17 13:30:03] INFO     继电器执行 -> OFF
[2026-04-17 13:30:03] INFO     物理断电静置 10.0s (等待BMS状态机完全复位)
[2026-04-17 13:30:13] WARNING  【结论】 [FAIL] 超时未检测到成功关键字
[2026-04-17 13:30:13] INFO     统计 -> 成功: 203 | 失败: 150 | 异常: 0 | 成功率: 57.5%
[2026-04-17 13:30:13] INFO     
-------------------- 第 354 轮 | 最大监听: 10.0s --------------------
[2026-04-17 13:30:13] INFO     继电器 ON (开始充电)
[2026-04-17 13:30:14] INFO     继电器执行 -> ON
[2026-04-17 13:30:24] INFO     继电器 OFF (切断充电)
[2026-04-17 13:30:24] INFO     继电器执行 -> OFF
[2026-04-17 13:30:24] INFO     物理断电静置 10.0s (等待BMS状态机完全复位)
[2026-04-17 13:30:34] WARNING  【结论】 [FAIL] 超时未检测到成功关键字
[2026-04-17 13:30:34] INFO     统计 -> 成功: 203 | 失败: 151 | 异常: 0 | 成功率: 57.3%
[2026-04-17 13:30:34] INFO     
-------------------- 第 355 轮 | 最大监听: 10.0s --------------------
[2026-04-17 13:30:34] INFO     继电器 ON (开始充电)
[2026-04-17 13:30:34] INFO     继电器执行 -> ON
[2026-04-17 13:30:44] INFO     继电器 OFF (切断充电)
[2026-04-17 13:30:44] INFO     继电器执行 -> OFF
[2026-04-17 13:30:44] INFO     物理断电静置 10.0s (等待BMS状态机完全复位)
[2026-04-17 13:30:54] WARNING  【结论】 [FAIL] 超时未检测到成功关键字
[2026-04-17 13:30:54] INFO     统计 -> 成功: 203 | 失败: 152 | 异常: 0 | 成功率: 57.2%
[2026-04-17 13:30:54] INFO     
-------------------- 第 356 轮 | 最大监听: 10.0s --------------------
[2026-04-17 13:30:54] INFO     继电器 ON (开始充电)
[2026-04-17 13:30:54] INFO     继电器执行 -> ON
[2026-04-17 13:31:04] INFO     继电器 OFF (切断充电)
[2026-04-17 13:31:04] INFO     继电器执行 -> OFF
[2026-04-17 13:31:04] INFO     物理断电静置 10.0s (等待BMS状态机完全复位)
[2026-04-17 13:31:14] WARNING  【结论】 [FAIL] 超时未检测到成功关键字
[2026-04-17 13:31:14] INFO     统计 -> 成功: 203 | 失败: 153 | 异常: 0 | 成功率: 57.0%
[2026-04-17 13:31:14] INFO     
-------------------- 第 357 轮 | 最大监听: 10.0s --------------------
[2026-04-17 13:31:14] INFO     继电器 ON (开始充电)
[2026-04-17 13:31:14] INFO     继电器执行 -> ON
[2026-04-17 13:31:24] INFO     继电器 OFF (切断充电)
[2026-04-17 13:31:24] INFO     继电器执行 -> OFF
[2026-04-17 13:31:24] INFO     物理断电静置 10.0s (等待BMS状态机完全复位)
[2026-04-17 13:31:34] WARNING  【结论】 [FAIL] 超时未检测到成功关键字
[2026-04-17 13:31:34] INFO     统计 -> 成功: 203 | 失败: 154 | 异常: 0 | 成功率: 56.9%
[2026-04-17 13:31:34] INFO     
-------------------- 第 358 轮 | 最大监听: 10.0s --------------------
[2026-04-17 13:31:34] INFO     继电器 ON (开始充电)
[2026-04-17 13:31:34] INFO     继电器执行 -> ON
[2026-04-17 13:31:44] INFO     继电器 OFF (切断充电)
[2026-04-17 13:31:44] INFO     继电器执行 -> OFF
[2026-04-17 13:31:44] INFO     物理断电静置 10.0s (等待BMS状态机完全复位)
[2026-04-17 13:31:54] WARNING  【结论】 [FAIL] 超时未检测到成功关键字
[2026-04-17 13:31:54] INFO     统计 -> 成功: 203 | 失败: 155 | 异常: 0 | 成功率: 56.7%
[2026-04-17 13:31:54] INFO     
-------------------- 第 359 轮 | 最大监听: 10.0s --------------------
[2026-04-17 13:31:54] INFO     继电器 ON (开始充电)
[2026-04-17 13:31:54] INFO     继电器执行 -> ON
[2026-04-17 13:32:04] INFO     继电器 OFF (切断充电)
[2026-04-17 13:32:04] INFO     继电器执行 -> OFF
[2026-04-17 13:32:04] INFO     物理断电静置 10.0s (等待BMS状态机完全复位)
[2026-04-17 13:32:14] WARNING  【结论】 [FAIL] 超时未检测到成功关键字
[2026-04-17 13:32:14] INFO     统计 -> 成功: 203 | 失败: 156 | 异常: 0 | 成功率: 56.5%
[2026-04-17 13:32:14] INFO     
-------------------- 第 360 轮 | 最大监听: 10.0s --------------------
[2026-04-17 13:32:14] INFO     继电器 ON (开始充电)
[2026-04-17 13:32:14] INFO     继电器执行 -> ON
[2026-04-17 13:32:24] INFO     继电器 OFF (切断充电)
[2026-04-17 13:32:24] INFO     继电器执行 -> OFF
[2026-04-17 13:32:24] INFO     物理断电静置 10.0s (等待BMS状态机完全复位)
[2026-04-17 13:32:34] WARNING  【结论】 [FAIL] 超时未检测到成功关键字
[2026-04-17 13:32:34] INFO     统计 -> 成功: 203 | 失败: 157 | 异常: 0 | 成功率: 56.4%
[2026-04-17 13:32:34] INFO     
-------------------- 第 361 轮 | 最大监听: 10.0s --------------------
[2026-04-17 13:32:34] INFO     继电器 ON (开始充电)
[2026-04-17 13:32:34] INFO     继电器执行 -> ON
[2026-04-17 13:32:44] INFO     继电器 OFF (切断充电)
[2026-04-17 13:32:44] INFO     继电器执行 -> OFF
[2026-04-17 13:32:44] INFO     物理断电静置 10.0s (等待BMS状态机完全复位)
[2026-04-17 13:32:54] WARNING  【结论】 [FAIL] 超时未检测到成功关键字
[2026-04-17 13:32:54] INFO     统计 -> 成功: 203 | 失败: 158 | 异常: 0 | 成功率: 56.2%
[2026-04-17 13:32:54] INFO     
-------------------- 第 362 轮 | 最大监听: 10.0s --------------------
[2026-04-17 13:32:54] INFO     继电器 ON (开始充电)
[2026-04-17 13:32:54] INFO     继电器执行 -> ON
[2026-04-17 13:33:04] INFO     继电器 OFF (切断充电)
[2026-04-17 13:33:04] INFO     继电器执行 -> OFF
[2026-04-17 13:33:04] INFO     物理断电静置 10.0s (等待BMS状态机完全复位)
[2026-04-17 13:33:14] WARNING  【结论】 [FAIL] 超时未检测到成功关键字
[2026-04-17 13:33:14] INFO     统计 -> 成功: 203 | 失败: 159 | 异常: 0 | 成功率: 56.1%
[2026-04-17 13:33:14] INFO     
-------------------- 第 363 轮 | 最大监听: 10.0s --------------------
[2026-04-17 13:33:14] INFO     继电器 ON (开始充电)
[2026-04-17 13:33:14] INFO     继电器执行 -> ON
[2026-04-17 13:33:24] INFO     继电器 OFF (切断充电)
[2026-04-17 13:33:25] INFO     继电器执行 -> OFF
[2026-04-17 13:33:25] INFO     物理断电静置 10.0s (等待BMS状态机完全复位)
[2026-04-17 13:33:35] WARNING  【结论】 [FAIL] 超时未检测到成功关键字
[2026-04-17 13:33:35] INFO     统计 -> 成功: 203 | 失败: 160 | 异常: 0 | 成功率: 55.9%
[2026-04-17 13:33:35] INFO     
-------------------- 第 364 轮 | 最大监听: 10.0s --------------------
[2026-04-17 13:33:35] INFO     继电器 ON (开始充电)
[2026-04-17 13:33:35] INFO     继电器执行 -> ON
[2026-04-17 13:33:45] INFO     继电器 OFF (切断充电)
[2026-04-17 13:33:45] INFO     继电器执行 -> OFF
[2026-04-17 13:33:45] INFO     物理断电静置 10.0s (等待BMS状态机完全复位)
[2026-04-17 13:33:55] WARNING  【结论】 [FAIL] 超时未检测到成功关键字
[2026-04-17 13:33:55] INFO     统计 -> 成功: 203 | 失败: 161 | 异常: 0 | 成功率: 55.8%
[2026-04-17 13:33:55] INFO     
-------------------- 第 365 轮 | 最大监听: 10.0s --------------------
[2026-04-17 13:33:55] INFO     继电器 ON (开始充电)
[2026-04-17 13:33:55] INFO     继电器执行 -> ON
[2026-04-17 13:33:56] INFO     捕获目标指令: voice_msgnum:9
[2026-04-17 13:33:56] INFO     状态维稳，保持闭合 3.0s
[2026-04-17 13:33:59] INFO     继电器 OFF (切断充电)
[2026-04-17 13:34:00] INFO     继电器执行 -> OFF
[2026-04-17 13:34:00] INFO     物理断电静置 10.0s (等待BMS状态机完全复位)
[2026-04-17 13:34:10] INFO     【结论】 [PASS] 成功关键字: voice_msgnum:9
[2026-04-17 13:34:10] INFO     统计 -> 成功: 204 | 失败: 161 | 异常: 0 | 成功率: 55.9%
[2026-04-17 13:34:10] INFO     
-------------------- 第 366 轮 | 最大监听: 10.0s --------------------
[2026-04-17 13:34:10] INFO     继电器 ON (开始充电)
[2026-04-17 13:34:10] INFO     继电器执行 -> ON
[2026-04-17 13:34:11] INFO     捕获目标指令: voice_msgnum:9
[2026-04-17 13:34:11] INFO     状态维稳，保持闭合 3.0s
[2026-04-17 13:34:14] INFO     继电器 OFF (切断充电)
[2026-04-17 13:34:14] INFO     继电器执行 -> OFF
[2026-04-17 13:34:14] INFO     物理断电静置 10.0s (等待BMS状态机完全复位)
[2026-04-17 13:34:24] INFO     【结论】 [PASS] 成功关键字: voice_msgnum:9
[2026-04-17 13:34:24] INFO     统计 -> 成功: 205 | 失败: 161 | 异常: 0 | 成功率: 56.0%
[2026-04-17 13:34:24] INFO     
-------------------- 第 367 轮 | 最大监听: 10.0s --------------------
[2026-04-17 13:34:24] INFO     继电器 ON (开始充电)
[2026-04-17 13:34:24] INFO     继电器执行 -> ON
[2026-04-17 13:34:26] INFO     捕获目标指令: voice_msgnum:9
[2026-04-17 13:34:26] INFO     状态维稳，保持闭合 3.0s
[2026-04-17 13:34:29] INFO     继电器 OFF (切断充电)
[2026-04-17 13:34:29] INFO     继电器执行 -> OFF
[2026-04-17 13:34:29] INFO     物理断电静置 10.0s (等待BMS状态机完全复位)
[2026-04-17 13:34:39] INFO     【结论】 [PASS] 成功关键字: voice_msgnum:9
[2026-04-17 13:34:39] INFO     统计 -> 成功: 206 | 失败: 161 | 异常: 0 | 成功率: 56.1%
[2026-04-17 13:34:39] INFO     
-------------------- 第 368 轮 | 最大监听: 10.0s --------------------
[2026-04-17 13:34:39] INFO     继电器 ON (开始充电)
[2026-04-17 13:34:39] INFO     继电器执行 -> ON
[2026-04-17 13:34:41] INFO     捕获目标指令: voice_msgnum:9
[2026-04-17 13:34:41] INFO     状态维稳，保持闭合 3.0s
[2026-04-17 13:34:44] INFO     继电器 OFF (切断充电)
[2026-04-17 13:34:44] INFO     继电器执行 -> OFF
[2026-04-17 13:34:44] INFO     物理断电静置 10.0s (等待BMS状态机完全复位)
[2026-04-17 13:34:54] INFO     【结论】 [PASS] 成功关键字: voice_msgnum:9
[2026-04-17 13:34:54] INFO     统计 -> 成功: 207 | 失败: 161 | 异常: 0 | 成功率: 56.2%
[2026-04-17 13:34:54] INFO     
-------------------- 第 369 轮 | 最大监听: 10.0s --------------------
[2026-04-17 13:34:54] INFO     继电器 ON (开始充电)
[2026-04-17 13:34:54] INFO     继电器执行 -> ON
[2026-04-17 13:34:56] INFO     捕获目标指令: voice_msgnum:9
[2026-04-17 13:34:56] INFO     状态维稳，保持闭合 3.0s
[2026-04-17 13:34:59] INFO     继电器 OFF (切断充电)
[2026-04-17 13:34:59] INFO     继电器执行 -> OFF
[2026-04-17 13:34:59] INFO     物理断电静置 10.0s (等待BMS状态机完全复位)
[2026-04-17 13:35:09] INFO     【结论】 [PASS] 成功关键字: voice_msgnum:9
[2026-04-17 13:35:09] INFO     统计 -> 成功: 208 | 失败: 161 | 异常: 0 | 成功率: 56.4%
[2026-04-17 13:35:09] INFO     
-------------------- 第 370 轮 | 最大监听: 10.0s --------------------
[2026-04-17 13:35:09] INFO     继电器 ON (开始充电)
[2026-04-17 13:35:09] INFO     继电器执行 -> ON
[2026-04-17 13:35:10] INFO     捕获目标指令: voice_msgnum:9
[2026-04-17 13:35:10] INFO     状态维稳，保持闭合 3.0s
[2026-04-17 13:35:13] INFO     继电器 OFF (切断充电)
[2026-04-17 13:35:13] INFO     继电器执行 -> OFF
[2026-04-17 13:35:13] INFO     物理断电静置 10.0s (等待BMS状态机完全复位)
[2026-04-17 13:35:23] INFO     【结论】 [PASS] 成功关键字: voice_msgnum:9
[2026-04-17 13:35:23] INFO     统计 -> 成功: 209 | 失败: 161 | 异常: 0 | 成功率: 56.5%
[2026-04-17 13:35:23] INFO     
-------------------- 第 371 轮 | 最大监听: 10.0s --------------------
[2026-04-17 13:35:23] INFO     继电器 ON (开始充电)
[2026-04-17 13:35:23] INFO     继电器执行 -> ON
[2026-04-17 13:35:25] INFO     捕获目标指令: voice_msgnum:9
[2026-04-17 13:35:25] INFO     状态维稳，保持闭合 3.0s
[2026-04-17 13:35:28] INFO     继电器 OFF (切断充电)
[2026-04-17 13:35:28] INFO     继电器执行 -> OFF
[2026-04-17 13:35:28] INFO     物理断电静置 10.0s (等待BMS状态机完全复位)
[2026-04-17 13:35:38] INFO     【结论】 [PASS] 成功关键字: voice_msgnum:9
[2026-04-17 13:35:38] INFO     统计 -> 成功: 210 | 失败: 161 | 异常: 0 | 成功率: 56.6%
[2026-04-17 13:35:38] INFO     
-------------------- 第 372 轮 | 最大监听: 10.0s --------------------
[2026-04-17 13:35:38] INFO     继电器 ON (开始充电)
[2026-04-17 13:35:38] INFO     继电器执行 -> ON
[2026-04-17 13:35:40] INFO     捕获目标指令: voice_msgnum:9
[2026-04-17 13:35:40] INFO     状态维稳，保持闭合 3.0s
[2026-04-17 13:35:43] INFO     继电器 OFF (切断充电)
[2026-04-17 13:35:43] INFO     继电器执行 -> OFF
[2026-04-17 13:35:43] INFO     物理断电静置 10.0s (等待BMS状态机完全复位)
[2026-04-17 13:35:53] INFO     【结论】 [PASS] 成功关键字: voice_msgnum:9
[2026-04-17 13:35:53] INFO     统计 -> 成功: 211 | 失败: 161 | 异常: 0 | 成功率: 56.7%
[2026-04-17 13:35:53] INFO     
-------------------- 第 373 轮 | 最大监听: 10.0s --------------------
[2026-04-17 13:35:53] INFO     继电器 ON (开始充电)
[2026-04-17 13:35:53] INFO     继电器执行 -> ON
[2026-04-17 13:35:55] INFO     捕获目标指令: voice_msgnum:9
[2026-04-17 13:35:55] INFO     状态维稳，保持闭合 3.0s
[2026-04-17 13:35:58] INFO     继电器 OFF (切断充电)
[2026-04-17 13:35:58] INFO     继电器执行 -> OFF
[2026-04-17 13:35:58] INFO     物理断电静置 10.0s (等待BMS状态机完全复位)
[2026-04-17 13:36:08] INFO     【结论】 [PASS] 成功关键字: voice_msgnum:9
[2026-04-17 13:36:08] INFO     统计 -> 成功: 212 | 失败: 161 | 异常: 0 | 成功率: 56.8%
[2026-04-17 13:36:08] INFO     
-------------------- 第 374 轮 | 最大监听: 10.0s --------------------
[2026-04-17 13:36:08] INFO     继电器 ON (开始充电)
[2026-04-17 13:36:08] INFO     继电器执行 -> ON
[2026-04-17 13:36:09] INFO     捕获目标指令: voice_msgnum:9
[2026-04-17 13:36:09] INFO     状态维稳，保持闭合 3.0s
[2026-04-17 13:36:12] INFO     继电器 OFF (切断充电)
[2026-04-17 13:36:13] INFO     继电器执行 -> OFF
[2026-04-17 13:36:13] INFO     物理断电静置 10.0s (等待BMS状态机完全复位)
[2026-04-17 13:36:23] INFO     【结论】 [PASS] 成功关键字: voice_msgnum:9
[2026-04-17 13:36:23] INFO     统计 -> 成功: 213 | 失败: 161 | 异常: 0 | 成功率: 57.0%
[2026-04-17 13:36:23] INFO     
-------------------- 第 375 轮 | 最大监听: 10.0s --------------------
[2026-04-17 13:36:23] INFO     继电器 ON (开始充电)
[2026-04-17 13:36:23] INFO     继电器执行 -> ON
[2026-04-17 13:36:30] INFO     捕获目标指令: voice_msgnum:9
[2026-04-17 13:36:30] INFO     状态维稳，保持闭合 3.0s
[2026-04-17 13:36:33] INFO     继电器 OFF (切断充电)
[2026-04-17 13:36:33] INFO     继电器执行 -> OFF
[2026-04-17 13:36:33] INFO     物理断电静置 10.0s (等待BMS状态机完全复位)
[2026-04-17 13:36:43] INFO     【结论】 [PASS] 成功关键字: voice_msgnum:9
[2026-04-17 13:36:43] INFO     统计 -> 成功: 214 | 失败: 161 | 异常: 0 | 成功率: 57.1%
[2026-04-17 13:36:43] INFO     
-------------------- 第 376 轮 | 最大监听: 10.0s --------------------
[2026-04-17 13:36:43] INFO     继电器 ON (开始充电)
[2026-04-17 13:36:43] INFO     继电器执行 -> ON
[2026-04-17 13:36:45] INFO     捕获目标指令: voice_msgnum:9
[2026-04-17 13:36:45] INFO     状态维稳，保持闭合 3.0s
[2026-04-17 13:36:48] INFO     继电器 OFF (切断充电)
[2026-04-17 13:36:48] INFO     继电器执行 -> OFF
[2026-04-17 13:36:48] INFO     物理断电静置 10.0s (等待BMS状态机完全复位)
[2026-04-17 13:36:58] INFO     【结论】 [PASS] 成功关键字: voice_msgnum:9
[2026-04-17 13:36:58] INFO     统计 -> 成功: 215 | 失败: 161 | 异常: 0 | 成功率: 57.2%
[2026-04-17 13:36:58] INFO     
-------------------- 第 377 轮 | 最大监听: 10.0s --------------------
[2026-04-17 13:36:58] INFO     继电器 ON (开始充电)
[2026-04-17 13:36:58] INFO     继电器执行 -> ON
[2026-04-17 13:36:59] INFO     捕获目标指令: voice_msgnum:9
[2026-04-17 13:36:59] INFO     状态维稳，保持闭合 3.0s
[2026-04-17 13:37:02] INFO     继电器 OFF (切断充电)
[2026-04-17 13:37:03] INFO     继电器执行 -> OFF
[2026-04-17 13:37:03] INFO     物理断电静置 10.0s (等待BMS状态机完全复位)
[2026-04-17 13:37:13] INFO     【结论】 [PASS] 成功关键字: voice_msgnum:9
[2026-04-17 13:37:13] INFO     统计 -> 成功: 216 | 失败: 161 | 异常: 0 | 成功率: 57.3%
[2026-04-17 13:37:13] INFO     
-------------------- 第 378 轮 | 最大监听: 10.0s --------------------
[2026-04-17 13:37:13] INFO     继电器 ON (开始充电)
[2026-04-17 13:37:13] INFO     继电器执行 -> ON
[2026-04-17 13:37:14] INFO     捕获目标指令: voice_msgnum:9
[2026-04-17 13:37:14] INFO     状态维稳，保持闭合 3.0s
[2026-04-17 13:37:17] INFO     继电器 OFF (切断充电)
[2026-04-17 13:37:17] INFO     继电器执行 -> OFF
[2026-04-17 13:37:17] INFO     物理断电静置 10.0s (等待BMS状态机完全复位)
[2026-04-17 13:37:27] INFO     【结论】 [PASS] 成功关键字: voice_msgnum:9
[2026-04-17 13:37:27] INFO     统计 -> 成功: 217 | 失败: 161 | 异常: 0 | 成功率: 57.4%
[2026-04-17 13:37:27] INFO     
-------------------- 第 379 轮 | 最大监听: 10.0s --------------------
[2026-04-17 13:37:27] INFO     继电器 ON (开始充电)
[2026-04-17 13:37:27] INFO     继电器执行 -> ON
[2026-04-17 13:37:29] INFO     捕获目标指令: voice_msgnum:9
[2026-04-17 13:37:29] INFO     状态维稳，保持闭合 3.0s
[2026-04-17 13:37:32] INFO     继电器 OFF (切断充电)
[2026-04-17 13:37:32] INFO     继电器执行 -> OFF
[2026-04-17 13:37:32] INFO     物理断电静置 10.0s (等待BMS状态机完全复位)
[2026-04-17 13:37:42] INFO     【结论】 [PASS] 成功关键字: voice_msgnum:9
[2026-04-17 13:37:42] INFO     统计 -> 成功: 218 | 失败: 161 | 异常: 0 | 成功率: 57.5%
[2026-04-17 13:37:42] INFO     
-------------------- 第 380 轮 | 最大监听: 10.0s --------------------
[2026-04-17 13:37:42] INFO     继电器 ON (开始充电)
[2026-04-17 13:37:42] INFO     继电器执行 -> ON
[2026-04-17 13:37:44] INFO     捕获目标指令: voice_msgnum:9
[2026-04-17 13:37:44] INFO     状态维稳，保持闭合 3.0s
[2026-04-17 13:37:47] INFO     继电器 OFF (切断充电)
[2026-04-17 13:37:47] INFO     继电器执行 -> OFF
[2026-04-17 13:37:47] INFO     物理断电静置 10.0s (等待BMS状态机完全复位)
[2026-04-17 13:37:57] INFO     【结论】 [PASS] 成功关键字: voice_msgnum:9
[2026-04-17 13:37:57] INFO     统计 -> 成功: 219 | 失败: 161 | 异常: 0 | 成功率: 57.6%
[2026-04-17 13:37:57] INFO     
-------------------- 第 381 轮 | 最大监听: 10.0s --------------------
[2026-04-17 13:37:57] INFO     继电器 ON (开始充电)
[2026-04-17 13:37:57] INFO     继电器执行 -> ON
[2026-04-17 13:38:07] INFO     继电器 OFF (切断充电)
[2026-04-17 13:38:07] INFO     继电器执行 -> OFF
[2026-04-17 13:38:07] INFO     物理断电静置 10.0s (等待BMS状态机完全复位)
[2026-04-17 13:38:17] WARNING  【结论】 [FAIL] 超时未检测到成功关键字
[2026-04-17 13:38:17] INFO     统计 -> 成功: 219 | 失败: 162 | 异常: 0 | 成功率: 57.5%
[2026-04-17 13:38:17] INFO     
-------------------- 第 382 轮 | 最大监听: 10.0s --------------------
[2026-04-17 13:38:17] INFO     继电器 ON (开始充电)
[2026-04-17 13:38:17] INFO     继电器执行 -> ON
[2026-04-17 13:38:21] INFO     捕获目标指令: voice_msgnum:9
[2026-04-17 13:38:21] INFO     状态维稳，保持闭合 3.0s
[2026-04-17 13:38:24] INFO     继电器 OFF (切断充电)
[2026-04-17 13:38:25] INFO     继电器执行 -> OFF
[2026-04-17 13:38:25] INFO     物理断电静置 10.0s (等待BMS状态机完全复位)
[2026-04-17 13:38:35] INFO     【结论】 [PASS] 成功关键字: voice_msgnum:9
[2026-04-17 13:38:35] INFO     统计 -> 成功: 220 | 失败: 162 | 异常: 0 | 成功率: 57.6%
[2026-04-17 13:38:35] INFO     
-------------------- 第 383 轮 | 最大监听: 10.0s --------------------
[2026-04-17 13:38:35] INFO     继电器 ON (开始充电)
[2026-04-17 13:38:35] INFO     继电器执行 -> ON
[2026-04-17 13:38:36] INFO     捕获目标指令: voice_msgnum:9
[2026-04-17 13:38:36] INFO     状态维稳，保持闭合 3.0s
[2026-04-17 13:38:39] INFO     继电器 OFF (切断充电)
[2026-04-17 13:38:39] INFO     继电器执行 -> OFF
[2026-04-17 13:38:39] INFO     物理断电静置 10.0s (等待BMS状态机完全复位)
[2026-04-17 13:38:49] INFO     【结论】 [PASS] 成功关键字: voice_msgnum:9
[2026-04-17 13:38:49] INFO     统计 -> 成功: 221 | 失败: 162 | 异常: 0 | 成功率: 57.7%
[2026-04-17 13:38:49] INFO     
-------------------- 第 384 轮 | 最大监听: 10.0s --------------------
[2026-04-17 13:38:49] INFO     继电器 ON (开始充电)
[2026-04-17 13:38:49] INFO     继电器执行 -> ON
[2026-04-17 13:38:57] INFO     捕获目标指令: voice_msgnum:9
[2026-04-17 13:38:57] INFO     状态维稳，保持闭合 3.0s
[2026-04-17 13:39:00] INFO     继电器 OFF (切断充电)
[2026-04-17 13:39:00] INFO     继电器执行 -> OFF
[2026-04-17 13:39:00] INFO     物理断电静置 10.0s (等待BMS状态机完全复位)
[2026-04-17 13:39:10] INFO     【结论】 [PASS] 成功关键字: voice_msgnum:9
[2026-04-17 13:39:10] INFO     统计 -> 成功: 222 | 失败: 162 | 异常: 0 | 成功率: 57.8%
[2026-04-17 13:39:10] INFO     
-------------------- 第 385 轮 | 最大监听: 10.0s --------------------
[2026-04-17 13:39:10] INFO     继电器 ON (开始充电)
[2026-04-17 13:39:10] INFO     继电器执行 -> ON
[2026-04-17 13:39:11] INFO     捕获目标指令: voice_msgnum:9
[2026-04-17 13:39:11] INFO     状态维稳，保持闭合 3.0s
[2026-04-17 13:39:14] INFO     继电器 OFF (切断充电)
[2026-04-17 13:39:14] INFO     继电器执行 -> OFF
[2026-04-17 13:39:14] INFO     物理断电静置 10.0s (等待BMS状态机完全复位)
[2026-04-17 13:39:24] INFO     【结论】 [PASS] 成功关键字: voice_msgnum:9
[2026-04-17 13:39:24] INFO     统计 -> 成功: 223 | 失败: 162 | 异常: 0 | 成功率: 57.9%
[2026-04-17 13:39:24] INFO     
-------------------- 第 386 轮 | 最大监听: 10.0s --------------------
[2026-04-17 13:39:24] INFO     继电器 ON (开始充电)
[2026-04-17 13:39:25] INFO     继电器执行 -> ON
[2026-04-17 13:39:26] INFO     捕获目标指令: voice_msgnum:9
[2026-04-17 13:39:26] INFO     状态维稳，保持闭合 3.0s
[2026-04-17 13:39:29] INFO     继电器 OFF (切断充电)
[2026-04-17 13:39:29] INFO     继电器执行 -> OFF
[2026-04-17 13:39:29] INFO     物理断电静置 10.0s (等待BMS状态机完全复位)
[2026-04-17 13:39:39] INFO     【结论】 [PASS] 成功关键字: voice_msgnum:9
[2026-04-17 13:39:39] INFO     统计 -> 成功: 224 | 失败: 162 | 异常: 0 | 成功率: 58.0%
[2026-04-17 13:39:39] INFO     
-------------------- 第 387 轮 | 最大监听: 10.0s --------------------
[2026-04-17 13:39:39] INFO     继电器 ON (开始充电)
[2026-04-17 13:39:39] INFO     继电器执行 -> ON
[2026-04-17 13:39:43] INFO     捕获目标指令: voice_msgnum:9
[2026-04-17 13:39:43] INFO     状态维稳，保持闭合 3.0s
[2026-04-17 13:39:46] INFO     继电器 OFF (切断充电)
[2026-04-17 13:39:46] INFO     继电器执行 -> OFF
[2026-04-17 13:39:46] INFO     物理断电静置 10.0s (等待BMS状态机完全复位)
[2026-04-17 13:39:56] INFO     【结论】 [PASS] 成功关键字: voice_msgnum:9
[2026-04-17 13:39:56] INFO     统计 -> 成功: 225 | 失败: 162 | 异常: 0 | 成功率: 58.1%
[2026-04-17 13:39:56] INFO     
-------------------- 第 388 轮 | 最大监听: 10.0s --------------------
[2026-04-17 13:39:56] INFO     继电器 ON (开始充电)
[2026-04-17 13:39:56] INFO     继电器执行 -> ON
[2026-04-17 13:40:06] INFO     继电器 OFF (切断充电)
[2026-04-17 13:40:07] INFO     继电器执行 -> OFF
[2026-04-17 13:40:07] INFO     物理断电静置 10.0s (等待BMS状态机完全复位)
[2026-04-17 13:40:17] WARNING  【结论】 [FAIL] 超时未检测到成功关键字
[2026-04-17 13:40:17] INFO     统计 -> 成功: 225 | 失败: 163 | 异常: 0 | 成功率: 58.0%
[2026-04-17 13:40:17] INFO     
-------------------- 第 389 轮 | 最大监听: 10.0s --------------------
[2026-04-17 13:40:17] INFO     继电器 ON (开始充电)
[2026-04-17 13:40:17] INFO     继电器执行 -> ON
[2026-04-17 13:40:27] INFO     继电器 OFF (切断充电)
[2026-04-17 13:40:27] INFO     继电器执行 -> OFF
[2026-04-17 13:40:27] INFO     物理断电静置 10.0s (等待BMS状态机完全复位)
[2026-04-17 13:40:37] WARNING  【结论】 [FAIL] 超时未检测到成功关键字
[2026-04-17 13:40:37] INFO     统计 -> 成功: 225 | 失败: 164 | 异常: 0 | 成功率: 57.8%
[2026-04-17 13:40:37] INFO     
-------------------- 第 390 轮 | 最大监听: 10.0s --------------------
[2026-04-17 13:40:37] INFO     继电器 ON (开始充电)
[2026-04-17 13:40:37] INFO     继电器执行 -> ON
[2026-04-17 13:40:41] INFO     捕获目标指令: voice_msgnum:9
[2026-04-17 13:40:41] INFO     状态维稳，保持闭合 3.0s
[2026-04-17 13:40:44] INFO     继电器 OFF (切断充电)
[2026-04-17 13:40:44] INFO     继电器执行 -> OFF
[2026-04-17 13:40:44] INFO     物理断电静置 10.0s (等待BMS状态机完全复位)
[2026-04-17 13:40:54] INFO     【结论】 [PASS] 成功关键字: voice_msgnum:9
[2026-04-17 13:40:54] INFO     统计 -> 成功: 226 | 失败: 164 | 异常: 0 | 成功率: 57.9%
[2026-04-17 13:40:54] INFO     
-------------------- 第 391 轮 | 最大监听: 10.0s --------------------
[2026-04-17 13:40:54] INFO     继电器 ON (开始充电)
[2026-04-17 13:40:54] INFO     继电器执行 -> ON
[2026-04-17 13:40:56] INFO     捕获目标指令: voice_msgnum:9
[2026-04-17 13:40:56] INFO     状态维稳，保持闭合 3.0s
[2026-04-17 13:40:59] INFO     继电器 OFF (切断充电)
[2026-04-17 13:40:59] INFO     继电器执行 -> OFF
[2026-04-17 13:40:59] INFO     物理断电静置 10.0s (等待BMS状态机完全复位)
[2026-04-17 13:41:09] INFO     【结论】 [PASS] 成功关键字: voice_msgnum:9
[2026-04-17 13:41:09] INFO     统计 -> 成功: 227 | 失败: 164 | 异常: 0 | 成功率: 58.1%
[2026-04-17 13:41:09] INFO     
-------------------- 第 392 轮 | 最大监听: 10.0s --------------------
[2026-04-17 13:41:09] INFO     继电器 ON (开始充电)
[2026-04-17 13:41:09] INFO     继电器执行 -> ON
[2026-04-17 13:41:19] INFO     继电器 OFF (切断充电)
[2026-04-17 13:41:19] INFO     继电器执行 -> OFF
[2026-04-17 13:41:19] INFO     物理断电静置 10.0s (等待BMS状态机完全复位)
[2026-04-17 13:41:29] WARNING  【结论】 [FAIL] 超时未检测到成功关键字
[2026-04-17 13:41:29] INFO     统计 -> 成功: 227 | 失败: 165 | 异常: 0 | 成功率: 57.9%
[2026-04-17 13:41:29] INFO     
-------------------- 第 393 轮 | 最大监听: 10.0s --------------------
[2026-04-17 13:41:29] INFO     继电器 ON (开始充电)
[2026-04-17 13:41:29] INFO     继电器执行 -> ON
[2026-04-17 13:41:31] INFO     捕获目标指令: voice_msgnum:9
[2026-04-17 13:41:31] INFO     状态维稳，保持闭合 3.0s
[2026-04-17 13:41:34] INFO     继电器 OFF (切断充电)
[2026-04-17 13:41:34] INFO     继电器执行 -> OFF
[2026-04-17 13:41:34] INFO     物理断电静置 10.0s (等待BMS状态机完全复位)
[2026-04-17 13:41:44] INFO     【结论】 [PASS] 成功关键字: voice_msgnum:9
[2026-04-17 13:41:44] INFO     统计 -> 成功: 228 | 失败: 165 | 异常: 0 | 成功率: 58.0%
[2026-04-17 13:41:44] INFO     
-------------------- 第 394 轮 | 最大监听: 10.0s --------------------
[2026-04-17 13:41:44] INFO     继电器 ON (开始充电)
[2026-04-17 13:41:44] INFO     继电器执行 -> ON
[2026-04-17 13:41:46] INFO     捕获目标指令: voice_msgnum:9
[2026-04-17 13:41:46] INFO     状态维稳，保持闭合 3.0s
[2026-04-17 13:41:49] INFO     继电器 OFF (切断充电)
[2026-04-17 13:41:49] INFO     继电器执行 -> OFF
[2026-04-17 13:41:49] INFO     物理断电静置 10.0s (等待BMS状态机完全复位)
[2026-04-17 13:41:59] INFO     【结论】 [PASS] 成功关键字: voice_msgnum:9
[2026-04-17 13:41:59] INFO     统计 -> 成功: 229 | 失败: 165 | 异常: 0 | 成功率: 58.1%
[2026-04-17 13:41:59] INFO     
-------------------- 第 395 轮 | 最大监听: 10.0s --------------------
[2026-04-17 13:41:59] INFO     继电器 ON (开始充电)
[2026-04-17 13:41:59] INFO     继电器执行 -> ON
[2026-04-17 13:42:00] INFO     捕获目标指令: voice_msgnum:9
[2026-04-17 13:42:00] INFO     状态维稳，保持闭合 3.0s
[2026-04-17 13:42:03] INFO     继电器 OFF (切断充电)
[2026-04-17 13:42:03] INFO     继电器执行 -> OFF
[2026-04-17 13:42:03] INFO     物理断电静置 10.0s (等待BMS状态机完全复位)
[2026-04-17 13:42:14] INFO     【结论】 [PASS] 成功关键字: voice_msgnum:9
[2026-04-17 13:42:14] INFO     统计 -> 成功: 230 | 失败: 165 | 异常: 0 | 成功率: 58.2%
[2026-04-17 13:42:14] INFO     
-------------------- 第 396 轮 | 最大监听: 10.0s --------------------
[2026-04-17 13:42:14] INFO     继电器 ON (开始充电)
[2026-04-17 13:42:14] INFO     继电器执行 -> ON
[2026-04-17 13:42:15] INFO     捕获目标指令: voice_msgnum:9
[2026-04-17 13:42:15] INFO     状态维稳，保持闭合 3.0s
[2026-04-17 13:42:18] INFO     继电器 OFF (切断充电)
[2026-04-17 13:42:18] INFO     继电器执行 -> OFF
[2026-04-17 13:42:18] INFO     物理断电静置 10.0s (等待BMS状态机完全复位)
[2026-04-17 13:42:28] INFO     【结论】 [PASS] 成功关键字: voice_msgnum:9
[2026-04-17 13:42:28] INFO     统计 -> 成功: 231 | 失败: 165 | 异常: 0 | 成功率: 58.3%
[2026-04-17 13:42:28] INFO     
-------------------- 第 397 轮 | 最大监听: 10.0s --------------------
[2026-04-17 13:42:28] INFO     继电器 ON (开始充电)
[2026-04-17 13:42:28] INFO     继电器执行 -> ON
[2026-04-17 13:42:38] INFO     继电器 OFF (切断充电)
[2026-04-17 13:42:38] INFO     继电器执行 -> OFF
[2026-04-17 13:42:38] INFO     物理断电静置 10.0s (等待BMS状态机完全复位)
[2026-04-17 13:42:48] WARNING  【结论】 [FAIL] 超时未检测到成功关键字
[2026-04-17 13:42:48] INFO     统计 -> 成功: 231 | 失败: 166 | 异常: 0 | 成功率: 58.2%
[2026-04-17 13:42:48] INFO     
-------------------- 第 398 轮 | 最大监听: 10.0s --------------------
[2026-04-17 13:42:48] INFO     继电器 ON (开始充电)
[2026-04-17 13:42:48] INFO     继电器执行 -> ON
[2026-04-17 13:42:50] INFO     捕获目标指令: voice_msgnum:9
[2026-04-17 13:42:50] INFO     状态维稳，保持闭合 3.0s
[2026-04-17 13:42:53] INFO     继电器 OFF (切断充电)
[2026-04-17 13:42:53] INFO     继电器执行 -> OFF
[2026-04-17 13:42:53] INFO     物理断电静置 10.0s (等待BMS状态机完全复位)
[2026-04-17 13:43:03] INFO     【结论】 [PASS] 成功关键字: voice_msgnum:9
[2026-04-17 13:43:03] INFO     统计 -> 成功: 232 | 失败: 166 | 异常: 0 | 成功率: 58.3%
[2026-04-17 13:43:03] INFO     
-------------------- 第 399 轮 | 最大监听: 10.0s --------------------
[2026-04-17 13:43:03] INFO     继电器 ON (开始充电)
[2026-04-17 13:43:03] INFO     继电器执行 -> ON
[2026-04-17 13:43:13] INFO     继电器 OFF (切断充电)
[2026-04-17 13:43:13] INFO     继电器执行 -> OFF
[2026-04-17 13:43:13] INFO     物理断电静置 10.0s (等待BMS状态机完全复位)
[2026-04-17 13:43:23] WARNING  【结论】 [FAIL] 超时未检测到成功关键字
[2026-04-17 13:43:23] INFO     统计 -> 成功: 232 | 失败: 167 | 异常: 0 | 成功率: 58.1%
[2026-04-17 13:43:23] INFO     
-------------------- 第 400 轮 | 最大监听: 10.0s --------------------
[2026-04-17 13:43:23] INFO     继电器 ON (开始充电)
[2026-04-17 13:43:23] INFO     继电器执行 -> ON
[2026-04-17 13:43:25] INFO     捕获目标指令: voice_msgnum:9
[2026-04-17 13:43:25] INFO     状态维稳，保持闭合 3.0s
[2026-04-17 13:43:28] INFO     继电器 OFF (切断充电)
[2026-04-17 13:43:28] INFO     继电器执行 -> OFF
[2026-04-17 13:43:28] INFO     物理断电静置 10.0s (等待BMS状态机完全复位)
[2026-04-17 13:43:38] INFO     【结论】 [PASS] 成功关键字: voice_msgnum:9
[2026-04-17 13:43:38] INFO     统计 -> 成功: 233 | 失败: 167 | 异常: 0 | 成功率: 58.2%
[2026-04-17 13:43:38] INFO     
-------------------- 第 401 轮 | 最大监听: 10.0s --------------------
[2026-04-17 13:43:38] INFO     继电器 ON (开始充电)
[2026-04-17 13:43:38] INFO     继电器执行 -> ON
[2026-04-17 13:43:40] INFO     捕获目标指令: voice_msgnum:9
[2026-04-17 13:43:40] INFO     状态维稳，保持闭合 3.0s
[2026-04-17 13:43:43] INFO     继电器 OFF (切断充电)
[2026-04-17 13:43:43] INFO     继电器执行 -> OFF
[2026-04-17 13:43:43] INFO     物理断电静置 10.0s (等待BMS状态机完全复位)
[2026-04-17 13:43:53] INFO     【结论】 [PASS] 成功关键字: voice_msgnum:9
[2026-04-17 13:43:53] INFO     统计 -> 成功: 234 | 失败: 167 | 异常: 0 | 成功率: 58.4%
[2026-04-17 13:43:53] INFO     
-------------------- 第 402 轮 | 最大监听: 10.0s --------------------
[2026-04-17 13:43:53] INFO     继电器 ON (开始充电)
[2026-04-17 13:43:53] INFO     继电器执行 -> ON
[2026-04-17 13:43:55] INFO     捕获目标指令: voice_msgnum:9
[2026-04-17 13:43:55] INFO     状态维稳，保持闭合 3.0s
[2026-04-17 13:43:58] INFO     继电器 OFF (切断充电)
[2026-04-17 13:43:58] INFO     继电器执行 -> OFF
[2026-04-17 13:43:58] INFO     物理断电静置 10.0s (等待BMS状态机完全复位)
[2026-04-17 13:44:08] INFO     【结论】 [PASS] 成功关键字: voice_msgnum:9
[2026-04-17 13:44:08] INFO     统计 -> 成功: 235 | 失败: 167 | 异常: 0 | 成功率: 58.5%
[2026-04-17 13:44:08] INFO     
-------------------- 第 403 轮 | 最大监听: 10.0s --------------------
[2026-04-17 13:44:08] INFO     继电器 ON (开始充电)
[2026-04-17 13:44:08] INFO     继电器执行 -> ON
[2026-04-17 13:44:10] INFO     捕获目标指令: voice_msgnum:9
[2026-04-17 13:44:10] INFO     状态维稳，保持闭合 3.0s
[2026-04-17 13:44:13] INFO     继电器 OFF (切断充电)
[2026-04-17 13:44:13] INFO     继电器执行 -> OFF
[2026-04-17 13:44:13] INFO     物理断电静置 10.0s (等待BMS状态机完全复位)
[2026-04-17 13:44:23] INFO     【结论】 [PASS] 成功关键字: voice_msgnum:9
[2026-04-17 13:44:23] INFO     统计 -> 成功: 236 | 失败: 167 | 异常: 0 | 成功率: 58.6%
[2026-04-17 13:44:23] INFO     
-------------------- 第 404 轮 | 最大监听: 10.0s --------------------
[2026-04-17 13:44:23] INFO     继电器 ON (开始充电)
[2026-04-17 13:44:23] INFO     继电器执行 -> ON
[2026-04-17 13:44:33] INFO     继电器 OFF (切断充电)
[2026-04-17 13:44:33] INFO     继电器执行 -> OFF
[2026-04-17 13:44:33] INFO     物理断电静置 10.0s (等待BMS状态机完全复位)
[2026-04-17 13:44:43] WARNING  【结论】 [FAIL] 超时未检测到成功关键字
[2026-04-17 13:44:43] INFO     统计 -> 成功: 236 | 失败: 168 | 异常: 0 | 成功率: 58.4%
[2026-04-17 13:44:43] INFO     
-------------------- 第 405 轮 | 最大监听: 10.0s --------------------
[2026-04-17 13:44:43] INFO     继电器 ON (开始充电)
[2026-04-17 13:44:43] INFO     继电器执行 -> ON
[2026-04-17 13:44:44] INFO     捕获目标指令: voice_msgnum:9
[2026-04-17 13:44:44] INFO     状态维稳，保持闭合 3.0s
[2026-04-17 13:44:47] INFO     继电器 OFF (切断充电)
[2026-04-17 13:44:47] INFO     继电器执行 -> OFF
[2026-04-17 13:44:47] INFO     物理断电静置 10.0s (等待BMS状态机完全复位)
[2026-04-17 13:44:57] INFO     【结论】 [PASS] 成功关键字: voice_msgnum:9
[2026-04-17 13:44:57] INFO     统计 -> 成功: 237 | 失败: 168 | 异常: 0 | 成功率: 58.5%
[2026-04-17 13:44:57] INFO     
-------------------- 第 406 轮 | 最大监听: 10.0s --------------------
[2026-04-17 13:44:57] INFO     继电器 ON (开始充电)
[2026-04-17 13:44:57] INFO     继电器执行 -> ON
[2026-04-17 13:45:07] INFO     继电器 OFF (切断充电)
[2026-04-17 13:45:08] INFO     继电器执行 -> OFF
[2026-04-17 13:45:08] INFO     物理断电静置 10.0s (等待BMS状态机完全复位)
[2026-04-17 13:45:18] WARNING  【结论】 [FAIL] 超时未检测到成功关键字
[2026-04-17 13:45:18] INFO     统计 -> 成功: 237 | 失败: 169 | 异常: 0 | 成功率: 58.4%
[2026-04-17 13:45:18] INFO     
-------------------- 第 407 轮 | 最大监听: 10.0s --------------------
[2026-04-17 13:45:18] INFO     继电器 ON (开始充电)
[2026-04-17 13:45:18] INFO     继电器执行 -> ON
[2026-04-17 13:45:25] INFO     捕获目标指令: voice_msgnum:9
[2026-04-17 13:45:25] INFO     状态维稳，保持闭合 3.0s
[2026-04-17 13:45:28] INFO     继电器 OFF (切断充电)
[2026-04-17 13:45:28] INFO     继电器执行 -> OFF
[2026-04-17 13:45:28] INFO     物理断电静置 10.0s (等待BMS状态机完全复位)
[2026-04-17 13:45:38] INFO     【结论】 [PASS] 成功关键字: voice_msgnum:9
[2026-04-17 13:45:38] INFO     统计 -> 成功: 238 | 失败: 169 | 异常: 0 | 成功率: 58.5%
[2026-04-17 13:45:38] INFO     
-------------------- 第 408 轮 | 最大监听: 10.0s --------------------
[2026-04-17 13:45:38] INFO     继电器 ON (开始充电)
[2026-04-17 13:45:38] INFO     继电器执行 -> ON
[2026-04-17 13:45:40] INFO     捕获目标指令: voice_msgnum:9
[2026-04-17 13:45:40] INFO     状态维稳，保持闭合 3.0s
[2026-04-17 13:45:43] INFO     继电器 OFF (切断充电)
[2026-04-17 13:45:43] INFO     继电器执行 -> OFF
[2026-04-17 13:45:43] INFO     物理断电静置 10.0s (等待BMS状态机完全复位)
[2026-04-17 13:45:53] INFO     【结论】 [PASS] 成功关键字: voice_msgnum:9
[2026-04-17 13:45:53] INFO     统计 -> 成功: 239 | 失败: 169 | 异常: 0 | 成功率: 58.6%
[2026-04-17 13:45:53] INFO     
-------------------- 第 409 轮 | 最大监听: 10.0s --------------------
[2026-04-17 13:45:53] INFO     继电器 ON (开始充电)
[2026-04-17 13:45:53] INFO     继电器执行 -> ON
[2026-04-17 13:46:03] INFO     继电器 OFF (切断充电)
[2026-04-17 13:46:03] INFO     继电器执行 -> OFF
[2026-04-17 13:46:03] INFO     物理断电静置 10.0s (等待BMS状态机完全复位)
[2026-04-17 13:46:13] WARNING  【结论】 [FAIL] 超时未检测到成功关键字
[2026-04-17 13:46:13] INFO     统计 -> 成功: 239 | 失败: 170 | 异常: 0 | 成功率: 58.4%
[2026-04-17 13:46:13] INFO     
-------------------- 第 410 轮 | 最大监听: 10.0s --------------------
[2026-04-17 13:46:13] INFO     继电器 ON (开始充电)
[2026-04-17 13:46:13] INFO     继电器执行 -> ON
[2026-04-17 13:46:15] INFO     捕获目标指令: voice_msgnum:9
[2026-04-17 13:46:15] INFO     状态维稳，保持闭合 3.0s
[2026-04-17 13:46:18] INFO     继电器 OFF (切断充电)
[2026-04-17 13:46:18] INFO     继电器执行 -> OFF
[2026-04-17 13:46:18] INFO     物理断电静置 10.0s (等待BMS状态机完全复位)
[2026-04-17 13:46:28] INFO     【结论】 [PASS] 成功关键字: voice_msgnum:9
[2026-04-17 13:46:28] INFO     统计 -> 成功: 240 | 失败: 170 | 异常: 0 | 成功率: 58.5%
[2026-04-17 13:46:28] INFO     
-------------------- 第 411 轮 | 最大监听: 10.0s --------------------
[2026-04-17 13:46:28] INFO     继电器 ON (开始充电)
[2026-04-17 13:46:28] INFO     继电器执行 -> ON
[2026-04-17 13:46:38] INFO     继电器 OFF (切断充电)
[2026-04-17 13:46:38] INFO     继电器执行 -> OFF
[2026-04-17 13:46:38] INFO     物理断电静置 10.0s (等待BMS状态机完全复位)
[2026-04-17 13:46:48] WARNING  【结论】 [FAIL] 超时未检测到成功关键字
[2026-04-17 13:46:48] INFO     统计 -> 成功: 240 | 失败: 171 | 异常: 0 | 成功率: 58.4%
[2026-04-17 13:46:48] INFO     
-------------------- 第 412 轮 | 最大监听: 10.0s --------------------
[2026-04-17 13:46:48] INFO     继电器 ON (开始充电)
[2026-04-17 13:46:48] INFO     继电器执行 -> ON
[2026-04-17 13:46:50] INFO     捕获目标指令: voice_msgnum:9
[2026-04-17 13:46:50] INFO     状态维稳，保持闭合 3.0s
[2026-04-17 13:46:53] INFO     继电器 OFF (切断充电)
[2026-04-17 13:46:53] INFO     继电器执行 -> OFF
[2026-04-17 13:46:53] INFO     物理断电静置 10.0s (等待BMS状态机完全复位)
[2026-04-17 13:47:03] INFO     【结论】 [PASS] 成功关键字: voice_msgnum:9
[2026-04-17 13:47:03] INFO     统计 -> 成功: 241 | 失败: 171 | 异常: 0 | 成功率: 58.5%
[2026-04-17 13:47:03] INFO     
-------------------- 第 413 轮 | 最大监听: 10.0s --------------------
[2026-04-17 13:47:03] INFO     继电器 ON (开始充电)
[2026-04-17 13:47:03] INFO     继电器执行 -> ON
[2026-04-17 13:47:10] INFO     捕获目标指令: voice_msgnum:9
[2026-04-17 13:47:10] INFO     状态维稳，保持闭合 3.0s
[2026-04-17 13:47:13] INFO     继电器 OFF (切断充电)
[2026-04-17 13:47:13] INFO     继电器执行 -> OFF
[2026-04-17 13:47:13] INFO     物理断电静置 10.0s (等待BMS状态机完全复位)
[2026-04-17 13:47:23] INFO     【结论】 [PASS] 成功关键字: voice_msgnum:9
[2026-04-17 13:47:23] INFO     统计 -> 成功: 242 | 失败: 171 | 异常: 0 | 成功率: 58.6%
[2026-04-17 13:47:23] INFO     
-------------------- 第 414 轮 | 最大监听: 10.0s --------------------
[2026-04-17 13:47:23] INFO     继电器 ON (开始充电)
[2026-04-17 13:47:23] INFO     继电器执行 -> ON
[2026-04-17 13:47:33] INFO     继电器 OFF (切断充电)
[2026-04-17 13:47:33] INFO     继电器执行 -> OFF
[2026-04-17 13:47:33] INFO     物理断电静置 10.0s (等待BMS状态机完全复位)
[2026-04-17 13:47:43] WARNING  【结论】 [FAIL] 超时未检测到成功关键字
[2026-04-17 13:47:43] INFO     统计 -> 成功: 242 | 失败: 172 | 异常: 0 | 成功率: 58.5%
[2026-04-17 13:47:43] INFO     
-------------------- 第 415 轮 | 最大监听: 10.0s --------------------
[2026-04-17 13:47:43] INFO     继电器 ON (开始充电)
[2026-04-17 13:47:43] INFO     继电器执行 -> ON
[2026-04-17 13:47:45] INFO     捕获目标指令: voice_msgnum:9
[2026-04-17 13:47:45] INFO     状态维稳，保持闭合 3.0s
[2026-04-17 13:47:48] INFO     继电器 OFF (切断充电)
[2026-04-17 13:47:48] INFO     继电器执行 -> OFF
[2026-04-17 13:47:48] INFO     物理断电静置 10.0s (等待BMS状态机完全复位)
[2026-04-17 13:47:58] INFO     【结论】 [PASS] 成功关键字: voice_msgnum:9
[2026-04-17 13:47:58] INFO     统计 -> 成功: 243 | 失败: 172 | 异常: 0 | 成功率: 58.6%
[2026-04-17 13:47:58] INFO     
-------------------- 第 416 轮 | 最大监听: 10.0s --------------------
[2026-04-17 13:47:58] INFO     继电器 ON (开始充电)
[2026-04-17 13:47:58] INFO     继电器执行 -> ON
[2026-04-17 13:48:08] INFO     继电器 OFF (切断充电)
[2026-04-17 13:48:08] INFO     继电器执行 -> OFF
[2026-04-17 13:48:08] INFO     物理断电静置 10.0s (等待BMS状态机完全复位)
[2026-04-17 13:48:18] WARNING  【结论】 [FAIL] 超时未检测到成功关键字
[2026-04-17 13:48:18] INFO     统计 -> 成功: 243 | 失败: 173 | 异常: 0 | 成功率: 58.4%
[2026-04-17 13:48:18] INFO     
-------------------- 第 417 轮 | 最大监听: 10.0s --------------------
[2026-04-17 13:48:18] INFO     继电器 ON (开始充电)
[2026-04-17 13:48:18] INFO     继电器执行 -> ON
[2026-04-17 13:48:20] INFO     捕获目标指令: voice_msgnum:9
[2026-04-17 13:48:20] INFO     状态维稳，保持闭合 3.0s
[2026-04-17 13:48:23] INFO     继电器 OFF (切断充电)
[2026-04-17 13:48:23] INFO     继电器执行 -> OFF
[2026-04-17 13:48:23] INFO     物理断电静置 10.0s (等待BMS状态机完全复位)
[2026-04-17 13:48:33] INFO     【结论】 [PASS] 成功关键字: voice_msgnum:9
[2026-04-17 13:48:33] INFO     统计 -> 成功: 244 | 失败: 173 | 异常: 0 | 成功率: 58.5%
[2026-04-17 13:48:33] INFO     
-------------------- 第 418 轮 | 最大监听: 10.0s --------------------
[2026-04-17 13:48:33] INFO     继电器 ON (开始充电)
[2026-04-17 13:48:33] INFO     继电器执行 -> ON
[2026-04-17 13:48:35] INFO     捕获目标指令: voice_msgnum:9
[2026-04-17 13:48:35] INFO     状态维稳，保持闭合 3.0s
[2026-04-17 13:48:38] INFO     继电器 OFF (切断充电)
[2026-04-17 13:48:38] INFO     继电器执行 -> OFF
[2026-04-17 13:48:38] INFO     物理断电静置 10.0s (等待BMS状态机完全复位)
[2026-04-17 13:48:48] INFO     【结论】 [PASS] 成功关键字: voice_msgnum:9
[2026-04-17 13:48:48] INFO     统计 -> 成功: 245 | 失败: 173 | 异常: 0 | 成功率: 58.6%
[2026-04-17 13:48:48] INFO     
-------------------- 第 419 轮 | 最大监听: 10.0s --------------------
[2026-04-17 13:48:48] INFO     继电器 ON (开始充电)
[2026-04-17 13:48:48] INFO     继电器执行 -> ON
[2026-04-17 13:48:58] INFO     继电器 OFF (切断充电)
[2026-04-17 13:48:58] INFO     继电器执行 -> OFF
[2026-04-17 13:48:58] INFO     物理断电静置 10.0s (等待BMS状态机完全复位)
[2026-04-17 13:49:08] WARNING  【结论】 [FAIL] 超时未检测到成功关键字
[2026-04-17 13:49:08] INFO     统计 -> 成功: 245 | 失败: 174 | 异常: 0 | 成功率: 58.5%
[2026-04-17 13:49:08] INFO     
-------------------- 第 420 轮 | 最大监听: 10.0s --------------------
[2026-04-17 13:49:08] INFO     继电器 ON (开始充电)
[2026-04-17 13:49:08] INFO     继电器执行 -> ON
[2026-04-17 13:49:10] INFO     捕获目标指令: voice_msgnum:9
[2026-04-17 13:49:10] INFO     状态维稳，保持闭合 3.0s
[2026-04-17 13:49:13] INFO     继电器 OFF (切断充电)
[2026-04-17 13:49:13] INFO     继电器执行 -> OFF
[2026-04-17 13:49:13] INFO     物理断电静置 10.0s (等待BMS状态机完全复位)
[2026-04-17 13:49:23] INFO     【结论】 [PASS] 成功关键字: voice_msgnum:9
[2026-04-17 13:49:23] INFO     统计 -> 成功: 246 | 失败: 174 | 异常: 0 | 成功率: 58.6%
[2026-04-17 13:49:23] INFO     
-------------------- 第 421 轮 | 最大监听: 10.0s --------------------
[2026-04-17 13:49:23] INFO     继电器 ON (开始充电)
[2026-04-17 13:49:23] INFO     继电器执行 -> ON
[2026-04-17 13:49:33] INFO     继电器 OFF (切断充电)
[2026-04-17 13:49:33] INFO     继电器执行 -> OFF
[2026-04-17 13:49:33] INFO     物理断电静置 10.0s (等待BMS状态机完全复位)
[2026-04-17 13:49:43] WARNING  【结论】 [FAIL] 超时未检测到成功关键字
[2026-04-17 13:49:43] INFO     统计 -> 成功: 246 | 失败: 175 | 异常: 0 | 成功率: 58.4%
[2026-04-17 13:49:43] INFO     
-------------------- 第 422 轮 | 最大监听: 10.0s --------------------
[2026-04-17 13:49:43] INFO     继电器 ON (开始充电)
[2026-04-17 13:49:43] INFO     继电器执行 -> ON
[2026-04-17 13:49:45] INFO     捕获目标指令: voice_msgnum:9
[2026-04-17 13:49:45] INFO     状态维稳，保持闭合 3.0s
[2026-04-17 13:49:48] INFO     继电器 OFF (切断充电)
[2026-04-17 13:49:48] INFO     继电器执行 -> OFF
[2026-04-17 13:49:48] INFO     物理断电静置 10.0s (等待BMS状态机完全复位)
[2026-04-17 13:49:58] INFO     【结论】 [PASS] 成功关键字: voice_msgnum:9
[2026-04-17 13:49:58] INFO     统计 -> 成功: 247 | 失败: 175 | 异常: 0 | 成功率: 58.5%
[2026-04-17 13:49:58] INFO     
-------------------- 第 423 轮 | 最大监听: 10.0s --------------------
[2026-04-17 13:49:58] INFO     继电器 ON (开始充电)
[2026-04-17 13:49:58] INFO     继电器执行 -> ON
[2026-04-17 13:50:00] INFO     捕获目标指令: voice_msgnum:9
[2026-04-17 13:50:00] INFO     状态维稳，保持闭合 3.0s
[2026-04-17 13:50:03] INFO     继电器 OFF (切断充电)
[2026-04-17 13:50:03] INFO     继电器执行 -> OFF
[2026-04-17 13:50:03] INFO     物理断电静置 10.0s (等待BMS状态机完全复位)
[2026-04-17 13:50:13] INFO     【结论】 [PASS] 成功关键字: voice_msgnum:9
[2026-04-17 13:50:13] INFO     统计 -> 成功: 248 | 失败: 175 | 异常: 0 | 成功率: 58.6%
[2026-04-17 13:50:13] INFO     
-------------------- 第 424 轮 | 最大监听: 10.0s --------------------
[2026-04-17 13:50:13] INFO     继电器 ON (开始充电)
[2026-04-17 13:50:13] INFO     继电器执行 -> ON
[2026-04-17 13:50:23] INFO     继电器 OFF (切断充电)
[2026-04-17 13:50:23] INFO     继电器执行 -> OFF
[2026-04-17 13:50:23] INFO     物理断电静置 10.0s (等待BMS状态机完全复位)
[2026-04-17 13:50:33] WARNING  【结论】 [FAIL] 超时未检测到成功关键字
[2026-04-17 13:50:33] INFO     统计 -> 成功: 248 | 失败: 176 | 异常: 0 | 成功率: 58.5%
[2026-04-17 13:50:33] INFO     
-------------------- 第 425 轮 | 最大监听: 10.0s --------------------
[2026-04-17 13:50:33] INFO     继电器 ON (开始充电)
[2026-04-17 13:50:33] INFO     继电器执行 -> ON
[2026-04-17 13:50:34] INFO     捕获目标指令: voice_msgnum:9
[2026-04-17 13:50:34] INFO     状态维稳，保持闭合 3.0s
[2026-04-17 13:50:37] INFO     继电器 OFF (切断充电)
[2026-04-17 13:50:38] INFO     继电器执行 -> OFF
[2026-04-17 13:50:38] INFO     物理断电静置 10.0s (等待BMS状态机完全复位)
[2026-04-17 13:50:48] INFO     【结论】 [PASS] 成功关键字: voice_msgnum:9
[2026-04-17 13:50:48] INFO     统计 -> 成功: 249 | 失败: 176 | 异常: 0 | 成功率: 58.6%
[2026-04-17 13:50:48] INFO     
-------------------- 第 426 轮 | 最大监听: 10.0s --------------------
[2026-04-17 13:50:48] INFO     继电器 ON (开始充电)
[2026-04-17 13:50:48] INFO     继电器执行 -> ON
[2026-04-17 13:50:49] INFO     捕获目标指令: voice_msgnum:9
[2026-04-17 13:50:49] INFO     状态维稳，保持闭合 3.0s
[2026-04-17 13:50:52] INFO     继电器 OFF (切断充电)
[2026-04-17 13:50:52] INFO     继电器执行 -> OFF
[2026-04-17 13:50:52] INFO     物理断电静置 10.0s (等待BMS状态机完全复位)
[2026-04-17 13:51:02] INFO     【结论】 [PASS] 成功关键字: voice_msgnum:9
[2026-04-17 13:51:02] INFO     统计 -> 成功: 250 | 失败: 176 | 异常: 0 | 成功率: 58.7%
[2026-04-17 13:51:02] INFO     
-------------------- 第 427 轮 | 最大监听: 10.0s --------------------
[2026-04-17 13:51:02] INFO     继电器 ON (开始充电)
[2026-04-17 13:51:02] INFO     继电器执行 -> ON
[2026-04-17 13:51:04] INFO     捕获目标指令: voice_msgnum:9
[2026-04-17 13:51:04] INFO     状态维稳，保持闭合 3.0s
[2026-04-17 13:51:07] INFO     继电器 OFF (切断充电)
[2026-04-17 13:51:07] INFO     继电器执行 -> OFF
[2026-04-17 13:51:07] INFO     物理断电静置 10.0s (等待BMS状态机完全复位)
[2026-04-17 13:51:17] INFO     【结论】 [PASS] 成功关键字: voice_msgnum:9
[2026-04-17 13:51:17] INFO     统计 -> 成功: 251 | 失败: 176 | 异常: 0 | 成功率: 58.8%
[2026-04-17 13:51:17] INFO     
-------------------- 第 428 轮 | 最大监听: 10.0s --------------------
[2026-04-17 13:51:17] INFO     继电器 ON (开始充电)
[2026-04-17 13:51:17] INFO     继电器执行 -> ON
[2026-04-17 13:51:19] INFO     捕获目标指令: voice_msgnum:9
[2026-04-17 13:51:19] INFO     状态维稳，保持闭合 3.0s
[2026-04-17 13:51:22] INFO     继电器 OFF (切断充电)
[2026-04-17 13:51:22] INFO     继电器执行 -> OFF
[2026-04-17 13:51:22] INFO     物理断电静置 10.0s (等待BMS状态机完全复位)
[2026-04-17 13:51:32] INFO     【结论】 [PASS] 成功关键字: voice_msgnum:9
[2026-04-17 13:51:32] INFO     统计 -> 成功: 252 | 失败: 176 | 异常: 0 | 成功率: 58.9%
[2026-04-17 13:51:32] INFO     
-------------------- 第 429 轮 | 最大监听: 10.0s --------------------
[2026-04-17 13:51:32] INFO     继电器 ON (开始充电)
[2026-04-17 13:51:32] INFO     继电器执行 -> ON
[2026-04-17 13:51:34] INFO     捕获目标指令: voice_msgnum:9
[2026-04-17 13:51:34] INFO     状态维稳，保持闭合 3.0s
[2026-04-17 13:51:37] INFO     继电器 OFF (切断充电)
[2026-04-17 13:51:37] INFO     继电器执行 -> OFF
[2026-04-17 13:51:37] INFO     物理断电静置 10.0s (等待BMS状态机完全复位)
[2026-04-17 13:51:47] INFO     【结论】 [PASS] 成功关键字: voice_msgnum:9
[2026-04-17 13:51:47] INFO     统计 -> 成功: 253 | 失败: 176 | 异常: 0 | 成功率: 59.0%
[2026-04-17 13:51:47] INFO     
-------------------- 第 430 轮 | 最大监听: 10.0s --------------------
[2026-04-17 13:51:47] INFO     继电器 ON (开始充电)
[2026-04-17 13:51:47] INFO     继电器执行 -> ON
[2026-04-17 13:51:48] INFO     捕获目标指令: voice_msgnum:9
[2026-04-17 13:51:48] INFO     状态维稳，保持闭合 3.0s
[2026-04-17 13:51:51] INFO     继电器 OFF (切断充电)
[2026-04-17 13:51:51] INFO     继电器执行 -> OFF
[2026-04-17 13:51:51] INFO     物理断电静置 10.0s (等待BMS状态机完全复位)
[2026-04-17 13:52:01] INFO     【结论】 [PASS] 成功关键字: voice_msgnum:9
[2026-04-17 13:52:01] INFO     统计 -> 成功: 254 | 失败: 176 | 异常: 0 | 成功率: 59.1%
[2026-04-17 13:52:01] INFO     
-------------------- 第 431 轮 | 最大监听: 10.0s --------------------
[2026-04-17 13:52:01] INFO     继电器 ON (开始充电)
[2026-04-17 13:52:01] INFO     继电器执行 -> ON
[2026-04-17 13:52:03] INFO     捕获目标指令: voice_msgnum:9
[2026-04-17 13:52:03] INFO     状态维稳，保持闭合 3.0s
[2026-04-17 13:52:06] INFO     继电器 OFF (切断充电)
[2026-04-17 13:52:06] INFO     继电器执行 -> OFF
[2026-04-17 13:52:06] INFO     物理断电静置 10.0s (等待BMS状态机完全复位)
[2026-04-17 13:52:16] INFO     【结论】 [PASS] 成功关键字: voice_msgnum:9
[2026-04-17 13:52:16] INFO     统计 -> 成功: 255 | 失败: 176 | 异常: 0 | 成功率: 59.2%
[2026-04-17 13:52:16] INFO     
-------------------- 第 432 轮 | 最大监听: 10.0s --------------------
[2026-04-17 13:52:16] INFO     继电器 ON (开始充电)
[2026-04-17 13:52:16] INFO     继电器执行 -> ON
[2026-04-17 13:52:18] INFO     捕获目标指令: voice_msgnum:9
[2026-04-17 13:52:18] INFO     状态维稳，保持闭合 3.0s
[2026-04-17 13:52:21] INFO     继电器 OFF (切断充电)
[2026-04-17 13:52:21] INFO     继电器执行 -> OFF
[2026-04-17 13:52:21] INFO     物理断电静置 10.0s (等待BMS状态机完全复位)
[2026-04-17 13:52:31] INFO     【结论】 [PASS] 成功关键字: voice_msgnum:9
[2026-04-17 13:52:31] INFO     统计 -> 成功: 256 | 失败: 176 | 异常: 0 | 成功率: 59.3%
[2026-04-17 13:52:31] INFO     
-------------------- 第 433 轮 | 最大监听: 10.0s --------------------
[2026-04-17 13:52:31] INFO     继电器 ON (开始充电)
[2026-04-17 13:52:31] INFO     继电器执行 -> ON
[2026-04-17 13:52:33] INFO     捕获目标指令: voice_msgnum:9
[2026-04-17 13:52:33] INFO     状态维稳，保持闭合 3.0s
[2026-04-17 13:52:36] INFO     继电器 OFF (切断充电)
[2026-04-17 13:52:36] INFO     继电器执行 -> OFF
[2026-04-17 13:52:36] INFO     物理断电静置 10.0s (等待BMS状态机完全复位)
[2026-04-17 13:52:46] INFO     【结论】 [PASS] 成功关键字: voice_msgnum:9
[2026-04-17 13:52:46] INFO     统计 -> 成功: 257 | 失败: 176 | 异常: 0 | 成功率: 59.4%
[2026-04-17 13:52:46] INFO     
-------------------- 第 434 轮 | 最大监听: 10.0s --------------------
[2026-04-17 13:52:46] INFO     继电器 ON (开始充电)
[2026-04-17 13:52:46] INFO     继电器执行 -> ON
[2026-04-17 13:52:47] INFO     捕获目标指令: voice_msgnum:9
[2026-04-17 13:52:47] INFO     状态维稳，保持闭合 3.0s
[2026-04-17 13:52:50] INFO     继电器 OFF (切断充电)
[2026-04-17 13:52:50] INFO     继电器执行 -> OFF
[2026-04-17 13:52:50] INFO     物理断电静置 10.0s (等待BMS状态机完全复位)
[2026-04-17 13:53:00] INFO     【结论】 [PASS] 成功关键字: voice_msgnum:9
[2026-04-17 13:53:00] INFO     统计 -> 成功: 258 | 失败: 176 | 异常: 0 | 成功率: 59.4%
[2026-04-17 13:53:00] INFO     
-------------------- 第 435 轮 | 最大监听: 10.0s --------------------
[2026-04-17 13:53:00] INFO     继电器 ON (开始充电)
[2026-04-17 13:53:01] INFO     继电器执行 -> ON
[2026-04-17 13:53:02] INFO     捕获目标指令: voice_msgnum:9
[2026-04-17 13:53:02] INFO     状态维稳，保持闭合 3.0s
[2026-04-17 13:53:05] INFO     继电器 OFF (切断充电)
[2026-04-17 13:53:05] INFO     继电器执行 -> OFF
[2026-04-17 13:53:05] INFO     物理断电静置 10.0s (等待BMS状态机完全复位)
[2026-04-17 13:53:15] INFO     【结论】 [PASS] 成功关键字: voice_msgnum:9
[2026-04-17 13:53:15] INFO     统计 -> 成功: 259 | 失败: 176 | 异常: 0 | 成功率: 59.5%
[2026-04-17 13:53:15] INFO     
-------------------- 第 436 轮 | 最大监听: 10.0s --------------------
[2026-04-17 13:53:15] INFO     继电器 ON (开始充电)
[2026-04-17 13:53:15] INFO     继电器执行 -> ON
[2026-04-17 13:53:17] INFO     捕获目标指令: voice_msgnum:9
[2026-04-17 13:53:17] INFO     状态维稳，保持闭合 3.0s
[2026-04-17 13:53:20] INFO     继电器 OFF (切断充电)
[2026-04-17 13:53:20] INFO     继电器执行 -> OFF
[2026-04-17 13:53:20] INFO     物理断电静置 10.0s (等待BMS状态机完全复位)
[2026-04-17 13:53:30] INFO     【结论】 [PASS] 成功关键字: voice_msgnum:9
[2026-04-17 13:53:30] INFO     统计 -> 成功: 260 | 失败: 176 | 异常: 0 | 成功率: 59.6%
[2026-04-17 13:53:30] INFO     
-------------------- 第 437 轮 | 最大监听: 10.0s --------------------
[2026-04-17 13:53:30] INFO     继电器 ON (开始充电)
[2026-04-17 13:53:30] INFO     继电器执行 -> ON
[2026-04-17 13:53:32] INFO     捕获目标指令: voice_msgnum:9
[2026-04-17 13:53:32] INFO     状态维稳，保持闭合 3.0s
[2026-04-17 13:53:35] INFO     继电器 OFF (切断充电)
[2026-04-17 13:53:35] INFO     继电器执行 -> OFF
[2026-04-17 13:53:35] INFO     物理断电静置 10.0s (等待BMS状态机完全复位)
[2026-04-17 13:53:45] INFO     【结论】 [PASS] 成功关键字: voice_msgnum:9
[2026-04-17 13:53:45] INFO     统计 -> 成功: 261 | 失败: 176 | 异常: 0 | 成功率: 59.7%
[2026-04-17 13:53:45] INFO     
-------------------- 第 438 轮 | 最大监听: 10.0s --------------------
[2026-04-17 13:53:45] INFO     继电器 ON (开始充电)
[2026-04-17 13:53:45] INFO     继电器执行 -> ON
[2026-04-17 13:53:47] INFO     捕获目标指令: voice_msgnum:9
[2026-04-17 13:53:47] INFO     状态维稳，保持闭合 3.0s
[2026-04-17 13:53:50] INFO     继电器 OFF (切断充电)
[2026-04-17 13:53:50] INFO     继电器执行 -> OFF
[2026-04-17 13:53:50] INFO     物理断电静置 10.0s (等待BMS状态机完全复位)
[2026-04-17 13:54:00] INFO     【结论】 [PASS] 成功关键字: voice_msgnum:9
[2026-04-17 13:54:00] INFO     统计 -> 成功: 262 | 失败: 176 | 异常: 0 | 成功率: 59.8%
[2026-04-17 13:54:00] INFO     
-------------------- 第 439 轮 | 最大监听: 10.0s --------------------
[2026-04-17 13:54:00] INFO     继电器 ON (开始充电)
[2026-04-17 13:54:00] INFO     继电器执行 -> ON
[2026-04-17 13:54:01] INFO     捕获目标指令: voice_msgnum:9
[2026-04-17 13:54:01] INFO     状态维稳，保持闭合 3.0s
[2026-04-17 13:54:04] INFO     继电器 OFF (切断充电)
[2026-04-17 13:54:04] INFO     继电器执行 -> OFF
[2026-04-17 13:54:04] INFO     物理断电静置 10.0s (等待BMS状态机完全复位)
[2026-04-17 13:54:14] INFO     【结论】 [PASS] 成功关键字: voice_msgnum:9
[2026-04-17 13:54:14] INFO     统计 -> 成功: 263 | 失败: 176 | 异常: 0 | 成功率: 59.9%
[2026-04-17 13:54:14] INFO     
-------------------- 第 440 轮 | 最大监听: 10.0s --------------------
[2026-04-17 13:54:14] INFO     继电器 ON (开始充电)
[2026-04-17 13:54:14] INFO     继电器执行 -> ON
[2026-04-17 13:54:16] INFO     捕获目标指令: voice_msgnum:9
[2026-04-17 13:54:16] INFO     状态维稳，保持闭合 3.0s
[2026-04-17 13:54:19] INFO     继电器 OFF (切断充电)
[2026-04-17 13:54:19] INFO     继电器执行 -> OFF
[2026-04-17 13:54:19] INFO     物理断电静置 10.0s (等待BMS状态机完全复位)
[2026-04-17 13:54:29] INFO     【结论】 [PASS] 成功关键字: voice_msgnum:9
[2026-04-17 13:54:29] INFO     统计 -> 成功: 264 | 失败: 176 | 异常: 0 | 成功率: 60.0%
[2026-04-17 13:54:29] INFO     
-------------------- 第 441 轮 | 最大监听: 10.0s --------------------
[2026-04-17 13:54:29] INFO     继电器 ON (开始充电)
[2026-04-17 13:54:29] INFO     继电器执行 -> ON
[2026-04-17 13:54:31] INFO     捕获目标指令: voice_msgnum:9
[2026-04-17 13:54:31] INFO     状态维稳，保持闭合 3.0s
[2026-04-17 13:54:34] INFO     继电器 OFF (切断充电)
[2026-04-17 13:54:34] INFO     继电器执行 -> OFF
[2026-04-17 13:54:34] INFO     物理断电静置 10.0s (等待BMS状态机完全复位)
[2026-04-17 13:54:44] INFO     【结论】 [PASS] 成功关键字: voice_msgnum:9
[2026-04-17 13:54:44] INFO     统计 -> 成功: 265 | 失败: 176 | 异常: 0 | 成功率: 60.1%
[2026-04-17 13:54:44] INFO     
-------------------- 第 442 轮 | 最大监听: 10.0s --------------------
[2026-04-17 13:54:44] INFO     继电器 ON (开始充电)
[2026-04-17 13:54:44] INFO     继电器执行 -> ON
[2026-04-17 13:54:46] INFO     捕获目标指令: voice_msgnum:9
[2026-04-17 13:54:46] INFO     状态维稳，保持闭合 3.0s
[2026-04-17 13:54:49] INFO     继电器 OFF (切断充电)
[2026-04-17 13:54:49] INFO     继电器执行 -> OFF
[2026-04-17 13:54:49] INFO     物理断电静置 10.0s (等待BMS状态机完全复位)
[2026-04-17 13:54:59] INFO     【结论】 [PASS] 成功关键字: voice_msgnum:9
[2026-04-17 13:54:59] INFO     统计 -> 成功: 266 | 失败: 176 | 异常: 0 | 成功率: 60.2%
[2026-04-17 13:54:59] INFO     
-------------------- 第 443 轮 | 最大监听: 10.0s --------------------
[2026-04-17 13:54:59] INFO     继电器 ON (开始充电)
[2026-04-17 13:54:59] INFO     继电器执行 -> ON
[2026-04-17 13:55:01] INFO     捕获目标指令: voice_msgnum:9
[2026-04-17 13:55:01] INFO     状态维稳，保持闭合 3.0s
[2026-04-17 13:55:04] INFO     继电器 OFF (切断充电)
[2026-04-17 13:55:04] INFO     继电器执行 -> OFF
[2026-04-17 13:55:04] INFO     物理断电静置 10.0s (等待BMS状态机完全复位)
[2026-04-17 13:55:14] INFO     【结论】 [PASS] 成功关键字: voice_msgnum:9
[2026-04-17 13:55:14] INFO     统计 -> 成功: 267 | 失败: 176 | 异常: 0 | 成功率: 60.3%
[2026-04-17 13:55:14] INFO     
-------------------- 第 444 轮 | 最大监听: 10.0s --------------------
[2026-04-17 13:55:14] INFO     继电器 ON (开始充电)
[2026-04-17 13:55:14] INFO     继电器执行 -> ON
[2026-04-17 13:55:15] INFO     捕获目标指令: voice_msgnum:9
[2026-04-17 13:55:15] INFO     状态维稳，保持闭合 3.0s
[2026-04-17 13:55:18] INFO     继电器 OFF (切断充电)
[2026-04-17 13:55:18] INFO     继电器执行 -> OFF
[2026-04-17 13:55:18] INFO     物理断电静置 10.0s (等待BMS状态机完全复位)
[2026-04-17 13:55:28] INFO     【结论】 [PASS] 成功关键字: voice_msgnum:9
[2026-04-17 13:55:28] INFO     统计 -> 成功: 268 | 失败: 176 | 异常: 0 | 成功率: 60.4%
[2026-04-17 13:55:28] INFO     
-------------------- 第 445 轮 | 最大监听: 10.0s --------------------
[2026-04-17 13:55:28] INFO     继电器 ON (开始充电)
[2026-04-17 13:55:28] INFO     继电器执行 -> ON
[2026-04-17 13:55:30] INFO     捕获目标指令: voice_msgnum:9
[2026-04-17 13:55:30] INFO     状态维稳，保持闭合 3.0s
[2026-04-17 13:55:33] INFO     继电器 OFF (切断充电)
[2026-04-17 13:55:33] INFO     继电器执行 -> OFF
[2026-04-17 13:55:33] INFO     物理断电静置 10.0s (等待BMS状态机完全复位)
[2026-04-17 13:55:43] INFO     【结论】 [PASS] 成功关键字: voice_msgnum:9
[2026-04-17 13:55:43] INFO     统计 -> 成功: 269 | 失败: 176 | 异常: 0 | 成功率: 60.4%
[2026-04-17 13:55:43] INFO     
-------------------- 第 446 轮 | 最大监听: 10.0s --------------------
[2026-04-17 13:55:43] INFO     继电器 ON (开始充电)
[2026-04-17 13:55:43] INFO     继电器执行 -> ON
[2026-04-17 13:55:45] INFO     捕获目标指令: voice_msgnum:9
[2026-04-17 13:55:45] INFO     状态维稳，保持闭合 3.0s
[2026-04-17 13:55:48] INFO     继电器 OFF (切断充电)
[2026-04-17 13:55:48] INFO     继电器执行 -> OFF
[2026-04-17 13:55:48] INFO     物理断电静置 10.0s (等待BMS状态机完全复位)
[2026-04-17 13:55:58] INFO     【结论】 [PASS] 成功关键字: voice_msgnum:9
[2026-04-17 13:55:58] INFO     统计 -> 成功: 270 | 失败: 176 | 异常: 0 | 成功率: 60.5%
[2026-04-17 13:55:58] INFO     
-------------------- 第 447 轮 | 最大监听: 10.0s --------------------
[2026-04-17 13:55:58] INFO     继电器 ON (开始充电)
[2026-04-17 13:55:58] INFO     继电器执行 -> ON
[2026-04-17 13:56:00] INFO     捕获目标指令: voice_msgnum:9
[2026-04-17 13:56:00] INFO     状态维稳，保持闭合 3.0s
[2026-04-17 13:56:03] INFO     继电器 OFF (切断充电)
[2026-04-17 13:56:03] INFO     继电器执行 -> OFF
[2026-04-17 13:56:03] INFO     物理断电静置 10.0s (等待BMS状态机完全复位)
[2026-04-17 13:56:13] INFO     【结论】 [PASS] 成功关键字: voice_msgnum:9
[2026-04-17 13:56:13] INFO     统计 -> 成功: 271 | 失败: 176 | 异常: 0 | 成功率: 60.6%
[2026-04-17 13:56:13] INFO     
-------------------- 第 448 轮 | 最大监听: 10.0s --------------------
[2026-04-17 13:56:13] INFO     继电器 ON (开始充电)
[2026-04-17 13:56:13] INFO     继电器执行 -> ON
[2026-04-17 13:56:14] INFO     捕获目标指令: voice_msgnum:9
[2026-04-17 13:56:14] INFO     状态维稳，保持闭合 3.0s
[2026-04-17 13:56:17] INFO     继电器 OFF (切断充电)
[2026-04-17 13:56:17] INFO     继电器执行 -> OFF
[2026-04-17 13:56:17] INFO     物理断电静置 10.0s (等待BMS状态机完全复位)
[2026-04-17 13:56:27] INFO     【结论】 [PASS] 成功关键字: voice_msgnum:9
[2026-04-17 13:56:27] INFO     统计 -> 成功: 272 | 失败: 176 | 异常: 0 | 成功率: 60.7%
[2026-04-17 13:56:27] INFO     
-------------------- 第 449 轮 | 最大监听: 10.0s --------------------
[2026-04-17 13:56:27] INFO     继电器 ON (开始充电)
[2026-04-17 13:56:27] INFO     继电器执行 -> ON
[2026-04-17 13:56:29] INFO     捕获目标指令: voice_msgnum:9
[2026-04-17 13:56:29] INFO     状态维稳，保持闭合 3.0s
[2026-04-17 13:56:32] INFO     继电器 OFF (切断充电)
[2026-04-17 13:56:32] INFO     继电器执行 -> OFF
[2026-04-17 13:56:32] INFO     物理断电静置 10.0s (等待BMS状态机完全复位)
[2026-04-17 13:56:42] INFO     【结论】 [PASS] 成功关键字: voice_msgnum:9
[2026-04-17 13:56:42] INFO     统计 -> 成功: 273 | 失败: 176 | 异常: 0 | 成功率: 60.8%
[2026-04-17 13:56:42] INFO     
-------------------- 第 450 轮 | 最大监听: 10.0s --------------------
[2026-04-17 13:56:42] INFO     继电器 ON (开始充电)
[2026-04-17 13:56:42] INFO     继电器执行 -> ON
[2026-04-17 13:56:44] INFO     捕获目标指令: voice_msgnum:9
[2026-04-17 13:56:44] INFO     状态维稳，保持闭合 3.0s
[2026-04-17 13:56:47] INFO     继电器 OFF (切断充电)
[2026-04-17 13:56:47] INFO     继电器执行 -> OFF
[2026-04-17 13:56:47] INFO     物理断电静置 10.0s (等待BMS状态机完全复位)
[2026-04-17 13:56:57] INFO     【结论】 [PASS] 成功关键字: voice_msgnum:9
[2026-04-17 13:56:57] INFO     统计 -> 成功: 274 | 失败: 176 | 异常: 0 | 成功率: 60.9%
[2026-04-17 13:56:57] INFO     
-------------------- 第 451 轮 | 最大监听: 10.0s --------------------
[2026-04-17 13:56:57] INFO     继电器 ON (开始充电)
[2026-04-17 13:56:57] INFO     继电器执行 -> ON
[2026-04-17 13:56:59] INFO     捕获目标指令: voice_msgnum:9
[2026-04-17 13:56:59] INFO     状态维稳，保持闭合 3.0s
[2026-04-17 13:57:02] INFO     继电器 OFF (切断充电)
[2026-04-17 13:57:02] INFO     继电器执行 -> OFF
[2026-04-17 13:57:02] INFO     物理断电静置 10.0s (等待BMS状态机完全复位)
[2026-04-17 13:57:12] INFO     【结论】 [PASS] 成功关键字: voice_msgnum:9
[2026-04-17 13:57:12] INFO     统计 -> 成功: 275 | 失败: 176 | 异常: 0 | 成功率: 61.0%
[2026-04-17 13:57:12] INFO     
-------------------- 第 452 轮 | 最大监听: 10.0s --------------------
[2026-04-17 13:57:12] INFO     继电器 ON (开始充电)
[2026-04-17 13:57:12] INFO     继电器执行 -> ON
[2026-04-17 13:57:14] INFO     捕获目标指令: voice_msgnum:9
[2026-04-17 13:57:14] INFO     状态维稳，保持闭合 3.0s
[2026-04-17 13:57:17] INFO     继电器 OFF (切断充电)
[2026-04-17 13:57:17] INFO     继电器执行 -> OFF
[2026-04-17 13:57:17] INFO     物理断电静置 10.0s (等待BMS状态机完全复位)
[2026-04-17 13:57:27] INFO     【结论】 [PASS] 成功关键字: voice_msgnum:9
[2026-04-17 13:57:27] INFO     统计 -> 成功: 276 | 失败: 176 | 异常: 0 | 成功率: 61.1%
[2026-04-17 13:57:27] INFO     
-------------------- 第 453 轮 | 最大监听: 10.0s --------------------
[2026-04-17 13:57:27] INFO     继电器 ON (开始充电)
[2026-04-17 13:57:27] INFO     继电器执行 -> ON
[2026-04-17 13:57:28] INFO     捕获目标指令: voice_msgnum:9
[2026-04-17 13:57:28] INFO     状态维稳，保持闭合 3.0s
[2026-04-17 13:57:31] INFO     继电器 OFF (切断充电)
[2026-04-17 13:57:31] INFO     继电器执行 -> OFF
[2026-04-17 13:57:31] INFO     物理断电静置 10.0s (等待BMS状态机完全复位)
[2026-04-17 13:57:41] INFO     【结论】 [PASS] 成功关键字: voice_msgnum:9
[2026-04-17 13:57:41] INFO     统计 -> 成功: 277 | 失败: 176 | 异常: 0 | 成功率: 61.1%
[2026-04-17 13:57:41] INFO     
-------------------- 第 454 轮 | 最大监听: 10.0s --------------------
[2026-04-17 13:57:41] INFO     继电器 ON (开始充电)
[2026-04-17 13:57:41] INFO     继电器执行 -> ON
[2026-04-17 13:57:43] INFO     捕获目标指令: voice_msgnum:9
[2026-04-17 13:57:43] INFO     状态维稳，保持闭合 3.0s
[2026-04-17 13:57:46] INFO     继电器 OFF (切断充电)
[2026-04-17 13:57:46] INFO     继电器执行 -> OFF
[2026-04-17 13:57:46] INFO     物理断电静置 10.0s (等待BMS状态机完全复位)
[2026-04-17 13:57:56] INFO     【结论】 [PASS] 成功关键字: voice_msgnum:9
[2026-04-17 13:57:56] INFO     统计 -> 成功: 278 | 失败: 176 | 异常: 0 | 成功率: 61.2%
[2026-04-17 13:57:56] INFO     
-------------------- 第 455 轮 | 最大监听: 10.0s --------------------
[2026-04-17 13:57:56] INFO     继电器 ON (开始充电)
[2026-04-17 13:57:56] INFO     继电器执行 -> ON
[2026-04-17 13:57:58] INFO     捕获目标指令: voice_msgnum:9
[2026-04-17 13:57:58] INFO     状态维稳，保持闭合 3.0s
[2026-04-17 13:58:01] INFO     继电器 OFF (切断充电)
[2026-04-17 13:58:01] INFO     继电器执行 -> OFF
[2026-04-17 13:58:01] INFO     物理断电静置 10.0s (等待BMS状态机完全复位)
[2026-04-17 13:58:11] INFO     【结论】 [PASS] 成功关键字: voice_msgnum:9
[2026-04-17 13:58:11] INFO     统计 -> 成功: 279 | 失败: 176 | 异常: 0 | 成功率: 61.3%
[2026-04-17 13:58:11] INFO     
-------------------- 第 456 轮 | 最大监听: 10.0s --------------------
[2026-04-17 13:58:11] INFO     继电器 ON (开始充电)
[2026-04-17 13:58:11] INFO     继电器执行 -> ON
[2026-04-17 13:58:13] INFO     捕获目标指令: voice_msgnum:9
[2026-04-17 13:58:13] INFO     状态维稳，保持闭合 3.0s
[2026-04-17 13:58:16] INFO     继电器 OFF (切断充电)
[2026-04-17 13:58:16] INFO     继电器执行 -> OFF
[2026-04-17 13:58:16] INFO     物理断电静置 10.0s (等待BMS状态机完全复位)
[2026-04-17 13:58:26] INFO     【结论】 [PASS] 成功关键字: voice_msgnum:9
[2026-04-17 13:58:26] INFO     统计 -> 成功: 280 | 失败: 176 | 异常: 0 | 成功率: 61.4%
[2026-04-17 13:58:26] INFO     
-------------------- 第 457 轮 | 最大监听: 10.0s --------------------
[2026-04-17 13:58:26] INFO     继电器 ON (开始充电)
[2026-04-17 13:58:26] INFO     继电器执行 -> ON
[2026-04-17 13:58:30] INFO     捕获目标指令: voice_msgnum:9
[2026-04-17 13:58:30] INFO     状态维稳，保持闭合 3.0s
[2026-04-17 13:58:33] INFO     继电器 OFF (切断充电)
[2026-04-17 13:58:33] INFO     继电器执行 -> OFF
[2026-04-17 13:58:33] INFO     物理断电静置 10.0s (等待BMS状态机完全复位)
[2026-04-17 13:58:43] INFO     【结论】 [PASS] 成功关键字: voice_msgnum:9
[2026-04-17 13:58:43] INFO     统计 -> 成功: 281 | 失败: 176 | 异常: 0 | 成功率: 61.5%
[2026-04-17 13:58:43] INFO     
-------------------- 第 458 轮 | 最大监听: 10.0s --------------------
[2026-04-17 13:58:43] INFO     继电器 ON (开始充电)
[2026-04-17 13:58:43] INFO     继电器执行 -> ON
[2026-04-17 13:58:45] INFO     捕获目标指令: voice_msgnum:9
[2026-04-17 13:58:45] INFO     状态维稳，保持闭合 3.0s
[2026-04-17 13:58:48] INFO     继电器 OFF (切断充电)
[2026-04-17 13:58:48] INFO     继电器执行 -> OFF
[2026-04-17 13:58:48] INFO     物理断电静置 10.0s (等待BMS状态机完全复位)
[2026-04-17 13:58:58] INFO     【结论】 [PASS] 成功关键字: voice_msgnum:9
[2026-04-17 13:58:58] INFO     统计 -> 成功: 282 | 失败: 176 | 异常: 0 | 成功率: 61.6%
[2026-04-17 13:58:58] INFO     
-------------------- 第 459 轮 | 最大监听: 10.0s --------------------
[2026-04-17 13:58:58] INFO     继电器 ON (开始充电)
[2026-04-17 13:58:58] INFO     继电器执行 -> ON
[2026-04-17 13:59:02] INFO     捕获目标指令: voice_msgnum:9
[2026-04-17 13:59:02] INFO     状态维稳，保持闭合 3.0s
[2026-04-17 13:59:05] INFO     继电器 OFF (切断充电)
[2026-04-17 13:59:05] INFO     继电器执行 -> OFF
[2026-04-17 13:59:05] INFO     物理断电静置 10.0s (等待BMS状态机完全复位)
[2026-04-17 13:59:15] INFO     【结论】 [PASS] 成功关键字: voice_msgnum:9
[2026-04-17 13:59:15] INFO     统计 -> 成功: 283 | 失败: 176 | 异常: 0 | 成功率: 61.7%
[2026-04-17 13:59:15] INFO     
-------------------- 第 460 轮 | 最大监听: 10.0s --------------------
[2026-04-17 13:59:15] INFO     继电器 ON (开始充电)
[2026-04-17 13:59:15] INFO     继电器执行 -> ON
[2026-04-17 13:59:17] INFO     捕获目标指令: voice_msgnum:9
[2026-04-17 13:59:17] INFO     状态维稳，保持闭合 3.0s
[2026-04-17 13:59:20] INFO     继电器 OFF (切断充电)
[2026-04-17 13:59:20] INFO     继电器执行 -> OFF
[2026-04-17 13:59:20] INFO     物理断电静置 10.0s (等待BMS状态机完全复位)
[2026-04-17 13:59:30] INFO     【结论】 [PASS] 成功关键字: voice_msgnum:9
[2026-04-17 13:59:30] INFO     统计 -> 成功: 284 | 失败: 176 | 异常: 0 | 成功率: 61.7%
[2026-04-17 13:59:30] INFO     
-------------------- 第 461 轮 | 最大监听: 10.0s --------------------
[2026-04-17 13:59:30] INFO     继电器 ON (开始充电)
[2026-04-17 13:59:30] INFO     继电器执行 -> ON
[2026-04-17 13:59:32] INFO     捕获目标指令: voice_msgnum:9
[2026-04-17 13:59:32] INFO     状态维稳，保持闭合 3.0s
[2026-04-17 13:59:35] INFO     继电器 OFF (切断充电)
[2026-04-17 13:59:35] INFO     继电器执行 -> OFF
[2026-04-17 13:59:35] INFO     物理断电静置 10.0s (等待BMS状态机完全复位)
[2026-04-17 13:59:45] INFO     【结论】 [PASS] 成功关键字: voice_msgnum:9
[2026-04-17 13:59:45] INFO     统计 -> 成功: 285 | 失败: 176 | 异常: 0 | 成功率: 61.8%
[2026-04-17 13:59:45] INFO     
-------------------- 第 462 轮 | 最大监听: 10.0s --------------------
[2026-04-17 13:59:45] INFO     继电器 ON (开始充电)
[2026-04-17 13:59:45] INFO     继电器执行 -> ON
[2026-04-17 13:59:47] INFO     捕获目标指令: voice_msgnum:9
[2026-04-17 13:59:47] INFO     状态维稳，保持闭合 3.0s
[2026-04-17 13:59:50] INFO     继电器 OFF (切断充电)
[2026-04-17 13:59:50] INFO     继电器执行 -> OFF
[2026-04-17 13:59:50] INFO     物理断电静置 10.0s (等待BMS状态机完全复位)
[2026-04-17 14:00:00] INFO     【结论】 [PASS] 成功关键字: voice_msgnum:9
[2026-04-17 14:00:00] INFO     统计 -> 成功: 286 | 失败: 176 | 异常: 0 | 成功率: 61.9%
[2026-04-17 14:00:00] INFO     
-------------------- 第 463 轮 | 最大监听: 10.0s --------------------
[2026-04-17 14:00:00] INFO     继电器 ON (开始充电)
[2026-04-17 14:00:00] INFO     继电器执行 -> ON
[2026-04-17 14:00:10] INFO     继电器 OFF (切断充电)
[2026-04-17 14:00:10] INFO     继电器执行 -> OFF
[2026-04-17 14:00:10] INFO     物理断电静置 10.0s (等待BMS状态机完全复位)
[2026-04-17 14:00:20] WARNING  【结论】 [FAIL] 超时未检测到成功关键字
[2026-04-17 14:00:20] INFO     统计 -> 成功: 286 | 失败: 177 | 异常: 0 | 成功率: 61.8%
[2026-04-17 14:00:20] INFO     
-------------------- 第 464 轮 | 最大监听: 10.0s --------------------
[2026-04-17 14:00:20] INFO     继电器 ON (开始充电)
[2026-04-17 14:00:20] INFO     继电器执行 -> ON
[2026-04-17 14:00:21] INFO     捕获目标指令: voice_msgnum:9
[2026-04-17 14:00:21] INFO     状态维稳，保持闭合 3.0s
[2026-04-17 14:00:24] INFO     继电器 OFF (切断充电)
[2026-04-17 14:00:25] INFO     继电器执行 -> OFF
[2026-04-17 14:00:25] INFO     物理断电静置 10.0s (等待BMS状态机完全复位)
[2026-04-17 14:00:35] INFO     【结论】 [PASS] 成功关键字: voice_msgnum:9
[2026-04-17 14:00:35] INFO     统计 -> 成功: 287 | 失败: 177 | 异常: 0 | 成功率: 61.9%
[2026-04-17 14:00:35] INFO     
-------------------- 第 465 轮 | 最大监听: 10.0s --------------------
[2026-04-17 14:00:35] INFO     继电器 ON (开始充电)
[2026-04-17 14:00:35] INFO     继电器执行 -> ON
[2026-04-17 14:00:36] INFO     捕获目标指令: voice_msgnum:9
[2026-04-17 14:00:36] INFO     状态维稳，保持闭合 3.0s
[2026-04-17 14:00:39] INFO     继电器 OFF (切断充电)
[2026-04-17 14:00:39] INFO     继电器执行 -> OFF
[2026-04-17 14:00:39] INFO     物理断电静置 10.0s (等待BMS状态机完全复位)
[2026-04-17 14:00:49] INFO     【结论】 [PASS] 成功关键字: voice_msgnum:9
[2026-04-17 14:00:49] INFO     统计 -> 成功: 288 | 失败: 177 | 异常: 0 | 成功率: 61.9%
[2026-04-17 14:00:49] INFO     
-------------------- 第 466 轮 | 最大监听: 10.0s --------------------
[2026-04-17 14:00:49] INFO     继电器 ON (开始充电)
[2026-04-17 14:00:49] INFO     继电器执行 -> ON
[2026-04-17 14:00:51] INFO     捕获目标指令: voice_msgnum:9
[2026-04-17 14:00:51] INFO     状态维稳，保持闭合 3.0s
[2026-04-17 14:00:54] INFO     继电器 OFF (切断充电)
[2026-04-17 14:00:54] INFO     继电器执行 -> OFF
[2026-04-17 14:00:54] INFO     物理断电静置 10.0s (等待BMS状态机完全复位)
[2026-04-17 14:01:04] INFO     【结论】 [PASS] 成功关键字: voice_msgnum:9
[2026-04-17 14:01:04] INFO     统计 -> 成功: 289 | 失败: 177 | 异常: 0 | 成功率: 62.0%
[2026-04-17 14:01:04] INFO     
-------------------- 第 467 轮 | 最大监听: 10.0s --------------------
[2026-04-17 14:01:04] INFO     继电器 ON (开始充电)
[2026-04-17 14:01:04] INFO     继电器执行 -> ON
[2026-04-17 14:01:08] INFO     捕获目标指令: voice_msgnum:9
[2026-04-17 14:01:08] INFO     状态维稳，保持闭合 3.0s
[2026-04-17 14:01:11] INFO     继电器 OFF (切断充电)
[2026-04-17 14:01:11] INFO     继电器执行 -> OFF
[2026-04-17 14:01:11] INFO     物理断电静置 10.0s (等待BMS状态机完全复位)
[2026-04-17 14:01:21] INFO     【结论】 [PASS] 成功关键字: voice_msgnum:9
[2026-04-17 14:01:21] INFO     统计 -> 成功: 290 | 失败: 177 | 异常: 0 | 成功率: 62.1%
[2026-04-17 14:01:21] INFO     
-------------------- 第 468 轮 | 最大监听: 10.0s --------------------
[2026-04-17 14:01:21] INFO     继电器 ON (开始充电)
[2026-04-17 14:01:22] INFO     继电器执行 -> ON
[2026-04-17 14:01:23] INFO     捕获目标指令: voice_msgnum:9
[2026-04-17 14:01:23] INFO     状态维稳，保持闭合 3.0s
[2026-04-17 14:01:26] INFO     继电器 OFF (切断充电)
[2026-04-17 14:01:26] INFO     继电器执行 -> OFF
[2026-04-17 14:01:26] INFO     物理断电静置 10.0s (等待BMS状态机完全复位)
[2026-04-17 14:01:36] INFO     【结论】 [PASS] 成功关键字: voice_msgnum:9
[2026-04-17 14:01:36] INFO     统计 -> 成功: 291 | 失败: 177 | 异常: 0 | 成功率: 62.2%
[2026-04-17 14:01:36] INFO     
-------------------- 第 469 轮 | 最大监听: 10.0s --------------------
[2026-04-17 14:01:36] INFO     继电器 ON (开始充电)
[2026-04-17 14:01:36] INFO     继电器执行 -> ON
[2026-04-17 14:01:38] INFO     捕获目标指令: voice_msgnum:9
[2026-04-17 14:01:38] INFO     状态维稳，保持闭合 3.0s
[2026-04-17 14:01:41] INFO     继电器 OFF (切断充电)
[2026-04-17 14:01:41] INFO     继电器执行 -> OFF
[2026-04-17 14:01:41] INFO     物理断电静置 10.0s (等待BMS状态机完全复位)
[2026-04-17 14:01:51] INFO     【结论】 [PASS] 成功关键字: voice_msgnum:9
[2026-04-17 14:01:51] INFO     统计 -> 成功: 292 | 失败: 177 | 异常: 0 | 成功率: 62.3%
[2026-04-17 14:01:51] INFO     
-------------------- 第 470 轮 | 最大监听: 10.0s --------------------
[2026-04-17 14:01:51] INFO     继电器 ON (开始充电)
[2026-04-17 14:01:51] INFO     继电器执行 -> ON
[2026-04-17 14:01:53] INFO     捕获目标指令: voice_msgnum:9
[2026-04-17 14:01:53] INFO     状态维稳，保持闭合 3.0s
[2026-04-17 14:01:56] INFO     继电器 OFF (切断充电)
[2026-04-17 14:01:56] INFO     继电器执行 -> OFF
[2026-04-17 14:01:56] INFO     物理断电静置 10.0s (等待BMS状态机完全复位)
[2026-04-17 14:02:06] INFO     【结论】 [PASS] 成功关键字: voice_msgnum:9
[2026-04-17 14:02:06] INFO     统计 -> 成功: 293 | 失败: 177 | 异常: 0 | 成功率: 62.3%
[2026-04-17 14:02:06] INFO     
-------------------- 第 471 轮 | 最大监听: 10.0s --------------------
[2026-04-17 14:02:06] INFO     继电器 ON (开始充电)
[2026-04-17 14:02:06] INFO     继电器执行 -> ON
[2026-04-17 14:02:13] INFO     捕获目标指令: voice_msgnum:9
[2026-04-17 14:02:13] INFO     状态维稳，保持闭合 3.0s
[2026-04-17 14:02:16] INFO     继电器 OFF (切断充电)
[2026-04-17 14:02:16] INFO     继电器执行 -> OFF
[2026-04-17 14:02:16] INFO     物理断电静置 10.0s (等待BMS状态机完全复位)
[2026-04-17 14:02:26] INFO     【结论】 [PASS] 成功关键字: voice_msgnum:9
[2026-04-17 14:02:26] INFO     统计 -> 成功: 294 | 失败: 177 | 异常: 0 | 成功率: 62.4%
[2026-04-17 14:02:26] INFO     
-------------------- 第 472 轮 | 最大监听: 10.0s --------------------
[2026-04-17 14:02:26] INFO     继电器 ON (开始充电)
[2026-04-17 14:02:26] INFO     继电器执行 -> ON
[2026-04-17 14:02:28] INFO     捕获目标指令: voice_msgnum:9
[2026-04-17 14:02:28] INFO     状态维稳，保持闭合 3.0s
[2026-04-17 14:02:31] INFO     继电器 OFF (切断充电)
[2026-04-17 14:02:31] INFO     继电器执行 -> OFF
[2026-04-17 14:02:31] INFO     物理断电静置 10.0s (等待BMS状态机完全复位)
[2026-04-17 14:02:41] INFO     【结论】 [PASS] 成功关键字: voice_msgnum:9
[2026-04-17 14:02:41] INFO     统计 -> 成功: 295 | 失败: 177 | 异常: 0 | 成功率: 62.5%
[2026-04-17 14:02:41] INFO     
-------------------- 第 473 轮 | 最大监听: 10.0s --------------------
[2026-04-17 14:02:41] INFO     继电器 ON (开始充电)
[2026-04-17 14:02:41] INFO     继电器执行 -> ON
[2026-04-17 14:02:43] INFO     捕获目标指令: voice_msgnum:9
[2026-04-17 14:02:43] INFO     状态维稳，保持闭合 3.0s
[2026-04-17 14:02:46] INFO     继电器 OFF (切断充电)
[2026-04-17 14:02:46] INFO     继电器执行 -> OFF
[2026-04-17 14:02:46] INFO     物理断电静置 10.0s (等待BMS状态机完全复位)
[2026-04-17 14:02:56] INFO     【结论】 [PASS] 成功关键字: voice_msgnum:9
[2026-04-17 14:02:56] INFO     统计 -> 成功: 296 | 失败: 177 | 异常: 0 | 成功率: 62.6%
[2026-04-17 14:02:56] INFO     
-------------------- 第 474 轮 | 最大监听: 10.0s --------------------
[2026-04-17 14:02:56] INFO     继电器 ON (开始充电)
[2026-04-17 14:02:56] INFO     继电器执行 -> ON
[2026-04-17 14:03:00] INFO     捕获目标指令: voice_msgnum:9
[2026-04-17 14:03:00] INFO     状态维稳，保持闭合 3.0s
[2026-04-17 14:03:03] INFO     继电器 OFF (切断充电)
[2026-04-17 14:03:03] INFO     继电器执行 -> OFF
[2026-04-17 14:03:03] INFO     物理断电静置 10.0s (等待BMS状态机完全复位)
[2026-04-17 14:03:13] INFO     【结论】 [PASS] 成功关键字: voice_msgnum:9
[2026-04-17 14:03:13] INFO     统计 -> 成功: 297 | 失败: 177 | 异常: 0 | 成功率: 62.7%
[2026-04-17 14:03:13] INFO     
-------------------- 第 475 轮 | 最大监听: 10.0s --------------------
[2026-04-17 14:03:13] INFO     继电器 ON (开始充电)
[2026-04-17 14:03:13] INFO     继电器执行 -> ON
[2026-04-17 14:03:15] INFO     捕获目标指令: voice_msgnum:9
[2026-04-17 14:03:15] INFO     状态维稳，保持闭合 3.0s
[2026-04-17 14:03:18] INFO     继电器 OFF (切断充电)
[2026-04-17 14:03:18] INFO     继电器执行 -> OFF
[2026-04-17 14:03:18] INFO     物理断电静置 10.0s (等待BMS状态机完全复位)
[2026-04-17 14:03:28] INFO     【结论】 [PASS] 成功关键字: voice_msgnum:9
[2026-04-17 14:03:28] INFO     统计 -> 成功: 298 | 失败: 177 | 异常: 0 | 成功率: 62.7%
[2026-04-17 14:03:28] INFO     
-------------------- 第 476 轮 | 最大监听: 10.0s --------------------
[2026-04-17 14:03:28] INFO     继电器 ON (开始充电)
[2026-04-17 14:03:28] INFO     继电器执行 -> ON
[2026-04-17 14:03:30] INFO     捕获目标指令: voice_msgnum:9
[2026-04-17 14:03:30] INFO     状态维稳，保持闭合 3.0s
[2026-04-17 14:03:33] INFO     继电器 OFF (切断充电)
[2026-04-17 14:03:33] INFO     继电器执行 -> OFF
[2026-04-17 14:03:33] INFO     物理断电静置 10.0s (等待BMS状态机完全复位)
[2026-04-17 14:03:43] INFO     【结论】 [PASS] 成功关键字: voice_msgnum:9
[2026-04-17 14:03:43] INFO     统计 -> 成功: 299 | 失败: 177 | 异常: 0 | 成功率: 62.8%
[2026-04-17 14:03:43] INFO     
-------------------- 第 477 轮 | 最大监听: 10.0s --------------------
[2026-04-17 14:03:43] INFO     继电器 ON (开始充电)
[2026-04-17 14:03:43] INFO     继电器执行 -> ON
[2026-04-17 14:03:50] INFO     捕获目标指令: voice_msgnum:9
[2026-04-17 14:03:50] INFO     状态维稳，保持闭合 3.0s
[2026-04-17 14:03:53] INFO     继电器 OFF (切断充电)
[2026-04-17 14:03:53] INFO     继电器执行 -> OFF
[2026-04-17 14:03:53] INFO     物理断电静置 10.0s (等待BMS状态机完全复位)
[2026-04-17 14:04:03] INFO     【结论】 [PASS] 成功关键字: voice_msgnum:9
[2026-04-17 14:04:03] INFO     统计 -> 成功: 300 | 失败: 177 | 异常: 0 | 成功率: 62.9%
[2026-04-17 14:04:03] INFO     
-------------------- 第 478 轮 | 最大监听: 10.0s --------------------
[2026-04-17 14:04:03] INFO     继电器 ON (开始充电)
[2026-04-17 14:04:03] INFO     继电器执行 -> ON
[2026-04-17 14:04:05] INFO     捕获目标指令: voice_msgnum:9
[2026-04-17 14:04:05] INFO     状态维稳，保持闭合 3.0s
[2026-04-17 14:04:08] INFO     继电器 OFF (切断充电)
[2026-04-17 14:04:08] INFO     继电器执行 -> OFF
[2026-04-17 14:04:08] INFO     物理断电静置 10.0s (等待BMS状态机完全复位)
[2026-04-17 14:04:18] INFO     【结论】 [PASS] 成功关键字: voice_msgnum:9
[2026-04-17 14:04:18] INFO     统计 -> 成功: 301 | 失败: 177 | 异常: 0 | 成功率: 63.0%
[2026-04-17 14:04:18] INFO     
-------------------- 第 479 轮 | 最大监听: 10.0s --------------------
[2026-04-17 14:04:18] INFO     继电器 ON (开始充电)
[2026-04-17 14:04:18] INFO     继电器执行 -> ON
[2026-04-17 14:04:20] INFO     捕获目标指令: voice_msgnum:9
[2026-04-17 14:04:20] INFO     状态维稳，保持闭合 3.0s
[2026-04-17 14:04:23] INFO     继电器 OFF (切断充电)
[2026-04-17 14:04:23] INFO     继电器执行 -> OFF
[2026-04-17 14:04:23] INFO     物理断电静置 10.0s (等待BMS状态机完全复位)
[2026-04-17 14:04:33] INFO     【结论】 [PASS] 成功关键字: voice_msgnum:9
[2026-04-17 14:04:33] INFO     统计 -> 成功: 302 | 失败: 177 | 异常: 0 | 成功率: 63.0%
[2026-04-17 14:04:33] INFO     
-------------------- 第 480 轮 | 最大监听: 10.0s --------------------
[2026-04-17 14:04:33] INFO     继电器 ON (开始充电)
[2026-04-17 14:04:33] INFO     继电器执行 -> ON
[2026-04-17 14:04:37] INFO     捕获目标指令: voice_msgnum:9
[2026-04-17 14:04:37] INFO     状态维稳，保持闭合 3.0s
[2026-04-17 14:04:40] INFO     继电器 OFF (切断充电)
[2026-04-17 14:04:40] INFO     继电器执行 -> OFF
[2026-04-17 14:04:40] INFO     物理断电静置 10.0s (等待BMS状态机完全复位)
[2026-04-17 14:04:50] INFO     【结论】 [PASS] 成功关键字: voice_msgnum:9
[2026-04-17 14:04:50] INFO     统计 -> 成功: 303 | 失败: 177 | 异常: 0 | 成功率: 63.1%
[2026-04-17 14:04:50] INFO     
-------------------- 第 481 轮 | 最大监听: 10.0s --------------------
[2026-04-17 14:04:50] INFO     继电器 ON (开始充电)
[2026-04-17 14:04:50] INFO     继电器执行 -> ON
[2026-04-17 14:04:52] INFO     捕获目标指令: voice_msgnum:9
[2026-04-17 14:04:52] INFO     状态维稳，保持闭合 3.0s
[2026-04-17 14:04:55] INFO     继电器 OFF (切断充电)
[2026-04-17 14:04:55] INFO     继电器执行 -> OFF
[2026-04-17 14:04:55] INFO     物理断电静置 10.0s (等待BMS状态机完全复位)
[2026-04-17 14:05:05] INFO     【结论】 [PASS] 成功关键字: voice_msgnum:9
[2026-04-17 14:05:05] INFO     统计 -> 成功: 304 | 失败: 177 | 异常: 0 | 成功率: 63.2%
[2026-04-17 14:05:05] INFO     
-------------------- 第 482 轮 | 最大监听: 10.0s --------------------
[2026-04-17 14:05:05] INFO     继电器 ON (开始充电)
[2026-04-17 14:05:05] INFO     继电器执行 -> ON
[2026-04-17 14:05:15] INFO     继电器 OFF (切断充电)
[2026-04-17 14:05:15] INFO     继电器执行 -> OFF
[2026-04-17 14:05:15] INFO     物理断电静置 10.0s (等待BMS状态机完全复位)
[2026-04-17 14:05:25] WARNING  【结论】 [FAIL] 超时未检测到成功关键字
[2026-04-17 14:05:25] INFO     统计 -> 成功: 304 | 失败: 178 | 异常: 0 | 成功率: 63.1%
[2026-04-17 14:05:25] INFO     
-------------------- 第 483 轮 | 最大监听: 10.0s --------------------
[2026-04-17 14:05:25] INFO     继电器 ON (开始充电)
[2026-04-17 14:05:25] INFO     继电器执行 -> ON
[2026-04-17 14:05:27] INFO     捕获目标指令: voice_msgnum:9
[2026-04-17 14:05:27] INFO     状态维稳，保持闭合 3.0s
[2026-04-17 14:05:30] INFO     继电器 OFF (切断充电)
[2026-04-17 14:05:30] INFO     继电器执行 -> OFF
[2026-04-17 14:05:30] INFO     物理断电静置 10.0s (等待BMS状态机完全复位)
[2026-04-17 14:05:40] INFO     【结论】 [PASS] 成功关键字: voice_msgnum:9
[2026-04-17 14:05:40] INFO     统计 -> 成功: 305 | 失败: 178 | 异常: 0 | 成功率: 63.1%
[2026-04-17 14:05:40] INFO     
-------------------- 第 484 轮 | 最大监听: 10.0s --------------------
[2026-04-17 14:05:40] INFO     继电器 ON (开始充电)
[2026-04-17 14:05:40] INFO     继电器执行 -> ON
[2026-04-17 14:05:50] INFO     继电器 OFF (切断充电)
[2026-04-17 14:05:50] INFO     继电器执行 -> OFF
[2026-04-17 14:05:50] INFO     物理断电静置 10.0s (等待BMS状态机完全复位)
[2026-04-17 14:06:00] WARNING  【结论】 [FAIL] 超时未检测到成功关键字
[2026-04-17 14:06:00] INFO     统计 -> 成功: 305 | 失败: 179 | 异常: 0 | 成功率: 63.0%
[2026-04-17 14:06:00] INFO     
-------------------- 第 485 轮 | 最大监听: 10.0s --------------------
[2026-04-17 14:06:00] INFO     继电器 ON (开始充电)
[2026-04-17 14:06:00] INFO     继电器执行 -> ON
[2026-04-17 14:06:02] INFO     捕获目标指令: voice_msgnum:9
[2026-04-17 14:06:02] INFO     状态维稳，保持闭合 3.0s
[2026-04-17 14:06:05] INFO     继电器 OFF (切断充电)
[2026-04-17 14:06:05] INFO     继电器执行 -> OFF
[2026-04-17 14:06:05] INFO     物理断电静置 10.0s (等待BMS状态机完全复位)
[2026-04-17 14:06:15] INFO     【结论】 [PASS] 成功关键字: voice_msgnum:9
[2026-04-17 14:06:15] INFO     统计 -> 成功: 306 | 失败: 179 | 异常: 0 | 成功率: 63.1%
[2026-04-17 14:06:15] INFO     
-------------------- 第 486 轮 | 最大监听: 10.0s --------------------
[2026-04-17 14:06:15] INFO     继电器 ON (开始充电)
[2026-04-17 14:06:15] INFO     继电器执行 -> ON
[2026-04-17 14:06:16] INFO     捕获目标指令: voice_msgnum:9
[2026-04-17 14:06:16] INFO     状态维稳，保持闭合 3.0s
[2026-04-17 14:06:19] INFO     继电器 OFF (切断充电)
[2026-04-17 14:06:20] INFO     继电器执行 -> OFF
[2026-04-17 14:06:20] INFO     物理断电静置 10.0s (等待BMS状态机完全复位)
[2026-04-17 14:06:30] INFO     【结论】 [PASS] 成功关键字: voice_msgnum:9
[2026-04-17 14:06:30] INFO     统计 -> 成功: 307 | 失败: 179 | 异常: 0 | 成功率: 63.2%
[2026-04-17 14:06:30] INFO     
-------------------- 第 487 轮 | 最大监听: 10.0s --------------------
[2026-04-17 14:06:30] INFO     继电器 ON (开始充电)
[2026-04-17 14:06:30] INFO     继电器执行 -> ON
[2026-04-17 14:06:31] INFO     捕获目标指令: voice_msgnum:9
[2026-04-17 14:06:31] INFO     状态维稳，保持闭合 3.0s
[2026-04-17 14:06:34] INFO     继电器 OFF (切断充电)
[2026-04-17 14:06:34] INFO     继电器执行 -> OFF
[2026-04-17 14:06:34] INFO     物理断电静置 10.0s (等待BMS状态机完全复位)
[2026-04-17 14:06:44] INFO     【结论】 [PASS] 成功关键字: voice_msgnum:9
[2026-04-17 14:06:44] INFO     统计 -> 成功: 308 | 失败: 179 | 异常: 0 | 成功率: 63.2%
[2026-04-17 14:06:44] INFO     
-------------------- 第 488 轮 | 最大监听: 10.0s --------------------
[2026-04-17 14:06:44] INFO     继电器 ON (开始充电)
[2026-04-17 14:06:44] INFO     继电器执行 -> ON
[2026-04-17 14:06:54] INFO     继电器 OFF (切断充电)
[2026-04-17 14:06:54] INFO     继电器执行 -> OFF
[2026-04-17 14:06:54] INFO     物理断电静置 10.0s (等待BMS状态机完全复位)
[2026-04-17 14:07:04] WARNING  【结论】 [FAIL] 超时未检测到成功关键字
[2026-04-17 14:07:04] INFO     统计 -> 成功: 308 | 失败: 180 | 异常: 0 | 成功率: 63.1%
[2026-04-17 14:07:04] INFO     
-------------------- 第 489 轮 | 最大监听: 10.0s --------------------
[2026-04-17 14:07:04] INFO     继电器 ON (开始充电)
[2026-04-17 14:07:04] INFO     继电器执行 -> ON
[2026-04-17 14:07:06] INFO     捕获目标指令: voice_msgnum:9
[2026-04-17 14:07:06] INFO     状态维稳，保持闭合 3.0s
[2026-04-17 14:07:09] INFO     继电器 OFF (切断充电)
[2026-04-17 14:07:09] INFO     继电器执行 -> OFF
[2026-04-17 14:07:09] INFO     物理断电静置 10.0s (等待BMS状态机完全复位)
[2026-04-17 14:07:19] INFO     【结论】 [PASS] 成功关键字: voice_msgnum:9
[2026-04-17 14:07:19] INFO     统计 -> 成功: 309 | 失败: 180 | 异常: 0 | 成功率: 63.2%
[2026-04-17 14:07:19] INFO     
-------------------- 第 490 轮 | 最大监听: 10.0s --------------------
[2026-04-17 14:07:19] INFO     继电器 ON (开始充电)
[2026-04-17 14:07:19] INFO     继电器执行 -> ON
[2026-04-17 14:07:21] INFO     捕获目标指令: voice_msgnum:9
[2026-04-17 14:07:21] INFO     状态维稳，保持闭合 3.0s
[2026-04-17 14:07:24] INFO     继电器 OFF (切断充电)
[2026-04-17 14:07:24] INFO     继电器执行 -> OFF
[2026-04-17 14:07:24] INFO     物理断电静置 10.0s (等待BMS状态机完全复位)
[2026-04-17 14:07:34] INFO     【结论】 [PASS] 成功关键字: voice_msgnum:9
[2026-04-17 14:07:34] INFO     统计 -> 成功: 310 | 失败: 180 | 异常: 0 | 成功率: 63.3%
[2026-04-17 14:07:34] INFO     
-------------------- 第 491 轮 | 最大监听: 10.0s --------------------
[2026-04-17 14:07:34] INFO     继电器 ON (开始充电)
[2026-04-17 14:07:34] INFO     继电器执行 -> ON
[2026-04-17 14:07:36] INFO     捕获目标指令: voice_msgnum:9
[2026-04-17 14:07:36] INFO     状态维稳，保持闭合 3.0s
[2026-04-17 14:07:39] INFO     继电器 OFF (切断充电)
[2026-04-17 14:07:39] INFO     继电器执行 -> OFF
[2026-04-17 14:07:39] INFO     物理断电静置 10.0s (等待BMS状态机完全复位)
[2026-04-17 14:07:49] INFO     【结论】 [PASS] 成功关键字: voice_msgnum:9
[2026-04-17 14:07:49] INFO     统计 -> 成功: 311 | 失败: 180 | 异常: 0 | 成功率: 63.3%
[2026-04-17 14:07:49] INFO     
-------------------- 第 492 轮 | 最大监听: 10.0s --------------------
[2026-04-17 14:07:49] INFO     继电器 ON (开始充电)
[2026-04-17 14:07:49] INFO     继电器执行 -> ON
[2026-04-17 14:07:50] INFO     捕获目标指令: voice_msgnum:9
[2026-04-17 14:07:50] INFO     状态维稳，保持闭合 3.0s
[2026-04-17 14:07:53] INFO     继电器 OFF (切断充电)
[2026-04-17 14:07:53] INFO     继电器执行 -> OFF
[2026-04-17 14:07:53] INFO     物理断电静置 10.0s (等待BMS状态机完全复位)
[2026-04-17 14:08:03] INFO     【结论】 [PASS] 成功关键字: voice_msgnum:9
[2026-04-17 14:08:03] INFO     统计 -> 成功: 312 | 失败: 180 | 异常: 0 | 成功率: 63.4%
[2026-04-17 14:08:03] INFO     
-------------------- 第 493 轮 | 最大监听: 10.0s --------------------
[2026-04-17 14:08:03] INFO     继电器 ON (开始充电)
[2026-04-17 14:08:04] INFO     继电器执行 -> ON
[2026-04-17 14:08:08] INFO     捕获目标指令: voice_msgnum:9
[2026-04-17 14:08:08] INFO     状态维稳，保持闭合 3.0s
[2026-04-17 14:08:11] INFO     继电器 OFF (切断充电)
[2026-04-17 14:08:11] INFO     继电器执行 -> OFF
[2026-04-17 14:08:11] INFO     物理断电静置 10.0s (等待BMS状态机完全复位)
[2026-04-17 14:08:21] INFO     【结论】 [PASS] 成功关键字: voice_msgnum:9
[2026-04-17 14:08:21] INFO     统计 -> 成功: 313 | 失败: 180 | 异常: 0 | 成功率: 63.5%
[2026-04-17 14:08:21] INFO     
-------------------- 第 494 轮 | 最大监听: 10.0s --------------------
[2026-04-17 14:08:21] INFO     继电器 ON (开始充电)
[2026-04-17 14:08:21] INFO     继电器执行 -> ON
[2026-04-17 14:08:25] INFO     捕获目标指令: voice_msgnum:9
[2026-04-17 14:08:25] INFO     状态维稳，保持闭合 3.0s
[2026-04-17 14:08:28] INFO     继电器 OFF (切断充电)
[2026-04-17 14:08:28] INFO     继电器执行 -> OFF
[2026-04-17 14:08:28] INFO     物理断电静置 10.0s (等待BMS状态机完全复位)
[2026-04-17 14:08:34] WARNING  手动中断，停止测试。
[2026-04-17 14:08:34] INFO     >>> 测试结束，执行环境安全隔离...
[2026-04-17 14:08:34] INFO     继电器执行 -> OFF
[2026-04-17 14:08:34] INFO     
=============== 最终测试报告 ===============
  目标循环:      500000 次
  成功次数:      313 次
  失败次数:      180 次
  异常次数:      0 次
  断连次数:      0 次
============================================
